{
    "status": "SUCCESS",
    "config": {
        "executable": "./resources/execution_files/fsanet_headpose_mnn",
        "benign_image": "/img_align_celeba/048664.jpg",
        "initial_adv_image": "/img_align_celeba/092418.jpg",
        "l2_epsilon_goal": 0.05,
        "linf_epsilon_goal": 0.06274509803921569,
        "query_budget": 40000,
        "max_iterations": 1000,
        "initial_queries": 50,
        "dimension_reduction": 1.0
    },
    "results": {
        "total_queries": 7074,
        "final_l2_distance": 4.008633613586426,
        "final_linf_distance": 0.0625717043876648,
        "total_duration_seconds": 95.80506610870361,
        "iteration_times_seconds": [
            2.6983675956726074,
            2.71866774559021,
            2.806629180908203,
            2.849026679992676,
            2.7239649295806885,
            2.8724613189697266,
            2.867678642272949,
            2.9250216484069824,
            3.0783534049987793,
            2.882929563522339,
            2.967534065246582,
            3.037814140319824,
            2.8842647075653076,
            2.993023633956909,
            3.0605711936950684,
            2.998227119445801,
            2.998314619064331,
            2.902735710144043,
            2.9528722763061523,
            3.0226175785064697,
            3.055030345916748,
            3.0089712142944336,
            3.0173442363739014,
            3.026082754135132,
            2.956592559814453,
            2.90423846244812,
            2.877793550491333,
            2.983884572982788,
            2.93558669090271,
            3.0022213459014893,
            2.9466817378997803,
            3.0030672550201416
        ],
        "output_image_path": "/model_deploy_execution_attack_for_pipeline/outputs/fsanet_headpose_mnn_048664_ttba_attack/adversarial_image.png"
    }
}