{
    "status": "BUDGET_EXHAUSTED",
    "config": {
        "executable": "./resources/execution_files/fsanet_headpose_mnn",
        "benign_image": "/img_align_celeba/076946.jpg",
        "initial_adv_image": "/img_align_celeba/091663.jpg",
        "l2_epsilon_goal": 0.05,
        "linf_epsilon_goal": 0.06274509803921569,
        "query_budget": 40000,
        "max_iterations": 1000,
        "initial_queries": 50,
        "dimension_reduction": 1.0
    },
    "results": {
        "total_queries": 40161,
        "final_l2_distance": 10.509064674377441,
        "final_linf_distance": 0.13097581267356873,
        "total_duration_seconds": 367.5132534503937,
        "iteration_times_seconds": [
            2.694838523864746,
            2.810590982437134,
            2.947986125946045,
            2.8112051486968994,
            2.819857597351074,
            2.8678534030914307,
            2.8175835609436035,
            2.893517255783081,
            2.9737930297851562,
            2.8695414066314697,
            3.0610642433166504,
            2.9852216243743896,
            2.994899034500122,
            3.117194652557373,
            3.1409263610839844,
            3.1547112464904785,
            3.112110137939453,
            3.0974924564361572,
            3.098853588104248,
            3.007141590118408,
            3.104095935821533,
            3.216731071472168,
            3.051912546157837,
            3.1586740016937256,
            3.130519151687622,
            3.2588107585906982,
            3.1758878231048584,
            3.2313499450683594,
            3.153665065765381,
            3.2377476692199707,
            3.2846784591674805,
            3.2274043560028076,
            3.20719051361084,
            3.2626752853393555,
            3.2517640590667725,
            3.265704870223999,
            3.334380626678467,
            3.322889804840088,
            3.379499673843384,
            3.365802526473999,
            3.3913397789001465,
            3.3685526847839355,
            3.3211236000061035,
            3.370600938796997,
            3.2620553970336914,
            3.371934413909912,
            3.355512857437134,
            3.3778700828552246,
            3.4284446239471436,
            3.396225690841675,
            3.3592476844787598,
            3.4775655269622803,
            3.3054757118225098,
            3.4532291889190674,
            3.670767068862915,
            3.5133020877838135,
            3.3171300888061523,
            3.473449230194092,
            3.585628032684326,
            3.619558572769165,
            3.4890429973602295,
            3.69212007522583,
            3.513824224472046,
            3.4907894134521484,
            3.576449155807495,
            3.6440982818603516,
            3.62300968170166,
            3.539384126663208,
            3.670065402984619,
            3.6222901344299316,
            3.598177433013916,
            3.5530903339385986,
            3.576427459716797,
            3.666163206100464,
            3.5811610221862793,
            3.584519863128662,
            3.617778778076172,
            3.589148759841919,
            3.6600120067596436,
            3.7502288818359375,
            3.8102047443389893,
            3.7674977779388428,
            3.8104970455169678,
            3.725966215133667,
            3.7411880493164062,
            3.7488012313842773,
            3.6615676879882812,
            3.7992477416992188,
            3.6589720249176025,
            3.7766973972320557,
            3.7063040733337402,
            3.6157264709472656,
            3.657825469970703,
            3.6431233882904053,
            3.818876028060913,
            3.8567423820495605,
            3.792182683944702,
            3.6742210388183594,
            3.735602617263794,
            3.7845613956451416,
            3.725318670272827,
            3.8341963291168213,
            3.8577280044555664,
            3.767273187637329,
            3.820460796356201,
            3.8363542556762695,
            3.7470247745513916
        ],
        "output_image_path": "/model_deploy_execution_attack_for_pipeline/outputs/fsanet_headpose_mnn_076946_ttba_attack/adversarial_image.png"
    }
}