{
    "status": "BUDGET_EXHAUSTED",
    "config": {
        "executable": "resources/execution_files/emotion_ferplus_mnn",
        "benign_image": "/img_align_celeba/104308.jpg",
        "initial_adv_image": "/img_align_celeba/074189.jpg",
        "l2_epsilon_goal": 0.05,
        "linf_epsilon_goal": 0.06274509803921569,
        "query_budget": 40000,
        "max_iterations": 1000,
        "initial_queries": 50,
        "dimension_reduction": 1.0
    },
    "results": {
        "total_queries": 40505,
        "final_l2_distance": 3.371190309524536,
        "final_linf_distance": 0.07116588950157166,
        "total_duration_seconds": 984.4109408855438,
        "iteration_times_seconds": [
            6.2882678508758545,
            6.598600149154663,
            6.72922945022583,
            6.886747598648071,
            6.978243350982666,
            6.985820531845093,
            7.289993762969971,
            7.380331039428711,
            7.414402723312378,
            7.229690790176392,
            7.454516172409058,
            7.330893278121948,
            7.607845783233643,
            7.551494598388672,
            7.741461753845215,
            7.817959547042847,
            7.885652542114258,
            7.6930999755859375,
            7.717134237289429,
            7.806092977523804,
            7.8552751541137695,
            7.8751795291900635,
            7.929933786392212,
            8.002090215682983,
            8.156817436218262,
            8.178679704666138,
            8.254002094268799,
            8.221522808074951,
            8.326802730560303,
            8.317721128463745,
            8.460103034973145,
            8.543772220611572,
            8.268616914749146,
            8.33639645576477,
            8.335197925567627,
            8.41349744796753,
            8.409024477005005,
            8.566532611846924,
            8.516404151916504,
            8.662945032119751,
            8.600005149841309,
            8.832910299301147,
            8.842763662338257,
            8.831541776657104,
            8.8272705078125,
            8.93909502029419,
            8.923389434814453,
            8.967994928359985,
            8.976760387420654,
            8.919397354125977,
            9.058983325958252,
            9.092293739318848,
            9.067327976226807,
            9.187685012817383,
            9.236974954605103,
            9.119367122650146,
            9.161116361618042,
            9.195947647094727,
            9.239667415618896,
            9.36632227897644,
            9.48139762878418,
            9.518366575241089,
            9.554056406021118,
            9.547442197799683,
            9.563329696655273,
            9.544292211532593,
            9.58856463432312,
            9.638922691345215,
            9.679588079452515,
            9.695976495742798,
            9.759824752807617,
            9.693377017974854,
            9.77755069732666,
            9.8028883934021,
            9.827361106872559,
            9.939580917358398,
            9.956763505935669,
            9.912835121154785,
            9.903369426727295,
            9.949284791946411,
            10.0842866897583,
            10.167927503585815,
            10.137324333190918,
            10.264329671859741,
            10.225775003433228,
            10.22941517829895,
            10.32178020477295,
            10.331397533416748,
            10.344845056533813,
            10.37326979637146,
            10.33996844291687,
            10.349170684814453,
            10.469655275344849,
            10.470149278640747,
            10.530555009841919,
            10.491801500320435,
            10.513796329498291,
            10.454254865646362,
            10.518474578857422,
            10.688318967819214,
            10.627800464630127,
            10.749552965164185,
            10.56429386138916,
            10.71759033203125,
            10.659382820129395,
            10.822287559509277,
            10.863476276397705,
            10.830819606781006
        ],
        "output_image_path": "/model_deploy_execution_attack_for_pipeline/outputs/emotion_ferplus_mnn_104308_ttba_attack/adversarial_image.png"
    }
}