{
    "status": "SUCCESS",
    "config": {
        "executable": "./resources/execution_files/ssrnet_age_mnn",
        "benign_image": "/img_align_celeba/148102.jpg",
        "initial_adv_image": "/img_align_celeba/143533.jpg",
        "l2_epsilon_goal": 0.05,
        "linf_epsilon_goal": 0.06274509803921569,
        "query_budget": 40000,
        "max_iterations": 1000,
        "initial_queries": 50,
        "dimension_reduction": 1.0
    },
    "results": {
        "total_queries": 35280,
        "final_l2_distance": 4.809070587158203,
        "final_linf_distance": 0.06257456541061401,
        "total_duration_seconds": 281.30372762680054,
        "iteration_times_seconds": [
            2.364264488220215,
            2.357372522354126,
            2.478178024291992,
            2.3417792320251465,
            2.4397552013397217,
            2.4762611389160156,
            2.448188543319702,
            2.512112855911255,
            2.500821828842163,
            2.517881155014038,
            2.4684994220733643,
            2.6535065174102783,
            2.6115169525146484,
            2.7290050983428955,
            2.6737303733825684,
            2.614114999771118,
            2.806946039199829,
            2.786079168319702,
            2.723559617996216,
            2.703111410140991,
            2.637514114379883,
            2.7260501384735107,
            2.7487411499023438,
            2.781032085418701,
            2.655179262161255,
            2.725543737411499,
            2.741658926010132,
            2.7580227851867676,
            2.6568782329559326,
            2.8105015754699707,
            2.8570220470428467,
            2.7651102542877197,
            2.8029208183288574,
            2.755195379257202,
            2.7173054218292236,
            2.688044548034668,
            2.6948046684265137,
            2.7946767807006836,
            2.7987351417541504,
            2.792555093765259,
            2.797851085662842,
            2.933213233947754,
            2.9034111499786377,
            2.7942354679107666,
            2.8920605182647705,
            2.87432861328125,
            2.818950653076172,
            2.930211305618286,
            2.7828166484832764,
            2.8962981700897217,
            2.9192655086517334,
            2.873090982437134,
            2.9103167057037354,
            2.9350202083587646,
            2.798814296722412,
            2.863286018371582,
            2.8209428787231445,
            2.849688768386841,
            3.0205891132354736,
            2.970844268798828,
            3.0282223224639893,
            2.9664804935455322,
            3.0109002590179443,
            2.916994094848633,
            3.0510222911834717,
            2.978179454803467,
            3.0183451175689697,
            2.9721181392669678,
            2.9656882286071777,
            3.028341054916382,
            2.944005012512207,
            3.072340726852417,
            3.0028579235076904,
            3.033217668533325,
            3.1253821849823,
            3.100904703140259,
            3.027493953704834,
            3.004924774169922,
            3.0541000366210938,
            3.0201570987701416,
            2.9881951808929443,
            2.9476733207702637,
            3.1902151107788086,
            3.0850303173065186,
            3.0498061180114746,
            3.0658137798309326,
            3.1480162143707275,
            3.1185708045959473,
            3.1285817623138428,
            3.289785623550415,
            3.1375763416290283,
            3.1107680797576904,
            3.00905704498291,
            3.09539532661438,
            3.150193929672241,
            3.094923973083496,
            3.1140193939208984,
            3.1469550132751465
        ],
        "output_image_path": "/model_deploy_execution_attack_for_pipeline/outputs/ssrnet_age_mnn_148102_ttba_attack/adversarial_image.png"
    }
}