{
    "status": "SUCCESS",
    "config": {
        "executable": "./resources/execution_files/fsanet_headpose_mnn",
        "benign_image": "/img_align_celeba/005016.jpg",
        "initial_adv_image": "/img_align_celeba/056328.jpg",
        "l2_epsilon_goal": 0.05,
        "linf_epsilon_goal": 0.06274509803921569,
        "query_budget": 40000,
        "max_iterations": 1000,
        "initial_queries": 50,
        "dimension_reduction": 1.0
    },
    "results": {
        "total_queries": 11191,
        "final_l2_distance": 4.333180904388428,
        "final_linf_distance": 0.061971187591552734,
        "total_duration_seconds": 138.99904680252075,
        "iteration_times_seconds": [
            2.802855968475342,
            2.700709104537964,
            2.8550469875335693,
            2.8949124813079834,
            2.8647701740264893,
            2.9581968784332275,
            2.9135611057281494,
            2.921046018600464,
            3.027972459793091,
            2.9995410442352295,
            2.9731271266937256,
            3.02428936958313,
            3.19279146194458,
            3.211451530456543,
            3.109135627746582,
            3.1858391761779785,
            3.127767324447632,
            3.134876012802124,
            3.2285289764404297,
            3.1504135131835938,
            3.155872344970703,
            3.0365707874298096,
            3.089292526245117,
            3.216693878173828,
            3.236337423324585,
            3.2365710735321045,
            3.2564969062805176,
            3.385108470916748,
            3.2063283920288086,
            3.1224019527435303,
            3.139601230621338,
            3.3848936557769775,
            3.2199559211730957,
            3.2148735523223877,
            3.3292081356048584,
            3.1272785663604736,
            3.125932455062866,
            3.154132127761841,
            3.3137660026550293,
            3.2089684009552,
            3.150095224380493,
            3.128627061843872,
            3.2386186122894287,
            3.2551937103271484
        ],
        "output_image_path": "/model_deploy_execution_attack_for_pipeline/outputs/fsanet_headpose_mnn_005016_ttba_attack/adversarial_image.png"
    }
}