{
    "status": "SUCCESS",
    "config": {
        "executable": "./resources/execution_files/fsanet_headpose_mnn",
        "benign_image": "/img_align_celeba/180008.jpg",
        "initial_adv_image": "/img_align_celeba/151453.jpg",
        "l2_epsilon_goal": 0.05,
        "linf_epsilon_goal": 0.06274509803921569,
        "query_budget": 40000,
        "max_iterations": 1000,
        "initial_queries": 50,
        "dimension_reduction": 1.0
    },
    "results": {
        "total_queries": 14475,
        "final_l2_distance": 4.81456184387207,
        "final_linf_distance": 0.06200075149536133,
        "total_duration_seconds": 160.85987520217896,
        "iteration_times_seconds": [
            2.5770015716552734,
            2.7197811603546143,
            2.600884199142456,
            2.676680326461792,
            2.710383653640747,
            2.741502046585083,
            2.6990158557891846,
            2.762585163116455,
            2.849151611328125,
            2.8107025623321533,
            2.767458915710449,
            2.9328370094299316,
            2.9415972232818604,
            2.856119394302368,
            2.949496269226074,
            2.8816778659820557,
            2.9839954376220703,
            3.0639026165008545,
            2.8707275390625,
            2.8945250511169434,
            2.9994115829467773,
            2.9801723957061768,
            3.0764806270599365,
            2.985318899154663,
            3.0667130947113037,
            3.0158495903015137,
            3.0221292972564697,
            2.999837875366211,
            3.066580057144165,
            3.055288076400757,
            3.0547966957092285,
            3.0341882705688477,
            3.1574909687042236,
            3.152921438217163,
            3.014984607696533,
            3.0389533042907715,
            3.0614395141601562,
            3.088239908218384,
            3.08652663230896,
            3.099517583847046,
            3.1193299293518066,
            3.1007800102233887,
            3.142001152038574,
            3.2958626747131348,
            3.195807695388794,
            3.1924242973327637,
            3.1891658306121826,
            3.3724541664123535,
            3.2497761249542236,
            3.3248260021209717,
            3.131969451904297,
            3.248979330062866,
            3.216165781021118
        ],
        "output_image_path": "/model_deploy_execution_attack_for_pipeline/outputs/fsanet_headpose_mnn_180008_ttba_attack/adversarial_image.png"
    }
}