{
    "status": "BUDGET_EXHAUSTED",
    "config": {
        "executable": "./resources/execution_files/gender_googlenet_mnn",
        "benign_image": "/img_align_celeba/118709.jpg",
        "initial_adv_image": "/img_align_celeba/065084.jpg",
        "l2_epsilon_goal": 0.05,
        "linf_epsilon_goal": 0.06274509803921569,
        "query_budget": 40000,
        "max_iterations": 1000,
        "initial_queries": 50,
        "dimension_reduction": 1.0
    },
    "results": {
        "total_queries": 40196,
        "final_l2_distance": 15.33611011505127,
        "final_linf_distance": 0.19884634017944336,
        "total_duration_seconds": 945.4614968299866,
        "iteration_times_seconds": [
            6.1839447021484375,
            6.403103828430176,
            6.444371461868286,
            6.510247468948364,
            6.679173469543457,
            6.817638158798218,
            6.9934892654418945,
            7.129561185836792,
            7.081109523773193,
            7.104393720626831,
            7.100247621536255,
            7.172680139541626,
            7.3584794998168945,
            7.462688207626343,
            7.524496078491211,
            7.666745185852051,
            7.650794744491577,
            7.610110282897949,
            7.7668843269348145,
            7.800673723220825,
            7.81258487701416,
            7.869215488433838,
            7.6994781494140625,
            7.786497354507446,
            7.876019716262817,
            7.822699069976807,
            8.002095937728882,
            8.119287967681885,
            8.119243383407593,
            8.188324451446533,
            8.18651294708252,
            8.237541437149048,
            8.213292598724365,
            8.351359367370605,
            8.305491924285889,
            8.354719400405884,
            8.398077726364136,
            8.374666213989258,
            8.511506795883179,
            8.554524421691895,
            8.57927393913269,
            8.801257848739624,
            8.698925018310547,
            8.771308660507202,
            8.700161218643188,
            8.797813177108765,
            8.875001907348633,
            8.809629201889038,
            8.887990951538086,
            8.937707901000977,
            8.876109600067139,
            8.797058820724487,
            9.05013918876648,
            8.974918842315674,
            8.928766250610352,
            9.130631923675537,
            9.075758695602417,
            9.14131760597229,
            9.057380199432373,
            9.034611701965332,
            9.078263998031616,
            9.148578882217407,
            9.196201801300049,
            9.18844747543335,
            9.344545841217041,
            9.308731317520142,
            9.309938907623291,
            9.251513242721558,
            9.319488286972046,
            9.315052270889282,
            9.420024156570435,
            9.387226819992065,
            9.400360345840454,
            9.464052677154541,
            9.51603102684021,
            9.454834699630737,
            9.599464416503906,
            9.685307502746582,
            9.609415054321289,
            9.677143335342407,
            9.79254412651062,
            9.702929735183716,
            9.692770957946777,
            9.865694999694824,
            9.815781354904175,
            9.868796825408936,
            9.857701778411865,
            9.875311374664307,
            9.837591409683228,
            9.964596033096313,
            9.889031171798706,
            10.023419857025146,
            10.001984596252441,
            10.049591302871704,
            9.996131181716919,
            10.01051378250122,
            9.976652145385742,
            10.083492040634155,
            9.991450309753418,
            10.157944917678833,
            10.096510171890259,
            10.277523040771484,
            10.198282480239868,
            10.268303394317627,
            10.227754592895508,
            10.362008810043335,
            10.451009273529053
        ],
        "output_image_path": "/model_deploy_execution_attack_for_pipeline/outputs/gender_googlenet_mnn_118709_ttba_attack/adversarial_image.png"
    }
}