{
    "status": "BUDGET_EXHAUSTED",
    "config": {
        "executable": "./resources/execution_files/fsanet_headpose_mnn",
        "benign_image": "/img_align_celeba/083515.jpg",
        "initial_adv_image": "/img_align_celeba/001516.jpg",
        "l2_epsilon_goal": 0.05,
        "linf_epsilon_goal": 0.06274509803921569,
        "query_budget": 40000,
        "max_iterations": 1000,
        "initial_queries": 50,
        "dimension_reduction": 1.0
    },
    "results": {
        "total_queries": 40101,
        "final_l2_distance": 6.8762946128845215,
        "final_linf_distance": 0.09919372200965881,
        "total_duration_seconds": 360.5382082462311,
        "iteration_times_seconds": [
            2.6449875831604004,
            2.7839958667755127,
            2.638207197189331,
            2.8718910217285156,
            2.8878793716430664,
            2.803420066833496,
            2.777560234069824,
            2.762986183166504,
            2.856736660003662,
            2.873978853225708,
            2.904123544692993,
            2.888885021209717,
            2.991464376449585,
            3.023733139038086,
            2.9332187175750732,
            2.9873878955841064,
            2.967900276184082,
            3.0879948139190674,
            3.1255342960357666,
            3.10050368309021,
            3.081594705581665,
            3.1487929821014404,
            3.0679829120635986,
            3.12664532661438,
            3.0096309185028076,
            3.049708843231201,
            3.1278719902038574,
            3.171220541000366,
            3.0802810192108154,
            3.2000770568847656,
            3.17891788482666,
            3.2288246154785156,
            3.2968764305114746,
            3.327901601791382,
            3.2549853324890137,
            3.16080904006958,
            3.3110599517822266,
            3.3126895427703857,
            3.2074265480041504,
            3.370755910873413,
            3.317141532897949,
            3.409374713897705,
            3.301751136779785,
            3.3585805892944336,
            3.426891326904297,
            3.2617690563201904,
            3.2891950607299805,
            3.347381114959717,
            3.307133674621582,
            3.4122631549835205,
            3.4254987239837646,
            3.4683821201324463,
            3.2960662841796875,
            3.3239457607269287,
            3.5257914066314697,
            3.519582509994507,
            3.4686310291290283,
            3.3550689220428467,
            3.389270067214966,
            3.484025716781616,
            3.4562482833862305,
            3.4765913486480713,
            3.4950952529907227,
            3.409808874130249,
            3.4353199005126953,
            3.3489902019500732,
            3.488250494003296,
            3.4827163219451904,
            3.440186023712158,
            3.5101683139801025,
            3.419167995452881,
            3.436891794204712,
            3.5585827827453613,
            3.3906259536743164,
            3.4919488430023193,
            3.509658098220825,
            3.5744168758392334,
            3.5379879474639893,
            3.477034091949463,
            3.6182920932769775,
            3.5991411209106445,
            3.6550211906433105,
            3.635552167892456,
            3.66251802444458,
            3.723527431488037,
            3.6519243717193604,
            3.710712432861328,
            3.619605541229248,
            3.683350086212158,
            3.654357671737671,
            3.714756727218628,
            3.696392774581909,
            3.664809226989746,
            3.585317850112915,
            3.7214243412017822,
            3.5816810131073,
            3.796525716781616,
            3.6547398567199707,
            3.6959228515625,
            3.719078302383423,
            3.744218587875366,
            3.801788091659546,
            3.838956594467163,
            3.75242018699646,
            3.7347493171691895,
            3.774167776107788,
            3.8023264408111572
        ],
        "output_image_path": "/model_deploy_execution_attack_for_pipeline/outputs/fsanet_headpose_mnn_083515_ttba_attack/adversarial_image.png"
    }
}