{
    "status": "BUDGET_EXHAUSTED",
    "config": {
        "executable": "./resources/execution_files/emotion_ferplus_mnn",
        "benign_image": "/img_align_celeba/059741.jpg",
        "initial_adv_image": "/img_align_celeba/071797.jpg",
        "l2_epsilon_goal": 0.05,
        "linf_epsilon_goal": 0.06274509803921569,
        "query_budget": 40000,
        "max_iterations": 1000,
        "initial_queries": 50,
        "dimension_reduction": 1.0
    },
    "results": {
        "total_queries": 40161,
        "final_l2_distance": 11.02319622039795,
        "final_linf_distance": 0.2456119954586029,
        "total_duration_seconds": 1007.3152701854706,
        "iteration_times_seconds": [
            6.453284025192261,
            6.8134331703186035,
            6.8480706214904785,
            6.945437669754028,
            7.073567867279053,
            7.326005220413208,
            7.431610345840454,
            7.523580551147461,
            7.464908123016357,
            7.601198673248291,
            7.65857195854187,
            7.810376167297363,
            7.8718507289886475,
            7.982218980789185,
            7.843709707260132,
            7.860938787460327,
            8.018696784973145,
            8.02889633178711,
            8.126897811889648,
            8.19390320777893,
            8.142571210861206,
            8.278158903121948,
            8.348633527755737,
            8.321822166442871,
            8.358650922775269,
            8.453588485717773,
            8.548716068267822,
            8.651946544647217,
            8.668554067611694,
            8.637146472930908,
            8.89536428451538,
            8.759255647659302,
            8.90810251235962,
            8.816482305526733,
            8.900526762008667,
            9.008384943008423,
            8.898000001907349,
            9.030562400817871,
            9.1394362449646,
            9.199442386627197,
            9.142669677734375,
            9.260126829147339,
            9.315364360809326,
            9.3401939868927,
            9.39747929573059,
            9.354768514633179,
            9.460159540176392,
            9.462026834487915,
            9.482801675796509,
            9.458332300186157,
            9.468119859695435,
            9.417852878570557,
            9.440474510192871,
            9.374173402786255,
            9.48222541809082,
            9.648248195648193,
            9.597336053848267,
            9.60558295249939,
            9.66187047958374,
            9.777977228164673,
            9.797590494155884,
            9.908325433731079,
            9.916676759719849,
            9.864575386047363,
            9.980589628219604,
            9.913424730300903,
            9.930955171585083,
            9.968021631240845,
            9.993585109710693,
            10.162147998809814,
            10.141654253005981,
            10.133063554763794,
            10.018572092056274,
            10.12446641921997,
            10.205836772918701,
            10.139974594116211,
            10.173673391342163,
            10.297276973724365,
            10.300060272216797,
            10.293821096420288,
            10.424907684326172,
            10.468750715255737,
            10.496900081634521,
            10.5172119140625,
            10.577545166015625,
            10.561769247055054,
            10.627113342285156,
            10.656545400619507,
            10.56349802017212,
            10.567642211914062,
            10.580635070800781,
            10.52511739730835,
            10.65819525718689,
            10.584480047225952,
            10.621853351593018,
            10.638694524765015,
            10.640402555465698,
            10.71876311302185,
            10.650381565093994,
            10.82219672203064,
            10.746481657028198,
            10.71997618675232,
            10.809173107147217,
            10.7649667263031,
            10.86589002609253,
            10.924474716186523,
            11.017587661743164
        ],
        "output_image_path": "/model_deploy_execution_attack_for_pipeline/outputs/emotion_ferplus_mnn_059741_ttba_attack/adversarial_image.png"
    }
}