{
    "status": "BUDGET_EXHAUSTED",
    "config": {
        "executable": "resources/execution_files/emotion_ferplus_mnn",
        "benign_image": "/img_align_celeba/074823.jpg",
        "initial_adv_image": "/img_align_celeba/005770.jpg",
        "l2_epsilon_goal": 0.05,
        "linf_epsilon_goal": 0.06274509803921569,
        "query_budget": 40000,
        "max_iterations": 1000,
        "initial_queries": 50,
        "dimension_reduction": 1.0
    },
    "results": {
        "total_queries": 40510,
        "final_l2_distance": 2.544996500015259,
        "final_linf_distance": 0.22745393216609955,
        "total_duration_seconds": 984.9701669216156,
        "iteration_times_seconds": [
            6.273044586181641,
            6.56823468208313,
            6.772218227386475,
            6.786660671234131,
            6.883719205856323,
            7.107237815856934,
            7.290085315704346,
            7.313239097595215,
            7.4331138134002686,
            7.463660717010498,
            7.582420825958252,
            7.664324998855591,
            7.736975908279419,
            7.52841591835022,
            7.78006649017334,
            7.799870014190674,
            7.780153036117554,
            7.945467710494995,
            8.004440546035767,
            8.023573160171509,
            7.973633050918579,
            8.160884141921997,
            8.13107943534851,
            8.187711238861084,
            8.161271810531616,
            8.299986124038696,
            8.414285898208618,
            8.551746606826782,
            8.492304563522339,
            8.432736873626709,
            8.379228115081787,
            8.447143793106079,
            8.527857065200806,
            8.475953817367554,
            8.617981910705566,
            8.575988054275513,
            8.668754816055298,
            8.69696307182312,
            8.730058431625366,
            8.757294416427612,
            8.864952564239502,
            8.921802043914795,
            8.944603443145752,
            9.045385599136353,
            9.001735925674438,
            8.90381407737732,
            8.904330968856812,
            8.935839176177979,
            8.970112800598145,
            9.030055284500122,
            9.00579309463501,
            9.078388690948486,
            9.096619367599487,
            9.149904489517212,
            9.266032934188843,
            9.170544862747192,
            9.215282917022705,
            9.315473794937134,
            9.37173581123352,
            9.502034187316895,
            9.486644268035889,
            9.517318725585938,
            9.508009433746338,
            9.592012405395508,
            9.56137204170227,
            9.6258385181427,
            9.583627462387085,
            9.693031549453735,
            9.652889728546143,
            9.736960649490356,
            9.765239238739014,
            9.724010705947876,
            9.798569679260254,
            9.808799266815186,
            9.879442691802979,
            9.849823713302612,
            9.899755954742432,
            9.919486045837402,
            9.92775559425354,
            10.018462896347046,
            10.078484058380127,
            10.119965076446533,
            10.117373704910278,
            10.170700073242188,
            10.286713123321533,
            10.044175863265991,
            10.165507555007935,
            10.051409006118774,
            10.015612363815308,
            10.192815065383911,
            10.182722806930542,
            10.182953357696533,
            10.212870359420776,
            10.181820392608643,
            10.228133201599121,
            10.273256540298462,
            10.340145587921143,
            10.254092931747437,
            10.422422647476196,
            10.363077878952026,
            10.372007608413696,
            10.40897250175476,
            10.412359476089478,
            10.51891827583313,
            10.49264121055603,
            10.645901441574097,
            10.628543615341187,
            10.657437562942505
        ],
        "output_image_path": "/model_deploy_execution_attack_for_pipeline/outputs/emotion_ferplus_mnn_074823_ttba_attack/adversarial_image.png"
    }
}