{
    "status": "BUDGET_EXHAUSTED",
    "config": {
        "executable": "./resources/execution_files/ssrnet_age_mnn",
        "benign_image": "/img_align_celeba/085170.jpg",
        "initial_adv_image": "/img_align_celeba/197574.jpg",
        "l2_epsilon_goal": 0.05,
        "linf_epsilon_goal": 0.06274509803921569,
        "query_budget": 40000,
        "max_iterations": 1000,
        "initial_queries": 50,
        "dimension_reduction": 1.0
    },
    "results": {
        "total_queries": 40185,
        "final_l2_distance": 10.461661338806152,
        "final_linf_distance": 0.14254426956176758,
        "total_duration_seconds": 316.1067371368408,
        "iteration_times_seconds": [
            2.327714204788208,
            2.353832960128784,
            2.459465265274048,
            2.4313628673553467,
            2.5589115619659424,
            2.507369041442871,
            2.566305637359619,
            2.4692349433898926,
            2.4694125652313232,
            2.5751538276672363,
            2.551696538925171,
            2.553490400314331,
            2.5945544242858887,
            2.538464307785034,
            2.685028076171875,
            2.6965584754943848,
            2.7141129970550537,
            2.6576194763183594,
            2.731308698654175,
            2.6880300045013428,
            2.710068702697754,
            2.7107770442962646,
            2.702392339706421,
            2.821352243423462,
            2.7565760612487793,
            2.6992275714874268,
            2.742969512939453,
            2.801016092300415,
            2.8510937690734863,
            2.8316826820373535,
            2.8080947399139404,
            2.8416740894317627,
            2.809901714324951,
            2.8166797161102295,
            2.8210456371307373,
            2.8554153442382812,
            2.8241968154907227,
            2.916844606399536,
            2.8890089988708496,
            2.8767383098602295,
            2.9698755741119385,
            2.8102986812591553,
            2.9712774753570557,
            2.959556818008423,
            2.8694982528686523,
            2.897613286972046,
            3.065422773361206,
            2.902833938598633,
            2.9130215644836426,
            3.0004730224609375,
            2.9346413612365723,
            2.879615545272827,
            2.964442491531372,
            3.01750111579895,
            3.0517289638519287,
            3.107280731201172,
            2.9767940044403076,
            2.9536402225494385,
            2.9712419509887695,
            2.932405948638916,
            3.010650396347046,
            3.016150951385498,
            3.136247158050537,
            2.927720308303833,
            3.1013944149017334,
            3.0511202812194824,
            2.9752016067504883,
            3.0104291439056396,
            3.0205750465393066,
            3.0920474529266357,
            3.0025532245635986,
            3.041152000427246,
            3.026812791824341,
            3.068958282470703,
            3.0958447456359863,
            3.147228956222534,
            3.1484181880950928,
            3.0564119815826416,
            3.14660382270813,
            3.104052782058716,
            3.1646273136138916,
            3.114882469177246,
            3.1894521713256836,
            3.1284751892089844,
            3.139147996902466,
            3.236236572265625,
            3.207932472229004,
            3.1439125537872314,
            3.337642192840576,
            3.148444890975952,
            3.388777732849121,
            3.1042914390563965,
            3.229180335998535,
            3.2134792804718018,
            3.271305561065674,
            3.188385009765625,
            3.2345542907714844,
            3.1375653743743896,
            3.247380256652832,
            3.2937872409820557,
            3.2999930381774902,
            3.291926860809326,
            3.2375144958496094,
            3.297905921936035,
            3.262540102005005,
            3.275425672531128,
            3.297902822494507
        ],
        "output_image_path": "/model_deploy_execution_attack_for_pipeline/outputs/ssrnet_age_mnn_085170_ttba_attack/adversarial_image.png"
    }
}