{
    "status": "BUDGET_EXHAUSTED",
    "config": {
        "executable": "./resources/execution_files/fsanet_headpose_mnn",
        "benign_image": "/img_align_celeba/104308.jpg",
        "initial_adv_image": "/img_align_celeba/003473.jpg",
        "l2_epsilon_goal": 0.05,
        "linf_epsilon_goal": 0.06274509803921569,
        "query_budget": 40000,
        "max_iterations": 1000,
        "initial_queries": 50,
        "dimension_reduction": 1.0
    },
    "results": {
        "total_queries": 40204,
        "final_l2_distance": 14.733869552612305,
        "final_linf_distance": 0.19694364070892334,
        "total_duration_seconds": 369.5924515724182,
        "iteration_times_seconds": [
            2.682978868484497,
            2.766434907913208,
            2.8302931785583496,
            2.8484385013580322,
            2.811715602874756,
            2.8961048126220703,
            2.8854634761810303,
            2.8971197605133057,
            2.890242099761963,
            2.918935537338257,
            3.022050142288208,
            3.057433605194092,
            2.907911777496338,
            3.031247854232788,
            3.086298704147339,
            3.0690834522247314,
            3.2759881019592285,
            3.101921319961548,
            3.116224527359009,
            3.3230414390563965,
            3.133223533630371,
            3.2357611656188965,
            3.261840581893921,
            3.171802043914795,
            3.0535943508148193,
            3.173635244369507,
            3.2293388843536377,
            3.291041612625122,
            3.214625835418701,
            3.2389495372772217,
            3.2364444732666016,
            3.2132065296173096,
            3.2029690742492676,
            3.3007802963256836,
            3.265617609024048,
            3.2020177841186523,
            3.303534746170044,
            3.346536874771118,
            3.3486082553863525,
            3.2977797985076904,
            3.2796428203582764,
            3.412067413330078,
            3.407884359359741,
            3.329484462738037,
            3.432116985321045,
            3.49013614654541,
            3.4116384983062744,
            3.4060611724853516,
            3.4164929389953613,
            3.4478557109832764,
            3.3811569213867188,
            3.538513422012329,
            3.4618277549743652,
            3.630788803100586,
            3.5107712745666504,
            3.5538012981414795,
            3.4971976280212402,
            3.558933973312378,
            3.5124993324279785,
            3.5111145973205566,
            3.491612672805786,
            3.5623550415039062,
            3.810267925262451,
            3.525285243988037,
            3.556104898452759,
            3.5469210147857666,
            3.535238742828369,
            3.5012481212615967,
            3.635126829147339,
            3.5578243732452393,
            3.6406447887420654,
            3.6471660137176514,
            3.5334420204162598,
            3.5602920055389404,
            3.598823070526123,
            3.6749396324157715,
            3.8707759380340576,
            3.578341484069824,
            3.705296516418457,
            3.750977039337158,
            3.645001173019409,
            3.6636955738067627,
            3.659245252609253,
            3.712613582611084,
            3.626295804977417,
            3.7242414951324463,
            3.723808526992798,
            3.74837064743042,
            3.8062944412231445,
            3.7263903617858887,
            3.811178207397461,
            3.831629991531372,
            3.883389472961426,
            3.7074549198150635,
            3.9709980487823486,
            3.676523447036743,
            3.792027235031128,
            3.7711827754974365,
            3.864351987838745,
            3.8008625507354736,
            3.7758290767669678,
            3.8919003009796143,
            3.9442789554595947,
            3.750272750854492,
            3.873903512954712,
            3.834489345550537,
            3.9103450775146484
        ],
        "output_image_path": "/model_deploy_execution_attack_for_pipeline/outputs/fsanet_headpose_mnn_104308_ttba_attack/adversarial_image.png"
    }
}