{
    "status": "SUCCESS",
    "config": {
        "executable": "./resources/execution_files/gender_googlenet_mnn",
        "benign_image": "/img_align_celeba/070489.jpg",
        "initial_adv_image": "/img_align_celeba/158311.jpg",
        "l2_epsilon_goal": 0.05,
        "linf_epsilon_goal": 0.06274509803921569,
        "query_budget": 40000,
        "max_iterations": 1000,
        "initial_queries": 50,
        "dimension_reduction": 1.0
    },
    "results": {
        "total_queries": 23909,
        "final_l2_distance": 4.745542526245117,
        "final_linf_distance": 0.06139498949050903,
        "total_duration_seconds": 603.1138195991516,
        "iteration_times_seconds": [
            6.169800758361816,
            6.49886417388916,
            6.481693267822266,
            6.539138317108154,
            6.660463809967041,
            6.724606275558472,
            6.931617021560669,
            7.1406779289245605,
            6.924134016036987,
            6.986841201782227,
            6.973268270492554,
            7.121537208557129,
            7.104028940200806,
            7.148175477981567,
            7.443790912628174,
            7.115394592285156,
            7.342829465866089,
            7.352165222167969,
            7.354724168777466,
            7.320338487625122,
            7.4443886280059814,
            7.519093990325928,
            7.528740882873535,
            7.584318399429321,
            7.790159702301025,
            7.697159290313721,
            7.737979888916016,
            7.689479112625122,
            7.73486065864563,
            7.810010194778442,
            7.813790559768677,
            7.7773473262786865,
            7.833982706069946,
            7.7701640129089355,
            7.930334568023682,
            7.985507488250732,
            8.048421382904053,
            8.03025484085083,
            8.004940032958984,
            8.193793535232544,
            8.225951671600342,
            8.301276683807373,
            8.312682151794434,
            8.402400016784668,
            8.396568775177002,
            8.449591398239136,
            8.406445503234863,
            8.481521606445312,
            8.468918561935425,
            8.521970510482788,
            8.570863008499146,
            8.536601305007935,
            8.675931215286255,
            8.616389513015747,
            8.628860235214233,
            8.578633069992065,
            8.56179165840149,
            8.524163961410522,
            8.61781644821167,
            8.710361957550049,
            8.784559488296509,
            8.705881595611572,
            8.877894639968872,
            8.823249340057373,
            8.830541610717773,
            8.912450551986694,
            8.832556247711182,
            8.843541622161865,
            8.950206518173218,
            9.02063512802124,
            8.917648553848267,
            9.061583518981934,
            9.010979413986206,
            9.040887355804443,
            9.05354380607605
        ],
        "output_image_path": "/model_deploy_execution_attack_for_pipeline/outputs/gender_googlenet_mnn_070489_ttba_attack/adversarial_image.png"
    }
}