{
    "status": "BUDGET_EXHAUSTED",
    "config": {
        "executable": "resources/execution_files/emotion_ferplus_mnn",
        "benign_image": "/img_align_celeba/121188.jpg",
        "initial_adv_image": "/img_align_celeba/065084.jpg",
        "l2_epsilon_goal": 0.05,
        "linf_epsilon_goal": 0.06274509803921569,
        "query_budget": 40000,
        "max_iterations": 1000,
        "initial_queries": 50,
        "dimension_reduction": 1.0
    },
    "results": {
        "total_queries": 40072,
        "final_l2_distance": 4.333867073059082,
        "final_linf_distance": 0.12108942866325378,
        "total_duration_seconds": 996.0524017810822,
        "iteration_times_seconds": [
            6.466489315032959,
            6.847130298614502,
            6.960869550704956,
            6.976197004318237,
            7.15249490737915,
            7.322258234024048,
            7.499536991119385,
            7.564736366271973,
            7.592244863510132,
            7.708578109741211,
            7.760088205337524,
            7.767367362976074,
            7.847473859786987,
            7.974956274032593,
            8.155697584152222,
            7.907823324203491,
            8.074037551879883,
            8.110611915588379,
            8.126555442810059,
            8.21537971496582,
            8.397657871246338,
            8.311560869216919,
            8.326961755752563,
            8.353742122650146,
            8.45137643814087,
            8.579095602035522,
            8.621508359909058,
            8.7352614402771,
            8.658194065093994,
            8.784029245376587,
            8.784621000289917,
            8.90630578994751,
            8.57423210144043,
            8.626944065093994,
            8.694907665252686,
            8.772895097732544,
            8.790699005126953,
            9.024704217910767,
            8.965813875198364,
            9.118725776672363,
            9.000072717666626,
            9.149250745773315,
            9.13787317276001,
            9.189348220825195,
            9.218345165252686,
            9.032065153121948,
            9.089723110198975,
            9.142406940460205,
            9.179474115371704,
            9.211553812026978,
            9.25226354598999,
            9.220797538757324,
            9.420574188232422,
            9.477171897888184,
            9.471121311187744,
            9.403301000595093,
            9.456143617630005,
            9.537240028381348,
            9.617553472518921,
            9.708048343658447,
            9.674657344818115,
            9.659518003463745,
            9.784898042678833,
            9.719606637954712,
            9.74947738647461,
            9.77215313911438,
            9.791314840316772,
            9.831143140792847,
            9.88578200340271,
            9.93485140800476,
            10.04270052909851,
            9.957293033599854,
            9.912288665771484,
            9.979049682617188,
            10.041328430175781,
            10.05357313156128,
            10.06592583656311,
            10.103188753128052,
            9.971803903579712,
            10.076473951339722,
            10.067282915115356,
            10.177329778671265,
            10.180697441101074,
            10.141611814498901,
            10.271026372909546,
            10.34182333946228,
            10.351501941680908,
            10.367375373840332,
            10.47707748413086,
            10.332903146743774,
            10.339976072311401,
            10.378751754760742,
            10.372103691101074,
            10.43367624282837,
            10.419828653335571,
            10.409485816955566,
            10.491693258285522,
            10.591743230819702,
            10.569490909576416,
            10.540541648864746,
            10.533964395523071,
            10.703611850738525,
            10.700387477874756,
            10.652050256729126,
            10.670425415039062,
            10.798632621765137,
            10.839978694915771
        ],
        "output_image_path": "/model_deploy_execution_attack_for_pipeline/outputs/emotion_ferplus_mnn_121188_ttba_attack/adversarial_image.png"
    }
}