{
    "status": "BUDGET_EXHAUSTED",
    "config": {
        "executable": "./resources/execution_files/age_googlenet_mnn",
        "benign_image": "/img_align_celeba/046649.jpg",
        "initial_adv_image": "/img_align_celeba/00000020.png",
        "l2_epsilon_goal": 0.05,
        "linf_epsilon_goal": 0.06274509803921569,
        "query_budget": 40000,
        "max_iterations": 1000,
        "initial_queries": 50,
        "dimension_reduction": 1.0
    },
    "results": {
        "total_queries": 40361,
        "final_l2_distance": 52.00571060180664,
        "final_linf_distance": 0.7524068355560303,
        "total_duration_seconds": 1150.452802181244,
        "iteration_times_seconds": [
            7.714277029037476,
            8.195312261581421,
            8.14475154876709,
            8.266582012176514,
            8.503610134124756,
            8.512557029724121,
            8.66791033744812,
            8.773205280303955,
            8.861642360687256,
            8.93653392791748,
            8.96479868888855,
            8.972916841506958,
            9.085734367370605,
            9.186434745788574,
            9.340056657791138,
            9.370659351348877,
            9.411738872528076,
            9.46383023262024,
            9.479115962982178,
            9.641022682189941,
            9.592773199081421,
            9.661734580993652,
            9.676297426223755,
            9.741990566253662,
            9.844815015792847,
            9.830893754959106,
            10.133939027786255,
            10.080273866653442,
            10.125830888748169,
            10.207009553909302,
            10.153434753417969,
            10.259521961212158,
            10.271769523620605,
            10.028294086456299,
            10.008352756500244,
            10.045877456665039,
            10.123403787612915,
            10.167805910110474,
            10.25949239730835,
            10.316635608673096,
            10.31975269317627,
            10.447282314300537,
            10.568675994873047,
            10.539941310882568,
            10.564853429794312,
            10.771002531051636,
            10.639431238174438,
            10.624093294143677,
            10.677917718887329,
            10.667909622192383,
            10.718257188796997,
            10.736891031265259,
            10.76244831085205,
            10.826717138290405,
            10.906909227371216,
            10.93299412727356,
            10.935229778289795,
            10.929789781570435,
            10.98697805404663,
            11.12943720817566,
            11.241892576217651,
            11.248412132263184,
            11.158915042877197,
            11.29363203048706,
            11.20845341682434,
            11.222326517105103,
            11.233474254608154,
            11.414271831512451,
            11.287098169326782,
            11.244017601013184,
            11.331311225891113,
            11.377634286880493,
            11.418190479278564,
            11.402504682540894,
            11.522176265716553,
            11.571672916412354,
            11.583814144134521,
            11.557741165161133,
            11.649285078048706,
            11.593939065933228,
            11.762966871261597,
            11.724589347839355,
            11.837795495986938,
            11.839069366455078,
            11.8339524269104,
            11.852493524551392,
            11.879798889160156,
            11.900362014770508,
            11.869011878967285,
            11.971637964248657,
            11.939261674880981,
            12.001622438430786,
            11.977866172790527,
            12.08947205543518,
            11.985215187072754,
            12.139731645584106,
            12.082165718078613,
            12.096415042877197,
            12.10650086402893,
            12.235714673995972,
            12.173535346984863,
            12.259132146835327,
            12.27974796295166,
            12.196227788925171,
            12.27894926071167,
            12.181912422180176,
            12.22814130783081
        ],
        "output_image_path": "/model_deploy_execution_attack_for_pipeline/outputs/age_googlenet_mnn_046649_ttba_attack/adversarial_image.png"
    }
}