{
    "status": "BUDGET_EXHAUSTED",
    "config": {
        "executable": "./resources/execution_files/ssrnet_age_mnn",
        "benign_image": "/img_align_celeba/173194.jpg",
        "initial_adv_image": "/img_align_celeba/026181.jpg",
        "l2_epsilon_goal": 0.05,
        "linf_epsilon_goal": 0.06274509803921569,
        "query_budget": 40000,
        "max_iterations": 1000,
        "initial_queries": 50,
        "dimension_reduction": 1.0
    },
    "results": {
        "total_queries": 40223,
        "final_l2_distance": 15.970390319824219,
        "final_linf_distance": 0.22455863654613495,
        "total_duration_seconds": 317.8049759864807,
        "iteration_times_seconds": [
            2.269610643386841,
            2.4675323963165283,
            2.499882698059082,
            2.474210023880005,
            2.5670626163482666,
            2.4946277141571045,
            2.5619349479675293,
            2.556386709213257,
            2.6115407943725586,
            2.5764472484588623,
            2.5473015308380127,
            2.5910189151763916,
            2.5380353927612305,
            2.614246129989624,
            2.598775863647461,
            2.6708261966705322,
            2.661994218826294,
            2.6595253944396973,
            2.756377696990967,
            2.5966665744781494,
            2.6704978942871094,
            2.6907548904418945,
            2.6915547847747803,
            2.7333946228027344,
            2.8526482582092285,
            2.82318377494812,
            2.805335283279419,
            2.780355453491211,
            2.80155086517334,
            2.8235647678375244,
            2.8053572177886963,
            2.9451708793640137,
            2.8114774227142334,
            2.7836265563964844,
            2.779728651046753,
            2.8486623764038086,
            2.932884454727173,
            2.7973315715789795,
            2.8492889404296875,
            3.0007822513580322,
            2.879450559616089,
            2.888547897338867,
            2.905238389968872,
            2.8120524883270264,
            2.9422659873962402,
            3.023496150970459,
            2.8605844974517822,
            2.9898526668548584,
            2.978480100631714,
            3.046804189682007,
            2.890838861465454,
            2.9230504035949707,
            2.9168007373809814,
            3.013751983642578,
            3.040036678314209,
            2.9511160850524902,
            2.9635937213897705,
            2.9644107818603516,
            3.0361926555633545,
            3.150230884552002,
            3.027581214904785,
            3.0839037895202637,
            3.1399505138397217,
            3.1336376667022705,
            3.0639379024505615,
            3.025358200073242,
            2.9523978233337402,
            2.9723429679870605,
            3.0531976222991943,
            3.108138084411621,
            3.1496057510375977,
            3.080016851425171,
            3.111725330352783,
            3.123800039291382,
            3.131187677383423,
            3.1653494834899902,
            3.073366403579712,
            3.1237964630126953,
            3.196566104888916,
            3.298275947570801,
            3.2615575790405273,
            3.132601261138916,
            3.176140069961548,
            3.1751816272735596,
            3.1143596172332764,
            3.2474570274353027,
            3.133166551589966,
            3.139035940170288,
            3.244277238845825,
            3.2318172454833984,
            3.1644742488861084,
            3.3037593364715576,
            3.2957923412323,
            3.228372097015381,
            3.1940014362335205,
            3.2883665561676025,
            3.268406391143799,
            3.3115081787109375,
            3.192946195602417,
            3.372884750366211,
            3.3157472610473633,
            3.2695789337158203,
            3.2561798095703125,
            3.278542995452881,
            3.406367540359497,
            3.3534305095672607,
            3.249143123626709
        ],
        "output_image_path": "/model_deploy_execution_attack_for_pipeline/outputs/ssrnet_age_mnn_173194_ttba_attack/adversarial_image.png"
    }
}