{
    "status": "BUDGET_EXHAUSTED",
    "config": {
        "executable": "./resources/execution_files/age_googlenet_mnn",
        "benign_image": "/img_align_celeba/099559.jpg",
        "initial_adv_image": "/img_align_celeba/00000005.png",
        "l2_epsilon_goal": 0.05,
        "linf_epsilon_goal": 0.06274509803921569,
        "query_budget": 40000,
        "max_iterations": 1000,
        "initial_queries": 50,
        "dimension_reduction": 1.0
    },
    "results": {
        "total_queries": 40320,
        "final_l2_distance": 49.238887786865234,
        "final_linf_distance": 0.6007566452026367,
        "total_duration_seconds": 1142.6793961524963,
        "iteration_times_seconds": [
            7.607075929641724,
            7.840073347091675,
            8.042568683624268,
            8.002883434295654,
            8.182245254516602,
            8.26274847984314,
            8.592219352722168,
            8.550127267837524,
            8.699296236038208,
            8.67340636253357,
            8.655135154724121,
            8.801602125167847,
            8.86148738861084,
            8.93818473815918,
            9.08635926246643,
            9.156896591186523,
            9.295311450958252,
            9.324480772018433,
            9.250691175460815,
            9.41564393043518,
            9.46885347366333,
            9.424033641815186,
            9.48464298248291,
            9.651130437850952,
            9.676372528076172,
            9.654767513275146,
            9.851941347122192,
            9.84255862236023,
            10.164179563522339,
            9.975579261779785,
            10.004955768585205,
            9.987688779830933,
            9.996211528778076,
            10.03039836883545,
            10.187440156936646,
            10.068613767623901,
            10.1581449508667,
            10.18100094795227,
            10.26107668876648,
            10.326542615890503,
            10.460391759872437,
            10.4165358543396,
            10.609998941421509,
            10.588807821273804,
            10.690232038497925,
            10.685749530792236,
            10.599679708480835,
            10.604998111724854,
            10.605066537857056,
            10.655900478363037,
            10.797072649002075,
            10.790433168411255,
            10.789546012878418,
            10.849457025527954,
            10.854852199554443,
            10.948460102081299,
            10.931889057159424,
            10.943520307540894,
            10.972811222076416,
            11.206116914749146,
            11.092220067977905,
            11.20103120803833,
            11.283158302307129,
            11.211122035980225,
            11.21278190612793,
            11.222742795944214,
            11.240579843521118,
            11.363359451293945,
            11.284804344177246,
            11.358979225158691,
            11.360875606536865,
            11.39056134223938,
            11.379855871200562,
            11.429540872573853,
            11.522584676742554,
            11.530651092529297,
            11.597442626953125,
            11.569693803787231,
            11.668872594833374,
            11.764043092727661,
            11.752188205718994,
            11.76064419746399,
            11.676563501358032,
            11.76838755607605,
            11.818423509597778,
            11.850768566131592,
            11.906382322311401,
            11.899204730987549,
            11.99219536781311,
            12.004634141921997,
            11.926223516464233,
            11.912249088287354,
            11.989769458770752,
            12.03394103050232,
            12.008858442306519,
            12.037415742874146,
            12.1640465259552,
            12.12246823310852,
            11.9209303855896,
            12.05306887626648,
            11.927021026611328,
            12.029706954956055,
            12.081057786941528,
            12.036818742752075,
            12.10064697265625,
            12.137552261352539,
            12.210529088973999
        ],
        "output_image_path": "/model_deploy_execution_attack_for_pipeline/outputs/age_googlenet_mnn_099559_ttba_attack/adversarial_image.png"
    }
}