{
    "status": "BUDGET_EXHAUSTED",
    "config": {
        "executable": "./resources/execution_files/gender_googlenet_mnn",
        "benign_image": "/img_align_celeba/047543.jpg",
        "initial_adv_image": "/img_align_celeba/065084.jpg",
        "l2_epsilon_goal": 0.05,
        "linf_epsilon_goal": 0.06274509803921569,
        "query_budget": 40000,
        "max_iterations": 1000,
        "initial_queries": 50,
        "dimension_reduction": 1.0
    },
    "results": {
        "total_queries": 40139,
        "final_l2_distance": 8.166420936584473,
        "final_linf_distance": 0.10483606904745102,
        "total_duration_seconds": 932.7312965393066,
        "iteration_times_seconds": [
            6.030011892318726,
            6.281549453735352,
            6.415254831314087,
            6.4374754428863525,
            6.529623985290527,
            6.701066017150879,
            6.97607684135437,
            7.108543395996094,
            6.97967529296875,
            7.1248228549957275,
            7.140129804611206,
            7.3169331550598145,
            7.2699315547943115,
            7.413778781890869,
            7.501082420349121,
            7.555481910705566,
            7.5869364738464355,
            7.707336902618408,
            7.688246250152588,
            7.777904987335205,
            7.672889947891235,
            7.8264782428741455,
            7.979776382446289,
            7.981445074081421,
            7.813619375228882,
            7.874314308166504,
            7.944209337234497,
            8.086324453353882,
            8.076473236083984,
            8.062675476074219,
            8.134501695632935,
            8.26243543624878,
            8.208551168441772,
            8.236000537872314,
            8.299089431762695,
            8.30963921546936,
            8.327978372573853,
            8.39880084991455,
            8.483734846115112,
            8.290500164031982,
            8.375003814697266,
            8.445589303970337,
            8.680704116821289,
            8.554346084594727,
            8.624019622802734,
            8.549694299697876,
            8.808674097061157,
            8.633532285690308,
            8.752845525741577,
            8.740543365478516,
            8.783846378326416,
            8.76160454750061,
            8.77212119102478,
            8.825380802154541,
            8.826214075088501,
            8.9390287399292,
            8.924417972564697,
            8.980103969573975,
            8.946202516555786,
            9.080953359603882,
            9.092544078826904,
            9.23251485824585,
            9.211288928985596,
            9.168692350387573,
            9.269789934158325,
            9.271170139312744,
            9.301121950149536,
            9.120126247406006,
            9.148913383483887,
            9.161972045898438,
            9.167228937149048,
            9.150666236877441,
            9.20581340789795,
            9.16379165649414,
            9.197564125061035,
            9.319541931152344,
            9.276073694229126,
            9.425108909606934,
            9.357119083404541,
            9.347320556640625,
            9.500044107437134,
            9.55416226387024,
            9.568378210067749,
            9.632937908172607,
            9.557644367218018,
            9.676475048065186,
            9.726068496704102,
            9.656270980834961,
            9.635834693908691,
            9.728845357894897,
            9.785912275314331,
            9.777696371078491,
            9.786151647567749,
            9.756274223327637,
            9.761284589767456,
            9.83574891090393,
            9.886881828308105,
            9.826899290084839,
            9.839958190917969,
            10.068365573883057,
            10.066528081893921,
            9.973668098449707,
            9.995945692062378,
            10.07284426689148,
            10.109176635742188,
            10.136002540588379,
            10.218788862228394
        ],
        "output_image_path": "/model_deploy_execution_attack_for_pipeline/outputs/gender_googlenet_mnn_047543_ttba_attack/adversarial_image.png"
    }
}