{
    "status": "BUDGET_EXHAUSTED",
    "config": {
        "executable": "resources/execution_files/gender_googlenet_mnn",
        "benign_image": "/img_align_celeba/073143.jpg",
        "initial_adv_image": "/img_align_celeba/055147.jpg",
        "l2_epsilon_goal": 0.05,
        "linf_epsilon_goal": 0.06274509803921569,
        "query_budget": 40000,
        "max_iterations": 1000,
        "initial_queries": 50,
        "dimension_reduction": 1.0
    },
    "results": {
        "total_queries": 40089,
        "final_l2_distance": 6.704559803009033,
        "final_linf_distance": 0.10865386575460434,
        "total_duration_seconds": 958.8697645664215,
        "iteration_times_seconds": [
            6.133899927139282,
            6.37083101272583,
            6.588791847229004,
            6.5447564125061035,
            6.69240927696228,
            6.812570571899414,
            6.8916425704956055,
            7.0231239795684814,
            6.9859631061553955,
            7.073460102081299,
            7.098613500595093,
            7.131813287734985,
            7.280055046081543,
            7.4863011837005615,
            7.505739688873291,
            7.711595773696899,
            7.689403533935547,
            7.722590684890747,
            7.80307936668396,
            7.702767848968506,
            7.757783651351929,
            7.981788873672485,
            8.040578842163086,
            7.9310219287872314,
            7.926608085632324,
            7.948246479034424,
            8.179816722869873,
            8.153729915618896,
            8.136533260345459,
            8.185178279876709,
            8.192106485366821,
            8.25669240951538,
            8.297184228897095,
            8.265417098999023,
            8.402363061904907,
            8.340669393539429,
            8.434885501861572,
            8.498409509658813,
            8.504621744155884,
            8.680415630340576,
            8.644410848617554,
            8.737894773483276,
            8.792020797729492,
            8.861387491226196,
            8.876651048660278,
            8.904368877410889,
            8.94959807395935,
            8.971932172775269,
            9.04355001449585,
            9.024180173873901,
            9.185604572296143,
            9.061914205551147,
            8.950108051300049,
            8.936052322387695,
            9.139686822891235,
            8.938049554824829,
            9.104435920715332,
            9.165839910507202,
            9.116641283035278,
            9.259117364883423,
            9.268057346343994,
            9.376445293426514,
            9.356792211532593,
            9.382910013198853,
            9.482465028762817,
            9.404590368270874,
            9.461518287658691,
            9.434518814086914,
            9.50789737701416,
            9.416275262832642,
            9.553680181503296,
            9.575414419174194,
            9.634076833724976,
            9.750919818878174,
            9.646184921264648,
            9.698616743087769,
            9.772200584411621,
            9.826186418533325,
            9.818564653396606,
            9.8595712184906,
            9.90024185180664,
            9.983924150466919,
            10.020190715789795,
            10.064231395721436,
            9.995300054550171,
            10.163991928100586,
            10.156380414962769,
            10.151305198669434,
            10.174011707305908,
            10.103677034378052,
            10.278684139251709,
            10.181964635848999,
            10.187764406204224,
            10.201932430267334,
            10.325195550918579,
            10.236611604690552,
            10.342678308486938,
            10.279651880264282,
            10.340406894683838,
            10.344549655914307,
            10.511311292648315,
            10.454166412353516,
            10.517935991287231,
            10.47622275352478,
            10.581669807434082,
            10.654989004135132,
            10.712777137756348
        ],
        "output_image_path": "/model_deploy_execution_attack_for_pipeline/outputs/gender_googlenet_mnn_073143_ttba_attack/adversarial_image.png"
    }
}