{
    "status": "SUCCESS",
    "config": {
        "executable": "./resources/execution_files/gender_googlenet_mnn",
        "benign_image": "/img_align_celeba/057988.jpg",
        "initial_adv_image": "/img_align_celeba/097212.jpg",
        "l2_epsilon_goal": 0.05,
        "linf_epsilon_goal": 0.06274509803921569,
        "query_budget": 40000,
        "max_iterations": 1000,
        "initial_queries": 50,
        "dimension_reduction": 1.0
    },
    "results": {
        "total_queries": 3644,
        "final_l2_distance": 4.674051761627197,
        "final_linf_distance": 0.06239581108093262,
        "total_duration_seconds": 135.86274075508118,
        "iteration_times_seconds": [
            5.855913400650024,
            6.110199928283691,
            6.243417739868164,
            6.328793525695801,
            6.249920129776001,
            6.356683015823364,
            6.412748575210571,
            6.515830993652344,
            6.484642744064331,
            6.532998085021973,
            6.63878607749939,
            6.696774482727051,
            6.769994020462036,
            6.8901450634002686,
            6.99329948425293,
            6.839590787887573,
            6.92072606086731,
            6.981329679489136,
            6.969155550003052,
            7.08179235458374
        ],
        "output_image_path": "/model_deploy_execution_attack_for_pipeline/outputs/gender_googlenet_mnn_057988_ttba_attack/adversarial_image.png"
    }
}