{
    "status": "BUDGET_EXHAUSTED",
    "config": {
        "executable": "./resources/execution_files/emotion_ferplus_mnn",
        "benign_image": "/img_align_celeba/055147.jpg",
        "initial_adv_image": "/img_align_celeba/065084.jpg",
        "l2_epsilon_goal": 0.05,
        "linf_epsilon_goal": 0.06274509803921569,
        "query_budget": 40000,
        "max_iterations": 1000,
        "initial_queries": 50,
        "dimension_reduction": 1.0
    },
    "results": {
        "total_queries": 40183,
        "final_l2_distance": 15.188572883605957,
        "final_linf_distance": 0.30810546875,
        "total_duration_seconds": 1006.8599593639374,
        "iteration_times_seconds": [
            6.287919282913208,
            6.731749773025513,
            6.757181167602539,
            7.018677234649658,
            7.08885931968689,
            7.1343913078308105,
            7.4448325634002686,
            7.39654016494751,
            7.573694229125977,
            7.542451858520508,
            7.689959287643433,
            7.762425422668457,
            7.757311105728149,
            7.802525043487549,
            8.065026998519897,
            8.101380109786987,
            8.273481607437134,
            8.232243299484253,
            8.200000524520874,
            8.099174737930298,
            8.158108949661255,
            8.222108364105225,
            8.17463731765747,
            8.312853336334229,
            8.39703631401062,
            8.46626877784729,
            8.56064224243164,
            8.710870504379272,
            8.759257078170776,
            8.70604681968689,
            8.742530107498169,
            8.843295812606812,
            8.694655418395996,
            8.83120083808899,
            8.875778436660767,
            8.913684129714966,
            8.88035273551941,
            9.033952951431274,
            9.073436975479126,
            8.995486974716187,
            9.140046834945679,
            9.213115453720093,
            9.279814958572388,
            9.366267442703247,
            9.31444263458252,
            9.47122049331665,
            9.352479219436646,
            9.449553966522217,
            9.28729248046875,
            9.240511417388916,
            9.268925905227661,
            9.278679847717285,
            9.382203578948975,
            9.536634922027588,
            9.33675479888916,
            9.534602403640747,
            9.596894264221191,
            9.523165941238403,
            9.639263391494751,
            9.757335901260376,
            9.736615896224976,
            9.884943962097168,
            9.873751640319824,
            9.793288946151733,
            10.119827508926392,
            9.896360397338867,
            9.975065469741821,
            9.995596885681152,
            9.949912786483765,
            9.943984270095825,
            10.047281503677368,
            10.100532531738281,
            10.056365251541138,
            10.093266487121582,
            10.120275020599365,
            10.168670177459717,
            10.290783882141113,
            10.193968057632446,
            10.22867465019226,
            10.274895429611206,
            10.312176942825317,
            10.402524948120117,
            10.478883266448975,
            10.556770086288452,
            10.526231288909912,
            10.464252233505249,
            10.57596492767334,
            10.670677661895752,
            10.644923686981201,
            10.597753763198853,
            10.563318967819214,
            10.707803964614868,
            10.714354753494263,
            10.694628238677979,
            10.717780590057373,
            10.774893760681152,
            10.71600341796875,
            10.71145510673523,
            10.72755479812622,
            10.936614513397217,
            10.931094646453857,
            10.989526748657227,
            11.013033866882324,
            11.058731079101562,
            10.902972936630249,
            10.968684196472168,
            11.113240718841553
        ],
        "output_image_path": "/model_deploy_execution_attack_for_pipeline/outputs/emotion_ferplus_mnn_055147_ttba_attack/adversarial_image.png"
    }
}