{
    "status": "BUDGET_EXHAUSTED",
    "config": {
        "executable": "./resources/execution_files/age_googlenet_mnn",
        "benign_image": "/img_align_celeba/128190.jpg",
        "initial_adv_image": "/img_align_celeba/00000001.png",
        "l2_epsilon_goal": 0.05,
        "linf_epsilon_goal": 0.06274509803921569,
        "query_budget": 40000,
        "max_iterations": 1000,
        "initial_queries": 50,
        "dimension_reduction": 1.0
    },
    "results": {
        "total_queries": 40329,
        "final_l2_distance": 57.8260612487793,
        "final_linf_distance": 0.7428025603294373,
        "total_duration_seconds": 1144.9956674575806,
        "iteration_times_seconds": [
            7.516018629074097,
            7.789222955703735,
            8.002854824066162,
            8.096055507659912,
            8.178887367248535,
            8.224418640136719,
            8.564202785491943,
            8.601749897003174,
            8.73920488357544,
            8.693353414535522,
            8.698460817337036,
            8.856945514678955,
            8.870469093322754,
            8.933553218841553,
            9.153969049453735,
            9.170390605926514,
            9.229727745056152,
            9.247328042984009,
            9.316093444824219,
            9.35095739364624,
            9.4535391330719,
            9.453291654586792,
            9.599440813064575,
            9.529783248901367,
            9.72647762298584,
            9.632548809051514,
            9.879074335098267,
            9.940227031707764,
            9.90620470046997,
            9.99969482421875,
            10.049561977386475,
            9.955487251281738,
            10.017032861709595,
            9.997792720794678,
            10.09382152557373,
            10.186998844146729,
            10.18077802658081,
            10.2372727394104,
            10.294106006622314,
            10.224649906158447,
            10.378210544586182,
            10.524622678756714,
            10.489962577819824,
            10.50634503364563,
            10.512688159942627,
            10.611261367797852,
            10.595052242279053,
            10.644372701644897,
            10.715533256530762,
            10.876420021057129,
            10.696118116378784,
            10.796500444412231,
            10.750992774963379,
            10.783524513244629,
            10.837573289871216,
            10.932070016860962,
            10.895426750183105,
            10.869971990585327,
            10.89293098449707,
            11.059256792068481,
            11.136849641799927,
            11.28408408164978,
            11.236294746398926,
            11.188040733337402,
            11.17182445526123,
            11.330696821212769,
            11.32281494140625,
            11.385969877243042,
            11.43667721748352,
            11.391287326812744,
            11.383277177810669,
            11.334918022155762,
            11.422837257385254,
            11.492847919464111,
            11.50785493850708,
            11.523520469665527,
            11.631447076797485,
            11.54291558265686,
            11.629661560058594,
            11.62251353263855,
            11.762078762054443,
            11.813823938369751,
            11.787935972213745,
            11.919838190078735,
            11.86356258392334,
            11.825032711029053,
            11.878618955612183,
            11.932613611221313,
            11.923229217529297,
            12.019892930984497,
            12.083454608917236,
            11.944393157958984,
            12.053766250610352,
            12.053470134735107,
            12.04749584197998,
            12.044193506240845,
            12.024666786193848,
            12.076069831848145,
            12.188988208770752,
            12.190457344055176,
            12.172826528549194,
            12.264074325561523,
            12.298109769821167,
            12.25529146194458,
            12.352090835571289,
            12.477776050567627,
            12.549308776855469
        ],
        "output_image_path": "/model_deploy_execution_attack_for_pipeline/outputs/age_googlenet_mnn_128190_ttba_attack/adversarial_image.png"
    }
}