{
    "status": "BUDGET_EXHAUSTED",
    "config": {
        "executable": "./resources/execution_files/gender_googlenet_mnn",
        "benign_image": "/img_align_celeba/000608.jpg",
        "initial_adv_image": "/img_align_celeba/173194.jpg",
        "l2_epsilon_goal": 0.05,
        "linf_epsilon_goal": 0.06274509803921569,
        "query_budget": 40000,
        "max_iterations": 1000,
        "initial_queries": 50,
        "dimension_reduction": 1.0
    },
    "results": {
        "total_queries": 40131,
        "final_l2_distance": 9.408673286437988,
        "final_linf_distance": 0.13912847638130188,
        "total_duration_seconds": 931.4765539169312,
        "iteration_times_seconds": [
            6.257373094558716,
            6.45885157585144,
            6.688342809677124,
            6.747594118118286,
            6.661702394485474,
            6.699857234954834,
            6.917320966720581,
            7.049171209335327,
            7.036082983016968,
            7.16802716255188,
            7.171772003173828,
            7.205300331115723,
            7.237553119659424,
            7.436572790145874,
            7.280736684799194,
            7.44055700302124,
            7.397567272186279,
            7.513268709182739,
            7.636025428771973,
            7.619449853897095,
            7.569127798080444,
            7.595143556594849,
            7.6965172290802,
            7.772329807281494,
            7.840523719787598,
            7.945737838745117,
            8.00575065612793,
            8.114136219024658,
            8.058282136917114,
            8.160256624221802,
            8.18432092666626,
            8.167233943939209,
            8.035817861557007,
            8.050849437713623,
            8.159375429153442,
            8.168236494064331,
            8.138602256774902,
            8.20296835899353,
            8.270771265029907,
            8.447988033294678,
            8.434499263763428,
            8.514662504196167,
            8.567983388900757,
            8.55479645729065,
            8.561055898666382,
            8.70164942741394,
            8.64582872390747,
            8.644941091537476,
            8.609846830368042,
            8.674100637435913,
            8.746603012084961,
            8.771278858184814,
            8.76864767074585,
            8.820209264755249,
            8.814329624176025,
            8.898097038269043,
            8.885612487792969,
            9.036956310272217,
            8.926109552383423,
            9.035147905349731,
            9.121638536453247,
            9.096026420593262,
            9.245344638824463,
            9.264609575271606,
            9.16699481010437,
            9.228515863418579,
            9.266433715820312,
            9.297305583953857,
            9.277915239334106,
            9.314186334609985,
            9.309203386306763,
            9.34389042854309,
            9.19994306564331,
            9.283740997314453,
            9.324635982513428,
            9.302031755447388,
            9.328911781311035,
            9.398149013519287,
            9.500130414962769,
            9.382052898406982,
            9.491421222686768,
            9.550561666488647,
            9.584408283233643,
            9.621113538742065,
            9.601938247680664,
            9.661858081817627,
            9.683590650558472,
            9.690248727798462,
            9.713635921478271,
            9.677722692489624,
            9.7129647731781,
            9.771291732788086,
            9.750055313110352,
            9.762165307998657,
            9.70262598991394,
            9.887493133544922,
            9.853942155838013,
            9.947006940841675,
            9.919057607650757,
            10.017940521240234,
            9.871756553649902,
            10.031501054763794,
            9.852731227874756,
            9.98220443725586,
            10.079188108444214,
            10.160831451416016,
            10.216893672943115
        ],
        "output_image_path": "/model_deploy_execution_attack_for_pipeline/outputs/gender_googlenet_mnn_000608_ttba_attack/adversarial_image.png"
    }
}