{
    "status": "BUDGET_EXHAUSTED",
    "config": {
        "executable": "./resources/execution_files/emotion_ferplus_mnn",
        "benign_image": "/img_align_celeba/054265.jpg",
        "initial_adv_image": "/img_align_celeba/041132.jpg",
        "l2_epsilon_goal": 0.05,
        "linf_epsilon_goal": 0.06274509803921569,
        "query_budget": 40000,
        "max_iterations": 1000,
        "initial_queries": 50,
        "dimension_reduction": 1.0
    },
    "results": {
        "total_queries": 40131,
        "final_l2_distance": 8.631187438964844,
        "final_linf_distance": 0.1683824062347412,
        "total_duration_seconds": 999.3253009319305,
        "iteration_times_seconds": [
            6.510718822479248,
            6.753091096878052,
            6.883738994598389,
            7.090558767318726,
            7.089459419250488,
            7.221017122268677,
            7.488256454467773,
            7.60244345664978,
            7.63236403465271,
            7.633199453353882,
            7.725370407104492,
            7.842096328735352,
            7.936598062515259,
            7.932645797729492,
            8.071634531021118,
            8.212706327438354,
            8.034694910049438,
            7.949242115020752,
            8.07936406135559,
            8.189833164215088,
            8.18628191947937,
            8.25366997718811,
            8.320483684539795,
            8.302473545074463,
            8.405939817428589,
            8.436761617660522,
            8.701478004455566,
            8.705821514129639,
            8.745385646820068,
            8.760844230651855,
            8.744217157363892,
            8.835416793823242,
            8.938084125518799,
            8.91273045539856,
            8.960795402526855,
            8.963254690170288,
            8.9348623752594,
            9.080739974975586,
            9.149349689483643,
            8.94196367263794,
            8.935477495193481,
            9.002820014953613,
            9.124932289123535,
            9.188531875610352,
            9.238219976425171,
            9.313551425933838,
            9.359381437301636,
            9.2185378074646,
            9.320401668548584,
            9.332307815551758,
            9.44522476196289,
            9.362065076828003,
            9.436629056930542,
            9.420403003692627,
            9.458882808685303,
            9.57035207748413,
            9.573115587234497,
            9.566527366638184,
            9.778692245483398,
            9.701969146728516,
            9.72019076347351,
            9.786458969116211,
            9.83496618270874,
            9.848753690719604,
            10.00913381576538,
            9.949981689453125,
            10.04303526878357,
            10.063448429107666,
            9.747272729873657,
            9.846944808959961,
            9.790284872055054,
            9.900497436523438,
            9.861165285110474,
            9.900513172149658,
            9.892521381378174,
            9.907715797424316,
            9.964485883712769,
            9.958229303359985,
            10.018669605255127,
            10.161959409713745,
            10.117812395095825,
            10.155336618423462,
            10.267059564590454,
            10.240158796310425,
            10.194547891616821,
            10.282970905303955,
            10.331704378128052,
            10.369171142578125,
            10.387260675430298,
            10.386831998825073,
            10.37572979927063,
            10.436524152755737,
            10.4664466381073,
            10.432914972305298,
            10.586642265319824,
            10.585424661636353,
            10.572884798049927,
            10.515926122665405,
            10.479597568511963,
            10.668862104415894,
            10.708463668823242,
            10.64104700088501,
            10.735347270965576,
            10.8090500831604,
            10.779739618301392,
            10.872297763824463,
            10.922272205352783
        ],
        "output_image_path": "/model_deploy_execution_attack_for_pipeline/outputs/emotion_ferplus_mnn_054265_ttba_attack/adversarial_image.png"
    }
}