{
    "status": "BUDGET_EXHAUSTED",
    "config": {
        "executable": "./resources/execution_files/gender_googlenet_mnn",
        "benign_image": "/img_align_celeba/046661.jpg",
        "initial_adv_image": "/img_align_celeba/001516.jpg",
        "l2_epsilon_goal": 0.05,
        "linf_epsilon_goal": 0.06274509803921569,
        "query_budget": 40000,
        "max_iterations": 1000,
        "initial_queries": 50,
        "dimension_reduction": 1.0
    },
    "results": {
        "total_queries": 40138,
        "final_l2_distance": 10.680123329162598,
        "final_linf_distance": 0.14424782991409302,
        "total_duration_seconds": 934.6896207332611,
        "iteration_times_seconds": [
            6.0839457511901855,
            6.403483629226685,
            6.498971462249756,
            6.576889514923096,
            6.73275351524353,
            6.753451585769653,
            6.931540250778198,
            6.8918235301971436,
            6.8835694789886475,
            6.900361061096191,
            7.032626390457153,
            7.0203938484191895,
            7.169039964675903,
            7.226653337478638,
            7.375547409057617,
            7.424350023269653,
            7.4029600620269775,
            7.637904405593872,
            7.563176393508911,
            7.610913276672363,
            7.668733358383179,
            7.66553807258606,
            7.692081928253174,
            7.707963466644287,
            7.886707067489624,
            7.89525294303894,
            8.06127667427063,
            8.11079740524292,
            8.083207368850708,
            8.154577493667603,
            8.324288845062256,
            8.296611309051514,
            8.2287437915802,
            8.26546049118042,
            8.302406072616577,
            8.317291259765625,
            8.273446798324585,
            8.202290773391724,
            8.223944425582886,
            8.366080284118652,
            8.45882248878479,
            8.417136669158936,
            8.48130488395691,
            8.45609164237976,
            8.56515884399414,
            8.570563554763794,
            8.656205415725708,
            8.56452202796936,
            8.597124099731445,
            8.655593156814575,
            8.699398040771484,
            8.75940465927124,
            8.749777555465698,
            8.78735899925232,
            8.862093448638916,
            8.94634747505188,
            8.920798540115356,
            9.060791730880737,
            9.077048301696777,
            9.20775055885315,
            9.151690244674683,
            9.179800510406494,
            9.124308824539185,
            9.25598692893982,
            9.237579822540283,
            9.27610468864441,
            9.246989965438843,
            9.370170593261719,
            9.366584300994873,
            9.304843425750732,
            9.312644243240356,
            9.380672693252563,
            9.472033023834229,
            9.384782075881958,
            9.538209676742554,
            9.68143892288208,
            9.53170108795166,
            9.624133110046387,
            9.590975046157837,
            9.65865421295166,
            9.781554937362671,
            9.742314338684082,
            9.675424575805664,
            9.832804203033447,
            9.894381761550903,
            9.653654336929321,
            9.73152780532837,
            9.682361125946045,
            9.728374719619751,
            9.766590118408203,
            9.845659017562866,
            9.725294828414917,
            9.732789754867554,
            9.898139715194702,
            9.91405963897705,
            9.844844102859497,
            9.874480962753296,
            9.846070766448975,
            10.008913040161133,
            9.982075929641724,
            9.920362710952759,
            9.97557020187378,
            10.017462730407715,
            10.090748071670532,
            9.836098909378052,
            10.202501773834229,
            10.25817346572876
        ],
        "output_image_path": "/model_deploy_execution_attack_for_pipeline/outputs/gender_googlenet_mnn_046661_ttba_attack/adversarial_image.png"
    }
}