{
    "status": "BUDGET_EXHAUSTED",
    "config": {
        "executable": "./resources/execution_files/age_googlenet_mnn",
        "benign_image": "/img_align_celeba/080008.jpg",
        "initial_adv_image": "/img_align_celeba/00000008.png",
        "l2_epsilon_goal": 0.05,
        "linf_epsilon_goal": 0.06274509803921569,
        "query_budget": 40000,
        "max_iterations": 1000,
        "initial_queries": 50,
        "dimension_reduction": 1.0
    },
    "results": {
        "total_queries": 40329,
        "final_l2_distance": 54.19721603393555,
        "final_linf_distance": 0.7358658313751221,
        "total_duration_seconds": 1143.1344690322876,
        "iteration_times_seconds": [
            7.549154043197632,
            7.957792520523071,
            8.003642320632935,
            8.048574209213257,
            8.127195596694946,
            8.252601385116577,
            8.547260761260986,
            8.603299379348755,
            8.613845348358154,
            8.76265287399292,
            8.74658989906311,
            8.795573949813843,
            8.960081815719604,
            8.93351125717163,
            9.11966323852539,
            9.227989196777344,
            9.28583836555481,
            9.278074502944946,
            9.291279792785645,
            9.290402889251709,
            9.315677165985107,
            9.44568395614624,
            9.547534942626953,
            9.503756284713745,
            9.559919118881226,
            9.728746891021729,
            9.849389791488647,
            9.922009706497192,
            9.88036847114563,
            9.997952461242676,
            9.913673400878906,
            9.927542686462402,
            9.9747633934021,
            9.961742877960205,
            10.114145994186401,
            10.234747409820557,
            10.129784345626831,
            10.186226606369019,
            10.356797695159912,
            10.289089679718018,
            10.417783737182617,
            10.428558588027954,
            10.57706356048584,
            10.562159061431885,
            10.511573791503906,
            10.513720989227295,
            10.595898151397705,
            10.578343868255615,
            10.651803255081177,
            10.584750175476074,
            10.740647554397583,
            10.75610876083374,
            10.7600417137146,
            10.855972528457642,
            10.772094964981079,
            10.859315156936646,
            10.954586505889893,
            10.937488555908203,
            10.854583024978638,
            11.09159541130066,
            11.210941791534424,
            11.145023107528687,
            11.231034278869629,
            11.265819311141968,
            11.276496648788452,
            11.258944034576416,
            11.3619225025177,
            11.238625288009644,
            11.285381078720093,
            11.37578535079956,
            11.455094814300537,
            11.49223780632019,
            11.375035047531128,
            11.465628147125244,
            11.521137952804565,
            11.539994478225708,
            11.5128915309906,
            11.556968450546265,
            11.702150106430054,
            11.592480659484863,
            11.739200592041016,
            11.70660924911499,
            11.673988819122314,
            11.81255054473877,
            11.87234091758728,
            11.797624349594116,
            11.937390327453613,
            11.957743644714355,
            11.853062629699707,
            11.909061193466187,
            11.931390285491943,
            11.899826288223267,
            11.91299557685852,
            12.072587251663208,
            12.057974100112915,
            12.127891063690186,
            12.190377473831177,
            12.071486234664917,
            12.23232626914978,
            12.205366849899292,
            12.17042875289917,
            12.214574337005615,
            12.191225051879883,
            12.182077169418335,
            12.284136533737183,
            12.37566089630127,
            12.398919343948364
        ],
        "output_image_path": "/model_deploy_execution_attack_for_pipeline/outputs/age_googlenet_mnn_080008_ttba_attack/adversarial_image.png"
    }
}