{
    "status": "BUDGET_EXHAUSTED",
    "config": {
        "executable": "resources/execution_files/emotion_ferplus_mnn",
        "benign_image": "/img_align_celeba/105770.jpg",
        "initial_adv_image": "/img_align_celeba/111077.jpg",
        "l2_epsilon_goal": 0.05,
        "linf_epsilon_goal": 0.06274509803921569,
        "query_budget": 40000,
        "max_iterations": 1000,
        "initial_queries": 50,
        "dimension_reduction": 1.0
    },
    "results": {
        "total_queries": 40203,
        "final_l2_distance": 11.498479843139648,
        "final_linf_distance": 0.1622234582901001,
        "total_duration_seconds": 1021.7867884635925,
        "iteration_times_seconds": [
            6.5070884227752686,
            6.8189857006073,
            6.938246488571167,
            7.090019226074219,
            7.1529381275177,
            7.236440658569336,
            7.475789308547974,
            7.6457438468933105,
            7.551363229751587,
            7.780437707901001,
            7.791650056838989,
            7.833758115768433,
            7.954934358596802,
            7.939401626586914,
            8.1153404712677,
            8.155595302581787,
            8.330272436141968,
            8.296958923339844,
            8.327323913574219,
            8.379879236221313,
            8.396761417388916,
            8.617233037948608,
            8.441187858581543,
            8.497715950012207,
            8.718004703521729,
            8.710883855819702,
            8.917758226394653,
            8.937020301818848,
            8.937851667404175,
            8.94417953491211,
            8.976129531860352,
            9.001669645309448,
            9.147836208343506,
            9.18597936630249,
            9.108597755432129,
            9.325268268585205,
            9.315927743911743,
            9.253966093063354,
            9.373305082321167,
            9.261881351470947,
            9.231015682220459,
            9.376531600952148,
            9.399790287017822,
            9.379776000976562,
            9.408060073852539,
            9.473963499069214,
            9.507724046707153,
            9.513367176055908,
            9.626055717468262,
            9.559042692184448,
            9.702828168869019,
            9.609460353851318,
            9.793189764022827,
            9.713439702987671,
            9.763746976852417,
            9.82561445236206,
            9.83774209022522,
            9.861194849014282,
            9.920998811721802,
            9.960466384887695,
            9.902113199234009,
            9.819633722305298,
            9.903448820114136,
            9.889122009277344,
            9.90846300125122,
            10.046316623687744,
            10.149009466171265,
            10.007341861724854,
            10.202419519424438,
            10.078433752059937,
            10.084086894989014,
            10.156997919082642,
            10.26545524597168,
            10.253311395645142,
            10.301412105560303,
            10.370801210403442,
            10.219783782958984,
            10.367993593215942,
            10.409767627716064,
            10.322281837463379,
            10.52735710144043,
            10.581171035766602,
            10.630129098892212,
            10.600435733795166,
            10.597355127334595,
            10.738957643508911,
            10.698273420333862,
            10.818819046020508,
            10.666252374649048,
            10.73898720741272,
            10.732615947723389,
            10.76236867904663,
            10.806806802749634,
            10.675379037857056,
            10.59868311882019,
            10.696420431137085,
            10.644197225570679,
            10.657899379730225,
            10.811297178268433,
            10.77909803390503,
            10.708961725234985,
            10.88736605644226,
            10.78419828414917,
            10.841725587844849,
            10.875999927520752,
            10.888784885406494,
            11.009274005889893
        ],
        "output_image_path": "/model_deploy_execution_attack_for_pipeline/outputs/emotion_ferplus_mnn_105770_ttba_attack/adversarial_image.png"
    }
}