{
    "status": "BUDGET_EXHAUSTED",
    "config": {
        "executable": "./resources/execution_files/emotion_ferplus_mnn",
        "benign_image": "/img_align_celeba/173194.jpg",
        "initial_adv_image": "/img_align_celeba/197560.jpg",
        "l2_epsilon_goal": 0.05,
        "linf_epsilon_goal": 0.06274509803921569,
        "query_budget": 40000,
        "max_iterations": 1000,
        "initial_queries": 50,
        "dimension_reduction": 1.0
    },
    "results": {
        "total_queries": 40221,
        "final_l2_distance": 17.508081436157227,
        "final_linf_distance": 0.4105065166950226,
        "total_duration_seconds": 1016.2812314033508,
        "iteration_times_seconds": [
            6.418808698654175,
            6.762363910675049,
            6.880988597869873,
            6.836315393447876,
            7.069157361984253,
            7.179578065872192,
            7.3841986656188965,
            7.566636800765991,
            7.618290185928345,
            7.560050010681152,
            7.638314962387085,
            7.814448118209839,
            7.819569826126099,
            7.943060398101807,
            8.02419137954712,
            7.990007162094116,
            8.198712587356567,
            8.219640254974365,
            8.330685377120972,
            8.367339134216309,
            8.298110961914062,
            8.431185722351074,
            8.432965517044067,
            8.459088325500488,
            8.613418579101562,
            8.543800830841064,
            8.760177612304688,
            8.742354393005371,
            8.940471410751343,
            8.933966159820557,
            8.92248272895813,
            8.695564031600952,
            8.767889976501465,
            8.714557647705078,
            8.89315414428711,
            8.890754461288452,
            8.966593742370605,
            9.027116537094116,
            9.06093144416809,
            9.063029289245605,
            9.142487049102783,
            9.24834942817688,
            9.32333779335022,
            9.43031907081604,
            9.322179079055786,
            9.491117000579834,
            9.468365907669067,
            9.38738203048706,
            9.540291547775269,
            9.575939893722534,
            9.64098048210144,
            9.464937448501587,
            9.641363859176636,
            9.699890375137329,
            9.66164755821228,
            9.607361316680908,
            9.808362007141113,
            9.810545444488525,
            9.873474597930908,
            9.892762899398804,
            9.980819702148438,
            9.977638006210327,
            10.029266595840454,
            10.035355567932129,
            10.10629391670227,
            10.149049758911133,
            10.174816370010376,
            10.145058870315552,
            10.206596374511719,
            10.243274450302124,
            10.19773244857788,
            10.299280405044556,
            10.263333559036255,
            10.325999736785889,
            10.089571475982666,
            10.294320583343506,
            10.323742389678955,
            10.339529275894165,
            10.366419553756714,
            10.293856620788574,
            10.350715160369873,
            10.427456855773926,
            10.465773105621338,
            10.465744495391846,
            10.549185037612915,
            10.571158409118652,
            10.606209993362427,
            10.626895189285278,
            10.684282541275024,
            10.719578504562378,
            10.699947357177734,
            10.69197702407837,
            10.746966123580933,
            10.715099334716797,
            10.746586799621582,
            10.722131252288818,
            10.796532154083252,
            10.813545942306519,
            10.86216425895691,
            10.863059997558594,
            10.986981391906738,
            10.919471502304077,
            10.988097906112671,
            10.919166803359985,
            11.066385746002197,
            11.134193420410156,
            11.119197130203247
        ],
        "output_image_path": "/model_deploy_execution_attack_for_pipeline/outputs/emotion_ferplus_mnn_173194_ttba_attack/adversarial_image.png"
    }
}