{
    "status": "BUDGET_EXHAUSTED",
    "config": {
        "executable": "./resources/execution_files/ssrnet_age_mnn",
        "benign_image": "/img_align_celeba/041654.jpg",
        "initial_adv_image": "/img_align_celeba/137067.jpg",
        "l2_epsilon_goal": 0.05,
        "linf_epsilon_goal": 0.06274509803921569,
        "query_budget": 40000,
        "max_iterations": 1000,
        "initial_queries": 50,
        "dimension_reduction": 1.0
    },
    "results": {
        "total_queries": 40229,
        "final_l2_distance": 12.22788143157959,
        "final_linf_distance": 0.19408604502677917,
        "total_duration_seconds": 318.979186296463,
        "iteration_times_seconds": [
            2.372265338897705,
            2.3452961444854736,
            2.4536514282226562,
            2.3620872497558594,
            2.4751033782958984,
            2.497361660003662,
            2.5202503204345703,
            2.5913267135620117,
            2.5376853942871094,
            2.6024882793426514,
            2.5367815494537354,
            2.632369041442871,
            2.7410244941711426,
            2.5578536987304688,
            2.5839498043060303,
            2.707667589187622,
            2.5957489013671875,
            2.716958999633789,
            2.7309539318084717,
            2.6427500247955322,
            2.628037452697754,
            2.7408523559570312,
            2.7273714542388916,
            2.770735025405884,
            2.8212125301361084,
            2.913950204849243,
            2.7663536071777344,
            2.764094114303589,
            2.8796849250793457,
            2.8722903728485107,
            2.9272549152374268,
            2.8833603858947754,
            2.8994204998016357,
            2.7917730808258057,
            2.8706088066101074,
            3.008275270462036,
            2.9663124084472656,
            2.9046082496643066,
            2.9660801887512207,
            2.88332200050354,
            2.9255595207214355,
            2.851414203643799,
            2.801126718521118,
            2.8947017192840576,
            3.03350830078125,
            2.9809443950653076,
            2.8817930221557617,
            3.008678436279297,
            2.902667284011841,
            3.0365095138549805,
            2.9902937412261963,
            3.0479369163513184,
            3.0154521465301514,
            3.0753471851348877,
            3.0167183876037598,
            3.046529769897461,
            3.011275053024292,
            2.973355531692505,
            2.9804718494415283,
            3.0428168773651123,
            3.0282909870147705,
            3.0529403686523438,
            3.0228524208068848,
            3.2092857360839844,
            3.058785915374756,
            3.129335880279541,
            3.143939971923828,
            2.984344959259033,
            3.145698308944702,
            3.070554494857788,
            3.1278297901153564,
            3.028331995010376,
            3.026028633117676,
            3.195756435394287,
            3.060654401779175,
            3.009462356567383,
            3.1188488006591797,
            3.120405435562134,
            3.1241273880004883,
            3.14070200920105,
            3.05849289894104,
            3.254349946975708,
            3.176314353942871,
            3.222038984298706,
            3.3222033977508545,
            3.3445920944213867,
            3.216999053955078,
            3.2043750286102295,
            3.219092845916748,
            3.367481231689453,
            3.1778342723846436,
            3.2356104850769043,
            3.25227689743042,
            3.2493228912353516,
            3.2628958225250244,
            3.268164873123169,
            3.2353334426879883,
            3.2582080364227295,
            3.2081737518310547,
            3.2795214653015137,
            3.348806142807007,
            3.3260486125946045,
            3.290006637573242,
            3.4370877742767334,
            3.256861686706543,
            3.2935986518859863,
            3.268557548522949
        ],
        "output_image_path": "/model_deploy_execution_attack_for_pipeline/outputs/ssrnet_age_mnn_041654_ttba_attack/adversarial_image.png"
    }
}