{
    "status": "BUDGET_EXHAUSTED",
    "config": {
        "executable": "./resources/execution_files/age_googlenet_mnn",
        "benign_image": "/img_align_celeba/195377.jpg",
        "initial_adv_image": "/img_align_celeba/00000011.png",
        "l2_epsilon_goal": 0.05,
        "linf_epsilon_goal": 0.06274509803921569,
        "query_budget": 40000,
        "max_iterations": 1000,
        "initial_queries": 50,
        "dimension_reduction": 1.0
    },
    "results": {
        "total_queries": 40225,
        "final_l2_distance": 17.0961971282959,
        "final_linf_distance": 0.22324830293655396,
        "total_duration_seconds": 1114.6130001544952,
        "iteration_times_seconds": [
            7.7202770709991455,
            8.121556282043457,
            8.173741102218628,
            8.220089673995972,
            8.302095651626587,
            8.493848085403442,
            8.65507459640503,
            8.689951181411743,
            8.767611503601074,
            8.846115589141846,
            8.655647039413452,
            8.765129089355469,
            8.862723350524902,
            8.927139043807983,
            9.070696353912354,
            9.142468214035034,
            9.126048564910889,
            9.241653442382812,
            9.133432626724243,
            9.310164213180542,
            9.30432677268982,
            9.38531231880188,
            9.435580253601074,
            9.562938451766968,
            9.552955627441406,
            9.584572076797485,
            9.820924520492554,
            9.788834810256958,
            9.918156623840332,
            9.953882455825806,
            9.677604675292969,
            9.659575700759888,
            9.712490320205688,
            9.774299621582031,
            9.775083303451538,
            9.827033042907715,
            9.915218114852905,
            9.886303424835205,
            9.977571487426758,
            9.966103792190552,
            10.001807689666748,
            10.139109373092651,
            10.279909610748291,
            10.242003440856934,
            10.277169704437256,
            10.440067291259766,
            10.271996021270752,
            10.343337059020996,
            10.483906269073486,
            10.453837394714355,
            10.458071947097778,
            10.432085275650024,
            10.564156770706177,
            10.479665279388428,
            10.576191663742065,
            10.735050439834595,
            10.584113121032715,
            10.65144658088684,
            10.709195375442505,
            10.86576533317566,
            10.953559875488281,
            10.93253493309021,
            10.978813409805298,
            10.960042953491211,
            10.949970245361328,
            11.061221361160278,
            11.114490747451782,
            11.006062507629395,
            11.08073616027832,
            10.918952703475952,
            10.900672197341919,
            10.899789094924927,
            10.923136234283447,
            10.924288749694824,
            11.002789497375488,
            11.064048528671265,
            11.099712371826172,
            11.130818605422974,
            11.076172351837158,
            11.07259726524353,
            11.211705923080444,
            11.28347110748291,
            11.333534002304077,
            11.347245931625366,
            11.386442422866821,
            11.277713060379028,
            11.366520166397095,
            11.345043182373047,
            11.319205045700073,
            11.47586441040039,
            11.444289684295654,
            11.488085746765137,
            11.502848386764526,
            11.55379056930542,
            11.562834978103638,
            11.577828168869019,
            11.64542818069458,
            11.624058723449707,
            11.60220193862915,
            11.663004875183105,
            11.720293760299683,
            11.71839952468872,
            11.753123044967651,
            11.832732439041138,
            11.717626571655273,
            11.866013526916504,
            11.895512104034424
        ],
        "output_image_path": "/model_deploy_execution_attack_for_pipeline/outputs/age_googlenet_mnn_195377_ttba_attack/adversarial_image.png"
    }
}