{
    "status": "SUCCESS",
    "config": {
        "executable": "./resources/execution_files/fsanet_headpose_mnn",
        "benign_image": "/img_align_celeba/118721.jpg",
        "initial_adv_image": "/img_align_celeba/062099.jpg",
        "l2_epsilon_goal": 0.05,
        "linf_epsilon_goal": 0.06274509803921569,
        "query_budget": 40000,
        "max_iterations": 1000,
        "initial_queries": 50,
        "dimension_reduction": 1.0
    },
    "results": {
        "total_queries": 4702,
        "final_l2_distance": 4.507931232452393,
        "final_linf_distance": 0.05698418617248535,
        "total_duration_seconds": 69.05718922615051,
        "iteration_times_seconds": [
            2.6951403617858887,
            2.676544666290283,
            2.685955762863159,
            2.6807150840759277,
            2.770427703857422,
            2.884697914123535,
            2.8341152667999268,
            2.7376599311828613,
            2.5588598251342773,
            2.621757745742798,
            2.9118144512176514,
            2.688126564025879,
            2.806729316711426,
            2.883812665939331,
            2.8259012699127197,
            2.843717336654663,
            2.9089596271514893,
            2.792942523956299,
            2.880014657974243,
            2.757171869277954,
            3.0146548748016357,
            2.8557631969451904,
            2.9427695274353027,
            2.9720726013183594
        ],
        "output_image_path": "/model_deploy_execution_attack_for_pipeline/outputs/fsanet_headpose_mnn_118721_ttba_attack/adversarial_image.png"
    }
}