{
    "status": "SUCCESS",
    "config": {
        "executable": "./resources/execution_files/ssrnet_age_mnn",
        "benign_image": "/img_align_celeba/152172.jpg",
        "initial_adv_image": "/img_align_celeba/150995.jpg",
        "l2_epsilon_goal": 0.05,
        "linf_epsilon_goal": 0.06274509803921569,
        "query_budget": 40000,
        "max_iterations": 1000,
        "initial_queries": 50,
        "dimension_reduction": 1.0
    },
    "results": {
        "total_queries": 4970,
        "final_l2_distance": 4.77891731262207,
        "final_linf_distance": 0.06249642372131348,
        "total_duration_seconds": 61.33514332771301,
        "iteration_times_seconds": [
            2.339543104171753,
            2.2491445541381836,
            2.2873833179473877,
            2.3885979652404785,
            2.2643258571624756,
            2.1934640407562256,
            2.415342330932617,
            2.2760326862335205,
            2.339967727661133,
            2.3377110958099365,
            2.2992374897003174,
            2.3615877628326416,
            2.369086980819702,
            2.473651647567749,
            2.506021738052368,
            2.492764472961426,
            2.4548871517181396,
            2.413344621658325,
            2.4779109954833984,
            2.4718756675720215,
            2.455380439758301,
            2.4246206283569336,
            2.5024662017822266,
            2.5966262817382812,
            2.5852770805358887
        ],
        "output_image_path": "/model_deploy_execution_attack_for_pipeline/outputs/ssrnet_age_mnn_152172_ttba_attack/adversarial_image.png"
    }
}