{
    "status": "BUDGET_EXHAUSTED",
    "config": {
        "executable": "resources/execution_files/gender_googlenet_mnn",
        "benign_image": "/img_align_celeba/094733.jpg",
        "initial_adv_image": "/img_align_celeba/158311.jpg",
        "l2_epsilon_goal": 0.05,
        "linf_epsilon_goal": 0.06274509803921569,
        "query_budget": 40000,
        "max_iterations": 1000,
        "initial_queries": 50,
        "dimension_reduction": 1.0
    },
    "results": {
        "total_queries": 40519,
        "final_l2_distance": 5.033967971801758,
        "final_linf_distance": 0.06374771893024445,
        "total_duration_seconds": 949.0639791488647,
        "iteration_times_seconds": [
            5.972024440765381,
            6.325611352920532,
            6.167330026626587,
            6.2641682624816895,
            6.343353271484375,
            6.592698335647583,
            6.78499960899353,
            6.834088087081909,
            6.898067235946655,
            6.919139862060547,
            6.953726530075073,
            6.966914176940918,
            7.058395147323608,
            7.234816789627075,
            7.422532320022583,
            7.42274284362793,
            7.54565954208374,
            7.534231901168823,
            7.5024333000183105,
            7.624676465988159,
            7.553743839263916,
            7.7388904094696045,
            7.790121793746948,
            7.691262483596802,
            7.819159984588623,
            7.775637865066528,
            8.047784566879272,
            7.9014892578125,
            7.95746922492981,
            7.979840278625488,
            8.055034637451172,
            8.077670335769653,
            8.184175491333008,
            8.108500719070435,
            8.12454867362976,
            8.22046947479248,
            8.23486042022705,
            8.429176568984985,
            8.342305660247803,
            8.431074857711792,
            8.469151496887207,
            8.580653190612793,
            8.677546977996826,
            8.610544204711914,
            8.756985664367676,
            8.836909532546997,
            8.817140102386475,
            8.625937223434448,
            8.656047821044922,
            8.705106019973755,
            8.796819925308228,
            8.738639116287231,
            8.808392763137817,
            8.751984596252441,
            8.832476377487183,
            8.960725545883179,
            9.003687858581543,
            8.925339698791504,
            8.96134352684021,
            9.098878145217896,
            9.119321823120117,
            9.155864477157593,
            9.272961616516113,
            9.272425174713135,
            9.320467948913574,
            9.202739715576172,
            9.284615516662598,
            9.29601788520813,
            9.3323974609375,
            9.352571249008179,
            9.405983448028564,
            9.335620164871216,
            9.470667362213135,
            9.461351156234741,
            9.553386688232422,
            9.438607454299927,
            9.614044666290283,
            9.519280910491943,
            9.550616025924683,
            9.6884286403656,
            9.81027626991272,
            9.74586796760559,
            9.810117721557617,
            9.85819673538208,
            9.835538625717163,
            9.834338665008545,
            9.861055135726929,
            9.91616439819336,
            9.991469860076904,
            9.950539827346802,
            10.018826961517334,
            9.941914319992065,
            10.04952597618103,
            10.06321930885315,
            10.074700355529785,
            10.086571455001831,
            10.134711980819702,
            10.180577039718628,
            10.177406311035156,
            10.221731901168823,
            10.23521614074707,
            10.37129259109497,
            10.346280574798584,
            10.31410813331604,
            10.4079749584198,
            10.496113300323486,
            10.49772572517395,
            10.507988691329956
        ],
        "output_image_path": "/model_deploy_execution_attack_for_pipeline/outputs/gender_googlenet_mnn_094733_ttba_attack/adversarial_image.png"
    }
}