{
    "status": "SUCCESS",
    "config": {
        "executable": "./resources/execution_files/gender_googlenet_mnn",
        "benign_image": "/img_align_celeba/125488.jpg",
        "initial_adv_image": "/img_align_celeba/142349.jpg",
        "l2_epsilon_goal": 0.05,
        "linf_epsilon_goal": 0.06274509803921569,
        "query_budget": 40000,
        "max_iterations": 1000,
        "initial_queries": 50,
        "dimension_reduction": 1.0
    },
    "results": {
        "total_queries": 1224,
        "final_l2_distance": 4.288714408874512,
        "final_linf_distance": 0.05879247188568115,
        "total_duration_seconds": 58.37893605232239,
        "iteration_times_seconds": [
            5.517309188842773,
            5.826562881469727,
            5.859345436096191,
            6.053754568099976,
            5.819478988647461,
            6.044740676879883,
            6.2656824588775635,
            6.323313236236572,
            6.410197973251343
        ],
        "output_image_path": "/model_deploy_execution_attack_for_pipeline/outputs/gender_googlenet_mnn_125488_ttba_attack/adversarial_image.png"
    }
}