{
    "status": "BUDGET_EXHAUSTED",
    "config": {
        "executable": "resources/execution_files/emotion_ferplus_mnn",
        "benign_image": "/img_align_celeba/053250.jpg",
        "initial_adv_image": "/img_align_celeba/091663.jpg",
        "l2_epsilon_goal": 0.05,
        "linf_epsilon_goal": 0.06274509803921569,
        "query_budget": 40000,
        "max_iterations": 1000,
        "initial_queries": 50,
        "dimension_reduction": 1.0
    },
    "results": {
        "total_queries": 40035,
        "final_l2_distance": 3.4079792499542236,
        "final_linf_distance": 0.08779609203338623,
        "total_duration_seconds": 988.6338529586792,
        "iteration_times_seconds": [
            6.514217138290405,
            6.75078272819519,
            6.955996513366699,
            7.044658899307251,
            7.280326843261719,
            7.267240285873413,
            7.581507205963135,
            7.530832052230835,
            7.683782339096069,
            7.6586573123931885,
            7.774766683578491,
            7.824954509735107,
            7.949383735656738,
            7.888930082321167,
            8.063607692718506,
            8.177775621414185,
            8.3757905960083,
            8.093567609786987,
            8.18722152709961,
            8.190695524215698,
            8.247292757034302,
            8.36462664604187,
            8.331235647201538,
            8.20008111000061,
            8.280165672302246,
            8.289236783981323,
            8.442473649978638,
            8.555354833602905,
            8.580895185470581,
            8.549180269241333,
            8.63827133178711,
            8.547133684158325,
            8.480590343475342,
            8.478242635726929,
            8.509803295135498,
            8.573418855667114,
            8.641244649887085,
            8.631113290786743,
            8.770296335220337,
            8.80663537979126,
            8.88837456703186,
            8.950318336486816,
            8.983994245529175,
            8.979900360107422,
            9.024149417877197,
            9.099843263626099,
            9.145662546157837,
            9.083764553070068,
            9.179273128509521,
            9.161420106887817,
            9.311383962631226,
            9.217973947525024,
            9.329998970031738,
            9.365763902664185,
            9.314422369003296,
            9.560352563858032,
            9.452006101608276,
            9.457212924957275,
            9.491493225097656,
            9.570114374160767,
            9.741992473602295,
            9.689889192581177,
            9.535533666610718,
            9.573308229446411,
            9.676715612411499,
            9.718312740325928,
            9.630224227905273,
            9.711998224258423,
            9.717210054397583,
            9.723575115203857,
            9.722514867782593,
            9.687287330627441,
            9.693140983581543,
            9.751623153686523,
            9.95809292793274,
            9.853604793548584,
            9.869624614715576,
            9.9432373046875,
            9.994015216827393,
            10.087973594665527,
            10.179856777191162,
            10.14591932296753,
            10.102937698364258,
            10.15647292137146,
            10.263973236083984,
            10.196845531463623,
            10.328298330307007,
            10.208431243896484,
            10.370455741882324,
            10.372618913650513,
            10.391250371932983,
            10.380615711212158,
            10.41826605796814,
            10.364929437637329,
            10.461000680923462,
            10.467824459075928,
            10.521889686584473,
            10.427444219589233,
            10.525918960571289,
            10.57500171661377,
            10.584219694137573,
            10.559046745300293,
            10.585448980331421,
            10.682770013809204,
            10.623797416687012,
            10.704287767410278,
            10.824739217758179
        ],
        "output_image_path": "/model_deploy_execution_attack_for_pipeline/outputs/emotion_ferplus_mnn_053250_ttba_attack/adversarial_image.png"
    }
}