{
    "status": "SUCCESS",
    "config": {
        "executable": "./resources/execution_files/gender_googlenet_mnn",
        "benign_image": "/img_align_celeba/034591.jpg",
        "initial_adv_image": "/img_align_celeba/098121.jpg",
        "l2_epsilon_goal": 0.05,
        "linf_epsilon_goal": 0.06274509803921569,
        "query_budget": 40000,
        "max_iterations": 1000,
        "initial_queries": 50,
        "dimension_reduction": 1.0
    },
    "results": {
        "total_queries": 12560,
        "final_l2_distance": 4.869251728057861,
        "final_linf_distance": 0.06175512075424194,
        "total_duration_seconds": 360.01946353912354,
        "iteration_times_seconds": [
            6.014389276504517,
            6.347024440765381,
            6.395979166030884,
            6.586724519729614,
            6.596696615219116,
            6.624179124832153,
            6.800492286682129,
            6.5754382610321045,
            6.72184944152832,
            6.761896371841431,
            6.806925296783447,
            6.909528017044067,
            7.016039133071899,
            7.041432619094849,
            6.989017486572266,
            6.987360954284668,
            7.131335020065308,
            7.205420732498169,
            7.174874782562256,
            7.298429250717163,
            7.235625982284546,
            7.31498384475708,
            7.408109188079834,
            7.452656984329224,
            7.484410762786865,
            7.510293960571289,
            7.736244201660156,
            7.717328786849976,
            7.850811958312988,
            7.79181170463562,
            7.842148780822754,
            7.818152666091919,
            7.814671039581299,
            7.875207901000977,
            7.875315427780151,
            7.83156943321228,
            7.893363952636719,
            7.916075944900513,
            7.9631311893463135,
            7.990519285202026,
            8.130692958831787,
            8.100144863128662,
            8.13316822052002,
            8.138798475265503,
            8.066750288009644,
            8.31199836730957,
            8.309499502182007,
            8.310047626495361
        ],
        "output_image_path": "/model_deploy_execution_attack_for_pipeline/outputs/gender_googlenet_mnn_034591_ttba_attack/adversarial_image.png"
    }
}