{
    "status": "SUCCESS",
    "config": {
        "executable": "resources/execution_files/emotion_ferplus_mnn",
        "benign_image": "/img_align_celeba/097212.jpg",
        "initial_adv_image": "/img_align_celeba/058463.jpg",
        "l2_epsilon_goal": 0.05,
        "linf_epsilon_goal": 0.06274509803921569,
        "query_budget": 40000,
        "max_iterations": 1000,
        "initial_queries": 50,
        "dimension_reduction": 1.0
    },
    "results": {
        "total_queries": 10436,
        "final_l2_distance": 4.433939456939697,
        "final_linf_distance": 0.06250464916229248,
        "total_duration_seconds": 343.3944048881531,
        "iteration_times_seconds": [
            6.337059736251831,
            6.744196176528931,
            6.885397911071777,
            6.993029356002808,
            7.155195951461792,
            7.26622200012207,
            7.341808795928955,
            7.523078441619873,
            7.592898368835449,
            7.631303548812866,
            7.797622203826904,
            7.810832500457764,
            7.873507738113403,
            7.852956295013428,
            8.089243173599243,
            8.294665336608887,
            8.220919609069824,
            8.147237539291382,
            8.092159271240234,
            8.20759129524231,
            8.263490438461304,
            8.232165813446045,
            8.324612140655518,
            8.349006414413452,
            8.460883855819702,
            8.513871669769287,
            8.418402194976807,
            8.403673887252808,
            8.453831434249878,
            8.665222883224487,
            8.5930917263031,
            8.5413339138031,
            8.605263710021973,
            8.634807825088501,
            8.563402891159058,
            8.65506100654602,
            8.655020475387573,
            8.47291874885559,
            8.552613973617554,
            8.535698890686035,
            8.640735149383545,
            8.660977840423584
        ],
        "output_image_path": "/model_deploy_execution_attack_for_pipeline/outputs/emotion_ferplus_mnn_097212_ttba_attack/adversarial_image.png"
    }
}