{
    "status": "SUCCESS",
    "config": {
        "executable": "resources/execution_files/gender_googlenet_mnn",
        "benign_image": "/img_align_celeba/107832.jpg",
        "initial_adv_image": "/img_align_celeba/005770.jpg",
        "l2_epsilon_goal": 0.05,
        "linf_epsilon_goal": 0.06274509803921569,
        "query_budget": 40000,
        "max_iterations": 1000,
        "initial_queries": 50,
        "dimension_reduction": 1.0
    },
    "results": {
        "total_queries": 8309,
        "final_l2_distance": 4.706852912902832,
        "final_linf_distance": 0.05918741226196289,
        "total_duration_seconds": 262.7308781147003,
        "iteration_times_seconds": [
            5.789982795715332,
            6.035797119140625,
            6.1407859325408936,
            6.2955641746521,
            6.373279333114624,
            6.468714952468872,
            6.565572261810303,
            6.605770111083984,
            6.668033838272095,
            6.7832958698272705,
            6.707085609436035,
            6.882040739059448,
            6.888368844985962,
            7.050632476806641,
            7.067550897598267,
            7.317178726196289,
            7.305290222167969,
            7.283480882644653,
            7.393353700637817,
            7.415761470794678,
            7.311871290206909,
            7.3581438064575195,
            7.402601718902588,
            7.349010705947876,
            7.462977170944214,
            7.490146160125732,
            7.7650861740112305,
            7.809441804885864,
            7.924132585525513,
            7.829080820083618,
            7.923976898193359,
            7.888048410415649,
            7.87602972984314,
            7.973020792007446,
            8.041048288345337,
            7.98166036605835
        ],
        "output_image_path": "/model_deploy_execution_attack_for_pipeline/outputs/gender_googlenet_mnn_107832_ttba_attack/adversarial_image.png"
    }
}