{
    "status": "BUDGET_EXHAUSTED",
    "config": {
        "executable": "./resources/execution_files/age_googlenet_mnn",
        "benign_image": "/img_align_celeba/005770.jpg",
        "initial_adv_image": "/img_align_celeba/00000005.png",
        "l2_epsilon_goal": 0.05,
        "linf_epsilon_goal": 0.06274509803921569,
        "query_budget": 40000,
        "max_iterations": 1000,
        "initial_queries": 50,
        "dimension_reduction": 1.0
    },
    "results": {
        "total_queries": 40308,
        "final_l2_distance": 42.17842102050781,
        "final_linf_distance": 0.526482880115509,
        "total_duration_seconds": 1135.6173555850983,
        "iteration_times_seconds": [
            7.570653200149536,
            7.737607479095459,
            7.857572078704834,
            7.993785858154297,
            8.173126935958862,
            8.202321767807007,
            8.555284023284912,
            8.566697835922241,
            8.712561845779419,
            8.629871606826782,
            8.78843903541565,
            8.823625802993774,
            8.798350095748901,
            8.837305545806885,
            9.007838249206543,
            9.19451355934143,
            9.14005708694458,
            9.249784231185913,
            9.271008014678955,
            9.309553384780884,
            9.381763219833374,
            9.42983102798462,
            9.50762939453125,
            9.459750175476074,
            9.496812343597412,
            9.621097087860107,
            9.727747201919556,
            9.835965156555176,
            9.836711406707764,
            9.991623163223267,
            9.917343139648438,
            9.98987627029419,
            9.954284906387329,
            10.051887035369873,
            10.04320740699768,
            10.05864143371582,
            10.062146663665771,
            10.193944215774536,
            10.312532663345337,
            10.218693017959595,
            10.250467777252197,
            10.426171779632568,
            10.485098838806152,
            10.57849931716919,
            10.459684371948242,
            10.624890804290771,
            10.713571548461914,
            10.601595163345337,
            10.661374568939209,
            10.754434585571289,
            10.820221900939941,
            10.750593662261963,
            10.811760902404785,
            10.813305854797363,
            10.863874912261963,
            10.870548725128174,
            10.93281888961792,
            10.975819110870361,
            11.062823057174683,
            11.20548677444458,
            11.08029818534851,
            11.080700635910034,
            11.115993976593018,
            11.178430557250977,
            11.22397518157959,
            11.314606189727783,
            11.264880657196045,
            11.272087097167969,
            11.30562710762024,
            11.379402160644531,
            11.363333225250244,
            11.409664154052734,
            11.385382890701294,
            11.500190258026123,
            11.430230379104614,
            11.509639501571655,
            11.492825031280518,
            11.535359144210815,
            11.561919450759888,
            11.578691244125366,
            11.724395751953125,
            11.711835861206055,
            11.770322561264038,
            11.753420114517212,
            11.803037405014038,
            11.574709415435791,
            11.681998014450073,
            11.760321140289307,
            11.644610404968262,
            11.714292526245117,
            11.717008352279663,
            11.714683055877686,
            11.726822853088379,
            11.800427436828613,
            11.695441722869873,
            11.766148567199707,
            11.83510446548462,
            11.814082622528076,
            11.80301833152771,
            11.982626914978027,
            11.88628077507019,
            11.914268732070923,
            11.885438680648804,
            11.99535346031189,
            12.090640306472778,
            12.147181272506714,
            12.11734938621521
        ],
        "output_image_path": "/model_deploy_execution_attack_for_pipeline/outputs/age_googlenet_mnn_005770_ttba_attack/adversarial_image.png"
    }
}