{
    "status": "SUCCESS",
    "config": {
        "executable": "./resources/execution_files/fsanet_headpose_mnn",
        "benign_image": "/img_align_celeba/045354.jpg",
        "initial_adv_image": "/img_align_celeba/091663.jpg",
        "l2_epsilon_goal": 0.05,
        "linf_epsilon_goal": 0.06274509803921569,
        "query_budget": 40000,
        "max_iterations": 1000,
        "initial_queries": 50,
        "dimension_reduction": 1.0
    },
    "results": {
        "total_queries": 27648,
        "final_l2_distance": 4.3301286697387695,
        "final_linf_distance": 0.061465874314308167,
        "total_duration_seconds": 263.5177266597748,
        "iteration_times_seconds": [
            2.6211910247802734,
            2.616894245147705,
            2.8439829349517822,
            2.690162420272827,
            2.690727472305298,
            2.751007318496704,
            2.6702539920806885,
            2.7391111850738525,
            2.8841259479522705,
            2.775017023086548,
            2.81599760055542,
            2.8808200359344482,
            2.897942304611206,
            2.9964616298675537,
            2.8899850845336914,
            2.9449191093444824,
            2.9033727645874023,
            3.0315492153167725,
            3.0243165493011475,
            3.018927812576294,
            3.0363714694976807,
            2.914870023727417,
            2.9812865257263184,
            2.959458112716675,
            2.996389865875244,
            2.967482566833496,
            2.998337507247925,
            2.9762420654296875,
            3.0715246200561523,
            3.031170129776001,
            3.14582896232605,
            3.0657882690429688,
            3.041424036026001,
            3.0422916412353516,
            3.060091018676758,
            3.156898021697998,
            3.1655845642089844,
            3.1322765350341797,
            3.267854928970337,
            3.1890041828155518,
            3.1810855865478516,
            3.2198235988616943,
            3.186859130859375,
            3.2003469467163086,
            3.144395351409912,
            3.2211878299713135,
            3.2721807956695557,
            3.254763603210449,
            3.292949914932251,
            3.2795276641845703,
            3.241885185241699,
            3.203524112701416,
            3.227285861968994,
            3.2064931392669678,
            3.2352848052978516,
            3.3255834579467773,
            3.238046646118164,
            3.2978639602661133,
            3.2530815601348877,
            3.3073620796203613,
            3.4649736881256104,
            3.250633478164673,
            3.2449402809143066,
            3.3287365436553955,
            3.3994061946868896,
            3.4794094562530518,
            3.3943355083465576,
            3.2908904552459717,
            3.446423053741455,
            3.3543577194213867,
            3.4615001678466797,
            3.4460391998291016,
            3.46041202545166,
            3.4621341228485107,
            3.4692726135253906,
            3.4621574878692627,
            3.441157102584839,
            3.5267624855041504,
            3.469876289367676,
            3.598297119140625,
            3.59727144241333,
            3.42907977104187,
            3.649190902709961
        ],
        "output_image_path": "/model_deploy_execution_attack_for_pipeline/outputs/fsanet_headpose_mnn_045354_ttba_attack/adversarial_image.png"
    }
}