{
    "status": "SUCCESS",
    "config": {
        "executable": "./resources/execution_files/ssrnet_age_mnn",
        "benign_image": "/img_align_celeba/108240.jpg",
        "initial_adv_image": "/img_align_celeba/055147.jpg",
        "l2_epsilon_goal": 0.05,
        "linf_epsilon_goal": 0.06274509803921569,
        "query_budget": 40000,
        "max_iterations": 1000,
        "initial_queries": 50,
        "dimension_reduction": 1.0
    },
    "results": {
        "total_queries": 5009,
        "final_l2_distance": 4.685808181762695,
        "final_linf_distance": 0.05981045216321945,
        "total_duration_seconds": 63.68793869018555,
        "iteration_times_seconds": [
            2.235295295715332,
            2.360926866531372,
            2.2739999294281006,
            2.477958917617798,
            2.3752975463867188,
            2.4361958503723145,
            2.381667137145996,
            2.4894604682922363,
            2.6976804733276367,
            2.489290475845337,
            2.5105390548706055,
            2.4610366821289062,
            2.5338990688323975,
            2.5319571495056152,
            2.49491024017334,
            2.5748252868652344,
            2.6448192596435547,
            2.430187463760376,
            2.550816535949707,
            2.6097939014434814,
            2.571666717529297,
            2.489748954772949,
            2.551067590713501,
            2.4103922843933105,
            2.590224504470825
        ],
        "output_image_path": "/model_deploy_execution_attack_for_pipeline/outputs/ssrnet_age_mnn_108240_ttba_attack/adversarial_image.png"
    }
}