{
    "status": "SUCCESS",
    "config": {
        "executable": "./resources/execution_files/gender_googlenet_mnn",
        "benign_image": "/img_align_celeba/024972.jpg",
        "initial_adv_image": "/img_align_celeba/046885.jpg",
        "l2_epsilon_goal": 0.05,
        "linf_epsilon_goal": 0.06274509803921569,
        "query_budget": 40000,
        "max_iterations": 1000,
        "initial_queries": 50,
        "dimension_reduction": 1.0
    },
    "results": {
        "total_queries": 10363,
        "final_l2_distance": 4.788260459899902,
        "final_linf_distance": 0.06126625835895538,
        "total_duration_seconds": 307.1511814594269,
        "iteration_times_seconds": [
            5.875471591949463,
            6.168259859085083,
            6.119135618209839,
            6.195734024047852,
            6.272026062011719,
            6.38019061088562,
            6.588522434234619,
            6.650631666183472,
            6.72633171081543,
            6.743722677230835,
            6.67837929725647,
            6.7515785694122314,
            6.8274664878845215,
            6.842736005783081,
            7.053153038024902,
            7.094482421875,
            7.165954113006592,
            7.128417730331421,
            7.150340795516968,
            7.279603719711304,
            7.344783782958984,
            7.471426010131836,
            7.37419056892395,
            7.378636121749878,
            7.461820125579834,
            7.574810981750488,
            7.6318886280059814,
            7.551449298858643,
            7.632265090942383,
            7.564651250839233,
            7.5604236125946045,
            7.724028825759888,
            7.736036539077759,
            7.785895347595215,
            7.71442174911499,
            7.784520149230957,
            7.854036331176758,
            7.9115824699401855,
            7.924813270568848,
            8.01320505142212,
            8.082248210906982,
            8.156099081039429
        ],
        "output_image_path": "/model_deploy_execution_attack_for_pipeline/outputs/gender_googlenet_mnn_024972_ttba_attack/adversarial_image.png"
    }
}