{
    "status": "BUDGET_EXHAUSTED",
    "config": {
        "executable": "./resources/execution_files/ssrnet_age_mnn",
        "benign_image": "/img_align_celeba/105002.jpg",
        "initial_adv_image": "/img_align_celeba/042361.jpg",
        "l2_epsilon_goal": 0.05,
        "linf_epsilon_goal": 0.06274509803921569,
        "query_budget": 40000,
        "max_iterations": 1000,
        "initial_queries": 50,
        "dimension_reduction": 1.0
    },
    "results": {
        "total_queries": 40068,
        "final_l2_distance": 5.4169769287109375,
        "final_linf_distance": 0.07577000558376312,
        "total_duration_seconds": 308.9794921875,
        "iteration_times_seconds": [
            2.12214732170105,
            2.205681085586548,
            2.418832778930664,
            2.2944860458374023,
            2.26753306388855,
            2.3914713859558105,
            2.3668477535247803,
            2.357452154159546,
            2.429828643798828,
            2.5030038356781006,
            2.364729166030884,
            2.5129199028015137,
            2.5359678268432617,
            2.5658023357391357,
            2.5925004482269287,
            2.629960536956787,
            2.585933208465576,
            2.601802110671997,
            2.696363687515259,
            2.596574544906616,
            2.7235288619995117,
            2.638590097427368,
            2.692277431488037,
            2.5787153244018555,
            2.676215410232544,
            2.600219249725342,
            2.700824737548828,
            2.690253973007202,
            2.72257924079895,
            2.706695556640625,
            2.6994457244873047,
            2.7469124794006348,
            2.736678123474121,
            2.694589614868164,
            2.774695873260498,
            2.8257203102111816,
            2.6962273120880127,
            2.866950750350952,
            2.7718422412872314,
            2.90824294090271,
            2.843838691711426,
            2.9083235263824463,
            2.8768951892852783,
            2.8754284381866455,
            2.9077723026275635,
            3.0153563022613525,
            2.907123565673828,
            2.9193339347839355,
            2.921168565750122,
            2.9089343547821045,
            2.9097070693969727,
            3.018906593322754,
            3.0023117065429688,
            2.783823251724243,
            3.011265277862549,
            2.8421385288238525,
            2.888195514678955,
            2.7810070514678955,
            3.0100693702697754,
            2.888589859008789,
            2.837703227996826,
            3.003594160079956,
            3.0487728118896484,
            2.910861015319824,
            2.9725377559661865,
            2.949025869369507,
            2.9540810585021973,
            2.949716567993164,
            2.904604911804199,
            3.081299304962158,
            3.025540828704834,
            3.1034605503082275,
            3.0707199573516846,
            3.1034018993377686,
            3.0235986709594727,
            2.993527412414551,
            3.079164981842041,
            3.059389114379883,
            3.0294721126556396,
            3.0210611820220947,
            2.991163730621338,
            3.0530731678009033,
            3.1632745265960693,
            3.1999623775482178,
            3.257716178894043,
            3.1287126541137695,
            3.2384140491485596,
            3.2765040397644043,
            3.1852073669433594,
            3.157252788543701,
            3.154550313949585,
            3.182145357131958,
            3.145514965057373,
            3.140389919281006,
            3.114656448364258,
            3.129612684249878,
            3.1528613567352295,
            3.2530856132507324,
            3.1948001384735107,
            3.235642910003662,
            3.238369941711426,
            3.122258186340332,
            3.1903090476989746,
            3.227508544921875,
            3.1723196506500244,
            3.195983648300171,
            3.1720314025878906
        ],
        "output_image_path": "/model_deploy_execution_attack_for_pipeline/outputs/ssrnet_age_mnn_105002_ttba_attack/adversarial_image.png"
    }
}