{
    "status": "SUCCESS",
    "config": {
        "executable": "./resources/execution_files/fsanet_headpose_mnn",
        "benign_image": "/img_align_celeba/160856.jpg",
        "initial_adv_image": "/img_align_celeba/103473.jpg",
        "l2_epsilon_goal": 0.05,
        "linf_epsilon_goal": 0.06274509803921569,
        "query_budget": 40000,
        "max_iterations": 1000,
        "initial_queries": 50,
        "dimension_reduction": 1.0
    },
    "results": {
        "total_queries": 11446,
        "final_l2_distance": 4.550307273864746,
        "final_linf_distance": 0.05775034427642822,
        "total_duration_seconds": 134.47146010398865,
        "iteration_times_seconds": [
            2.517092704772949,
            2.625370502471924,
            2.609468936920166,
            2.6998345851898193,
            2.7107415199279785,
            2.6231472492218018,
            2.7670772075653076,
            2.703885316848755,
            2.7837281227111816,
            2.8360087871551514,
            2.8486545085906982,
            2.850668430328369,
            2.9511477947235107,
            2.8096001148223877,
            2.9554996490478516,
            2.9211039543151855,
            2.833345890045166,
            3.0058231353759766,
            2.928227663040161,
            2.887192487716675,
            2.973971128463745,
            2.9323666095733643,
            2.865510940551758,
            2.9630463123321533,
            3.0988118648529053,
            3.0675814151763916,
            3.0946877002716064,
            2.9905619621276855,
            3.049114942550659,
            3.150177240371704,
            3.099797248840332,
            3.0479326248168945,
            3.078772783279419,
            2.9892239570617676,
            2.972524404525757,
            3.105212450027466,
            3.030214309692383,
            3.046433210372925,
            3.1346206665039062,
            3.2210285663604736,
            3.2181005477905273,
            3.118051290512085,
            3.149031162261963,
            3.263638496398926,
            3.1801090240478516
        ],
        "output_image_path": "/model_deploy_execution_attack_for_pipeline/outputs/fsanet_headpose_mnn_160856_ttba_attack/adversarial_image.png"
    }
}