{
    "status": "BUDGET_EXHAUSTED",
    "config": {
        "executable": "./resources/execution_files/ssrnet_age_mnn",
        "benign_image": "/img_align_celeba/116718.jpg",
        "initial_adv_image": "/img_align_celeba/074823.jpg",
        "l2_epsilon_goal": 0.05,
        "linf_epsilon_goal": 0.06274509803921569,
        "query_budget": 40000,
        "max_iterations": 1000,
        "initial_queries": 50,
        "dimension_reduction": 1.0
    },
    "results": {
        "total_queries": 40042,
        "final_l2_distance": 4.606509685516357,
        "final_linf_distance": 0.07610088586807251,
        "total_duration_seconds": 308.3320105075836,
        "iteration_times_seconds": [
            2.254762887954712,
            2.3829519748687744,
            2.476348876953125,
            2.4163851737976074,
            2.348975419998169,
            2.476031541824341,
            2.433337688446045,
            2.368556499481201,
            2.5016138553619385,
            2.4028244018554688,
            2.6813275814056396,
            2.4574790000915527,
            2.585097551345825,
            2.5774459838867188,
            2.488330841064453,
            2.5540401935577393,
            2.5627541542053223,
            2.6634461879730225,
            2.549084186553955,
            2.5815377235412598,
            2.6161603927612305,
            2.5958447456359863,
            2.77622652053833,
            2.7193028926849365,
            2.7230422496795654,
            2.758941650390625,
            2.6956541538238525,
            2.696159839630127,
            2.683588981628418,
            2.829286575317383,
            2.6838302612304688,
            2.6958210468292236,
            2.78171706199646,
            2.7250595092773438,
            2.9247546195983887,
            2.7835328578948975,
            2.8557510375976562,
            2.8033814430236816,
            2.7806010246276855,
            2.768437623977661,
            2.8816757202148438,
            2.826387643814087,
            2.763461112976074,
            2.77530837059021,
            2.719879388809204,
            2.8204591274261475,
            2.8143668174743652,
            2.9200260639190674,
            2.8466508388519287,
            2.797964572906494,
            2.8554561138153076,
            2.955866575241089,
            2.9798548221588135,
            2.9730160236358643,
            2.8167099952697754,
            2.8377742767333984,
            2.8230128288269043,
            2.916499137878418,
            3.0508735179901123,
            3.0740509033203125,
            2.9566121101379395,
            2.9216034412384033,
            3.001227855682373,
            2.9985198974609375,
            2.9379875659942627,
            3.023179292678833,
            2.9962706565856934,
            2.956564426422119,
            3.023569345474243,
            3.037796974182129,
            2.9800796508789062,
            2.966616153717041,
            2.9907729625701904,
            3.0861217975616455,
            3.167672634124756,
            3.165173053741455,
            3.046813488006592,
            3.1394267082214355,
            3.0981290340423584,
            2.937858819961548,
            2.984381914138794,
            2.9941229820251465,
            3.0460760593414307,
            2.9914069175720215,
            3.0510149002075195,
            3.029788017272949,
            3.163867235183716,
            3.087707996368408,
            3.163936138153076,
            3.10627818107605,
            3.0311968326568604,
            3.169877052307129,
            3.0964455604553223,
            3.1169276237487793,
            3.0685746669769287,
            3.239778995513916,
            3.0840907096862793,
            3.1608974933624268,
            3.2193899154663086,
            3.1858322620391846,
            3.2712466716766357,
            3.196445941925049,
            3.160480499267578,
            3.185309648513794,
            3.1548149585723877,
            3.158186435699463,
            3.163163900375366
        ],
        "output_image_path": "/model_deploy_execution_attack_for_pipeline/outputs/ssrnet_age_mnn_116718_ttba_attack/adversarial_image.png"
    }
}