{
    "status": "BUDGET_EXHAUSTED",
    "config": {
        "executable": "./resources/execution_files/age_googlenet_mnn",
        "benign_image": "/img_align_celeba/158311.jpg",
        "initial_adv_image": "/img_align_celeba/00000005.png",
        "l2_epsilon_goal": 0.05,
        "linf_epsilon_goal": 0.06274509803921569,
        "query_budget": 40000,
        "max_iterations": 1000,
        "initial_queries": 50,
        "dimension_reduction": 1.0
    },
    "results": {
        "total_queries": 40304,
        "final_l2_distance": 42.080162048339844,
        "final_linf_distance": 0.5961235761642456,
        "total_duration_seconds": 1134.9842290878296,
        "iteration_times_seconds": [
            7.882969617843628,
            8.025940656661987,
            8.249516010284424,
            7.9829630851745605,
            8.121395349502563,
            8.19846796989441,
            8.497506856918335,
            8.569406270980835,
            8.574649095535278,
            8.667984247207642,
            8.735029935836792,
            8.868949890136719,
            8.819832801818848,
            9.006043434143066,
            9.177870750427246,
            9.156962156295776,
            9.143817901611328,
            9.202174663543701,
            9.332195043563843,
            9.292054176330566,
            9.398627042770386,
            9.431091547012329,
            9.489322662353516,
            9.463648796081543,
            9.647310733795166,
            9.563111782073975,
            9.836225032806396,
            9.916886568069458,
            9.804885149002075,
            9.886302471160889,
            9.976015090942383,
            9.988456726074219,
            9.9600350856781,
            10.053112030029297,
            10.012948274612427,
            10.088311433792114,
            10.141467094421387,
            10.145977973937988,
            10.1905837059021,
            10.297266244888306,
            10.256941795349121,
            10.378738164901733,
            10.417046308517456,
            10.46571969985962,
            10.59141492843628,
            10.56256103515625,
            10.597920417785645,
            10.5263671875,
            10.605623483657837,
            10.65994668006897,
            10.648461818695068,
            10.699848651885986,
            10.73004961013794,
            10.735421180725098,
            10.862244844436646,
            10.905353784561157,
            10.888042211532593,
            10.977150201797485,
            10.92535924911499,
            11.096756219863892,
            11.113338708877563,
            11.063032627105713,
            11.220822811126709,
            11.191639184951782,
            11.156829357147217,
            11.30864953994751,
            11.230193376541138,
            11.250627279281616,
            11.305172204971313,
            11.305143117904663,
            11.448042392730713,
            11.344298601150513,
            11.348199605941772,
            11.445019960403442,
            11.496274471282959,
            11.464515924453735,
            11.628498315811157,
            11.538309335708618,
            11.398127317428589,
            11.345239877700806,
            11.452394008636475,
            11.606294393539429,
            11.649472713470459,
            11.656054258346558,
            11.665658235549927,
            11.67326307296753,
            11.629366874694824,
            11.686257600784302,
            11.648451805114746,
            11.648410081863403,
            11.672869443893433,
            11.674318790435791,
            11.762880086898804,
            11.739699363708496,
            11.782503366470337,
            11.795424222946167,
            11.861150979995728,
            11.848697185516357,
            11.893189430236816,
            11.971272230148315,
            12.024852275848389,
            11.943260431289673,
            11.961020469665527,
            11.990607738494873,
            11.996064901351929,
            12.208848476409912,
            12.187418699264526
        ],
        "output_image_path": "/model_deploy_execution_attack_for_pipeline/outputs/age_googlenet_mnn_158311_ttba_attack/adversarial_image.png"
    }
}