{
    "status": "SUCCESS",
    "config": {
        "executable": "./resources/execution_files/ssrnet_age_mnn",
        "benign_image": "/img_align_celeba/038383.jpg",
        "initial_adv_image": "/img_align_celeba/098121.jpg",
        "l2_epsilon_goal": 0.05,
        "linf_epsilon_goal": 0.06274509803921569,
        "query_budget": 40000,
        "max_iterations": 1000,
        "initial_queries": 50,
        "dimension_reduction": 1.0
    },
    "results": {
        "total_queries": 4168,
        "final_l2_distance": 4.5151567459106445,
        "final_linf_distance": 0.06095048785209656,
        "total_duration_seconds": 54.75812578201294,
        "iteration_times_seconds": [
            2.3754749298095703,
            2.3064615726470947,
            2.3695452213287354,
            2.3533501625061035,
            2.3501992225646973,
            2.2897634506225586,
            2.386402130126953,
            2.3834850788116455,
            2.3022172451019287,
            2.3730664253234863,
            2.329312801361084,
            2.4042625427246094,
            2.598065137863159,
            2.5075631141662598,
            2.490692138671875,
            2.581050157546997,
            2.495968818664551,
            2.393078327178955,
            2.3993563652038574,
            2.469782829284668,
            2.5311176776885986,
            2.5106008052825928
        ],
        "output_image_path": "/model_deploy_execution_attack_for_pipeline/outputs/ssrnet_age_mnn_038383_ttba_attack/adversarial_image.png"
    }
}