{
    "status": "BUDGET_EXHAUSTED",
    "config": {
        "executable": "./resources/execution_files/emotion_ferplus_mnn",
        "benign_image": "/img_align_celeba/119359.jpg",
        "initial_adv_image": "/img_align_celeba/188326.jpg",
        "l2_epsilon_goal": 0.05,
        "linf_epsilon_goal": 0.06274509803921569,
        "query_budget": 40000,
        "max_iterations": 1000,
        "initial_queries": 50,
        "dimension_reduction": 1.0
    },
    "results": {
        "total_queries": 40047,
        "final_l2_distance": 5.41448450088501,
        "final_linf_distance": 0.09480792284011841,
        "total_duration_seconds": 984.7619752883911,
        "iteration_times_seconds": [
            6.2387614250183105,
            6.552293062210083,
            6.597785234451294,
            6.80939793586731,
            6.863992929458618,
            7.047587156295776,
            7.268559455871582,
            7.2148277759552,
            7.315464019775391,
            7.449837923049927,
            7.558846473693848,
            7.680334091186523,
            7.639187335968018,
            7.775877237319946,
            7.687975883483887,
            7.778534173965454,
            7.82824969291687,
            7.982093095779419,
            7.874761581420898,
            7.948922634124756,
            7.93125319480896,
            8.049010753631592,
            8.116667032241821,
            8.109290599822998,
            8.189994812011719,
            8.204334735870361,
            8.419922351837158,
            8.497905969619751,
            8.520921230316162,
            8.515779495239258,
            8.606040239334106,
            8.572728872299194,
            8.650486946105957,
            8.649650812149048,
            8.649764776229858,
            8.77153730392456,
            8.806226253509521,
            8.877526998519897,
            8.870564699172974,
            8.9635329246521,
            9.023646354675293,
            8.961395978927612,
            8.991483211517334,
            8.970123052597046,
            8.980952024459839,
            9.033090114593506,
            9.115365982055664,
            9.119648694992065,
            9.109950304031372,
            9.008183240890503,
            9.156508445739746,
            9.048614978790283,
            9.208330154418945,
            9.195875644683838,
            9.224758625030518,
            9.371249675750732,
            9.411445140838623,
            9.440453052520752,
            9.379287481307983,
            9.534722328186035,
            9.648221492767334,
            9.60657000541687,
            9.774725914001465,
            9.67597246170044,
            9.757352352142334,
            9.863656520843506,
            9.794960737228394,
            9.784294128417969,
            9.92195463180542,
            9.857088804244995,
            9.862157344818115,
            9.97486925125122,
            9.937143087387085,
            9.988081932067871,
            10.039880752563477,
            9.996554851531982,
            10.003171920776367,
            10.145039081573486,
            10.114696979522705,
            10.161890029907227,
            10.202721118927002,
            10.222121000289917,
            10.283708810806274,
            10.333335638046265,
            10.35560917854309,
            10.367085456848145,
            10.391232013702393,
            10.471084117889404,
            10.461195468902588,
            10.496769189834595,
            10.323369026184082,
            10.331284523010254,
            10.341386079788208,
            10.307869911193848,
            10.409636974334717,
            10.5187349319458,
            10.454456090927124,
            10.471944093704224,
            10.489890336990356,
            10.487967729568481,
            10.528144359588623,
            10.524274349212646,
            10.577434778213501,
            10.593544960021973,
            10.5038583278656,
            10.740834951400757,
            10.740203857421875
        ],
        "output_image_path": "/model_deploy_execution_attack_for_pipeline/outputs/emotion_ferplus_mnn_119359_ttba_attack/adversarial_image.png"
    }
}