{
    "status": "BUDGET_EXHAUSTED",
    "config": {
        "executable": "resources/execution_files/emotion_ferplus_mnn",
        "benign_image": "/img_align_celeba/165090.jpg",
        "initial_adv_image": "/img_align_celeba/011705.jpg",
        "l2_epsilon_goal": 0.05,
        "linf_epsilon_goal": 0.06274509803921569,
        "query_budget": 40000,
        "max_iterations": 1000,
        "initial_queries": 50,
        "dimension_reduction": 1.0
    },
    "results": {
        "total_queries": 40172,
        "final_l2_distance": 5.110402584075928,
        "final_linf_distance": 0.06614410877227783,
        "total_duration_seconds": 1012.4600183963776,
        "iteration_times_seconds": [
            6.6506452560424805,
            7.071101665496826,
            7.164389133453369,
            7.23125696182251,
            7.326594591140747,
            7.532021760940552,
            7.70025897026062,
            7.753563642501831,
            7.883553743362427,
            7.974604368209839,
            7.9423439502716064,
            8.077550888061523,
            7.9520299434661865,
            7.920332193374634,
            8.059462547302246,
            8.285325050354004,
            8.333507776260376,
            8.341370582580566,
            8.339760303497314,
            8.3140709400177,
            8.385645627975464,
            8.407977819442749,
            8.4648756980896,
            8.489357948303223,
            8.663995265960693,
            8.649513244628906,
            8.855026960372925,
            8.749083995819092,
            9.054602146148682,
            8.915410041809082,
            8.953554153442383,
            8.9702627658844,
            9.091331958770752,
            9.108240842819214,
            9.075559139251709,
            9.127564191818237,
            9.217574834823608,
            9.212324619293213,
            9.25391674041748,
            9.303484678268433,
            9.340603590011597,
            9.301023960113525,
            9.345093965530396,
            9.335638999938965,
            9.333645582199097,
            9.515258550643921,
            9.493184328079224,
            9.438175678253174,
            9.571229696273804,
            9.56929636001587,
            9.619327545166016,
            9.594197511672974,
            9.735182285308838,
            9.711023807525635,
            9.780499696731567,
            9.587890386581421,
            9.633550643920898,
            9.633856534957886,
            9.662179708480835,
            9.73717474937439,
            9.85013198852539,
            9.889049053192139,
            9.907293558120728,
            9.884258270263672,
            9.863983869552612,
            9.999557495117188,
            9.993882656097412,
            10.059477090835571,
            9.862518072128296,
            9.88243579864502,
            9.883415699005127,
            10.004365682601929,
            9.977735757827759,
            10.048985481262207,
            10.077360391616821,
            10.015160322189331,
            9.997173309326172,
            10.24049973487854,
            10.130303859710693,
            10.197891235351562,
            10.230897903442383,
            10.293975353240967,
            10.269696474075317,
            10.44385051727295,
            10.364605903625488,
            10.417916059494019,
            10.417293787002563,
            10.522313594818115,
            10.41712760925293,
            10.457600593566895,
            10.49168348312378,
            10.498928546905518,
            10.548272609710693,
            10.54583191871643,
            10.408608675003052,
            10.409217119216919,
            10.412772417068481,
            10.463132381439209,
            10.489332675933838,
            10.607701539993286,
            10.586362361907959,
            10.672998905181885,
            10.669283390045166,
            10.5963454246521,
            10.599832534790039,
            10.743018388748169,
            10.794721364974976
        ],
        "output_image_path": "/model_deploy_execution_attack_for_pipeline/outputs/emotion_ferplus_mnn_165090_ttba_attack/adversarial_image.png"
    }
}