{
    "status": "BUDGET_EXHAUSTED",
    "config": {
        "executable": "./resources/execution_files/age_googlenet_mnn",
        "benign_image": "/img_align_celeba/003467.jpg",
        "initial_adv_image": "/img_align_celeba/00000002.png",
        "l2_epsilon_goal": 0.05,
        "linf_epsilon_goal": 0.06274509803921569,
        "query_budget": 40000,
        "max_iterations": 1000,
        "initial_queries": 50,
        "dimension_reduction": 1.0
    },
    "results": {
        "total_queries": 40347,
        "final_l2_distance": 50.949623107910156,
        "final_linf_distance": 0.6655500531196594,
        "total_duration_seconds": 1149.8833689689636,
        "iteration_times_seconds": [
            7.907077074050903,
            8.150222063064575,
            8.206938028335571,
            8.335679292678833,
            8.404902219772339,
            8.491699457168579,
            8.823922395706177,
            8.789279460906982,
            8.900023460388184,
            8.874990463256836,
            9.073621273040771,
            9.064146757125854,
            9.179263591766357,
            9.149834871292114,
            9.436571836471558,
            9.450891971588135,
            9.511428356170654,
            9.5019690990448,
            9.561105728149414,
            9.369075775146484,
            9.399658918380737,
            9.542221784591675,
            9.490696430206299,
            9.617289066314697,
            9.61645221710205,
            9.620229482650757,
            9.813883543014526,
            9.916263103485107,
            10.017026901245117,
            9.930483341217041,
            9.949814796447754,
            9.998670101165771,
            9.986127853393555,
            10.037972211837769,
            10.067938089370728,
            10.098659753799438,
            10.111130714416504,
            10.186251878738403,
            10.3926362991333,
            10.341732025146484,
            10.264676332473755,
            10.487483263015747,
            10.482057809829712,
            10.563161611557007,
            10.528200387954712,
            10.630626440048218,
            10.652711868286133,
            10.698832511901855,
            10.650572299957275,
            10.651577472686768,
            10.693868160247803,
            10.673384189605713,
            10.777693510055542,
            10.767333030700684,
            10.886441230773926,
            10.860833883285522,
            10.930927753448486,
            10.97771668434143,
            10.930624723434448,
            11.092364072799683,
            11.230594873428345,
            11.140547752380371,
            11.201696157455444,
            11.219240427017212,
            11.231371402740479,
            11.378698587417603,
            11.265848159790039,
            11.337384700775146,
            11.43346643447876,
            11.446422338485718,
            11.332819938659668,
            11.473707437515259,
            11.50991702079773,
            11.551680326461792,
            11.480009317398071,
            11.623702764511108,
            11.57254433631897,
            11.636423826217651,
            11.692293405532837,
            11.69058346748352,
            11.73924469947815,
            11.916815042495728,
            11.787169218063354,
            11.82763123512268,
            11.80750823020935,
            11.833840608596802,
            11.880895853042603,
            12.003448963165283,
            12.041387796401978,
            12.032178401947021,
            12.051921367645264,
            12.032361268997192,
            12.110119819641113,
            12.06594967842102,
            12.147194862365723,
            12.006874322891235,
            12.103140115737915,
            12.175730228424072,
            12.152029037475586,
            12.161491632461548,
            12.140707015991211,
            12.237797498703003,
            12.263456106185913,
            12.161951303482056,
            12.353452682495117,
            12.212161302566528,
            12.201277732849121
        ],
        "output_image_path": "/model_deploy_execution_attack_for_pipeline/outputs/age_googlenet_mnn_003467_ttba_attack/adversarial_image.png"
    }
}