{
    "status": "SUCCESS",
    "config": {
        "executable": "./resources/execution_files/fsanet_headpose_mnn",
        "benign_image": "/img_align_celeba/086323.jpg",
        "initial_adv_image": "/img_align_celeba/158311.jpg",
        "l2_epsilon_goal": 0.05,
        "linf_epsilon_goal": 0.06274509803921569,
        "query_budget": 40000,
        "max_iterations": 1000,
        "initial_queries": 50,
        "dimension_reduction": 1.0
    },
    "results": {
        "total_queries": 7039,
        "final_l2_distance": 4.728340148925781,
        "final_linf_distance": 0.06201043725013733,
        "total_duration_seconds": 92.29482531547546,
        "iteration_times_seconds": [
            2.6017467975616455,
            2.584610939025879,
            2.6805813312530518,
            2.5831141471862793,
            2.643112897872925,
            2.7222859859466553,
            2.7358009815216064,
            2.7303903102874756,
            2.7408246994018555,
            2.7025372982025146,
            2.7377748489379883,
            2.7407236099243164,
            2.780970335006714,
            2.7488298416137695,
            2.806387186050415,
            2.9219627380371094,
            2.8515374660491943,
            2.9232065677642822,
            2.971458911895752,
            2.9961583614349365,
            2.9583208560943604,
            2.8798511028289795,
            2.8625051975250244,
            2.9410672187805176,
            2.9050371646881104,
            3.0295331478118896,
            2.897151470184326,
            2.833475351333618,
            2.917983293533325,
            2.936087131500244,
            2.9912538528442383,
            3.1424546241760254
        ],
        "output_image_path": "/model_deploy_execution_attack_for_pipeline/outputs/fsanet_headpose_mnn_086323_ttba_attack/adversarial_image.png"
    }
}