{
    "status": "BUDGET_EXHAUSTED",
    "config": {
        "executable": "./resources/execution_files/fsanet_headpose_mnn",
        "benign_image": "/img_align_celeba/018047.jpg",
        "initial_adv_image": "/img_align_celeba/038397.jpg",
        "l2_epsilon_goal": 0.05,
        "linf_epsilon_goal": 0.06274509803921569,
        "query_budget": 40000,
        "max_iterations": 1000,
        "initial_queries": 50,
        "dimension_reduction": 1.0
    },
    "results": {
        "total_queries": 40088,
        "final_l2_distance": 9.5566987991333,
        "final_linf_distance": 0.12757375836372375,
        "total_duration_seconds": 360.29192662239075,
        "iteration_times_seconds": [
            2.657243490219116,
            2.6872477531433105,
            2.6325676441192627,
            2.787790060043335,
            2.823103427886963,
            2.807671070098877,
            2.781867742538452,
            2.85463809967041,
            2.7995758056640625,
            2.8913543224334717,
            2.9649276733398438,
            2.8789615631103516,
            3.0157082080841064,
            2.9545609951019287,
            3.0133323669433594,
            2.9923341274261475,
            2.9527575969696045,
            2.9155592918395996,
            3.0228021144866943,
            2.8835136890411377,
            3.0823099613189697,
            3.0081892013549805,
            3.0918588638305664,
            3.049034833908081,
            3.102365493774414,
            3.104482889175415,
            3.1980738639831543,
            3.124582052230835,
            3.1493287086486816,
            3.209017038345337,
            3.1033616065979004,
            3.222207546234131,
            3.1562767028808594,
            3.2065606117248535,
            3.1530582904815674,
            3.1873598098754883,
            3.2403452396392822,
            3.2018678188323975,
            3.2729992866516113,
            3.2286887168884277,
            3.2321226596832275,
            3.4091262817382812,
            3.331752300262451,
            3.2705605030059814,
            3.465996742248535,
            3.3589792251586914,
            3.340308427810669,
            3.3507490158081055,
            3.2640302181243896,
            3.38629150390625,
            3.284148693084717,
            3.456009864807129,
            3.4040703773498535,
            3.4445221424102783,
            3.317902088165283,
            3.4263391494750977,
            3.4026241302490234,
            3.5263681411743164,
            3.4803359508514404,
            3.5399978160858154,
            3.534604549407959,
            3.488619565963745,
            3.489135503768921,
            3.499940872192383,
            3.36476993560791,
            3.520622491836548,
            3.39076566696167,
            3.567819356918335,
            3.549057960510254,
            3.442117214202881,
            3.592541456222534,
            3.570634365081787,
            3.443941593170166,
            3.6582529544830322,
            3.441990375518799,
            3.5656368732452393,
            3.5960073471069336,
            3.5295469760894775,
            3.5839593410491943,
            3.5262811183929443,
            3.6711978912353516,
            3.6578378677368164,
            3.6154561042785645,
            3.5886223316192627,
            3.553264617919922,
            3.7786850929260254,
            3.663790225982666,
            3.6712288856506348,
            3.554691791534424,
            3.801755666732788,
            3.7652549743652344,
            3.8340682983398438,
            3.6371874809265137,
            3.7378859519958496,
            3.716829299926758,
            3.600860357284546,
            3.732605457305908,
            3.758110523223877,
            3.7598276138305664,
            3.792299270629883,
            3.6978352069854736,
            3.676220655441284,
            3.7819008827209473,
            3.7746264934539795,
            3.7428712844848633,
            3.852759838104248,
            3.814199686050415
        ],
        "output_image_path": "/model_deploy_execution_attack_for_pipeline/outputs/fsanet_headpose_mnn_018047_ttba_attack/adversarial_image.png"
    }
}