{
    "status": "BUDGET_EXHAUSTED",
    "config": {
        "executable": "./resources/execution_files/age_googlenet_mnn",
        "benign_image": "/img_align_celeba/148102.jpg",
        "initial_adv_image": "/img_align_celeba/00000008.png",
        "l2_epsilon_goal": 0.05,
        "linf_epsilon_goal": 0.06274509803921569,
        "query_budget": 40000,
        "max_iterations": 1000,
        "initial_queries": 50,
        "dimension_reduction": 1.0
    },
    "results": {
        "total_queries": 40374,
        "final_l2_distance": 58.632102966308594,
        "final_linf_distance": 0.901405930519104,
        "total_duration_seconds": 1154.427486896515,
        "iteration_times_seconds": [
            7.804317235946655,
            8.211971521377563,
            8.224467754364014,
            8.392822742462158,
            8.479838371276855,
            8.50175142288208,
            8.682790517807007,
            8.785638093948364,
            8.823272466659546,
            8.840615034103394,
            8.978577852249146,
            9.12887454032898,
            9.095866441726685,
            9.304495811462402,
            9.353519201278687,
            9.429370641708374,
            9.518262386322021,
            9.4738929271698,
            9.636550426483154,
            9.623645544052124,
            9.657955884933472,
            9.626347303390503,
            9.71934986114502,
            9.764011859893799,
            9.865660905838013,
            9.861778020858765,
            10.101544618606567,
            10.073861360549927,
            10.151910543441772,
            10.209920883178711,
            10.152121305465698,
            10.194794416427612,
            10.292898893356323,
            10.320150136947632,
            10.264496803283691,
            10.320789098739624,
            10.379669666290283,
            10.45182728767395,
            10.4295334815979,
            10.449941396713257,
            10.49449372291565,
            10.744529485702515,
            10.710157871246338,
            10.743552923202515,
            10.601254224777222,
            10.646648645401001,
            10.576189517974854,
            10.633962154388428,
            10.665257453918457,
            10.65957498550415,
            10.681376934051514,
            10.72568678855896,
            10.71101975440979,
            10.917932510375977,
            10.861804246902466,
            10.894558429718018,
            10.906461238861084,
            10.870824813842773,
            10.874754667282104,
            11.197426080703735,
            11.210776567459106,
            11.182601928710938,
            11.242263793945312,
            11.198243618011475,
            11.308002948760986,
            11.28779125213623,
            11.269139528274536,
            11.26270842552185,
            11.356822729110718,
            11.319623947143555,
            11.43909502029419,
            11.460534811019897,
            11.408345222473145,
            11.452877759933472,
            11.46080470085144,
            11.54771614074707,
            11.51463532447815,
            11.618769645690918,
            11.591717004776001,
            11.576311349868774,
            11.748788356781006,
            11.973772525787354,
            11.862221002578735,
            11.845692873001099,
            11.798062562942505,
            11.926204204559326,
            11.991505861282349,
            11.913639545440674,
            11.986628770828247,
            11.979083776473999,
            11.916849374771118,
            12.019524335861206,
            11.974101305007935,
            11.997705459594727,
            11.979223012924194,
            12.107383251190186,
            12.151881456375122,
            12.1397066116333,
            12.136259317398071,
            12.124415874481201,
            12.22381067276001,
            12.249812126159668,
            12.158772230148315,
            12.230271577835083,
            12.204875469207764,
            12.495828628540039,
            12.373917818069458
        ],
        "output_image_path": "/model_deploy_execution_attack_for_pipeline/outputs/age_googlenet_mnn_148102_ttba_attack/adversarial_image.png"
    }
}