{
    "status": "BUDGET_EXHAUSTED",
    "config": {
        "executable": "./resources/execution_files/age_googlenet_mnn",
        "benign_image": "/img_align_celeba/005016.jpg",
        "initial_adv_image": "/img_align_celeba/00000011.png",
        "l2_epsilon_goal": 0.05,
        "linf_epsilon_goal": 0.06274509803921569,
        "query_budget": 40000,
        "max_iterations": 1000,
        "initial_queries": 50,
        "dimension_reduction": 1.0
    },
    "results": {
        "total_queries": 40323,
        "final_l2_distance": 31.5518856048584,
        "final_linf_distance": 0.41024792194366455,
        "total_duration_seconds": 1144.0444433689117,
        "iteration_times_seconds": [
            7.8542609214782715,
            8.153233528137207,
            8.302911758422852,
            8.393606901168823,
            8.429327964782715,
            8.575950622558594,
            8.72465443611145,
            8.817519664764404,
            8.987638235092163,
            8.898163557052612,
            9.057084560394287,
            9.032493114471436,
            9.0529203414917,
            9.162666320800781,
            9.400534629821777,
            9.435019731521606,
            9.520805835723877,
            9.504077434539795,
            9.60297155380249,
            9.650997877120972,
            9.665597915649414,
            9.700403213500977,
            9.790372610092163,
            9.865227699279785,
            9.8149573802948,
            9.827392339706421,
            9.993305444717407,
            10.031104564666748,
            10.105218887329102,
            10.146567821502686,
            10.105264663696289,
            10.314146995544434,
            10.280263423919678,
            10.333770036697388,
            10.251482248306274,
            10.236849308013916,
            10.160413265228271,
            10.263538599014282,
            10.221308708190918,
            10.30998706817627,
            10.393534421920776,
            10.48834753036499,
            10.48795461654663,
            10.501303672790527,
            10.682176351547241,
            10.598973751068115,
            10.545906066894531,
            10.671351432800293,
            10.623962879180908,
            10.691927909851074,
            10.64619517326355,
            10.737485647201538,
            10.736707210540771,
            10.880643606185913,
            10.866943597793579,
            10.886127710342407,
            10.859651803970337,
            10.919174671173096,
            11.07302212715149,
            11.12918496131897,
            11.152247190475464,
            11.117518901824951,
            11.255327224731445,
            11.23585295677185,
            11.286036252975464,
            11.065438985824585,
            11.06789755821228,
            11.098986625671387,
            11.157373666763306,
            11.127637147903442,
            11.16359281539917,
            11.16076922416687,
            11.277939081192017,
            11.24815320968628,
            11.223697662353516,
            11.269221305847168,
            11.334292650222778,
            11.36505651473999,
            11.399932861328125,
            11.374922752380371,
            11.52737808227539,
            11.537225484848022,
            11.621322870254517,
            11.555867910385132,
            11.738902568817139,
            11.681536436080933,
            11.70023226737976,
            11.62452745437622,
            11.661720037460327,
            11.780174970626831,
            11.737736225128174,
            11.824421405792236,
            11.772872924804688,
            11.867570638656616,
            11.881819486618042,
            11.840562343597412,
            11.926100730895996,
            11.878154277801514,
            12.04615592956543,
            11.981810808181763,
            12.061155557632446,
            12.05996298789978,
            11.977275371551514,
            12.00414252281189,
            12.03790831565857,
            12.13905119895935,
            12.306512117385864
        ],
        "output_image_path": "/model_deploy_execution_attack_for_pipeline/outputs/age_googlenet_mnn_005016_ttba_attack/adversarial_image.png"
    }
}