{
    "status": "SUCCESS",
    "config": {
        "executable": "resources/execution_files/gender_googlenet_mnn",
        "benign_image": "/img_align_celeba/080008.jpg",
        "initial_adv_image": "/img_align_celeba/117406.jpg",
        "l2_epsilon_goal": 0.05,
        "linf_epsilon_goal": 0.06274509803921569,
        "query_budget": 40000,
        "max_iterations": 1000,
        "initial_queries": 50,
        "dimension_reduction": 1.0
    },
    "results": {
        "total_queries": 31618,
        "final_l2_distance": 4.9744133949279785,
        "final_linf_distance": 0.062425851821899414,
        "total_duration_seconds": 779.9406359195709,
        "iteration_times_seconds": [
            6.243056774139404,
            6.419316053390503,
            6.704098224639893,
            6.4750518798828125,
            6.529739856719971,
            6.687069654464722,
            6.914499759674072,
            6.972611427307129,
            7.076728820800781,
            7.128345251083374,
            6.9508750438690186,
            7.110327482223511,
            7.135276794433594,
            7.233588695526123,
            7.359791278839111,
            7.564141750335693,
            7.50611424446106,
            7.620038270950317,
            7.5456647872924805,
            7.439435243606567,
            7.530837297439575,
            7.476591348648071,
            7.644550561904907,
            7.650761604309082,
            7.8128063678741455,
            7.854954481124878,
            7.953209400177002,
            7.9494264125823975,
            8.012456893920898,
            7.946192264556885,
            8.039018630981445,
            8.037253141403198,
            8.162028074264526,
            7.993578910827637,
            8.231421709060669,
            8.192666292190552,
            8.283047199249268,
            8.319990396499634,
            8.354037761688232,
            8.458985805511475,
            8.521336078643799,
            8.547247648239136,
            8.584076404571533,
            8.704172849655151,
            8.654924869537354,
            8.662416458129883,
            8.69857382774353,
            8.787403583526611,
            8.882050514221191,
            8.764503002166748,
            8.80275845527649,
            8.984620809555054,
            8.937578201293945,
            8.993204116821289,
            9.101228713989258,
            9.029734134674072,
            9.08773922920227,
            9.267641067504883,
            9.143560886383057,
            9.384873151779175,
            9.285836696624756,
            9.314566135406494,
            9.385401725769043,
            9.369200229644775,
            9.489993572235107,
            9.346558332443237,
            9.410043954849243,
            9.241187334060669,
            9.419229507446289,
            9.348987817764282,
            9.429973602294922,
            9.358811616897583,
            9.457349300384521,
            9.43405294418335,
            9.606087446212769,
            9.504464387893677,
            9.531181573867798,
            9.620934247970581,
            9.611887216567993,
            9.562708854675293,
            9.80919075012207,
            9.81642460823059,
            9.836420059204102,
            9.840461492538452,
            9.8384370803833,
            9.829751014709473,
            9.921298265457153,
            9.995526313781738,
            10.004806995391846,
            10.02053427696228,
            9.84590744972229
        ],
        "output_image_path": "/model_deploy_execution_attack_for_pipeline/outputs/gender_googlenet_mnn_080008_ttba_attack/adversarial_image.png"
    }
}