{
    "status": "BUDGET_EXHAUSTED",
    "config": {
        "executable": "./resources/execution_files/fsanet_headpose_mnn",
        "benign_image": "/img_align_celeba/059741.jpg",
        "initial_adv_image": "/img_align_celeba/056328.jpg",
        "l2_epsilon_goal": 0.05,
        "linf_epsilon_goal": 0.06274509803921569,
        "query_budget": 40000,
        "max_iterations": 1000,
        "initial_queries": 50,
        "dimension_reduction": 1.0
    },
    "results": {
        "total_queries": 40068,
        "final_l2_distance": 6.6216559410095215,
        "final_linf_distance": 0.09253659844398499,
        "total_duration_seconds": 358.74211597442627,
        "iteration_times_seconds": [
            2.6275928020477295,
            2.7368876934051514,
            2.6920230388641357,
            2.749647378921509,
            2.7684714794158936,
            2.862098217010498,
            2.8830835819244385,
            2.6617629528045654,
            2.817002534866333,
            2.9636025428771973,
            2.8799874782562256,
            2.9276561737060547,
            2.8771305084228516,
            2.7797253131866455,
            2.9986557960510254,
            2.887723207473755,
            2.9155843257904053,
            3.089407444000244,
            3.029585838317871,
            3.0079052448272705,
            3.000549554824829,
            2.9822535514831543,
            3.0791642665863037,
            3.1343114376068115,
            2.965613842010498,
            3.1099555492401123,
            3.1233248710632324,
            3.1523399353027344,
            3.1389029026031494,
            3.2282540798187256,
            3.1868066787719727,
            3.081763744354248,
            3.148369073867798,
            3.2475314140319824,
            3.299787759780884,
            3.2535197734832764,
            3.180286169052124,
            3.2701802253723145,
            3.2478747367858887,
            3.3336174488067627,
            3.4750146865844727,
            3.2165794372558594,
            3.2342288494110107,
            3.1508617401123047,
            3.2696001529693604,
            3.2494685649871826,
            3.2282304763793945,
            3.194082260131836,
            3.2383289337158203,
            3.3100779056549072,
            3.2575416564941406,
            3.3573172092437744,
            3.2727739810943604,
            3.2939093112945557,
            3.4745824337005615,
            3.4319934844970703,
            3.4011669158935547,
            3.3559398651123047,
            3.4973812103271484,
            3.3215723037719727,
            3.472304105758667,
            3.4850034713745117,
            3.353468179702759,
            3.4348909854888916,
            3.429327964782715,
            3.539929151535034,
            3.4520297050476074,
            3.6208083629608154,
            3.572765588760376,
            3.4959511756896973,
            3.6353557109832764,
            3.568129539489746,
            3.5455434322357178,
            3.489208698272705,
            3.5711145401000977,
            3.4524455070495605,
            3.6177055835723877,
            3.603942394256592,
            3.75482177734375,
            3.6278085708618164,
            3.642268657684326,
            3.6181209087371826,
            3.7113876342773438,
            3.5228583812713623,
            3.644822120666504,
            3.66591215133667,
            3.777103900909424,
            3.589869260787964,
            3.6957406997680664,
            3.5614161491394043,
            3.733276128768921,
            3.6526741981506348,
            3.657528877258301,
            3.6353495121002197,
            3.795220136642456,
            3.6843440532684326,
            3.684540271759033,
            3.7171144485473633,
            3.7377724647521973,
            3.69734525680542,
            3.7635955810546875,
            3.881059408187866,
            3.7151198387145996,
            3.701420545578003,
            3.781925678253174,
            3.7412173748016357,
            3.765439987182617
        ],
        "output_image_path": "/model_deploy_execution_attack_for_pipeline/outputs/fsanet_headpose_mnn_059741_ttba_attack/adversarial_image.png"
    }
}