{
    "status": "BUDGET_EXHAUSTED",
    "config": {
        "executable": "resources/execution_files/emotion_ferplus_mnn",
        "benign_image": "/img_align_celeba/080008.jpg",
        "initial_adv_image": "/img_align_celeba/148102.jpg",
        "l2_epsilon_goal": 0.05,
        "linf_epsilon_goal": 0.06274509803921569,
        "query_budget": 40000,
        "max_iterations": 1000,
        "initial_queries": 50,
        "dimension_reduction": 1.0
    },
    "results": {
        "total_queries": 40107,
        "final_l2_distance": 9.047273635864258,
        "final_linf_distance": 0.15961888432502747,
        "total_duration_seconds": 1002.2445657253265,
        "iteration_times_seconds": [
            6.503796339035034,
            6.7619688510894775,
            6.886715650558472,
            6.973654508590698,
            7.094865560531616,
            7.262036085128784,
            7.484596490859985,
            7.534980297088623,
            7.665524005889893,
            7.624191999435425,
            7.800434589385986,
            7.7052903175354,
            7.776454448699951,
            7.903467416763306,
            7.921743154525757,
            7.982812166213989,
            8.015810489654541,
            8.084067821502686,
            8.180939674377441,
            8.212329387664795,
            8.19637942314148,
            8.341398239135742,
            8.421560525894165,
            8.32475733757019,
            8.439330101013184,
            8.601640462875366,
            8.469415664672852,
            8.553677558898926,
            8.636414051055908,
            8.5144681930542,
            8.532057762145996,
            8.613601922988892,
            8.66190791130066,
            8.807554006576538,
            8.726490497589111,
            8.777716875076294,
            8.869093894958496,
            8.878279447555542,
            8.822085618972778,
            9.002086400985718,
            9.047529935836792,
            9.178550004959106,
            9.199422836303711,
            9.24846887588501,
            9.282107830047607,
            9.199738025665283,
            9.273425340652466,
            9.386797666549683,
            9.342293739318848,
            9.356006860733032,
            9.4738028049469,
            9.483035564422607,
            9.56763243675232,
            9.595652341842651,
            9.640758514404297,
            9.65276050567627,
            9.64686894416809,
            9.679726600646973,
            9.788886547088623,
            9.914270639419556,
            9.678035497665405,
            9.667835712432861,
            9.748714447021484,
            9.773668766021729,
            9.815496921539307,
            9.793845891952515,
            9.869771718978882,
            9.86618709564209,
            9.831803798675537,
            9.894028186798096,
            9.953358173370361,
            10.00683331489563,
            9.942611932754517,
            10.00113558769226,
            10.04917049407959,
            10.144397258758545,
            10.13308310508728,
            10.172851324081421,
            10.173678874969482,
            10.233888626098633,
            10.234174251556396,
            10.335356712341309,
            10.291228294372559,
            10.294089317321777,
            10.346115589141846,
            10.427735805511475,
            10.451556205749512,
            10.484450340270996,
            10.443732976913452,
            10.526407718658447,
            10.526675701141357,
            10.571283102035522,
            10.517954587936401,
            10.57447600364685,
            10.616477489471436,
            10.659996032714844,
            10.722412347793579,
            10.680659294128418,
            10.756238460540771,
            10.76480221748352,
            10.806555271148682,
            10.865885734558105,
            10.910172700881958,
            10.750214338302612,
            10.875409364700317,
            10.997771739959717,
            10.965190887451172
        ],
        "output_image_path": "/model_deploy_execution_attack_for_pipeline/outputs/emotion_ferplus_mnn_080008_ttba_attack/adversarial_image.png"
    }
}