{
    "status": "SUCCESS",
    "config": {
        "executable": "./resources/execution_files/fsanet_headpose_mnn",
        "benign_image": "/img_align_celeba/094069.jpg",
        "initial_adv_image": "/img_align_celeba/007167.jpg",
        "l2_epsilon_goal": 0.05,
        "linf_epsilon_goal": 0.06274509803921569,
        "query_budget": 40000,
        "max_iterations": 1000,
        "initial_queries": 50,
        "dimension_reduction": 1.0
    },
    "results": {
        "total_queries": 1056,
        "final_l2_distance": 4.461946964263916,
        "final_linf_distance": 0.06055660545825958,
        "total_duration_seconds": 22.65386176109314,
        "iteration_times_seconds": [
            2.6416165828704834,
            2.609938859939575,
            2.7827699184417725,
            2.5578696727752686,
            2.589768171310425,
            2.608045816421509,
            2.5591859817504883,
            2.6145639419555664
        ],
        "output_image_path": "/model_deploy_execution_attack_for_pipeline/outputs/fsanet_headpose_mnn_094069_ttba_attack/adversarial_image.png"
    }
}