{
    "status": "SUCCESS",
    "config": {
        "executable": "resources/execution_files/gender_googlenet_mnn",
        "benign_image": "/img_align_celeba/005957.jpg",
        "initial_adv_image": "/img_align_celeba/055147.jpg",
        "l2_epsilon_goal": 0.05,
        "linf_epsilon_goal": 0.06274509803921569,
        "query_budget": 40000,
        "max_iterations": 1000,
        "initial_queries": 50,
        "dimension_reduction": 1.0
    },
    "results": {
        "total_queries": 4422,
        "final_l2_distance": 5.000853538513184,
        "final_linf_distance": 0.06113547086715698,
        "total_duration_seconds": 161.36171650886536,
        "iteration_times_seconds": [
            5.821373701095581,
            6.124200820922852,
            6.16268253326416,
            6.240025758743286,
            6.456638336181641,
            6.557120323181152,
            6.5674896240234375,
            6.663301467895508,
            6.709702730178833,
            6.759592056274414,
            6.75145959854126,
            6.8799238204956055,
            7.000114440917969,
            7.01566481590271,
            7.248618841171265,
            7.303898811340332,
            7.170500040054321,
            7.164925813674927,
            7.283117294311523,
            7.272500514984131,
            7.247185707092285,
            7.2929527759552,
            7.413692951202393
        ],
        "output_image_path": "/model_deploy_execution_attack_for_pipeline/outputs/gender_googlenet_mnn_005957_ttba_attack/adversarial_image.png"
    }
}