{
    "status": "BUDGET_EXHAUSTED",
    "config": {
        "executable": "./resources/execution_files/age_googlenet_mnn",
        "benign_image": "/img_align_celeba/115577.jpg",
        "initial_adv_image": "/img_align_celeba/00000017.png",
        "l2_epsilon_goal": 0.05,
        "linf_epsilon_goal": 0.06274509803921569,
        "query_budget": 40000,
        "max_iterations": 1000,
        "initial_queries": 50,
        "dimension_reduction": 1.0
    },
    "results": {
        "total_queries": 40267,
        "final_l2_distance": 24.21245002746582,
        "final_linf_distance": 0.3203529417514801,
        "total_duration_seconds": 1126.513671875,
        "iteration_times_seconds": [
            7.547158718109131,
            7.8359339237213135,
            7.9126222133636475,
            8.05385708808899,
            8.112608194351196,
            8.26872968673706,
            8.437631845474243,
            8.584470987319946,
            8.55060076713562,
            8.636333227157593,
            8.700644969940186,
            8.710823774337769,
            8.837016105651855,
            8.888427734375,
            9.231834411621094,
            9.139647483825684,
            9.24402904510498,
            9.182950735092163,
            9.31185793876648,
            9.339922666549683,
            9.334881782531738,
            9.400928020477295,
            9.424070358276367,
            9.448528051376343,
            9.656602144241333,
            9.544139385223389,
            9.750000953674316,
            9.911838293075562,
            9.874996900558472,
            9.903380155563354,
            9.907867908477783,
            9.90616512298584,
            9.96177887916565,
            10.022233724594116,
            10.138281345367432,
            10.1256742477417,
            10.166946649551392,
            10.158555030822754,
            10.176212072372437,
            10.22773265838623,
            10.340582847595215,
            10.467247486114502,
            10.45634651184082,
            10.52274489402771,
            10.53080701828003,
            10.55129361152649,
            10.568479299545288,
            10.662022113800049,
            10.654853820800781,
            10.613072395324707,
            10.652024507522583,
            10.52999210357666,
            10.477545499801636,
            10.640712261199951,
            10.562965154647827,
            10.643703699111938,
            10.569622993469238,
            10.794010639190674,
            10.676671266555786,
            10.875996589660645,
            10.92311978340149,
            10.854836463928223,
            10.891514539718628,
            10.99044418334961,
            11.083315134048462,
            11.00099229812622,
            11.101513147354126,
            11.035199165344238,
            11.141162395477295,
            11.129825830459595,
            11.084891319274902,
            11.173463582992554,
            11.275107145309448,
            11.27964186668396,
            11.243927478790283,
            11.251965999603271,
            11.278105735778809,
            11.36771011352539,
            11.377980709075928,
            11.382333040237427,
            11.52056360244751,
            11.504126787185669,
            11.539721727371216,
            11.528894901275635,
            11.586963176727295,
            11.601784467697144,
            11.60473918914795,
            11.748939275741577,
            11.741843461990356,
            11.615778923034668,
            11.742933988571167,
            11.727696418762207,
            11.734763383865356,
            11.801609992980957,
            11.760520458221436,
            11.829793930053711,
            11.82721471786499,
            11.902497291564941,
            11.903579950332642,
            12.078332662582397,
            11.643511533737183,
            11.664912462234497,
            11.683166980743408,
            11.802570343017578,
            11.793030500411987,
            11.970767259597778,
            11.986836910247803
        ],
        "output_image_path": "/model_deploy_execution_attack_for_pipeline/outputs/age_googlenet_mnn_115577_ttba_attack/adversarial_image.png"
    }
}