{
    "status": "BUDGET_EXHAUSTED",
    "config": {
        "executable": "./resources/execution_files/age_googlenet_mnn",
        "benign_image": "/img_align_celeba/160856.jpg",
        "initial_adv_image": "/img_align_celeba/00000018.png",
        "l2_epsilon_goal": 0.05,
        "linf_epsilon_goal": 0.06274509803921569,
        "query_budget": 40000,
        "max_iterations": 1000,
        "initial_queries": 50,
        "dimension_reduction": 1.0
    },
    "results": {
        "total_queries": 40279,
        "final_l2_distance": 29.047945022583008,
        "final_linf_distance": 0.39861342310905457,
        "total_duration_seconds": 1128.4682927131653,
        "iteration_times_seconds": [
            7.568341016769409,
            7.893268585205078,
            7.938220739364624,
            8.048507928848267,
            8.177592515945435,
            8.212878704071045,
            8.470547676086426,
            8.521264553070068,
            8.597856998443604,
            8.723350524902344,
            8.713734149932861,
            8.693379163742065,
            8.809154987335205,
            8.970548152923584,
            9.028148651123047,
            9.201086044311523,
            9.255351781845093,
            9.299513339996338,
            9.258822917938232,
            9.300376176834106,
            9.43509292602539,
            9.46407413482666,
            9.442278623580933,
            9.543697118759155,
            9.631816387176514,
            9.599363088607788,
            9.859109163284302,
            9.794029712677002,
            9.814135789871216,
            9.825167655944824,
            9.945834159851074,
            10.075336456298828,
            9.941161632537842,
            9.994022607803345,
            9.957122564315796,
            10.118237733840942,
            10.119286298751831,
            10.18237042427063,
            10.160665273666382,
            10.21346116065979,
            10.235424757003784,
            10.507252216339111,
            10.435442209243774,
            10.557860374450684,
            10.570293188095093,
            10.546638250350952,
            10.67498779296875,
            10.576507329940796,
            10.647781372070312,
            10.592348337173462,
            10.716826677322388,
            10.695431470870972,
            10.685866117477417,
            10.865121841430664,
            10.856342554092407,
            10.853176832199097,
            10.573650121688843,
            10.685943126678467,
            10.651404619216919,
            10.852803945541382,
            10.788265943527222,
            10.884857654571533,
            10.901482105255127,
            10.886664628982544,
            10.983496189117432,
            11.034668207168579,
            11.052910804748535,
            10.99275255203247,
            11.055510520935059,
            11.035686492919922,
            11.095708847045898,
            11.095187902450562,
            11.133695602416992,
            11.261607646942139,
            11.222895860671997,
            11.21549129486084,
            11.312868595123291,
            11.33435869216919,
            11.311419010162354,
            11.467626571655273,
            11.5855233669281,
            11.601340770721436,
            11.551107168197632,
            11.677024602890015,
            11.566422462463379,
            11.584511518478394,
            11.612082958221436,
            11.584872484207153,
            11.597021102905273,
            11.69428014755249,
            11.759746313095093,
            11.725967168807983,
            11.747037410736084,
            11.771811962127686,
            11.753316879272461,
            11.845293045043945,
            11.779104471206665,
            11.903351068496704,
            11.915474653244019,
            11.871147871017456,
            11.829501152038574,
            12.055279016494751,
            11.959973812103271,
            12.03827428817749,
            12.112152099609375,
            12.169370889663696,
            12.118606805801392
        ],
        "output_image_path": "/model_deploy_execution_attack_for_pipeline/outputs/age_googlenet_mnn_160856_ttba_attack/adversarial_image.png"
    }
}