{
    "status": "BUDGET_EXHAUSTED",
    "config": {
        "executable": "./resources/execution_files/emotion_ferplus_mnn",
        "benign_image": "/img_align_celeba/187773.jpg",
        "initial_adv_image": "/img_align_celeba/000608.jpg",
        "l2_epsilon_goal": 0.05,
        "linf_epsilon_goal": 0.06274509803921569,
        "query_budget": 40000,
        "max_iterations": 1000,
        "initial_queries": 50,
        "dimension_reduction": 1.0
    },
    "results": {
        "total_queries": 40077,
        "final_l2_distance": 6.836272716522217,
        "final_linf_distance": 0.12614186108112335,
        "total_duration_seconds": 988.7433359622955,
        "iteration_times_seconds": [
            6.163884401321411,
            6.539408206939697,
            6.563291788101196,
            6.683971643447876,
            6.836792707443237,
            6.979128837585449,
            7.229175806045532,
            7.353468894958496,
            7.354419469833374,
            7.457707166671753,
            7.492380857467651,
            7.522831678390503,
            7.588934421539307,
            7.580482244491577,
            7.6093668937683105,
            7.821816444396973,
            7.772572755813599,
            7.846477746963501,
            7.830400466918945,
            7.986248731613159,
            8.026755571365356,
            8.09538722038269,
            7.994834661483765,
            8.201858282089233,
            8.203729629516602,
            8.321349382400513,
            8.403828382492065,
            8.38873815536499,
            8.447182178497314,
            8.50981879234314,
            8.57084345817566,
            8.670135259628296,
            8.715014219284058,
            8.710603475570679,
            8.74358582496643,
            8.696401119232178,
            8.714790105819702,
            8.81292462348938,
            8.872366905212402,
            8.928264141082764,
            8.89387321472168,
            9.156633377075195,
            9.03955602645874,
            9.053140640258789,
            9.137006282806396,
            9.097526550292969,
            9.20026969909668,
            9.276766538619995,
            9.2726571559906,
            9.31458044052124,
            9.294792413711548,
            9.429409980773926,
            9.35812759399414,
            9.449867963790894,
            9.31389307975769,
            9.268154621124268,
            9.328413009643555,
            9.361994743347168,
            9.549805879592896,
            9.53438425064087,
            9.646436214447021,
            9.65124225616455,
            9.722713947296143,
            9.685184001922607,
            9.598127841949463,
            9.803267478942871,
            9.728445291519165,
            9.785619258880615,
            9.892884254455566,
            9.819874048233032,
            9.908810377120972,
            9.879332065582275,
            10.005599021911621,
            9.986121416091919,
            9.988886594772339,
            9.878854513168335,
            9.978505611419678,
            10.05447006225586,
            10.133190155029297,
            10.136158227920532,
            10.219585180282593,
            10.314475059509277,
            10.272811651229858,
            10.313790559768677,
            10.293805599212646,
            10.411549091339111,
            10.401165246963501,
            10.479827880859375,
            10.48041844367981,
            10.49568486213684,
            10.44873332977295,
            10.466483354568481,
            10.436516523361206,
            10.502832174301147,
            10.587930917739868,
            10.64989423751831,
            10.581997871398926,
            10.629967451095581,
            10.735841035842896,
            10.72427487373352,
            10.665879964828491,
            10.716513633728027,
            10.944395065307617,
            10.914824724197388,
            10.88245940208435,
            10.917649030685425,
            10.9902982711792
        ],
        "output_image_path": "/model_deploy_execution_attack_for_pipeline/outputs/emotion_ferplus_mnn_187773_ttba_attack/adversarial_image.png"
    }
}