{
    "status": "SUCCESS",
    "config": {
        "executable": "./resources/execution_files/gender_googlenet_mnn",
        "benign_image": "/img_align_celeba/076952.jpg",
        "initial_adv_image": "/img_align_celeba/173194.jpg",
        "l2_epsilon_goal": 0.05,
        "linf_epsilon_goal": 0.06274509803921569,
        "query_budget": 40000,
        "max_iterations": 1000,
        "initial_queries": 50,
        "dimension_reduction": 1.0
    },
    "results": {
        "total_queries": 20731,
        "final_l2_distance": 4.8446831703186035,
        "final_linf_distance": 0.061389774084091187,
        "total_duration_seconds": 537.0392169952393,
        "iteration_times_seconds": [
            5.8197596073150635,
            6.20749831199646,
            6.268275499343872,
            6.375084638595581,
            6.5428900718688965,
            6.579545259475708,
            6.744521856307983,
            6.939056634902954,
            6.894068479537964,
            6.709501504898071,
            6.859462738037109,
            6.8697733879089355,
            6.997431039810181,
            7.035890340805054,
            7.163133144378662,
            7.3284218311309814,
            7.295649528503418,
            7.44669771194458,
            7.342230319976807,
            7.372043609619141,
            7.543381214141846,
            7.327458143234253,
            7.393565893173218,
            7.393534898757935,
            7.705101490020752,
            7.516072750091553,
            7.662064552307129,
            7.699207782745361,
            7.7578253746032715,
            7.8361077308654785,
            7.876705884933472,
            7.959487438201904,
            7.927789211273193,
            7.930544853210449,
            7.914098739624023,
            8.069047212600708,
            8.062211036682129,
            8.099857330322266,
            7.959219217300415,
            8.133530139923096,
            8.140746593475342,
            8.162401676177979,
            8.33273196220398,
            8.39074158668518,
            8.432357549667358,
            8.435405254364014,
            8.516617774963379,
            8.515900373458862,
            8.523454904556274,
            8.304333686828613,
            8.373027086257935,
            8.364495515823364,
            8.431176900863647,
            8.487991571426392,
            8.605326890945435,
            8.563405990600586,
            8.572553873062134,
            8.679773807525635,
            8.642178535461426,
            8.734392881393433,
            8.810884952545166,
            8.703696489334106,
            8.86276125907898,
            8.910492897033691,
            8.862981796264648,
            8.92162036895752,
            8.966302633285522,
            8.992454290390015
        ],
        "output_image_path": "/model_deploy_execution_attack_for_pipeline/outputs/gender_googlenet_mnn_076952_ttba_attack/adversarial_image.png"
    }
}