{
    "status": "BUDGET_EXHAUSTED",
    "config": {
        "executable": "./resources/execution_files/age_googlenet_mnn",
        "benign_image": "/img_align_celeba/041654.jpg",
        "initial_adv_image": "/img_align_celeba/00000017.png",
        "l2_epsilon_goal": 0.05,
        "linf_epsilon_goal": 0.06274509803921569,
        "query_budget": 40000,
        "max_iterations": 1000,
        "initial_queries": 50,
        "dimension_reduction": 1.0
    },
    "results": {
        "total_queries": 40366,
        "final_l2_distance": 54.53832244873047,
        "final_linf_distance": 0.690845787525177,
        "total_duration_seconds": 1154.252170085907,
        "iteration_times_seconds": [
            7.783807992935181,
            8.09578013420105,
            8.28394889831543,
            8.326788663864136,
            8.484314441680908,
            8.572657108306885,
            8.80168890953064,
            8.761656045913696,
            8.849884033203125,
            8.945802688598633,
            8.966376304626465,
            9.079873323440552,
            9.10583233833313,
            9.251758575439453,
            9.490720748901367,
            9.410644054412842,
            9.46218729019165,
            9.592132091522217,
            9.538281679153442,
            9.669876098632812,
            9.627508401870728,
            9.712427616119385,
            9.783944606781006,
            9.831669807434082,
            9.84677505493164,
            9.966482877731323,
            10.046270847320557,
            10.059657335281372,
            10.210760593414307,
            10.210761308670044,
            10.137690782546997,
            10.202233076095581,
            10.307211875915527,
            10.383578777313232,
            10.232441663742065,
            10.31695008277893,
            10.157090425491333,
            10.167310237884521,
            10.238319396972656,
            10.31085205078125,
            10.28193998336792,
            10.528550624847412,
            10.610574007034302,
            10.521652698516846,
            10.620275259017944,
            10.539626598358154,
            10.615387916564941,
            10.693800449371338,
            10.680581331253052,
            10.697344303131104,
            10.728171825408936,
            10.689146280288696,
            10.868646144866943,
            10.792314052581787,
            10.84726881980896,
            11.003603219985962,
            10.982814311981201,
            10.950806379318237,
            10.974761247634888,
            11.18190336227417,
            11.138395309448242,
            11.15141773223877,
            11.119899988174438,
            11.195589065551758,
            11.276818752288818,
            11.215006351470947,
            11.247306823730469,
            11.33007264137268,
            11.357807397842407,
            11.404248714447021,
            11.414676666259766,
            11.394375562667847,
            11.410881996154785,
            11.472718715667725,
            11.485272884368896,
            11.635658740997314,
            11.529126644134521,
            11.526520490646362,
            11.671081066131592,
            11.656382083892822,
            11.774711847305298,
            11.818428039550781,
            11.853238105773926,
            11.869921922683716,
            11.86827039718628,
            11.92910361289978,
            11.860856771469116,
            11.91018557548523,
            11.958466529846191,
            11.894574403762817,
            12.064400434494019,
            12.025782346725464,
            12.134645700454712,
            12.05144715309143,
            12.238396883010864,
            12.078361988067627,
            12.132355451583862,
            12.12268877029419,
            12.098651885986328,
            12.219876527786255,
            12.196859359741211,
            12.205233573913574,
            12.252388954162598,
            12.254742860794067,
            12.275262355804443,
            12.519498825073242,
            12.533883333206177
        ],
        "output_image_path": "/model_deploy_execution_attack_for_pipeline/outputs/age_googlenet_mnn_041654_ttba_attack/adversarial_image.png"
    }
}