{
    "status": "BUDGET_EXHAUSTED",
    "config": {
        "executable": "./resources/execution_files/age_googlenet_mnn",
        "benign_image": "/img_align_celeba/057036.jpg",
        "initial_adv_image": "/img_align_celeba/00000010.png",
        "l2_epsilon_goal": 0.05,
        "linf_epsilon_goal": 0.06274509803921569,
        "query_budget": 40000,
        "max_iterations": 1000,
        "initial_queries": 50,
        "dimension_reduction": 1.0
    },
    "results": {
        "total_queries": 40313,
        "final_l2_distance": 43.74918746948242,
        "final_linf_distance": 0.5906145572662354,
        "total_duration_seconds": 1137.9087319374084,
        "iteration_times_seconds": [
            7.746028900146484,
            8.136677742004395,
            8.225822687149048,
            8.118237018585205,
            8.176708459854126,
            8.203258037567139,
            8.561682224273682,
            8.613225936889648,
            8.697218418121338,
            8.644984483718872,
            8.697015285491943,
            8.754404544830322,
            8.864129066467285,
            8.918603420257568,
            9.104519367218018,
            9.16957402229309,
            9.143285036087036,
            9.291247129440308,
            9.292431831359863,
            9.331177949905396,
            9.352790355682373,
            9.512672424316406,
            9.466757774353027,
            9.525393962860107,
            9.577237129211426,
            9.64212942123413,
            9.842193365097046,
            9.845656156539917,
            9.846582889556885,
            9.878157138824463,
            9.902838468551636,
            9.920321226119995,
            10.140116930007935,
            9.945559978485107,
            10.005057573318481,
            10.07401967048645,
            10.121839046478271,
            10.232947587966919,
            10.277343273162842,
            10.236774921417236,
            10.314398765563965,
            10.561630964279175,
            10.485790729522705,
            10.560608386993408,
            10.546656370162964,
            10.520523309707642,
            10.587347745895386,
            10.682725667953491,
            10.648308277130127,
            10.602243900299072,
            10.668587446212769,
            10.817610263824463,
            10.84061050415039,
            10.690106630325317,
            10.833777904510498,
            10.83686089515686,
            10.86440110206604,
            10.883824110031128,
            10.948893308639526,
            11.165068864822388,
            11.190162420272827,
            11.138285398483276,
            11.137397289276123,
            11.148914813995361,
            11.236966609954834,
            11.242605686187744,
            11.315858602523804,
            11.255078077316284,
            11.381827116012573,
            11.325704574584961,
            11.368391275405884,
            11.369954824447632,
            11.48276138305664,
            11.456323385238647,
            11.405609846115112,
            11.392423629760742,
            11.532454490661621,
            11.612846612930298,
            11.512611865997314,
            11.560696125030518,
            11.770063161849976,
            11.804394006729126,
            11.746071577072144,
            11.802722215652466,
            11.765828371047974,
            11.798038721084595,
            11.890405654907227,
            11.647757530212402,
            11.718535661697388,
            11.678672790527344,
            11.793124675750732,
            11.7806715965271,
            11.739165544509888,
            11.744809865951538,
            11.782656908035278,
            11.79827880859375,
            11.86987590789795,
            11.841179847717285,
            11.963774681091309,
            11.922279834747314,
            11.995836734771729,
            12.06517767906189,
            12.052647829055786,
            11.98245906829834,
            12.033586740493774,
            12.15101432800293,
            12.162410974502563
        ],
        "output_image_path": "/model_deploy_execution_attack_for_pipeline/outputs/age_googlenet_mnn_057036_ttba_attack/adversarial_image.png"
    }
}