{
    "status": "SUCCESS",
    "config": {
        "executable": "./resources/execution_files/ssrnet_age_mnn",
        "benign_image": "/img_align_celeba/108240.jpg",
        "initial_adv_image": "/img_align_celeba/074823.jpg",
        "l2_epsilon_goal": 0.05,
        "linf_epsilon_goal": 0.06274509803921569,
        "query_budget": 40000,
        "max_iterations": 1000,
        "initial_queries": 50,
        "dimension_reduction": 1.0
    },
    "results": {
        "total_queries": 2927,
        "final_l2_distance": 4.656431674957275,
        "final_linf_distance": 0.062268972396850586,
        "total_duration_seconds": 41.89476704597473,
        "iteration_times_seconds": [
            2.208312749862671,
            2.261874198913574,
            2.344453811645508,
            2.336643695831299,
            2.4395015239715576,
            2.393826723098755,
            2.4891626834869385,
            2.3870034217834473,
            2.359079360961914,
            2.348280429840088,
            2.341387987136841,
            2.3942534923553467,
            2.383958339691162,
            2.379826068878174,
            2.473580837249756,
            2.4029109477996826,
            2.4670591354370117
        ],
        "output_image_path": "/model_deploy_execution_attack_for_pipeline/outputs/ssrnet_age_mnn_108240_ttba_attack/adversarial_image.png"
    }
}