{
    "status": "BUDGET_EXHAUSTED",
    "config": {
        "executable": "./resources/execution_files/age_googlenet_mnn",
        "benign_image": "/img_align_celeba/180008.jpg",
        "initial_adv_image": "/img_align_celeba/00000015.png",
        "l2_epsilon_goal": 0.05,
        "linf_epsilon_goal": 0.06274509803921569,
        "query_budget": 40000,
        "max_iterations": 1000,
        "initial_queries": 50,
        "dimension_reduction": 1.0
    },
    "results": {
        "total_queries": 40316,
        "final_l2_distance": 42.783016204833984,
        "final_linf_distance": 0.5376667976379395,
        "total_duration_seconds": 1137.0380957126617,
        "iteration_times_seconds": [
            7.795481204986572,
            8.050316333770752,
            8.267078638076782,
            8.313850164413452,
            8.321887493133545,
            8.453316926956177,
            8.669389963150024,
            8.529619455337524,
            8.5565767288208,
            8.603881120681763,
            8.695573806762695,
            8.764040231704712,
            8.77904725074768,
            8.98969292640686,
            9.077317953109741,
            9.258294343948364,
            9.196923017501831,
            9.206635236740112,
            9.259193897247314,
            9.277451038360596,
            9.379168033599854,
            9.393986463546753,
            9.440386772155762,
            9.511151790618896,
            9.62586498260498,
            9.602875471115112,
            9.742433547973633,
            9.810091495513916,
            9.834324359893799,
            9.928481578826904,
            9.945685863494873,
            10.049880504608154,
            10.050139904022217,
            10.057985782623291,
            10.122453927993774,
            10.079741716384888,
            10.114749908447266,
            10.166799306869507,
            10.197930812835693,
            10.217293977737427,
            10.244967699050903,
            10.522064685821533,
            10.516855001449585,
            10.449560165405273,
            10.556424617767334,
            10.46408200263977,
            10.513322591781616,
            10.552669525146484,
            10.574611902236938,
            10.684566974639893,
            10.73185682296753,
            10.72893214225769,
            10.682254791259766,
            10.770652055740356,
            10.853886842727661,
            10.831152200698853,
            10.861637115478516,
            10.98281717300415,
            11.034571647644043,
            11.063643217086792,
            11.149657487869263,
            11.08943510055542,
            11.141353368759155,
            11.161258220672607,
            11.189514636993408,
            11.182973861694336,
            11.242591381072998,
            11.30947995185852,
            11.240269184112549,
            11.299811601638794,
            11.31625747680664,
            11.450229406356812,
            11.357071161270142,
            11.440065622329712,
            11.371566772460938,
            11.54127836227417,
            11.492332935333252,
            11.503429412841797,
            11.604392051696777,
            11.592400074005127,
            11.751094102859497,
            11.80118179321289,
            11.7821626663208,
            11.85503363609314,
            11.820192098617554,
            11.839314460754395,
            11.631818294525146,
            11.679829835891724,
            11.75993037223816,
            11.681211471557617,
            11.656490802764893,
            11.727059602737427,
            11.71304440498352,
            11.760619401931763,
            11.77361512184143,
            11.823015451431274,
            11.862982034683228,
            11.895127773284912,
            11.970547914505005,
            11.896072626113892,
            11.984490394592285,
            11.953799724578857,
            11.991800308227539,
            12.006913900375366,
            12.051335573196411,
            12.136204719543457,
            12.165274620056152
        ],
        "output_image_path": "/model_deploy_execution_attack_for_pipeline/outputs/age_googlenet_mnn_180008_ttba_attack/adversarial_image.png"
    }
}