{
    "status": "SUCCESS",
    "config": {
        "executable": "resources/execution_files/gender_googlenet_mnn",
        "benign_image": "/img_align_celeba/109162.jpg",
        "initial_adv_image": "/img_align_celeba/185164.jpg",
        "l2_epsilon_goal": 0.05,
        "linf_epsilon_goal": 0.06274509803921569,
        "query_budget": 40000,
        "max_iterations": 1000,
        "initial_queries": 50,
        "dimension_reduction": 1.0
    },
    "results": {
        "total_queries": 8649,
        "final_l2_distance": 4.41599178314209,
        "final_linf_distance": 0.05810020864009857,
        "total_duration_seconds": 273.0246958732605,
        "iteration_times_seconds": [
            5.773152828216553,
            6.068504095077515,
            6.1056318283081055,
            6.295659780502319,
            6.3684751987457275,
            6.4940431118011475,
            6.699281454086304,
            6.79401159286499,
            6.841771125793457,
            6.902028799057007,
            6.99069619178772,
            6.890326738357544,
            7.008843421936035,
            7.0043089389801025,
            7.188723802566528,
            7.20441746711731,
            7.442777633666992,
            7.339296579360962,
            7.452981948852539,
            7.465402841567993,
            7.432839870452881,
            7.57932448387146,
            7.564878225326538,
            7.669037580490112,
            7.571957111358643,
            7.591634750366211,
            7.69008469581604,
            7.773061037063599,
            7.774604797363281,
            7.9182960987091064,
            7.888763666152954,
            7.8763837814331055,
            7.889458417892456,
            7.93867564201355,
            8.020742893218994,
            8.110713958740234,
            8.13184666633606
        ],
        "output_image_path": "/model_deploy_execution_attack_for_pipeline/outputs/gender_googlenet_mnn_109162_ttba_attack/adversarial_image.png"
    }
}