{
    "status": "SUCCESS",
    "config": {
        "executable": "resources/execution_files/gender_googlenet_mnn",
        "benign_image": "/img_align_celeba/165912.jpg",
        "initial_adv_image": "/img_align_celeba/185164.jpg",
        "l2_epsilon_goal": 0.05,
        "linf_epsilon_goal": 0.06274509803921569,
        "query_budget": 40000,
        "max_iterations": 1000,
        "initial_queries": 50,
        "dimension_reduction": 1.0
    },
    "results": {
        "total_queries": 14865,
        "final_l2_distance": 4.6089630126953125,
        "final_linf_distance": 0.06245952844619751,
        "total_duration_seconds": 420.5251524448395,
        "iteration_times_seconds": [
            6.026679277420044,
            6.217348337173462,
            6.35226583480835,
            6.282332897186279,
            6.48831582069397,
            6.564298152923584,
            6.775540828704834,
            6.646150588989258,
            6.897066116333008,
            6.864403247833252,
            6.919383525848389,
            7.102603197097778,
            7.16566014289856,
            7.243678331375122,
            7.326934099197388,
            7.366623163223267,
            7.490537166595459,
            7.553684711456299,
            7.377599239349365,
            7.456968069076538,
            7.410069227218628,
            7.478336811065674,
            7.427767753601074,
            7.652500867843628,
            7.727742433547974,
            7.666597604751587,
            7.903427839279175,
            7.8591601848602295,
            7.91932487487793,
            7.979402303695679,
            8.01574993133545,
            8.01309323310852,
            8.037558555603027,
            8.097002983093262,
            8.16890573501587,
            8.232571601867676,
            8.248340845108032,
            8.04599666595459,
            8.20509123802185,
            8.22943925857544,
            8.271367073059082,
            8.38016676902771,
            8.416697025299072,
            8.456904649734497,
            8.431335687637329,
            8.542112350463867,
            8.567383050918579,
            8.607068300247192,
            8.702510356903076,
            8.595326900482178,
            8.618298768997192,
            8.689021825790405,
            8.753180980682373,
            8.7468900680542
        ],
        "output_image_path": "/model_deploy_execution_attack_for_pipeline/outputs/gender_googlenet_mnn_165912_ttba_attack/adversarial_image.png"
    }
}