{
    "status": "BUDGET_EXHAUSTED",
    "config": {
        "executable": "./resources/execution_files/age_googlenet_mnn",
        "benign_image": "/img_align_celeba/167693.jpg",
        "initial_adv_image": "/img_align_celeba/00000017.png",
        "l2_epsilon_goal": 0.05,
        "linf_epsilon_goal": 0.06274509803921569,
        "query_budget": 40000,
        "max_iterations": 1000,
        "initial_queries": 50,
        "dimension_reduction": 1.0
    },
    "results": {
        "total_queries": 40242,
        "final_l2_distance": 23.2418212890625,
        "final_linf_distance": 0.2903147339820862,
        "total_duration_seconds": 1121.0822048187256,
        "iteration_times_seconds": [
            7.4875993728637695,
            7.836644411087036,
            7.925490140914917,
            8.084157705307007,
            8.18976640701294,
            8.243155241012573,
            8.504847764968872,
            8.442000389099121,
            8.696406126022339,
            8.678142070770264,
            8.708271980285645,
            8.787495136260986,
            8.82089877128601,
            8.983067989349365,
            9.128954887390137,
            9.180994510650635,
            9.286989450454712,
            9.25333833694458,
            9.251736164093018,
            9.312729120254517,
            9.363029479980469,
            9.372420072555542,
            9.556113243103027,
            9.566615104675293,
            9.649299144744873,
            9.628769874572754,
            9.77599811553955,
            9.800300121307373,
            9.83934998512268,
            9.836995601654053,
            9.970114469528198,
            9.990232706069946,
            9.969461441040039,
            9.952496767044067,
            9.827168226242065,
            9.852053880691528,
            9.870700120925903,
            10.037821054458618,
            10.03809404373169,
            10.053476333618164,
            9.980819702148438,
            10.24981951713562,
            10.31400465965271,
            10.324360609054565,
            10.33542251586914,
            10.364655017852783,
            10.32503080368042,
            10.380485534667969,
            10.371642827987671,
            10.48511815071106,
            10.467246770858765,
            10.529935836791992,
            10.567622661590576,
            10.541548490524292,
            10.569072961807251,
            10.59155797958374,
            10.615051507949829,
            10.61424708366394,
            10.734524011611938,
            10.902997255325317,
            10.91498875617981,
            10.889368534088135,
            11.025498151779175,
            11.013450384140015,
            11.000742197036743,
            10.967798709869385,
            11.000773429870605,
            11.000599145889282,
            11.028685808181763,
            11.087750673294067,
            11.077423095703125,
            11.108812808990479,
            11.210919618606567,
            11.300668478012085,
            11.192539930343628,
            11.331283330917358,
            11.224796295166016,
            11.290486097335815,
            11.402840852737427,
            11.397865772247314,
            11.597128868103027,
            11.570739030838013,
            11.580538272857666,
            11.493267297744751,
            11.582427740097046,
            11.533161878585815,
            11.613314390182495,
            11.704736232757568,
            11.67600393295288,
            11.754538774490356,
            11.651772260665894,
            11.812833309173584,
            11.497341394424438,
            11.527158260345459,
            11.570564270019531,
            11.624786138534546,
            11.592459917068481,
            11.597321271896362,
            11.663954019546509,
            11.748737096786499,
            11.709508419036865,
            11.674506902694702,
            11.833091974258423,
            11.820288896560669,
            11.861334323883057,
            11.95327615737915,
            11.945496559143066
        ],
        "output_image_path": "/model_deploy_execution_attack_for_pipeline/outputs/age_googlenet_mnn_167693_ttba_attack/adversarial_image.png"
    }
}