{
    "status": "SUCCESS",
    "config": {
        "executable": "./resources/execution_files/fsanet_headpose_mnn",
        "benign_image": "/img_align_celeba/181470.jpg",
        "initial_adv_image": "/img_align_celeba/118047.jpg",
        "l2_epsilon_goal": 0.05,
        "linf_epsilon_goal": 0.06274509803921569,
        "query_budget": 40000,
        "max_iterations": 1000,
        "initial_queries": 50,
        "dimension_reduction": 1.0
    },
    "results": {
        "total_queries": 14080,
        "final_l2_distance": 4.443485260009766,
        "final_linf_distance": 0.06068474054336548,
        "total_duration_seconds": 156.44530487060547,
        "iteration_times_seconds": [
            2.6261820793151855,
            2.6241486072540283,
            2.752485990524292,
            2.7097020149230957,
            2.725893020629883,
            2.761774778366089,
            2.7344253063201904,
            2.8123414516448975,
            2.7966792583465576,
            2.727125406265259,
            2.848931312561035,
            2.7541322708129883,
            2.804271936416626,
            2.8876841068267822,
            2.882880687713623,
            2.8919365406036377,
            2.8209989070892334,
            2.9045443534851074,
            2.924215316772461,
            2.88205623626709,
            2.929236888885498,
            2.981053590774536,
            2.8855507373809814,
            2.9467172622680664,
            3.0793797969818115,
            3.093778610229492,
            3.0187270641326904,
            3.002737522125244,
            3.1219587326049805,
            2.9417054653167725,
            3.020807981491089,
            2.9667327404022217,
            2.875838279724121,
            3.1108875274658203,
            3.0249783992767334,
            3.07572340965271,
            3.040886163711548,
            3.1021459102630615,
            3.165248394012451,
            3.1444404125213623,
            3.1416869163513184,
            3.187089443206787,
            3.1577165126800537,
            3.081876039505005,
            3.141483783721924,
            3.2414700984954834,
            3.204401969909668,
            3.247091770172119,
            3.14473557472229,
            3.3085038661956787,
            3.233854293823242,
            3.207134485244751
        ],
        "output_image_path": "/model_deploy_execution_attack_for_pipeline/outputs/fsanet_headpose_mnn_181470_ttba_attack/adversarial_image.png"
    }
}