{
    "status": "BUDGET_EXHAUSTED",
    "config": {
        "executable": "./resources/execution_files/ssrnet_age_mnn",
        "benign_image": "/img_align_celeba/148670.jpg",
        "initial_adv_image": "/img_align_celeba/143533.jpg",
        "l2_epsilon_goal": 0.05,
        "linf_epsilon_goal": 0.06274509803921569,
        "query_budget": 40000,
        "max_iterations": 1000,
        "initial_queries": 50,
        "dimension_reduction": 1.0
    },
    "results": {
        "total_queries": 40145,
        "final_l2_distance": 8.169516563415527,
        "final_linf_distance": 0.10943973064422607,
        "total_duration_seconds": 313.6035141944885,
        "iteration_times_seconds": [
            2.3706610202789307,
            2.2852635383605957,
            2.3309273719787598,
            2.349062204360962,
            2.426553726196289,
            2.5591049194335938,
            2.5645089149475098,
            2.467083692550659,
            2.5237326622009277,
            2.6157279014587402,
            2.641470193862915,
            2.6558549404144287,
            2.6272048950195312,
            2.588158130645752,
            2.670881986618042,
            2.5674960613250732,
            2.6760733127593994,
            2.682126522064209,
            2.593836784362793,
            2.716348648071289,
            2.7430968284606934,
            2.6402838230133057,
            2.846428394317627,
            2.745556592941284,
            2.744629383087158,
            2.6056969165802,
            2.7184619903564453,
            2.732710599899292,
            2.7806060314178467,
            2.762126922607422,
            2.8177132606506348,
            2.8302507400512695,
            2.7785212993621826,
            2.887221336364746,
            2.778737783432007,
            2.775953769683838,
            2.8241868019104004,
            2.859015464782715,
            2.873244285583496,
            2.8537046909332275,
            2.9338486194610596,
            2.8400161266326904,
            2.868518829345703,
            2.828280210494995,
            2.909661293029785,
            2.916964530944824,
            2.974574327468872,
            2.9171786308288574,
            2.7929155826568604,
            2.987327814102173,
            2.936331033706665,
            2.870065212249756,
            2.9247512817382812,
            2.9310953617095947,
            2.9883570671081543,
            3.0627448558807373,
            2.9555957317352295,
            2.9704394340515137,
            3.028987169265747,
            3.011906147003174,
            2.975670576095581,
            2.9839096069335938,
            2.9292662143707275,
            2.9041571617126465,
            2.9860177040100098,
            3.0260019302368164,
            3.118741035461426,
            3.0338528156280518,
            3.1167356967926025,
            2.9462873935699463,
            3.0954396724700928,
            3.0570805072784424,
            3.1503684520721436,
            3.0058693885803223,
            2.988002300262451,
            3.123570203781128,
            3.073181629180908,
            2.993842601776123,
            3.036757469177246,
            3.0718472003936768,
            3.0745530128479004,
            3.127378225326538,
            3.047893762588501,
            3.1073379516601562,
            3.1569314002990723,
            3.124328136444092,
            3.0908291339874268,
            3.3000330924987793,
            3.2056119441986084,
            3.0976696014404297,
            3.1418325901031494,
            3.16036057472229,
            3.2489824295043945,
            3.1906659603118896,
            3.267301321029663,
            3.217064619064331,
            3.248572826385498,
            3.1970834732055664,
            3.3320705890655518,
            3.2573440074920654,
            3.2403087615966797,
            3.2218680381774902,
            3.230205774307251,
            3.1812639236450195,
            3.184511184692383,
            3.297327995300293,
            3.2836718559265137
        ],
        "output_image_path": "/model_deploy_execution_attack_for_pipeline/outputs/ssrnet_age_mnn_148670_ttba_attack/adversarial_image.png"
    }
}