{
    "status": "BUDGET_EXHAUSTED",
    "config": {
        "executable": "resources/execution_files/gender_googlenet_mnn",
        "benign_image": "/img_align_celeba/176985.jpg",
        "initial_adv_image": "/img_align_celeba/098121.jpg",
        "l2_epsilon_goal": 0.05,
        "linf_epsilon_goal": 0.06274509803921569,
        "query_budget": 40000,
        "max_iterations": 1000,
        "initial_queries": 50,
        "dimension_reduction": 1.0
    },
    "results": {
        "total_queries": 40020,
        "final_l2_distance": 5.271933078765869,
        "final_linf_distance": 0.07156515121459961,
        "total_duration_seconds": 946.8397960662842,
        "iteration_times_seconds": [
            5.858412742614746,
            6.199200868606567,
            6.262588262557983,
            6.538907527923584,
            6.553532600402832,
            6.864598751068115,
            6.9045984745025635,
            6.841580390930176,
            6.91243839263916,
            6.904290676116943,
            6.961445331573486,
            7.0376739501953125,
            7.208595037460327,
            7.212270498275757,
            7.482298135757446,
            7.45039963722229,
            7.471218824386597,
            7.507132530212402,
            7.666623115539551,
            7.6648268699646,
            7.6373889446258545,
            7.733151912689209,
            7.74977445602417,
            7.8507468700408936,
            7.918399095535278,
            7.910449266433716,
            8.071104526519775,
            8.178935527801514,
            8.146322011947632,
            8.283435106277466,
            8.353224992752075,
            8.259669065475464,
            8.136592626571655,
            8.141164064407349,
            8.238762617111206,
            8.212923049926758,
            8.222279071807861,
            8.293619871139526,
            8.546167135238647,
            8.51763129234314,
            8.533304929733276,
            8.644683361053467,
            8.611813306808472,
            8.724248170852661,
            8.664602756500244,
            8.746338367462158,
            8.675666332244873,
            8.779947996139526,
            8.778063297271729,
            8.925732612609863,
            9.010268449783325,
            8.978915214538574,
            9.00793719291687,
            8.959450006484985,
            9.045708656311035,
            9.095315933227539,
            9.113207340240479,
            9.286181211471558,
            9.189618110656738,
            9.207316160202026,
            9.243054628372192,
            9.306775569915771,
            9.329314470291138,
            9.297003030776978,
            9.403676509857178,
            9.498600721359253,
            9.477792978286743,
            9.4607093334198,
            9.438342094421387,
            9.501643419265747,
            9.614301204681396,
            9.532805919647217,
            9.624112606048584,
            9.6613929271698,
            9.620731115341187,
            9.569263219833374,
            9.727714538574219,
            9.793888807296753,
            9.84980583190918,
            9.897091627120972,
            9.811478614807129,
            9.84533977508545,
            9.845307350158691,
            9.790139198303223,
            9.808596849441528,
            9.95496916770935,
            9.928719282150269,
            9.840580940246582,
            9.965718507766724,
            9.865172147750854,
            9.970433950424194,
            9.900565147399902,
            10.083210945129395,
            9.9871506690979,
            10.113325119018555,
            10.145851850509644,
            10.169315814971924,
            10.072612047195435,
            10.170910835266113,
            10.241403341293335,
            10.186769008636475,
            10.228156328201294,
            10.199337720870972,
            10.413959980010986,
            10.4749276638031,
            10.45754885673523,
            10.548622131347656
        ],
        "output_image_path": "/model_deploy_execution_attack_for_pipeline/outputs/gender_googlenet_mnn_176985_ttba_attack/adversarial_image.png"
    }
}