{
    "status": "SUCCESS",
    "config": {
        "executable": "./resources/execution_files/fsanet_headpose_mnn",
        "benign_image": "/img_align_celeba/071797.jpg",
        "initial_adv_image": "/img_align_celeba/092418.jpg",
        "l2_epsilon_goal": 0.05,
        "linf_epsilon_goal": 0.06274509803921569,
        "query_budget": 40000,
        "max_iterations": 1000,
        "initial_queries": 50,
        "dimension_reduction": 1.0
    },
    "results": {
        "total_queries": 23448,
        "final_l2_distance": 4.328114032745361,
        "final_linf_distance": 0.059265077114105225,
        "total_duration_seconds": 235.2051682472229,
        "iteration_times_seconds": [
            2.7500550746917725,
            2.783658742904663,
            2.8868281841278076,
            2.7481777667999268,
            2.7602250576019287,
            3.049389600753784,
            2.900831699371338,
            2.915523052215576,
            2.893416404724121,
            3.072969675064087,
            2.968381404876709,
            2.9433534145355225,
            2.9026906490325928,
            2.9683382511138916,
            2.955942153930664,
            2.96929669380188,
            2.9071028232574463,
            3.0847151279449463,
            3.021746873855591,
            3.0079140663146973,
            3.095834493637085,
            3.0155935287475586,
            3.0599522590637207,
            3.024473190307617,
            3.095003604888916,
            3.114499807357788,
            3.0911920070648193,
            3.17203688621521,
            3.112955093383789,
            3.044025421142578,
            3.3056845664978027,
            3.157456636428833,
            3.0832245349884033,
            3.122493028640747,
            3.1633241176605225,
            3.1237051486968994,
            3.1065196990966797,
            3.2880494594573975,
            3.211590528488159,
            3.222874402999878,
            3.1634573936462402,
            3.0852925777435303,
            3.24666428565979,
            3.1791810989379883,
            3.224069356918335,
            3.1470980644226074,
            3.2246956825256348,
            3.1806228160858154,
            3.151304006576538,
            3.272447347640991,
            3.234010934829712,
            3.3535263538360596,
            3.320538282394409,
            3.392547607421875,
            3.2727057933807373,
            3.297975778579712,
            3.357133150100708,
            3.283522129058838,
            3.3451883792877197,
            3.289161443710327,
            3.2218234539031982,
            3.396364212036133,
            3.320676326751709,
            3.27618408203125,
            3.4127235412597656,
            3.351747751235962,
            3.3518738746643066,
            3.51715087890625,
            3.394411325454712,
            3.362103223800659,
            3.4014627933502197,
            3.4522008895874023,
            3.460313558578491,
            3.4086740016937256
        ],
        "output_image_path": "/model_deploy_execution_attack_for_pipeline/outputs/fsanet_headpose_mnn_071797_ttba_attack/adversarial_image.png"
    }
}