{
    "status": "BUDGET_EXHAUSTED",
    "config": {
        "executable": "./resources/execution_files/gender_googlenet_mnn",
        "benign_image": "/img_align_celeba/059741.jpg",
        "initial_adv_image": "/img_align_celeba/173194.jpg",
        "l2_epsilon_goal": 0.05,
        "linf_epsilon_goal": 0.06274509803921569,
        "query_budget": 40000,
        "max_iterations": 1000,
        "initial_queries": 50,
        "dimension_reduction": 1.0
    },
    "results": {
        "total_queries": 40156,
        "final_l2_distance": 10.308785438537598,
        "final_linf_distance": 0.13945554196834564,
        "total_duration_seconds": 937.821489572525,
        "iteration_times_seconds": [
            6.1130287647247314,
            6.38007116317749,
            6.404766321182251,
            6.535816669464111,
            6.586568355560303,
            6.892163276672363,
            6.994246006011963,
            7.177290439605713,
            7.028931617736816,
            7.148169994354248,
            7.195779800415039,
            7.205166578292847,
            7.342275381088257,
            7.400015115737915,
            7.61934232711792,
            7.707918405532837,
            7.591099739074707,
            7.5450005531311035,
            7.629294395446777,
            7.574227809906006,
            7.589693069458008,
            7.668365955352783,
            7.848904609680176,
            7.754624366760254,
            7.807922840118408,
            7.845552444458008,
            8.136847257614136,
            8.09947681427002,
            8.114754915237427,
            8.102337837219238,
            8.20823884010315,
            8.238396167755127,
            8.176063537597656,
            8.170274257659912,
            8.339317798614502,
            8.308278560638428,
            8.393178462982178,
            8.45820689201355,
            8.543842554092407,
            8.5272855758667,
            8.5617036819458,
            8.691706895828247,
            8.697086095809937,
            8.77436637878418,
            8.671207189559937,
            8.753928422927856,
            8.809881210327148,
            8.517505645751953,
            8.697125434875488,
            8.665199518203735,
            8.712312698364258,
            8.841724395751953,
            8.742984294891357,
            8.914879322052002,
            8.799938201904297,
            8.901808261871338,
            8.956171035766602,
            9.01710557937622,
            9.030234813690186,
            9.09394097328186,
            9.08489179611206,
            9.239079713821411,
            9.252322912216187,
            9.215276718139648,
            9.222643852233887,
            9.212183952331543,
            9.34242296218872,
            9.369318962097168,
            9.394712686538696,
            9.301129579544067,
            9.337605237960815,
            9.46178388595581,
            9.447543382644653,
            9.339259624481201,
            9.439130544662476,
            9.536669731140137,
            9.495753765106201,
            9.571170330047607,
            9.608774662017822,
            9.455168724060059,
            9.799756288528442,
            9.610551595687866,
            9.714854001998901,
            9.670422792434692,
            9.61243987083435,
            9.68416166305542,
            9.732563734054565,
            9.750118732452393,
            9.655344009399414,
            9.886273622512817,
            9.758427858352661,
            9.75815725326538,
            9.815715312957764,
            9.81560492515564,
            9.799466371536255,
            9.872498273849487,
            9.990655183792114,
            9.864667177200317,
            9.880005836486816,
            10.046248435974121,
            9.910338878631592,
            9.901923179626465,
            9.993062734603882,
            10.070559740066528,
            10.095208406448364,
            10.188303232192993,
            10.090084791183472
        ],
        "output_image_path": "/model_deploy_execution_attack_for_pipeline/outputs/gender_googlenet_mnn_059741_ttba_attack/adversarial_image.png"
    }
}