{
    "status": "SUCCESS",
    "config": {
        "executable": "./resources/execution_files/ssrnet_age_mnn",
        "benign_image": "/img_align_celeba/170338.jpg",
        "initial_adv_image": "/img_align_celeba/108526.jpg",
        "l2_epsilon_goal": 0.05,
        "linf_epsilon_goal": 0.06274509803921569,
        "query_budget": 40000,
        "max_iterations": 1000,
        "initial_queries": 50,
        "dimension_reduction": 1.0
    },
    "results": {
        "total_queries": 21206,
        "final_l2_distance": 4.578823089599609,
        "final_linf_distance": 0.0613311231136322,
        "total_duration_seconds": 189.3719871044159,
        "iteration_times_seconds": [
            2.404017448425293,
            2.314624071121216,
            2.288104772567749,
            2.347517251968384,
            2.4189932346343994,
            2.4371070861816406,
            2.61480450630188,
            2.525637149810791,
            2.490851402282715,
            2.47395658493042,
            2.5046658515930176,
            2.5971760749816895,
            2.5699994564056396,
            2.5086476802825928,
            2.552433729171753,
            2.6918370723724365,
            2.6966333389282227,
            2.669262647628784,
            2.527580499649048,
            2.5292046070098877,
            2.5208184719085693,
            2.635143995285034,
            2.5809402465820312,
            2.614806652069092,
            2.669400215148926,
            2.8237690925598145,
            2.698744535446167,
            2.6516284942626953,
            2.704143524169922,
            2.750288248062134,
            2.8166849613189697,
            2.724966526031494,
            2.618546724319458,
            2.7184224128723145,
            2.7327468395233154,
            2.743987798690796,
            2.7818048000335693,
            2.779646158218384,
            2.7298991680145264,
            2.854959726333618,
            2.863774538040161,
            2.7117936611175537,
            2.8281362056732178,
            2.900540828704834,
            2.7355380058288574,
            2.7117011547088623,
            2.9134774208068848,
            3.000998020172119,
            2.8450512886047363,
            2.815495252609253,
            2.8480312824249268,
            2.7662906646728516,
            2.8705646991729736,
            2.91320538520813,
            2.901402235031128,
            2.9307525157928467,
            2.9092841148376465,
            2.9226341247558594,
            2.8421590328216553,
            2.8966920375823975,
            2.9305343627929688,
            2.9665322303771973,
            2.8957316875457764,
            2.896758556365967,
            2.8594534397125244,
            3.039677619934082,
            2.959088087081909,
            2.92261004447937,
            3.0203678607940674
        ],
        "output_image_path": "/model_deploy_execution_attack_for_pipeline/outputs/ssrnet_age_mnn_170338_ttba_attack/adversarial_image.png"
    }
}