{
    "status": "BUDGET_EXHAUSTED",
    "config": {
        "executable": "./resources/execution_files/emotion_ferplus_mnn",
        "benign_image": "/img_align_celeba/158463.jpg",
        "initial_adv_image": "/img_align_celeba/046885.jpg",
        "l2_epsilon_goal": 0.05,
        "linf_epsilon_goal": 0.06274509803921569,
        "query_budget": 40000,
        "max_iterations": 1000,
        "initial_queries": 50,
        "dimension_reduction": 1.0
    },
    "results": {
        "total_queries": 40110,
        "final_l2_distance": 8.137853622436523,
        "final_linf_distance": 0.16596588492393494,
        "total_duration_seconds": 995.1900343894958,
        "iteration_times_seconds": [
            6.357520818710327,
            6.728174686431885,
            6.816896677017212,
            6.9328837394714355,
            6.980869293212891,
            7.077385902404785,
            7.4904234409332275,
            7.488482475280762,
            7.542574405670166,
            7.36082124710083,
            7.597931385040283,
            7.60979437828064,
            7.673298358917236,
            7.666294574737549,
            7.718529939651489,
            7.909508943557739,
            8.022210359573364,
            8.091423988342285,
            8.166267395019531,
            8.142415761947632,
            8.164470195770264,
            8.173013925552368,
            8.209100008010864,
            8.406124114990234,
            8.342195510864258,
            8.438843488693237,
            8.509809494018555,
            8.611540079116821,
            8.679335117340088,
            8.665486097335815,
            8.548840522766113,
            8.535379648208618,
            8.642528057098389,
            8.591590404510498,
            8.683506965637207,
            8.771093130111694,
            8.754857063293457,
            8.873749256134033,
            8.893349885940552,
            8.877452611923218,
            8.987051486968994,
            9.154646873474121,
            9.131138324737549,
            9.175891637802124,
            9.245558261871338,
            9.244677066802979,
            9.184300422668457,
            9.244969367980957,
            9.342600345611572,
            9.38534140586853,
            9.331734657287598,
            9.537413358688354,
            9.452337741851807,
            9.566507816314697,
            9.409227132797241,
            9.519835710525513,
            9.552565336227417,
            9.650147199630737,
            9.615019083023071,
            9.729745864868164,
            9.811150074005127,
            9.871924638748169,
            9.766446352005005,
            9.72482705116272,
            9.6940176486969,
            9.800300598144531,
            9.762249231338501,
            9.8270742893219,
            9.897013664245605,
            9.88971209526062,
            9.843678951263428,
            9.876092910766602,
            9.892986536026001,
            9.893046617507935,
            9.899364709854126,
            9.920024394989014,
            9.970890760421753,
            10.083244562149048,
            9.94657278060913,
            10.170808553695679,
            10.259379863739014,
            10.262139558792114,
            10.213047742843628,
            10.21816897392273,
            10.29332685470581,
            10.316997528076172,
            10.409891843795776,
            10.464342594146729,
            10.390723466873169,
            10.452908277511597,
            10.464300155639648,
            10.473052501678467,
            10.54863953590393,
            10.556135416030884,
            10.582020282745361,
            10.639628410339355,
            10.611595869064331,
            10.622835159301758,
            10.66692328453064,
            10.656213760375977,
            10.67612361907959,
            10.626662492752075,
            10.790795087814331,
            10.809297800064087,
            10.909481287002563,
            10.95824670791626,
            10.9614417552948
        ],
        "output_image_path": "/model_deploy_execution_attack_for_pipeline/outputs/emotion_ferplus_mnn_158463_ttba_attack/adversarial_image.png"
    }
}