{
    "status": "SUCCESS",
    "config": {
        "executable": "./resources/execution_files/ssrnet_age_mnn",
        "benign_image": "/img_align_celeba/053244.jpg",
        "initial_adv_image": "/img_align_celeba/109604.jpg",
        "l2_epsilon_goal": 0.05,
        "linf_epsilon_goal": 0.06274509803921569,
        "query_budget": 40000,
        "max_iterations": 1000,
        "initial_queries": 50,
        "dimension_reduction": 1.0
    },
    "results": {
        "total_queries": 18610,
        "final_l2_distance": 4.8094964027404785,
        "final_linf_distance": 0.06088942289352417,
        "total_duration_seconds": 171.05926895141602,
        "iteration_times_seconds": [
            2.2401955127716064,
            2.356614828109741,
            2.4080169200897217,
            2.399970293045044,
            2.381971597671509,
            2.449963092803955,
            2.493875503540039,
            2.522759199142456,
            2.503605842590332,
            2.675196647644043,
            2.522672653198242,
            2.5888805389404297,
            2.674846649169922,
            2.586174249649048,
            2.6629557609558105,
            2.665648937225342,
            2.626735210418701,
            2.644113540649414,
            2.5554068088531494,
            2.560901165008545,
            2.5343101024627686,
            2.661543846130371,
            2.4829459190368652,
            2.6764063835144043,
            2.663090229034424,
            2.6773180961608887,
            2.7482101917266846,
            2.6137990951538086,
            2.680217742919922,
            2.617849349975586,
            2.600602388381958,
            2.824730634689331,
            2.7631888389587402,
            2.71706223487854,
            2.787916660308838,
            2.7216434478759766,
            2.7500579357147217,
            2.699718475341797,
            2.741565227508545,
            2.773250102996826,
            2.790327310562134,
            2.8289687633514404,
            2.7543413639068604,
            2.77028751373291,
            2.881420612335205,
            2.848076581954956,
            2.8072011470794678,
            2.9237325191497803,
            2.7677438259124756,
            2.886467456817627,
            2.727415084838867,
            2.7793145179748535,
            2.7624969482421875,
            2.7353692054748535,
            2.814255475997925,
            2.8658666610717773,
            2.8816285133361816,
            2.8897619247436523,
            2.8673672676086426,
            2.9421486854553223,
            2.875321626663208,
            2.8916513919830322,
            2.933990955352783
        ],
        "output_image_path": "/model_deploy_execution_attack_for_pipeline/outputs/ssrnet_age_mnn_053244_ttba_attack/adversarial_image.png"
    }
}