{
    "status": "BUDGET_EXHAUSTED",
    "config": {
        "executable": "./resources/execution_files/emotion_ferplus_mnn",
        "benign_image": "/img_align_celeba/100608.jpg",
        "initial_adv_image": "/img_align_celeba/005770.jpg",
        "l2_epsilon_goal": 0.05,
        "linf_epsilon_goal": 0.06274509803921569,
        "query_budget": 40000,
        "max_iterations": 1000,
        "initial_queries": 50,
        "dimension_reduction": 1.0
    },
    "results": {
        "total_queries": 40162,
        "final_l2_distance": 16.97340965270996,
        "final_linf_distance": 0.24081885814666748,
        "total_duration_seconds": 1007.3906424045563,
        "iteration_times_seconds": [
            6.52411413192749,
            6.787092208862305,
            6.825194835662842,
            7.034614086151123,
            7.0843119621276855,
            7.231368064880371,
            7.363562822341919,
            7.4607179164886475,
            7.242570161819458,
            7.432904243469238,
            7.461714267730713,
            7.550724029541016,
            7.583489179611206,
            7.752511024475098,
            7.922938585281372,
            7.985921859741211,
            8.112229585647583,
            7.988274335861206,
            8.02443552017212,
            8.168901205062866,
            8.11824631690979,
            8.194305658340454,
            8.298168897628784,
            8.349318504333496,
            8.520377159118652,
            8.501965999603271,
            8.48061728477478,
            8.65300440788269,
            8.67092490196228,
            8.751915693283081,
            8.75290822982788,
            8.86939525604248,
            8.794104814529419,
            8.92105770111084,
            9.00274395942688,
            8.867017984390259,
            8.929089069366455,
            8.999789953231812,
            8.827532291412354,
            8.931418895721436,
            8.942749500274658,
            9.117690563201904,
            9.06447172164917,
            9.2208411693573,
            9.265325784683228,
            9.24959421157837,
            9.353726625442505,
            9.250943422317505,
            9.255406856536865,
            9.2940993309021,
            9.37885856628418,
            9.54272723197937,
            9.472848415374756,
            9.452727794647217,
            9.51827096939087,
            9.490667819976807,
            9.603562593460083,
            9.691102504730225,
            9.681873798370361,
            9.72084093093872,
            9.78945779800415,
            9.817617654800415,
            9.932658195495605,
            9.91260576248169,
            9.912372827529907,
            9.98319149017334,
            9.987329483032227,
            9.986178874969482,
            10.013718366622925,
            9.997421503067017,
            10.15291690826416,
            10.083897113800049,
            10.04338026046753,
            10.092417478561401,
            10.176323413848877,
            10.172154188156128,
            10.26225733757019,
            10.209861755371094,
            10.343555927276611,
            10.502833604812622,
            10.509108781814575,
            10.494895696640015,
            10.483890771865845,
            10.52964997291565,
            10.59749436378479,
            10.636576175689697,
            10.58148980140686,
            10.665388107299805,
            10.749112606048584,
            10.732195854187012,
            10.745421171188354,
            10.727190971374512,
            10.783108711242676,
            10.697461128234863,
            10.825106143951416,
            10.742874383926392,
            10.800012588500977,
            10.898733854293823,
            10.948228359222412,
            10.891376733779907,
            10.873922348022461,
            10.900079727172852,
            10.956592559814453,
            10.970546960830688,
            11.071701049804688,
            11.084795236587524,
            11.124486446380615
        ],
        "output_image_path": "/model_deploy_execution_attack_for_pipeline/outputs/emotion_ferplus_mnn_100608_ttba_attack/adversarial_image.png"
    }
}