{
    "status": "BUDGET_EXHAUSTED",
    "config": {
        "executable": "./resources/execution_files/age_googlenet_mnn",
        "benign_image": "/img_align_celeba/091677.jpg",
        "initial_adv_image": "/img_align_celeba/00000011.png",
        "l2_epsilon_goal": 0.05,
        "linf_epsilon_goal": 0.06274509803921569,
        "query_budget": 40000,
        "max_iterations": 1000,
        "initial_queries": 50,
        "dimension_reduction": 1.0
    },
    "results": {
        "total_queries": 40350,
        "final_l2_distance": 46.6602897644043,
        "final_linf_distance": 0.6070466041564941,
        "total_duration_seconds": 1149.906017780304,
        "iteration_times_seconds": [
            7.850778102874756,
            8.151765584945679,
            8.198731184005737,
            8.321812391281128,
            8.451932668685913,
            8.462845802307129,
            8.81130576133728,
            8.809162616729736,
            8.892676830291748,
            8.950515270233154,
            8.990882396697998,
            9.04406476020813,
            9.187324047088623,
            9.188581943511963,
            9.35953688621521,
            9.441055536270142,
            9.52661943435669,
            9.510621786117554,
            9.516993045806885,
            9.56856894493103,
            9.78076958656311,
            9.74364972114563,
            9.781473636627197,
            9.798445463180542,
            9.885300636291504,
            9.87736988067627,
            10.032567739486694,
            10.032485723495483,
            10.1455717086792,
            10.112714529037476,
            10.176233768463135,
            10.268390655517578,
            10.038509607315063,
            10.084631204605103,
            10.05034327507019,
            10.129855871200562,
            10.201931715011597,
            10.216233253479004,
            10.3185133934021,
            10.237513780593872,
            10.23035192489624,
            10.443726539611816,
            10.447822093963623,
            10.465964555740356,
            10.591511011123657,
            10.571605205535889,
            10.591729164123535,
            10.580053091049194,
            10.727444887161255,
            10.71107792854309,
            10.731885433197021,
            10.772506713867188,
            10.74518346786499,
            10.802011013031006,
            10.873171329498291,
            10.877978086471558,
            11.034419059753418,
            10.954610586166382,
            11.022430658340454,
            11.168003559112549,
            11.189451456069946,
            11.18257212638855,
            11.190931797027588,
            11.235151290893555,
            11.261550903320312,
            11.309709310531616,
            11.342616081237793,
            11.375651359558105,
            11.325522899627686,
            11.363590955734253,
            11.462981462478638,
            11.48902678489685,
            11.41115117073059,
            11.424816608428955,
            11.58914041519165,
            11.61488127708435,
            11.628824234008789,
            11.501220941543579,
            11.56103515625,
            11.610937356948853,
            11.784259796142578,
            11.766601085662842,
            11.836239576339722,
            11.831443786621094,
            11.923945665359497,
            11.840309858322144,
            11.837805271148682,
            11.924392700195312,
            11.924991607666016,
            11.935349941253662,
            11.941271781921387,
            12.03666877746582,
            12.051338911056519,
            11.965852975845337,
            12.099977493286133,
            11.934803485870361,
            11.80113959312439,
            11.937615871429443,
            11.920867681503296,
            11.89352011680603,
            11.93378496170044,
            12.18688416481018,
            12.097195625305176,
            12.051331281661987,
            12.069007873535156,
            12.119927167892456,
            12.176170587539673
        ],
        "output_image_path": "/model_deploy_execution_attack_for_pipeline/outputs/age_googlenet_mnn_091677_ttba_attack/adversarial_image.png"
    }
}