{
    "status": "BUDGET_EXHAUSTED",
    "config": {
        "executable": "./resources/execution_files/age_googlenet_mnn",
        "benign_image": "/img_align_celeba/153250.jpg",
        "initial_adv_image": "/img_align_celeba/00000013.png",
        "l2_epsilon_goal": 0.05,
        "linf_epsilon_goal": 0.06274509803921569,
        "query_budget": 40000,
        "max_iterations": 1000,
        "initial_queries": 50,
        "dimension_reduction": 1.0
    },
    "results": {
        "total_queries": 40359,
        "final_l2_distance": 57.2312126159668,
        "final_linf_distance": 0.7239920496940613,
        "total_duration_seconds": 1156.2260670661926,
        "iteration_times_seconds": [
            7.786170244216919,
            8.076283931732178,
            8.23183536529541,
            8.462082862854004,
            8.404032468795776,
            8.531805515289307,
            8.765391826629639,
            8.95836615562439,
            8.891035318374634,
            8.949804067611694,
            9.041338205337524,
            9.004292488098145,
            9.161376476287842,
            9.248996496200562,
            9.375167608261108,
            9.413200378417969,
            9.617612600326538,
            9.54282283782959,
            9.572647333145142,
            9.591675996780396,
            9.740474462509155,
            9.71811294555664,
            9.691917896270752,
            9.746010541915894,
            9.884521484375,
            9.960167646408081,
            10.01899528503418,
            10.119742631912231,
            10.163891553878784,
            9.934062480926514,
            10.07459020614624,
            9.988649368286133,
            10.065772771835327,
            10.084012031555176,
            10.181591033935547,
            10.276804447174072,
            10.255266189575195,
            10.268254280090332,
            10.349626541137695,
            10.282267093658447,
            10.358723163604736,
            10.56709337234497,
            10.504018545150757,
            10.643651247024536,
            10.630285739898682,
            10.670506000518799,
            10.654461145401001,
            10.71007776260376,
            10.791045427322388,
            10.672922372817993,
            10.819660902023315,
            10.743852138519287,
            10.895332098007202,
            10.955830335617065,
            10.923165082931519,
            11.047744750976562,
            10.993031978607178,
            11.062480688095093,
            10.95630669593811,
            11.18690037727356,
            11.161916255950928,
            11.207597494125366,
            11.294628381729126,
            11.253106355667114,
            11.353820323944092,
            11.354728937149048,
            11.379272222518921,
            11.379235982894897,
            11.32439923286438,
            11.291324853897095,
            11.39505648612976,
            11.431654214859009,
            11.518173933029175,
            11.486355781555176,
            11.497272491455078,
            11.530421018600464,
            11.633075714111328,
            11.649077415466309,
            11.811062574386597,
            11.67220664024353,
            11.846399784088135,
            11.766670227050781,
            11.8639657497406,
            11.875424146652222,
            11.899484157562256,
            11.880906343460083,
            11.945806503295898,
            12.091525793075562,
            12.016586780548096,
            11.996951818466187,
            12.06046438217163,
            11.93059778213501,
            12.037997245788574,
            12.163630247116089,
            12.082090854644775,
            12.260301351547241,
            12.181000471115112,
            12.150977611541748,
            12.260067462921143,
            12.205258846282959,
            12.302284717559814,
            12.185553550720215,
            12.392683744430542,
            12.278060913085938,
            12.272579669952393,
            12.468373537063599,
            12.490259408950806
        ],
        "output_image_path": "/model_deploy_execution_attack_for_pipeline/outputs/age_googlenet_mnn_153250_ttba_attack/adversarial_image.png"
    }
}