{
    "status": "SUCCESS",
    "config": {
        "executable": "resources/execution_files/gender_googlenet_mnn",
        "benign_image": "/img_align_celeba/191105.jpg",
        "initial_adv_image": "/img_align_celeba/110369.jpg",
        "l2_epsilon_goal": 0.05,
        "linf_epsilon_goal": 0.06274509803921569,
        "query_budget": 40000,
        "max_iterations": 1000,
        "initial_queries": 50,
        "dimension_reduction": 1.0
    },
    "results": {
        "total_queries": 4170,
        "final_l2_distance": 4.677247524261475,
        "final_linf_distance": 0.062461987137794495,
        "total_duration_seconds": 155.28456830978394,
        "iteration_times_seconds": [
            6.083638668060303,
            6.2953760623931885,
            6.508899450302124,
            6.420029401779175,
            6.5996880531311035,
            6.694172143936157,
            6.880863666534424,
            6.7527148723602295,
            6.659909963607788,
            6.730952739715576,
            6.747415065765381,
            6.805160760879517,
            6.941706657409668,
            7.055141448974609,
            7.052977561950684,
            7.2851293087005615,
            7.309513807296753,
            7.203140020370483,
            7.167354583740234,
            7.214048862457275,
            7.242657899856567,
            7.393002986907959
        ],
        "output_image_path": "/model_deploy_execution_attack_for_pipeline/outputs/gender_googlenet_mnn_191105_ttba_attack/adversarial_image.png"
    }
}