{
    "status": "BUDGET_EXHAUSTED",
    "config": {
        "executable": "./resources/execution_files/age_googlenet_mnn",
        "benign_image": "/img_align_celeba/167693.jpg",
        "initial_adv_image": "/img_align_celeba/00000007.png",
        "l2_epsilon_goal": 0.05,
        "linf_epsilon_goal": 0.06274509803921569,
        "query_budget": 40000,
        "max_iterations": 1000,
        "initial_queries": 50,
        "dimension_reduction": 1.0
    },
    "results": {
        "total_queries": 40277,
        "final_l2_distance": 28.56509017944336,
        "final_linf_distance": 0.3472040295600891,
        "total_duration_seconds": 1137.8119220733643,
        "iteration_times_seconds": [
            7.700480699539185,
            7.982016563415527,
            8.021465063095093,
            8.234252214431763,
            8.054688692092896,
            8.284515142440796,
            8.646735429763794,
            8.611220121383667,
            8.741403102874756,
            8.783495426177979,
            8.905032634735107,
            8.794733762741089,
            8.926026821136475,
            8.944201946258545,
            9.194562435150146,
            9.307942390441895,
            9.285733699798584,
            9.246962785720825,
            9.312852621078491,
            9.350098133087158,
            9.427151441574097,
            9.570180416107178,
            9.522916555404663,
            9.602392196655273,
            9.739300727844238,
            9.733882427215576,
            9.867788791656494,
            9.905793190002441,
            9.919156789779663,
            9.947307586669922,
            9.923651456832886,
            10.047266006469727,
            10.182035446166992,
            10.072741508483887,
            10.232456684112549,
            10.140126705169678,
            10.197668075561523,
            10.348413944244385,
            10.380812644958496,
            10.395971775054932,
            10.368635654449463,
            10.527151823043823,
            10.500040292739868,
            10.538862228393555,
            10.572412252426147,
            10.635098934173584,
            10.701390027999878,
            10.634632587432861,
            10.695140600204468,
            10.702477931976318,
            10.738999128341675,
            10.887885808944702,
            10.810063123703003,
            10.870059967041016,
            10.942349433898926,
            10.67873239517212,
            10.688539266586304,
            10.7316575050354,
            10.77756667137146,
            10.918365716934204,
            11.020370483398438,
            11.05252981185913,
            11.12052035331726,
            11.043830633163452,
            11.02790379524231,
            11.174471855163574,
            11.095518112182617,
            11.127760887145996,
            11.094751358032227,
            11.109002113342285,
            11.163359880447388,
            11.239945650100708,
            11.291929244995117,
            11.360984325408936,
            11.24482011795044,
            11.425787687301636,
            11.329872369766235,
            11.408589363098145,
            11.44573187828064,
            11.445118427276611,
            11.698220491409302,
            11.574785232543945,
            11.676725149154663,
            11.573844194412231,
            11.702725172042847,
            11.833038330078125,
            11.7686288356781,
            11.688424348831177,
            11.719743728637695,
            11.818771839141846,
            11.790522575378418,
            11.828355550765991,
            11.959566354751587,
            11.894622564315796,
            11.88453483581543,
            12.009509086608887,
            11.946367263793945,
            11.91760778427124,
            11.907881736755371,
            11.996208906173706,
            12.024568796157837,
            12.045679569244385,
            12.039945125579834,
            11.970240354537964,
            12.043913125991821,
            12.313863039016724,
            12.267946720123291
        ],
        "output_image_path": "/model_deploy_execution_attack_for_pipeline/outputs/age_googlenet_mnn_167693_ttba_attack/adversarial_image.png"
    }
}