{
    "status": "BUDGET_EXHAUSTED",
    "config": {
        "executable": "./resources/execution_files/age_googlenet_mnn",
        "benign_image": "/img_align_celeba/018721.jpg",
        "initial_adv_image": "/img_align_celeba/00000019.png",
        "l2_epsilon_goal": 0.05,
        "linf_epsilon_goal": 0.06274509803921569,
        "query_budget": 40000,
        "max_iterations": 1000,
        "initial_queries": 50,
        "dimension_reduction": 1.0
    },
    "results": {
        "total_queries": 40345,
        "final_l2_distance": 41.37091827392578,
        "final_linf_distance": 0.5448647141456604,
        "total_duration_seconds": 1149.6833391189575,
        "iteration_times_seconds": [
            7.87147068977356,
            8.186506032943726,
            8.249044418334961,
            8.276864051818848,
            8.484106540679932,
            8.427577495574951,
            8.877988815307617,
            8.923752069473267,
            8.830634832382202,
            8.908086061477661,
            8.946276664733887,
            9.113046646118164,
            9.10188913345337,
            9.103816032409668,
            9.304420948028564,
            9.390507221221924,
            9.466432809829712,
            9.486630201339722,
            9.568947792053223,
            9.547401428222656,
            9.671977996826172,
            9.778775453567505,
            9.798823833465576,
            9.763750791549683,
            9.86218810081482,
            9.896802186965942,
            10.096467018127441,
            10.051342487335205,
            10.14905071258545,
            10.132102966308594,
            10.203052997589111,
            10.316527366638184,
            10.285369634628296,
            10.23517894744873,
            10.279173612594604,
            10.358675718307495,
            10.12334656715393,
            10.2931067943573,
            10.25792145729065,
            10.258649826049805,
            10.309234857559204,
            10.564970254898071,
            10.548722505569458,
            10.619224786758423,
            10.560478448867798,
            10.592637062072754,
            10.61636209487915,
            10.72574496269226,
            10.76433801651001,
            10.730295419692993,
            10.696743249893188,
            10.777446508407593,
            10.807940244674683,
            10.788377523422241,
            10.81346583366394,
            10.862708806991577,
            10.888097047805786,
            10.993091583251953,
            11.043576955795288,
            11.098690032958984,
            11.230081558227539,
            11.218392372131348,
            11.259958505630493,
            11.263865947723389,
            11.332799673080444,
            11.330355644226074,
            11.31172800064087,
            11.350510597229004,
            11.345556497573853,
            11.360948085784912,
            11.438283443450928,
            11.465409755706787,
            11.432626485824585,
            11.417525291442871,
            11.460357904434204,
            11.480706691741943,
            11.469999313354492,
            11.61985182762146,
            11.570536136627197,
            11.67448377609253,
            11.767601251602173,
            11.851799249649048,
            11.911353349685669,
            11.916320323944092,
            11.783809185028076,
            11.899782180786133,
            11.773273706436157,
            11.871176719665527,
            11.68142294883728,
            11.787869691848755,
            11.875108242034912,
            11.773482084274292,
            11.829601764678955,
            11.857590436935425,
            11.82977843284607,
            11.829033851623535,
            11.845783233642578,
            11.860788345336914,
            11.945617914199829,
            12.009589672088623,
            12.033501625061035,
            12.046417474746704,
            12.032958269119263,
            11.98436951637268,
            12.011632680892944,
            12.183336973190308,
            12.242631673812866
        ],
        "output_image_path": "/model_deploy_execution_attack_for_pipeline/outputs/age_googlenet_mnn_018721_ttba_attack/adversarial_image.png"
    }
}