{
    "status": "BUDGET_EXHAUSTED",
    "config": {
        "executable": "./resources/execution_files/gender_googlenet_mnn",
        "benign_image": "/img_align_celeba/088332.jpg",
        "initial_adv_image": "/img_align_celeba/142349.jpg",
        "l2_epsilon_goal": 0.05,
        "linf_epsilon_goal": 0.06274509803921569,
        "query_budget": 40000,
        "max_iterations": 1000,
        "initial_queries": 50,
        "dimension_reduction": 1.0
    },
    "results": {
        "total_queries": 40053,
        "final_l2_distance": 6.2395524978637695,
        "final_linf_distance": 0.08057329058647156,
        "total_duration_seconds": 916.947624206543,
        "iteration_times_seconds": [
            6.041583061218262,
            6.322390794754028,
            6.200617790222168,
            6.320847272872925,
            6.443031549453735,
            6.6043596267700195,
            6.733717918395996,
            6.812815427780151,
            6.873396873474121,
            6.882465600967407,
            6.922821283340454,
            6.824655294418335,
            6.902952194213867,
            7.064777851104736,
            7.015962362289429,
            7.254382371902466,
            7.162061452865601,
            7.248298406600952,
            7.358307361602783,
            7.375729560852051,
            7.449443101882935,
            7.473798513412476,
            7.5486555099487305,
            7.524990797042847,
            7.618813991546631,
            7.766799688339233,
            7.839350700378418,
            7.798730373382568,
            7.873265981674194,
            7.961479902267456,
            8.042529582977295,
            8.035396814346313,
            8.023724555969238,
            8.036618709564209,
            8.140565395355225,
            8.07374906539917,
            8.109010934829712,
            8.245507717132568,
            8.27823281288147,
            8.190851211547852,
            8.253792762756348,
            8.287980079650879,
            8.280740022659302,
            8.452627658843994,
            8.370901584625244,
            8.3280029296875,
            8.562703371047974,
            8.479602813720703,
            8.462525606155396,
            8.435068130493164,
            8.512403011322021,
            8.530193090438843,
            8.536713361740112,
            8.619364261627197,
            8.702189683914185,
            8.737064361572266,
            8.77336573600769,
            8.896056652069092,
            8.829389810562134,
            8.878043413162231,
            8.91846513748169,
            8.933077573776245,
            9.062796354293823,
            9.037901639938354,
            9.021207571029663,
            9.17765188217163,
            9.065141677856445,
            9.124431848526001,
            9.169793128967285,
            9.226589918136597,
            9.281725645065308,
            9.175803422927856,
            9.173925399780273,
            9.25320053100586,
            9.381977081298828,
            9.311264753341675,
            9.380369901657104,
            9.3735511302948,
            9.383546113967896,
            9.409075260162354,
            9.660922527313232,
            9.46590280532837,
            9.541121482849121,
            9.691720247268677,
            9.599377870559692,
            9.583431005477905,
            9.506502866744995,
            9.688426494598389,
            9.706172227859497,
            9.745926856994629,
            9.757319450378418,
            9.851577043533325,
            9.773436784744263,
            9.81092643737793,
            9.843810558319092,
            9.804108142852783,
            9.809595346450806,
            9.954542398452759,
            10.022152662277222,
            9.735902070999146,
            9.800212383270264,
            9.696220397949219,
            9.887823581695557,
            9.879229545593262,
            9.952213764190674,
            9.765556573867798,
            10.015178203582764
        ],
        "output_image_path": "/model_deploy_execution_attack_for_pipeline/outputs/gender_googlenet_mnn_088332_ttba_attack/adversarial_image.png"
    }
}