{
    "status": "BUDGET_EXHAUSTED",
    "config": {
        "executable": "./resources/execution_files/emotion_ferplus_mnn",
        "benign_image": "/img_align_celeba/187015.jpg",
        "initial_adv_image": "/img_align_celeba/005770.jpg",
        "l2_epsilon_goal": 0.05,
        "linf_epsilon_goal": 0.06274509803921569,
        "query_budget": 40000,
        "max_iterations": 1000,
        "initial_queries": 50,
        "dimension_reduction": 1.0
    },
    "results": {
        "total_queries": 40169,
        "final_l2_distance": 11.038897514343262,
        "final_linf_distance": 0.3320557475090027,
        "total_duration_seconds": 1005.4697554111481,
        "iteration_times_seconds": [
            6.407535791397095,
            6.741068601608276,
            6.891864061355591,
            6.943247556686401,
            7.030103921890259,
            7.166672706604004,
            7.3634631633758545,
            7.4516026973724365,
            7.534729719161987,
            7.567617416381836,
            7.696518659591675,
            7.7625977993011475,
            7.856996774673462,
            7.846920967102051,
            7.815446853637695,
            7.903935670852661,
            7.978041172027588,
            8.073861598968506,
            8.111589431762695,
            8.087429523468018,
            8.193937063217163,
            8.334205627441406,
            8.337135553359985,
            8.286742448806763,
            8.318011283874512,
            8.401271104812622,
            8.649628639221191,
            8.58987283706665,
            8.63904881477356,
            8.69788146018982,
            8.751343250274658,
            8.80094575881958,
            8.788134336471558,
            8.867933750152588,
            8.846565008163452,
            8.817729473114014,
            8.966641187667847,
            8.963722705841064,
            9.14306926727295,
            9.089748620986938,
            9.084580183029175,
            9.241297245025635,
            9.337601661682129,
            9.32835602760315,
            9.412652492523193,
            9.39823055267334,
            9.396191358566284,
            9.433094024658203,
            9.48180866241455,
            9.47378420829773,
            9.544084548950195,
            9.460887670516968,
            9.35796570777893,
            9.505142211914062,
            9.395549535751343,
            9.509020328521729,
            9.569534301757812,
            9.628385543823242,
            9.637224912643433,
            9.757954597473145,
            9.670224905014038,
            9.799135208129883,
            9.85285472869873,
            9.969019412994385,
            9.88634967803955,
            9.984891891479492,
            9.887613296508789,
            9.849608421325684,
            10.000333786010742,
            9.973304986953735,
            10.016270875930786,
            10.147791385650635,
            10.130364894866943,
            10.188551425933838,
            10.223439931869507,
            10.22448444366455,
            10.255058765411377,
            10.150918960571289,
            10.179234743118286,
            10.32166838645935,
            10.491086959838867,
            10.441741466522217,
            10.444904804229736,
            10.544333696365356,
            10.529438972473145,
            10.51535677909851,
            10.56641435623169,
            10.551157474517822,
            10.6626718044281,
            10.652475595474243,
            10.717271566390991,
            10.658411264419556,
            10.710587501525879,
            10.705201387405396,
            10.710941076278687,
            10.778297901153564,
            10.575461626052856,
            10.598421812057495,
            10.7225923538208,
            10.686031818389893,
            10.657994031906128,
            10.722326040267944,
            10.814063787460327,
            10.715273380279541,
            10.862837791442871,
            10.821454763412476,
            10.993845701217651
        ],
        "output_image_path": "/model_deploy_execution_attack_for_pipeline/outputs/emotion_ferplus_mnn_187015_ttba_attack/adversarial_image.png"
    }
}