{
    "status": "BUDGET_EXHAUSTED",
    "config": {
        "executable": "./resources/execution_files/fsanet_headpose_mnn",
        "benign_image": "/img_align_celeba/105770.jpg",
        "initial_adv_image": "/img_align_celeba/151447.jpg",
        "l2_epsilon_goal": 0.05,
        "linf_epsilon_goal": 0.06274509803921569,
        "query_budget": 40000,
        "max_iterations": 1000,
        "initial_queries": 50,
        "dimension_reduction": 1.0
    },
    "results": {
        "total_queries": 40100,
        "final_l2_distance": 7.626763343811035,
        "final_linf_distance": 0.09748473763465881,
        "total_duration_seconds": 361.6779706478119,
        "iteration_times_seconds": [
            2.645188331604004,
            2.608457326889038,
            2.621769428253174,
            2.7661831378936768,
            2.726992607116699,
            2.883864402770996,
            2.858279228210449,
            2.973296642303467,
            2.8848609924316406,
            2.8857502937316895,
            3.015089273452759,
            2.900825262069702,
            2.98166823387146,
            2.8902580738067627,
            3.090075731277466,
            3.0238537788391113,
            3.1053435802459717,
            2.986968994140625,
            3.1036219596862793,
            3.1434309482574463,
            3.094773769378662,
            3.19614577293396,
            3.017131805419922,
            3.1815364360809326,
            3.179391860961914,
            3.1667919158935547,
            3.0895273685455322,
            3.099179267883301,
            3.0992307662963867,
            3.188961982727051,
            3.2384209632873535,
            3.2466657161712646,
            3.2107574939727783,
            3.131782293319702,
            3.13577938079834,
            3.149991750717163,
            3.1991498470306396,
            3.279754877090454,
            3.2988061904907227,
            3.3223230838775635,
            3.278189182281494,
            3.34470796585083,
            3.2578041553497314,
            3.3414015769958496,
            3.4080820083618164,
            3.35375714302063,
            3.197540283203125,
            3.3081886768341064,
            3.384830951690674,
            3.4354054927825928,
            3.399378538131714,
            3.3934192657470703,
            3.4619674682617188,
            3.4045138359069824,
            3.4249043464660645,
            3.461300849914551,
            3.4600186347961426,
            3.4993486404418945,
            3.540349006652832,
            3.404618263244629,
            3.5126662254333496,
            3.4233999252319336,
            3.43178391456604,
            3.569927215576172,
            3.5508265495300293,
            3.4145772457122803,
            3.457429885864258,
            3.631643533706665,
            3.5298194885253906,
            3.542717456817627,
            3.528959035873413,
            3.6539053916931152,
            3.5605385303497314,
            3.670321226119995,
            3.596280097961426,
            3.561915874481201,
            3.573183536529541,
            3.7068848609924316,
            3.6489145755767822,
            3.4794766902923584,
            3.5286648273468018,
            3.5143206119537354,
            3.5702414512634277,
            3.581010341644287,
            3.5885980129241943,
            3.740238666534424,
            3.671966314315796,
            3.76479172706604,
            3.5518429279327393,
            3.648749589920044,
            3.609316349029541,
            3.660613775253296,
            3.7836384773254395,
            3.704428195953369,
            3.691234588623047,
            3.7770514488220215,
            3.763584613800049,
            3.7452011108398438,
            3.7826504707336426,
            3.6186161041259766,
            3.68349289894104,
            3.6627230644226074,
            3.656468152999878,
            3.809654951095581,
            3.777148962020874,
            3.7476754188537598,
            3.836745262145996
        ],
        "output_image_path": "/model_deploy_execution_attack_for_pipeline/outputs/fsanet_headpose_mnn_105770_ttba_attack/adversarial_image.png"
    }
}