{
    "status": "BUDGET_EXHAUSTED",
    "config": {
        "executable": "./resources/execution_files/fsanet_headpose_mnn",
        "benign_image": "/img_align_celeba/076946.jpg",
        "initial_adv_image": "/img_align_celeba/103473.jpg",
        "l2_epsilon_goal": 0.05,
        "linf_epsilon_goal": 0.06274509803921569,
        "query_budget": 40000,
        "max_iterations": 1000,
        "initial_queries": 50,
        "dimension_reduction": 1.0
    },
    "results": {
        "total_queries": 40115,
        "final_l2_distance": 9.147992134094238,
        "final_linf_distance": 0.11972814798355103,
        "total_duration_seconds": 362.9201354980469,
        "iteration_times_seconds": [
            2.7278504371643066,
            2.872046947479248,
            2.6940319538116455,
            2.8321053981781006,
            2.8102450370788574,
            2.852853536605835,
            3.0070111751556396,
            2.8914196491241455,
            2.9527392387390137,
            2.870499610900879,
            2.969271183013916,
            2.944011926651001,
            2.9828498363494873,
            2.901421070098877,
            2.9664933681488037,
            3.0138094425201416,
            3.012009620666504,
            3.0267679691314697,
            3.1295149326324463,
            3.0400540828704834,
            3.02719783782959,
            3.1860196590423584,
            3.0468814373016357,
            3.1402132511138916,
            3.081423759460449,
            3.151181936264038,
            3.1746199131011963,
            3.2833588123321533,
            3.2028286457061768,
            3.167264699935913,
            3.204219341278076,
            3.260017156600952,
            3.192768096923828,
            3.0356249809265137,
            3.2263987064361572,
            3.269442558288574,
            3.2250349521636963,
            3.295008659362793,
            3.2204723358154297,
            3.3251566886901855,
            3.272101640701294,
            3.447690963745117,
            3.252070665359497,
            3.35567569732666,
            3.393139362335205,
            3.3124172687530518,
            3.3875985145568848,
            3.3559210300445557,
            3.417548656463623,
            3.4039158821105957,
            3.4688544273376465,
            3.3609185218811035,
            3.3487708568573,
            3.382686138153076,
            3.4355967044830322,
            3.420208692550659,
            3.4341330528259277,
            3.485450267791748,
            3.511216163635254,
            3.5039219856262207,
            3.324023485183716,
            3.4326093196868896,
            3.5587711334228516,
            3.5315730571746826,
            3.5697033405303955,
            3.4885265827178955,
            3.6183278560638428,
            3.587090492248535,
            3.4230847358703613,
            3.5609958171844482,
            3.5453572273254395,
            3.5991501808166504,
            3.535144090652466,
            3.631983757019043,
            3.562882423400879,
            3.5137665271759033,
            3.581580400466919,
            3.731410503387451,
            3.5904736518859863,
            3.5672543048858643,
            3.5204808712005615,
            3.575810670852661,
            3.6362111568450928,
            3.690402030944824,
            3.6659107208251953,
            3.5385637283325195,
            3.7394392490386963,
            3.690694808959961,
            3.6087303161621094,
            3.70833158493042,
            3.7202930450439453,
            3.6217405796051025,
            3.677237033843994,
            3.7654528617858887,
            3.7198777198791504,
            3.7420496940612793,
            3.7673134803771973,
            3.74160099029541,
            3.667479991912842,
            3.855598211288452,
            3.786858320236206,
            3.7680575847625732,
            3.7381415367126465,
            3.7499098777770996,
            3.763176679611206,
            3.81834077835083,
            3.8002727031707764
        ],
        "output_image_path": "/model_deploy_execution_attack_for_pipeline/outputs/fsanet_headpose_mnn_076946_ttba_attack/adversarial_image.png"
    }
}