{
    "status": "BUDGET_EXHAUSTED",
    "config": {
        "executable": "resources/execution_files/gender_googlenet_mnn",
        "benign_image": "/img_align_celeba/194096.jpg",
        "initial_adv_image": "/img_align_celeba/110369.jpg",
        "l2_epsilon_goal": 0.05,
        "linf_epsilon_goal": 0.06274509803921569,
        "query_budget": 40000,
        "max_iterations": 1000,
        "initial_queries": 50,
        "dimension_reduction": 1.0
    },
    "results": {
        "total_queries": 40179,
        "final_l2_distance": 13.53269100189209,
        "final_linf_distance": 0.20750483870506287,
        "total_duration_seconds": 974.7836799621582,
        "iteration_times_seconds": [
            6.213024377822876,
            6.524780511856079,
            6.539398431777954,
            6.614597797393799,
            6.810671806335449,
            6.881918430328369,
            7.090297698974609,
            7.170644044876099,
            7.223370313644409,
            7.390147686004639,
            7.1505961418151855,
            7.221860885620117,
            7.323538303375244,
            7.385443925857544,
            7.488622188568115,
            7.627418756484985,
            7.621646404266357,
            7.761633396148682,
            7.759138107299805,
            7.7545037269592285,
            7.836786270141602,
            7.855125188827515,
            7.923115491867065,
            8.001346826553345,
            8.081363201141357,
            8.109143733978271,
            8.243144035339355,
            8.363613843917847,
            8.329142093658447,
            8.386971950531006,
            8.340295314788818,
            8.416514873504639,
            8.443326473236084,
            8.593856811523438,
            8.478990316390991,
            8.594993352890015,
            8.641199827194214,
            8.699141025543213,
            8.799147844314575,
            8.839993953704834,
            8.91174578666687,
            8.970012903213501,
            8.975418090820312,
            9.074071645736694,
            9.043257236480713,
            9.082869052886963,
            9.182618856430054,
            9.082730770111084,
            9.204035997390747,
            9.271455764770508,
            9.105490922927856,
            9.216957807540894,
            9.266957998275757,
            9.088656663894653,
            9.273042678833008,
            9.26064944267273,
            9.256038665771484,
            9.382094144821167,
            9.36022400856018,
            9.553947448730469,
            9.597861766815186,
            9.542604923248291,
            9.545400619506836,
            9.60862112045288,
            9.611505508422852,
            9.613285303115845,
            9.741458177566528,
            9.675535678863525,
            9.657626867294312,
            9.657418012619019,
            9.628445625305176,
            9.774126529693604,
            9.90151596069336,
            9.791647911071777,
            9.877228021621704,
            9.984467267990112,
            9.903700828552246,
            9.935315608978271,
            9.936472177505493,
            10.05128788948059,
            10.160107374191284,
            10.178732633590698,
            10.191047668457031,
            10.188426733016968,
            10.263983011245728,
            10.270225048065186,
            10.25130033493042,
            10.19143795967102,
            10.280433893203735,
            10.323095083236694,
            10.311994075775146,
            10.317197322845459,
            10.318986415863037,
            10.350736856460571,
            10.317395687103271,
            10.389103889465332,
            10.327128648757935,
            10.510787010192871,
            10.554087162017822,
            10.641660451889038,
            10.546917915344238,
            10.644916772842407,
            10.647007703781128,
            10.741430282592773,
            10.821949481964111,
            10.770567178726196,
            10.895392894744873
        ],
        "output_image_path": "/model_deploy_execution_attack_for_pipeline/outputs/gender_googlenet_mnn_194096_ttba_attack/adversarial_image.png"
    }
}