{
    "status": "BUDGET_EXHAUSTED",
    "config": {
        "executable": "./resources/execution_files/age_googlenet_mnn",
        "benign_image": "/img_align_celeba/050995.jpg",
        "initial_adv_image": "/img_align_celeba/00000005.png",
        "l2_epsilon_goal": 0.05,
        "linf_epsilon_goal": 0.06274509803921569,
        "query_budget": 40000,
        "max_iterations": 1000,
        "initial_queries": 50,
        "dimension_reduction": 1.0
    },
    "results": {
        "total_queries": 40350,
        "final_l2_distance": 38.848388671875,
        "final_linf_distance": 0.4899817109107971,
        "total_duration_seconds": 1153.211678981781,
        "iteration_times_seconds": [
            7.784951448440552,
            8.120866298675537,
            8.184601783752441,
            8.364907503128052,
            8.399005889892578,
            8.551306247711182,
            8.766725540161133,
            8.800363063812256,
            8.946852922439575,
            8.934475421905518,
            8.967735052108765,
            9.087662696838379,
            9.129585027694702,
            9.14603567123413,
            9.432060956954956,
            9.379118919372559,
            9.503531455993652,
            9.521275758743286,
            9.535202503204346,
            9.600387573242188,
            9.607970237731934,
            9.731673240661621,
            9.832274675369263,
            9.81110143661499,
            9.795566082000732,
            9.791412353515625,
            10.041083812713623,
            10.177141666412354,
            10.12987756729126,
            10.164439916610718,
            10.306435585021973,
            10.281310796737671,
            10.303682565689087,
            10.46612286567688,
            10.38317584991455,
            10.34909701347351,
            10.387054204940796,
            10.479877471923828,
            10.579930782318115,
            10.649894952774048,
            10.28790545463562,
            10.501387119293213,
            10.617089986801147,
            10.57073712348938,
            10.575113534927368,
            10.608457803726196,
            10.619332313537598,
            10.723857402801514,
            10.73702359199524,
            10.720566034317017,
            10.804464101791382,
            10.815377712249756,
            10.8880615234375,
            10.89730715751648,
            10.8943612575531,
            10.991255760192871,
            10.99215054512024,
            10.988587379455566,
            10.995965957641602,
            11.180883407592773,
            11.271195888519287,
            11.18667984008789,
            11.272909879684448,
            11.2486252784729,
            11.29816722869873,
            11.330174922943115,
            11.340502500534058,
            11.313121318817139,
            11.391895771026611,
            11.399580240249634,
            11.395617723464966,
            11.518224000930786,
            11.454287767410278,
            11.43199110031128,
            11.56999135017395,
            11.588602304458618,
            11.568872928619385,
            11.739092588424683,
            11.672744274139404,
            11.74390435218811,
            11.813955068588257,
            11.890021324157715,
            11.888149738311768,
            11.947404861450195,
            11.928864479064941,
            11.994529962539673,
            11.88006854057312,
            11.701498985290527,
            11.731938600540161,
            11.7350013256073,
            11.827068090438843,
            11.769662141799927,
            11.732810020446777,
            11.822943449020386,
            11.836619853973389,
            11.915892124176025,
            11.983285665512085,
            11.956474781036377,
            12.024868726730347,
            11.979445457458496,
            12.001644849777222,
            12.08306622505188,
            12.054716348648071,
            12.013954639434814,
            12.066315174102783,
            12.299315452575684,
            12.320712327957153
        ],
        "output_image_path": "/model_deploy_execution_attack_for_pipeline/outputs/age_googlenet_mnn_050995_ttba_attack/adversarial_image.png"
    }
}