{
    "status": "BUDGET_EXHAUSTED",
    "config": {
        "executable": "./resources/execution_files/emotion_ferplus_mnn",
        "benign_image": "/img_align_celeba/041898.jpg",
        "initial_adv_image": "/img_align_celeba/091663.jpg",
        "l2_epsilon_goal": 0.05,
        "linf_epsilon_goal": 0.06274509803921569,
        "query_budget": 40000,
        "max_iterations": 1000,
        "initial_queries": 50,
        "dimension_reduction": 1.0
    },
    "results": {
        "total_queries": 40538,
        "final_l2_distance": 4.287939071655273,
        "final_linf_distance": 0.06444990634918213,
        "total_duration_seconds": 985.3042871952057,
        "iteration_times_seconds": [
            6.335073232650757,
            6.534182548522949,
            6.701737880706787,
            6.781973838806152,
            6.904849052429199,
            7.050027132034302,
            7.214996099472046,
            7.2629029750823975,
            7.458054065704346,
            7.513482332229614,
            7.521859884262085,
            7.386194467544556,
            7.419934988021851,
            7.545186519622803,
            7.629213333129883,
            7.715293645858765,
            7.8579699993133545,
            7.698814392089844,
            7.830947399139404,
            7.9296135902404785,
            7.770475387573242,
            7.902152061462402,
            8.012993335723877,
            7.961866855621338,
            8.101767539978027,
            8.092064142227173,
            8.223671436309814,
            8.340334177017212,
            8.331708431243896,
            8.25853419303894,
            8.367721319198608,
            8.38907241821289,
            8.450776815414429,
            8.406976461410522,
            8.447566032409668,
            8.549586534500122,
            8.643055200576782,
            8.690134525299072,
            8.77467656135559,
            8.638639688491821,
            8.802422046661377,
            8.872909784317017,
            8.911937713623047,
            8.994702100753784,
            9.003521919250488,
            9.03257966041565,
            9.040827751159668,
            9.095391750335693,
            9.1033775806427,
            9.087412595748901,
            9.194225072860718,
            9.242217063903809,
            9.288305521011353,
            9.265463590621948,
            9.302436113357544,
            9.407402992248535,
            9.392266511917114,
            9.596580982208252,
            9.436909198760986,
            9.5931978225708,
            9.403944253921509,
            9.370651006698608,
            9.489195108413696,
            9.407253742218018,
            9.568963527679443,
            9.566766262054443,
            9.58795976638794,
            9.652530431747437,
            9.564926624298096,
            9.594545841217041,
            9.651642084121704,
            9.654006958007812,
            9.749209642410278,
            9.772148370742798,
            9.798997402191162,
            9.888849258422852,
            9.869281530380249,
            9.948976278305054,
            9.975107908248901,
            9.92198896408081,
            10.10249662399292,
            10.052659034729004,
            10.124484539031982,
            10.191217422485352,
            10.221271276473999,
            10.235332250595093,
            10.299985647201538,
            10.229222774505615,
            10.269035816192627,
            10.258568286895752,
            10.299316644668579,
            10.340832948684692,
            10.306286573410034,
            10.336978673934937,
            10.357381343841553,
            10.291894435882568,
            10.431383848190308,
            10.460012674331665,
            10.452030181884766,
            10.535582065582275,
            10.511033058166504,
            10.586589336395264,
            10.608604907989502,
            10.621152877807617,
            10.642005681991577,
            10.733579874038696,
            10.772013664245605,
            10.85565996170044
        ],
        "output_image_path": "/model_deploy_execution_attack_for_pipeline/outputs/emotion_ferplus_mnn_041898_ttba_attack/adversarial_image.png"
    }
}