{
    "status": "BUDGET_EXHAUSTED",
    "config": {
        "executable": "./resources/execution_files/gender_googlenet_mnn",
        "benign_image": "/img_align_celeba/078957.jpg",
        "initial_adv_image": "/img_align_celeba/007167.jpg",
        "l2_epsilon_goal": 0.05,
        "linf_epsilon_goal": 0.06274509803921569,
        "query_budget": 40000,
        "max_iterations": 1000,
        "initial_queries": 50,
        "dimension_reduction": 1.0
    },
    "results": {
        "total_queries": 40084,
        "final_l2_distance": 5.250685691833496,
        "final_linf_distance": 0.07050582766532898,
        "total_duration_seconds": 925.1300692558289,
        "iteration_times_seconds": [
            6.107465505599976,
            6.405784368515015,
            6.487524032592773,
            6.490463495254517,
            6.637219667434692,
            6.733860731124878,
            7.0694580078125,
            6.976285457611084,
            7.034314870834351,
            7.155343532562256,
            7.159588575363159,
            7.249614000320435,
            7.42460298538208,
            7.607231616973877,
            7.634024620056152,
            7.550546169281006,
            7.672973871231079,
            7.572583436965942,
            7.550435543060303,
            7.5659499168396,
            7.71555495262146,
            7.6135571002960205,
            7.698611497879028,
            7.7726523876190186,
            7.899273633956909,
            7.862480401992798,
            8.098429918289185,
            8.091991901397705,
            8.183152198791504,
            8.145587921142578,
            8.2374906539917,
            7.996867418289185,
            8.060385704040527,
            8.061993598937988,
            8.118063926696777,
            8.160457134246826,
            8.19312596321106,
            8.303382158279419,
            8.23784589767456,
            8.304204225540161,
            8.442828178405762,
            8.481218338012695,
            8.516319513320923,
            8.52495265007019,
            8.574255466461182,
            8.670674085617065,
            8.668964862823486,
            8.729519367218018,
            8.531850099563599,
            8.51678466796875,
            8.526283979415894,
            8.525026321411133,
            8.594128131866455,
            8.599879503250122,
            8.746589422225952,
            8.750709772109985,
            8.706159114837646,
            8.7772536277771,
            8.937975883483887,
            8.90939998626709,
            9.007750272750854,
            8.876804828643799,
            8.989686727523804,
            9.01706576347351,
            9.023154497146606,
            9.064032793045044,
            9.10202431678772,
            9.111053705215454,
            9.167271614074707,
            9.196638822555542,
            9.220339298248291,
            9.14374303817749,
            9.292479991912842,
            9.24001669883728,
            9.16002869606018,
            9.294828176498413,
            9.361937284469604,
            9.435314893722534,
            9.46315860748291,
            9.470701694488525,
            9.480740785598755,
            9.534916877746582,
            9.594109058380127,
            9.677701711654663,
            9.586317300796509,
            9.656851768493652,
            9.550716638565063,
            9.518404006958008,
            9.51036810874939,
            9.559025526046753,
            9.617335557937622,
            9.5260751247406,
            9.609730005264282,
            9.550294876098633,
            9.640213012695312,
            9.636805534362793,
            9.675726652145386,
            9.7116219997406,
            9.71901798248291,
            9.87594747543335,
            9.831207275390625,
            9.775761842727661,
            9.8357093334198,
            9.974767208099365,
            9.944324254989624,
            10.019379377365112,
            10.086105346679688
        ],
        "output_image_path": "/model_deploy_execution_attack_for_pipeline/outputs/gender_googlenet_mnn_078957_ttba_attack/adversarial_image.png"
    }
}