{
    "status": "BUDGET_EXHAUSTED",
    "config": {
        "executable": "resources/execution_files/emotion_ferplus_mnn",
        "benign_image": "/img_align_celeba/102779.jpg",
        "initial_adv_image": "/img_align_celeba/105002.jpg",
        "l2_epsilon_goal": 0.05,
        "linf_epsilon_goal": 0.06274509803921569,
        "query_budget": 40000,
        "max_iterations": 1000,
        "initial_queries": 50,
        "dimension_reduction": 1.0
    },
    "results": {
        "total_queries": 40027,
        "final_l2_distance": 6.457405090332031,
        "final_linf_distance": 0.11515837907791138,
        "total_duration_seconds": 987.3792119026184,
        "iteration_times_seconds": [
            6.304533243179321,
            6.66366720199585,
            6.6333417892456055,
            6.809247255325317,
            6.926692724227905,
            7.108068466186523,
            7.228612661361694,
            7.320982217788696,
            7.4353156089782715,
            7.575343608856201,
            7.560125827789307,
            7.567713737487793,
            7.634230375289917,
            7.773161172866821,
            7.918907642364502,
            7.797740459442139,
            7.905006408691406,
            7.8549370765686035,
            7.944819450378418,
            7.984702110290527,
            8.064948320388794,
            8.08771824836731,
            8.2348952293396,
            8.207842588424683,
            8.270358085632324,
            8.279275894165039,
            8.309399843215942,
            8.358553409576416,
            8.345134258270264,
            8.374336957931519,
            8.414371013641357,
            8.471395015716553,
            8.508669137954712,
            8.541439294815063,
            8.608289003372192,
            8.57248830795288,
            8.628878593444824,
            8.65339970588684,
            8.753112316131592,
            8.751574039459229,
            8.809065103530884,
            8.929269075393677,
            8.954604148864746,
            9.05804181098938,
            9.029517412185669,
            9.140971660614014,
            9.128717184066772,
            9.166694402694702,
            9.285410404205322,
            9.177808284759521,
            9.199961185455322,
            9.340526580810547,
            9.417152404785156,
            9.349204778671265,
            9.332563161849976,
            9.400682210922241,
            9.44320821762085,
            9.524411916732788,
            9.535563230514526,
            9.568480491638184,
            9.646758317947388,
            9.65182614326477,
            9.80616044998169,
            9.7763352394104,
            9.823665142059326,
            9.781211137771606,
            9.923911571502686,
            9.875609874725342,
            9.872533321380615,
            9.947929620742798,
            9.954765796661377,
            10.0047447681427,
            9.984424352645874,
            10.016110181808472,
            10.018123865127563,
            10.053564310073853,
            10.154099941253662,
            10.13677191734314,
            10.078207969665527,
            10.198146343231201,
            10.348865032196045,
            10.448899269104004,
            10.454479932785034,
            10.403725147247314,
            10.228260517120361,
            10.18847131729126,
            10.23894214630127,
            10.291483402252197,
            10.361979484558105,
            10.460280418395996,
            10.366151332855225,
            10.374531507492065,
            10.399088382720947,
            10.418605327606201,
            10.494285345077515,
            10.464792966842651,
            10.515932559967041,
            10.469727993011475,
            10.667937517166138,
            10.622264385223389,
            10.647727966308594,
            10.589159965515137,
            10.598098278045654,
            10.644469738006592,
            10.730298042297363,
            10.751100540161133,
            10.889319896697998
        ],
        "output_image_path": "/model_deploy_execution_attack_for_pipeline/outputs/emotion_ferplus_mnn_102779_ttba_attack/adversarial_image.png"
    }
}