{
    "status": "BUDGET_EXHAUSTED",
    "config": {
        "executable": "./resources/execution_files/age_googlenet_mnn",
        "benign_image": "/img_align_celeba/013674.jpg",
        "initial_adv_image": "/img_align_celeba/00000001.png",
        "l2_epsilon_goal": 0.05,
        "linf_epsilon_goal": 0.06274509803921569,
        "query_budget": 40000,
        "max_iterations": 1000,
        "initial_queries": 50,
        "dimension_reduction": 1.0
    },
    "results": {
        "total_queries": 40324,
        "final_l2_distance": 47.769718170166016,
        "final_linf_distance": 0.6493728756904602,
        "total_duration_seconds": 1139.8900525569916,
        "iteration_times_seconds": [
            7.751904726028442,
            8.107091665267944,
            8.252294301986694,
            8.2975492477417,
            8.350011587142944,
            8.478596687316895,
            8.69252347946167,
            8.575662851333618,
            8.554970979690552,
            8.69772982597351,
            8.687337636947632,
            8.772118330001831,
            8.8368661403656,
            8.978647232055664,
            9.106347799301147,
            9.137101411819458,
            9.16922402381897,
            9.203270673751831,
            9.2724449634552,
            9.349815130233765,
            9.393411874771118,
            9.447940587997437,
            9.454234600067139,
            9.481256246566772,
            9.52461862564087,
            9.552262544631958,
            9.763976573944092,
            9.805094480514526,
            9.82285475730896,
            9.813871622085571,
            9.95690131187439,
            9.897288799285889,
            10.035629749298096,
            10.036860942840576,
            10.024696350097656,
            10.183100461959839,
            10.110217809677124,
            10.15720510482788,
            10.183560371398926,
            10.273626565933228,
            10.31446886062622,
            10.451280117034912,
            10.590510606765747,
            10.459764957427979,
            10.585060358047485,
            10.526998043060303,
            10.597896099090576,
            10.540242910385132,
            10.634621143341064,
            10.675226211547852,
            10.619154214859009,
            10.748955726623535,
            10.819294691085815,
            10.836161136627197,
            10.913732767105103,
            10.896765232086182,
            10.897368669509888,
            10.912569999694824,
            11.071744203567505,
            11.112158298492432,
            11.137539386749268,
            11.153091192245483,
            11.267346858978271,
            11.143306493759155,
            11.146018981933594,
            11.293124914169312,
            11.285958290100098,
            11.275449514389038,
            11.31656527519226,
            11.34961223602295,
            11.36336088180542,
            11.330147743225098,
            11.424683094024658,
            11.346620798110962,
            11.430953025817871,
            11.490499496459961,
            11.509762287139893,
            11.555994987487793,
            11.56837010383606,
            11.61452865600586,
            11.819422245025635,
            11.822665929794312,
            11.806986570358276,
            11.843982458114624,
            11.916133165359497,
            11.897624254226685,
            11.912831783294678,
            11.974313497543335,
            11.928922176361084,
            11.93661093711853,
            11.93113398551941,
            11.8971688747406,
            11.960654973983765,
            11.974559307098389,
            11.814755916595459,
            11.844115734100342,
            11.881817817687988,
            11.882977962493896,
            11.851012945175171,
            11.837461471557617,
            12.010262966156006,
            12.00580382347107,
            11.97991681098938,
            12.060488224029541,
            12.069074392318726,
            12.130325317382812,
            12.110055208206177
        ],
        "output_image_path": "/model_deploy_execution_attack_for_pipeline/outputs/age_googlenet_mnn_013674_ttba_attack/adversarial_image.png"
    }
}