{
    "status": "BUDGET_EXHAUSTED",
    "config": {
        "executable": "resources/execution_files/gender_googlenet_mnn",
        "benign_image": "/img_align_celeba/098848.jpg",
        "initial_adv_image": "/img_align_celeba/110369.jpg",
        "l2_epsilon_goal": 0.05,
        "linf_epsilon_goal": 0.06274509803921569,
        "query_budget": 40000,
        "max_iterations": 1000,
        "initial_queries": 50,
        "dimension_reduction": 1.0
    },
    "results": {
        "total_queries": 40092,
        "final_l2_distance": 6.057001113891602,
        "final_linf_distance": 0.09999583661556244,
        "total_duration_seconds": 959.418607711792,
        "iteration_times_seconds": [
            6.199208974838257,
            6.406158208847046,
            6.579752206802368,
            6.614691734313965,
            6.756886005401611,
            7.0175652503967285,
            7.1174376010894775,
            7.21985125541687,
            7.158486843109131,
            7.295919895172119,
            7.29382061958313,
            7.3726279735565186,
            7.621796131134033,
            7.539117097854614,
            7.878194570541382,
            7.813311576843262,
            7.832319498062134,
            7.9067301750183105,
            7.701164245605469,
            7.889427661895752,
            7.84987211227417,
            7.86614727973938,
            8.028759479522705,
            8.098451614379883,
            8.141388893127441,
            8.138413190841675,
            8.088011980056763,
            8.225576400756836,
            8.219057321548462,
            8.271162509918213,
            8.260836601257324,
            8.346240043640137,
            8.338676691055298,
            8.299707412719727,
            8.370758771896362,
            8.410281896591187,
            8.431171655654907,
            8.580435752868652,
            8.562198877334595,
            8.609962224960327,
            8.692629098892212,
            8.754119634628296,
            8.726185321807861,
            8.869464635848999,
            8.967330932617188,
            8.934455156326294,
            8.841661214828491,
            8.886975049972534,
            8.977641820907593,
            8.79960560798645,
            8.782709121704102,
            8.810420036315918,
            8.874419212341309,
            8.884255647659302,
            8.938031673431396,
            9.04366683959961,
            9.100033521652222,
            9.173929691314697,
            9.157351970672607,
            9.295220613479614,
            9.419121980667114,
            9.389427661895752,
            9.446369409561157,
            9.428809642791748,
            9.468400001525879,
            9.404243469238281,
            9.43737530708313,
            9.512323379516602,
            9.477999925613403,
            9.589916229248047,
            9.65580153465271,
            9.559994459152222,
            9.55075979232788,
            9.73859429359436,
            9.683862209320068,
            9.71446681022644,
            9.760392904281616,
            9.734484910964966,
            9.836719512939453,
            9.870970010757446,
            9.875335693359375,
            9.967294931411743,
            10.181370735168457,
            9.975022077560425,
            10.054046154022217,
            10.007627725601196,
            10.108431100845337,
            9.92981505393982,
            10.12802767753601,
            10.12118148803711,
            10.101456642150879,
            10.114306211471558,
            10.131578922271729,
            10.137771368026733,
            10.242696046829224,
            10.289733171463013,
            10.207500696182251,
            10.174131631851196,
            10.162904262542725,
            10.285493850708008,
            10.22680139541626,
            10.278764486312866,
            10.276936292648315,
            10.307619571685791,
            10.385518074035645,
            10.405019283294678,
            10.533565521240234
        ],
        "output_image_path": "/model_deploy_execution_attack_for_pipeline/outputs/gender_googlenet_mnn_098848_ttba_attack/adversarial_image.png"
    }
}