{
    "status": "BUDGET_EXHAUSTED",
    "config": {
        "executable": "./resources/execution_files/age_googlenet_mnn",
        "benign_image": "/img_align_celeba/139923.jpg",
        "initial_adv_image": "/img_align_celeba/00000015.png",
        "l2_epsilon_goal": 0.05,
        "linf_epsilon_goal": 0.06274509803921569,
        "query_budget": 40000,
        "max_iterations": 1000,
        "initial_queries": 50,
        "dimension_reduction": 1.0
    },
    "results": {
        "total_queries": 40360,
        "final_l2_distance": 58.99008560180664,
        "final_linf_distance": 0.8506374359130859,
        "total_duration_seconds": 1150.308479309082,
        "iteration_times_seconds": [
            7.784913539886475,
            8.11709189414978,
            8.150654315948486,
            8.389016151428223,
            8.362378120422363,
            8.487115144729614,
            8.700304746627808,
            8.74433946609497,
            8.788716793060303,
            8.836619138717651,
            8.915703296661377,
            9.041461944580078,
            9.115242958068848,
            9.152990818023682,
            9.378722667694092,
            9.429867506027222,
            9.419670343399048,
            9.441375494003296,
            9.62752079963684,
            9.639127969741821,
            9.67692518234253,
            9.667306423187256,
            9.784302711486816,
            9.675430297851562,
            9.828137397766113,
            9.890856981277466,
            10.062541246414185,
            10.131290912628174,
            10.096648454666138,
            10.131938934326172,
            9.976038932800293,
            9.974115133285522,
            10.032381534576416,
            10.01240873336792,
            10.05379605293274,
            10.176504850387573,
            10.174694538116455,
            10.167395114898682,
            10.284010410308838,
            10.38098955154419,
            10.221994876861572,
            10.472999572753906,
            10.446358442306519,
            10.558791399002075,
            10.498780727386475,
            10.51410722732544,
            10.601632356643677,
            10.663257360458374,
            10.67054557800293,
            10.722485542297363,
            10.672159194946289,
            10.678154230117798,
            10.766875505447388,
            10.90219259262085,
            10.829374551773071,
            10.906494855880737,
            10.904821395874023,
            10.928955554962158,
            11.066503047943115,
            11.085110664367676,
            11.19905138015747,
            11.1814124584198,
            11.226756572723389,
            11.153491497039795,
            11.29464054107666,
            11.250206708908081,
            11.248371124267578,
            11.33418583869934,
            11.357175350189209,
            11.426611185073853,
            11.38581371307373,
            11.331083059310913,
            11.379747152328491,
            11.542276382446289,
            11.46900224685669,
            11.490299701690674,
            11.48939299583435,
            11.522262573242188,
            11.563794612884521,
            11.600229978561401,
            11.747357368469238,
            11.855487823486328,
            11.839498043060303,
            11.880582809448242,
            11.830826759338379,
            11.796895742416382,
            11.883416891098022,
            11.892468452453613,
            12.107038736343384,
            11.90772795677185,
            11.96586012840271,
            12.0679292678833,
            12.046324491500854,
            11.99999189376831,
            12.02246880531311,
            12.074530363082886,
            12.075569868087769,
            12.046034097671509,
            12.124373197555542,
            12.229005575180054,
            12.175937414169312,
            12.306931257247925,
            12.23514199256897,
            12.240465879440308,
            12.401549577713013,
            12.449376106262207,
            12.369883298873901
        ],
        "output_image_path": "/model_deploy_execution_attack_for_pipeline/outputs/age_googlenet_mnn_139923_ttba_attack/adversarial_image.png"
    }
}