{
    "status": "SUCCESS",
    "config": {
        "executable": "resources/execution_files/emotion_ferplus_mnn",
        "benign_image": "/img_align_celeba/196130.jpg",
        "initial_adv_image": "/img_align_celeba/011705.jpg",
        "l2_epsilon_goal": 0.05,
        "linf_epsilon_goal": 0.06274509803921569,
        "query_budget": 40000,
        "max_iterations": 1000,
        "initial_queries": 50,
        "dimension_reduction": 1.0
    },
    "results": {
        "total_queries": 9040,
        "final_l2_distance": 4.602896690368652,
        "final_linf_distance": 0.06030142307281494,
        "total_duration_seconds": 307.4606611728668,
        "iteration_times_seconds": [
            6.670246362686157,
            6.9897074699401855,
            7.062456130981445,
            7.240704536437988,
            7.348128080368042,
            7.512615442276001,
            7.631054401397705,
            7.686135530471802,
            7.834532260894775,
            7.944180250167847,
            7.953991651535034,
            7.722713470458984,
            7.865597486495972,
            7.9984259605407715,
            7.9268598556518555,
            7.985264778137207,
            7.882767915725708,
            8.927714109420776,
            7.966488599777222,
            8.096983432769775,
            8.11142110824585,
            8.000768899917603,
            8.015850305557251,
            8.067333936691284,
            8.122763395309448,
            8.057174682617188,
            8.245317697525024,
            8.304063081741333,
            8.377763032913208,
            8.366415977478027,
            8.261626243591309,
            8.274701833724976,
            8.322115898132324,
            8.284293174743652,
            8.476344347000122,
            8.486259460449219,
            8.414236545562744,
            8.55985975265503
        ],
        "output_image_path": "/model_deploy_execution_attack_for_pipeline/outputs/emotion_ferplus_mnn_196130_ttba_attack/adversarial_image.png"
    }
}