{
    "status": "BUDGET_EXHAUSTED",
    "config": {
        "executable": "./resources/execution_files/age_googlenet_mnn",
        "benign_image": "/img_align_celeba/093706.jpg",
        "initial_adv_image": "/img_align_celeba/00000008.png",
        "l2_epsilon_goal": 0.05,
        "linf_epsilon_goal": 0.06274509803921569,
        "query_budget": 40000,
        "max_iterations": 1000,
        "initial_queries": 50,
        "dimension_reduction": 1.0
    },
    "results": {
        "total_queries": 40363,
        "final_l2_distance": 46.34630584716797,
        "final_linf_distance": 0.5883768796920776,
        "total_duration_seconds": 1157.2830579280853,
        "iteration_times_seconds": [
            7.841379165649414,
            8.13769817352295,
            8.190184116363525,
            8.46143627166748,
            8.501457929611206,
            8.504316568374634,
            8.737385511398315,
            8.893319845199585,
            8.816832780838013,
            8.900206565856934,
            9.018644571304321,
            9.093132495880127,
            9.239482641220093,
            9.292815923690796,
            9.481713056564331,
            9.562861919403076,
            9.531790018081665,
            9.511980295181274,
            9.509613513946533,
            9.576544046401978,
            9.809547185897827,
            9.74699330329895,
            9.851582765579224,
            9.778549909591675,
            9.883368253707886,
            9.898423433303833,
            10.110116481781006,
            10.139879703521729,
            10.233550548553467,
            10.135221242904663,
            10.237772703170776,
            10.24655795097351,
            10.251948595046997,
            10.342470645904541,
            10.290675640106201,
            10.367386102676392,
            10.372451782226562,
            10.50148344039917,
            10.508975267410278,
            10.440438032150269,
            10.569153547286987,
            10.701808214187622,
            10.794062614440918,
            10.906930685043335,
            10.82824444770813,
            10.872882604598999,
            10.628734350204468,
            10.710802793502808,
            10.722607374191284,
            10.825485706329346,
            10.832133054733276,
            10.799317121505737,
            10.796741485595703,
            10.952148675918579,
            11.106255054473877,
            11.007296562194824,
            10.950822830200195,
            11.054821729660034,
            11.078001499176025,
            11.128531217575073,
            11.237152338027954,
            11.260364532470703,
            11.254804372787476,
            11.246547222137451,
            11.209620237350464,
            11.300838708877563,
            11.336385250091553,
            11.344150304794312,
            11.365903854370117,
            11.417676210403442,
            11.401960611343384,
            11.457690954208374,
            11.44637942314148,
            11.60379147529602,
            11.527881145477295,
            11.664095878601074,
            11.641180038452148,
            11.54671597480774,
            11.616701364517212,
            11.712779521942139,
            11.874242544174194,
            11.911582231521606,
            11.787766218185425,
            11.828131198883057,
            11.902675151824951,
            12.071157455444336,
            11.98154067993164,
            12.001280069351196,
            12.065091371536255,
            12.066005229949951,
            12.056380033493042,
            12.033965826034546,
            12.0676109790802,
            11.998316287994385,
            11.84620213508606,
            11.926732540130615,
            11.888983964920044,
            11.954533100128174,
            11.939463138580322,
            11.942899465560913,
            11.994553089141846,
            12.035194635391235,
            12.097461462020874,
            12.161277532577515,
            12.064486265182495,
            12.190440654754639,
            12.331073999404907
        ],
        "output_image_path": "/model_deploy_execution_attack_for_pipeline/outputs/age_googlenet_mnn_093706_ttba_attack/adversarial_image.png"
    }
}