{
    "status": "BUDGET_EXHAUSTED",
    "config": {
        "executable": "./resources/execution_files/gender_googlenet_mnn",
        "benign_image": "/img_align_celeba/158477.jpg",
        "initial_adv_image": "/img_align_celeba/001516.jpg",
        "l2_epsilon_goal": 0.05,
        "linf_epsilon_goal": 0.06274509803921569,
        "query_budget": 40000,
        "max_iterations": 1000,
        "initial_queries": 50,
        "dimension_reduction": 1.0
    },
    "results": {
        "total_queries": 40106,
        "final_l2_distance": 9.069820404052734,
        "final_linf_distance": 0.12561500072479248,
        "total_duration_seconds": 926.7704672813416,
        "iteration_times_seconds": [
            5.80993127822876,
            6.118423938751221,
            6.278655290603638,
            6.238678216934204,
            6.445775985717773,
            6.602843761444092,
            6.733945369720459,
            6.758291006088257,
            6.883188486099243,
            6.9308600425720215,
            6.992741584777832,
            7.06119179725647,
            7.2305450439453125,
            7.177661657333374,
            7.304593801498413,
            7.532564640045166,
            7.465527772903442,
            7.499752998352051,
            7.500505685806274,
            7.525362968444824,
            7.565570592880249,
            7.673411846160889,
            7.616891384124756,
            7.724043130874634,
            7.7783043384552,
            7.903392553329468,
            8.022831201553345,
            8.138118982315063,
            8.102118730545044,
            8.093143463134766,
            8.10711407661438,
            8.273632526397705,
            8.025000095367432,
            8.07247543334961,
            8.107346773147583,
            8.089394807815552,
            8.119542837142944,
            8.239635705947876,
            8.272492408752441,
            8.229137182235718,
            8.360815525054932,
            8.573969602584839,
            8.463769435882568,
            8.497322082519531,
            8.547851800918579,
            8.667220830917358,
            8.706163883209229,
            8.616641759872437,
            8.678782224655151,
            8.712950229644775,
            8.721164226531982,
            8.73848819732666,
            8.770291566848755,
            8.772830247879028,
            8.794313430786133,
            8.942423820495605,
            8.911521911621094,
            8.953361749649048,
            9.003319025039673,
            9.092140197753906,
            9.109244108200073,
            9.189358234405518,
            9.167241096496582,
            9.232606410980225,
            9.325297594070435,
            9.225104331970215,
            9.036896705627441,
            9.177842617034912,
            9.197841167449951,
            9.104718923568726,
            9.209153413772583,
            9.177864789962769,
            9.292553424835205,
            9.193784236907959,
            9.259225368499756,
            9.3231782913208,
            9.32089376449585,
            9.408390045166016,
            9.49988079071045,
            9.401608943939209,
            9.569808959960938,
            9.587840557098389,
            9.577024936676025,
            9.645318746566772,
            9.57031774520874,
            9.631612777709961,
            9.687668561935425,
            9.663387537002563,
            9.687630891799927,
            9.80565619468689,
            9.739956617355347,
            9.715803861618042,
            9.831528425216675,
            9.845020294189453,
            9.871347427368164,
            9.830657720565796,
            9.870989084243774,
            9.887847900390625,
            9.938862323760986,
            9.886439085006714,
            10.006782531738281,
            9.950665950775146,
            9.899986982345581,
            10.060585498809814,
            10.164292097091675,
            10.047834157943726,
            10.179215908050537
        ],
        "output_image_path": "/model_deploy_execution_attack_for_pipeline/outputs/gender_googlenet_mnn_158477_ttba_attack/adversarial_image.png"
    }
}