{
    "status": "BUDGET_EXHAUSTED",
    "config": {
        "executable": "./resources/execution_files/age_googlenet_mnn",
        "benign_image": "/img_align_celeba/085170.jpg",
        "initial_adv_image": "/img_align_celeba/00000001.png",
        "l2_epsilon_goal": 0.05,
        "linf_epsilon_goal": 0.06274509803921569,
        "query_budget": 40000,
        "max_iterations": 1000,
        "initial_queries": 50,
        "dimension_reduction": 1.0
    },
    "results": {
        "total_queries": 40390,
        "final_l2_distance": 72.26842498779297,
        "final_linf_distance": 0.8897262811660767,
        "total_duration_seconds": 1158.7749302387238,
        "iteration_times_seconds": [
            7.782856702804565,
            8.082597970962524,
            8.176332473754883,
            8.280878782272339,
            8.415496110916138,
            8.513827323913574,
            8.734390258789062,
            8.80889368057251,
            8.835034608840942,
            8.954337120056152,
            8.960444927215576,
            9.098382472991943,
            9.042649745941162,
            9.178783655166626,
            9.478729724884033,
            9.403591632843018,
            9.500086545944214,
            9.606854677200317,
            9.629117965698242,
            9.614561796188354,
            9.735716104507446,
            9.704607725143433,
            9.713492393493652,
            9.821501731872559,
            9.843047618865967,
            9.822103500366211,
            10.011289596557617,
            10.15876817703247,
            10.078634977340698,
            10.088081121444702,
            10.234792232513428,
            10.296368598937988,
            10.191989421844482,
            10.268107414245605,
            10.437999248504639,
            10.423433303833008,
            10.450469017028809,
            10.476855516433716,
            10.528760194778442,
            10.471276044845581,
            10.558372020721436,
            10.687284708023071,
            10.724923133850098,
            10.80254578590393,
            10.78397798538208,
            10.854296684265137,
            10.823582172393799,
            10.848599195480347,
            10.89122986793518,
            10.904463291168213,
            11.0456862449646,
            10.985167026519775,
            10.963779211044312,
            10.984481573104858,
            11.014308452606201,
            11.082250118255615,
            11.078141212463379,
            11.24878478050232,
            11.275466203689575,
            11.340414047241211,
            11.197304725646973,
            11.252692461013794,
            11.324732065200806,
            11.182127475738525,
            11.26737356185913,
            11.22683310508728,
            11.304473400115967,
            11.360960006713867,
            11.358622074127197,
            11.273550510406494,
            11.31497597694397,
            11.475160837173462,
            11.437821865081787,
            11.404431819915771,
            11.583254337310791,
            11.495449781417847,
            11.439310073852539,
            11.521785259246826,
            11.641758680343628,
            11.573662996292114,
            11.877073049545288,
            11.794815063476562,
            11.81140661239624,
            11.839731454849243,
            11.965368032455444,
            11.882022380828857,
            11.966580152511597,
            11.977888345718384,
            11.944645643234253,
            11.894139051437378,
            12.002921104431152,
            11.954994678497314,
            11.961131811141968,
            12.023254156112671,
            12.066821575164795,
            12.08181118965149,
            12.096785306930542,
            12.078718423843384,
            12.227792978286743,
            12.1659996509552,
            12.298681497573853,
            12.225404977798462,
            12.249980449676514,
            12.347475290298462,
            12.33487319946289,
            12.365792036056519,
            12.489568948745728
        ],
        "output_image_path": "/model_deploy_execution_attack_for_pipeline/outputs/age_googlenet_mnn_085170_ttba_attack/adversarial_image.png"
    }
}