{
    "status": "SUCCESS",
    "config": {
        "executable": "resources/execution_files/emotion_ferplus_mnn",
        "benign_image": "/img_align_celeba/003301.jpg",
        "initial_adv_image": "/img_align_celeba/005770.jpg",
        "l2_epsilon_goal": 0.05,
        "linf_epsilon_goal": 0.06274509803921569,
        "query_budget": 40000,
        "max_iterations": 1000,
        "initial_queries": 50,
        "dimension_reduction": 1.0
    },
    "results": {
        "total_queries": 18148,
        "final_l2_distance": 4.587067604064941,
        "final_linf_distance": 0.06263668090105057,
        "total_duration_seconds": 519.5795130729675,
        "iteration_times_seconds": [
            6.325963735580444,
            6.625717639923096,
            6.753772735595703,
            6.763077974319458,
            6.923139572143555,
            7.075937271118164,
            7.167722702026367,
            7.321303844451904,
            7.4587013721466064,
            7.508188009262085,
            7.539283752441406,
            7.635969877243042,
            7.6908228397369385,
            7.589034557342529,
            7.577690124511719,
            7.780072212219238,
            7.853099822998047,
            7.8898375034332275,
            7.988739013671875,
            7.99603009223938,
            8.116306781768799,
            7.93272066116333,
            7.973430871963501,
            7.9424779415130615,
            8.094536304473877,
            8.095551013946533,
            8.232102870941162,
            8.230489253997803,
            8.355909824371338,
            8.327543020248413,
            8.420820951461792,
            8.564034223556519,
            8.373925685882568,
            8.575344562530518,
            8.60132360458374,
            8.620652914047241,
            8.678483009338379,
            8.595485210418701,
            8.819414377212524,
            8.804956912994385,
            8.806171894073486,
            8.859457969665527,
            9.045453071594238,
            9.061163902282715,
            9.042994976043701,
            8.887930870056152,
            8.97494125366211,
            8.930904626846313,
            8.928625583648682,
            8.981384038925171,
            9.02670955657959,
            9.175579071044922,
            9.070408582687378,
            9.162875413894653,
            9.255367517471313,
            9.183688163757324,
            9.158995628356934,
            9.244594097137451,
            9.235398054122925,
            9.423949718475342,
            9.483695983886719,
            9.488552808761597
        ],
        "output_image_path": "/model_deploy_execution_attack_for_pipeline/outputs/emotion_ferplus_mnn_003301_ttba_attack/adversarial_image.png"
    }
}