{
    "status": "SUCCESS",
    "config": {
        "executable": "./resources/execution_files/fsanet_headpose_mnn",
        "benign_image": "/img_align_celeba/171797.jpg",
        "initial_adv_image": "/img_align_celeba/151453.jpg",
        "l2_epsilon_goal": 0.05,
        "linf_epsilon_goal": 0.06274509803921569,
        "query_budget": 40000,
        "max_iterations": 1000,
        "initial_queries": 50,
        "dimension_reduction": 1.0
    },
    "results": {
        "total_queries": 16901,
        "final_l2_distance": 5.149246692657471,
        "final_linf_distance": 0.062351226806640625,
        "total_duration_seconds": 183.37143421173096,
        "iteration_times_seconds": [
            2.855294704437256,
            2.8560893535614014,
            2.8001532554626465,
            2.6752891540527344,
            2.758303165435791,
            2.693272113800049,
            2.7419302463531494,
            2.816755771636963,
            2.780460834503174,
            2.867051601409912,
            2.9538280963897705,
            2.8538167476654053,
            2.9097204208374023,
            2.923985004425049,
            3.04282546043396,
            2.8946802616119385,
            2.98583984375,
            3.0393152236938477,
            3.024495840072632,
            2.9588091373443604,
            2.9545183181762695,
            2.998749256134033,
            3.0463030338287354,
            2.909360647201538,
            3.0308008193969727,
            3.143270254135132,
            3.1300301551818848,
            2.996166229248047,
            3.054683208465576,
            3.10127329826355,
            3.0047988891601562,
            3.113903284072876,
            3.162100076675415,
            3.043656587600708,
            3.1862778663635254,
            3.1178252696990967,
            3.1823978424072266,
            3.1464903354644775,
            3.17336106300354,
            3.2653653621673584,
            3.2477424144744873,
            3.2846927642822266,
            3.2767622470855713,
            3.259958505630493,
            3.2585628032684326,
            3.2523186206817627,
            3.478816270828247,
            3.2462100982666016,
            3.1104466915130615,
            3.2621588706970215,
            3.409079074859619,
            3.3719658851623535,
            3.2029240131378174,
            3.1939468383789062,
            3.3496015071868896,
            3.2390408515930176,
            3.236295461654663,
            3.2981014251708984,
            3.477612018585205
        ],
        "output_image_path": "/model_deploy_execution_attack_for_pipeline/outputs/fsanet_headpose_mnn_171797_ttba_attack/adversarial_image.png"
    }
}