{
    "status": "BUDGET_EXHAUSTED",
    "config": {
        "executable": "./resources/execution_files/age_googlenet_mnn",
        "benign_image": "/img_align_celeba/056328.jpg",
        "initial_adv_image": "/img_align_celeba/00000017.png",
        "l2_epsilon_goal": 0.05,
        "linf_epsilon_goal": 0.06274509803921569,
        "query_budget": 40000,
        "max_iterations": 1000,
        "initial_queries": 50,
        "dimension_reduction": 1.0
    },
    "results": {
        "total_queries": 40291,
        "final_l2_distance": 27.264787673950195,
        "final_linf_distance": 0.35948246717453003,
        "total_duration_seconds": 1132.0863275527954,
        "iteration_times_seconds": [
            7.735422611236572,
            8.133638143539429,
            8.121631860733032,
            8.242956638336182,
            8.433944702148438,
            8.318329572677612,
            8.536728858947754,
            8.565937757492065,
            8.686445951461792,
            8.623217105865479,
            8.666702270507812,
            8.804062843322754,
            8.816305160522461,
            8.856964826583862,
            9.087555885314941,
            9.192510843276978,
            9.18103575706482,
            9.2147958278656,
            9.311614990234375,
            9.320620775222778,
            9.39033579826355,
            9.411349296569824,
            9.416911840438843,
            9.56625485420227,
            9.532594680786133,
            9.641111373901367,
            9.773564100265503,
            9.790305852890015,
            9.835364818572998,
            9.897229433059692,
            10.003349781036377,
            9.924870491027832,
            9.905140161514282,
            10.030092477798462,
            10.120460271835327,
            10.057146072387695,
            10.16429615020752,
            10.217040300369263,
            10.189680576324463,
            10.302475690841675,
            10.259986639022827,
            10.428353786468506,
            10.517728567123413,
            10.480701208114624,
            10.554884195327759,
            10.643784284591675,
            10.591731548309326,
            10.669258832931519,
            10.62080430984497,
            10.568126201629639,
            10.766893863677979,
            10.740258932113647,
            10.840902328491211,
            10.800140380859375,
            10.796671390533447,
            10.809890985488892,
            10.936193704605103,
            10.872082233428955,
            10.830596446990967,
            11.162019968032837,
            11.104474067687988,
            11.10897183418274,
            11.245352268218994,
            10.963128328323364,
            11.053668975830078,
            11.006199598312378,
            10.993260622024536,
            11.015602588653564,
            11.122188806533813,
            11.071978330612183,
            11.214338541030884,
            11.156929969787598,
            11.139351606369019,
            11.1904616355896,
            11.294690370559692,
            11.316912412643433,
            11.312422037124634,
            11.298027515411377,
            11.287092208862305,
            11.32110857963562,
            11.489599704742432,
            11.589757680892944,
            11.554155588150024,
            11.565665483474731,
            11.601470470428467,
            11.619067192077637,
            11.65058422088623,
            11.688801050186157,
            11.61113166809082,
            11.731182336807251,
            11.78819489479065,
            11.757283449172974,
            11.7100670337677,
            11.819183349609375,
            11.812714338302612,
            11.821175813674927,
            11.749618768692017,
            11.844677209854126,
            11.941723346710205,
            11.962499856948853,
            11.897552490234375,
            11.997427940368652,
            11.971313238143921,
            12.055249691009521,
            12.110593318939209,
            12.106853008270264,
            12.10985541343689
        ],
        "output_image_path": "/model_deploy_execution_attack_for_pipeline/outputs/age_googlenet_mnn_056328_ttba_attack/adversarial_image.png"
    }
}