{
    "status": "BUDGET_EXHAUSTED",
    "config": {
        "executable": "./resources/execution_files/age_googlenet_mnn",
        "benign_image": "/img_align_celeba/087773.jpg",
        "initial_adv_image": "/img_align_celeba/00000012.png",
        "l2_epsilon_goal": 0.05,
        "linf_epsilon_goal": 0.06274509803921569,
        "query_budget": 40000,
        "max_iterations": 1000,
        "initial_queries": 50,
        "dimension_reduction": 1.0
    },
    "results": {
        "total_queries": 40292,
        "final_l2_distance": 25.25000762939453,
        "final_linf_distance": 0.3627130091190338,
        "total_duration_seconds": 1136.3573434352875,
        "iteration_times_seconds": [
            7.834113121032715,
            8.107537984848022,
            8.218318223953247,
            8.419152975082397,
            8.42081618309021,
            8.487449169158936,
            8.704724073410034,
            8.824215412139893,
            8.933971881866455,
            8.918365716934204,
            9.073274850845337,
            9.185444116592407,
            9.255471229553223,
            9.18579387664795,
            9.40274715423584,
            9.272472381591797,
            9.233329057693481,
            9.35154914855957,
            9.156819105148315,
            9.331024885177612,
            9.361232280731201,
            9.563458442687988,
            9.573731422424316,
            9.638970136642456,
            9.59008240699768,
            9.656251192092896,
            9.740013837814331,
            9.84870719909668,
            9.80061674118042,
            9.89684009552002,
            10.005048513412476,
            9.925036430358887,
            9.967602014541626,
            9.966216564178467,
            10.089606523513794,
            10.184298515319824,
            10.16337275505066,
            10.268339395523071,
            10.340615272521973,
            10.311678171157837,
            10.417121410369873,
            10.379127502441406,
            10.592752933502197,
            10.57705545425415,
            10.626525163650513,
            10.49786376953125,
            10.601419448852539,
            10.664491415023804,
            10.66133737564087,
            10.680165529251099,
            10.710938930511475,
            10.70700192451477,
            10.808678150177002,
            10.881243705749512,
            10.844759225845337,
            10.912935256958008,
            10.697046518325806,
            10.795490503311157,
            10.819913625717163,
            10.850550651550293,
            10.94459342956543,
            10.84865951538086,
            10.97551941871643,
            11.01752758026123,
            11.011251449584961,
            11.020545959472656,
            11.154675245285034,
            11.107493162155151,
            11.213380575180054,
            11.18883228302002,
            11.156764507293701,
            11.184897184371948,
            11.228362798690796,
            11.185161352157593,
            11.297914505004883,
            11.29457950592041,
            11.302022695541382,
            11.29723072052002,
            11.45487380027771,
            11.383667469024658,
            11.485025882720947,
            11.582851648330688,
            11.69873309135437,
            11.636239290237427,
            11.62111234664917,
            11.61676812171936,
            11.677567481994629,
            11.69237756729126,
            11.717095851898193,
            11.72111177444458,
            11.80791425704956,
            11.793279886245728,
            11.710349321365356,
            11.82202434539795,
            11.856152772903442,
            11.888422966003418,
            11.84441590309143,
            11.789868831634521,
            11.848604679107666,
            11.913308382034302,
            11.999224185943604,
            11.885542631149292,
            12.03956127166748,
            12.10774278640747,
            12.087464570999146,
            11.89146089553833,
            11.95986270904541
        ],
        "output_image_path": "/model_deploy_execution_attack_for_pipeline/outputs/age_googlenet_mnn_087773_ttba_attack/adversarial_image.png"
    }
}