{
    "status": "SUCCESS",
    "config": {
        "executable": "./resources/execution_files/ssrnet_age_mnn",
        "benign_image": "/img_align_celeba/041126.jpg",
        "initial_adv_image": "/img_align_celeba/087001.jpg",
        "l2_epsilon_goal": 0.05,
        "linf_epsilon_goal": 0.06274509803921569,
        "query_budget": 40000,
        "max_iterations": 1000,
        "initial_queries": 50,
        "dimension_reduction": 1.0
    },
    "results": {
        "total_queries": 16101,
        "final_l2_distance": 3.97153377532959,
        "final_linf_distance": 0.06195187568664551,
        "total_duration_seconds": 153.07674312591553,
        "iteration_times_seconds": [
            2.143516778945923,
            2.29453706741333,
            2.300708055496216,
            2.3231751918792725,
            2.406619071960449,
            2.399899482727051,
            2.604968309402466,
            2.5000123977661133,
            2.4917376041412354,
            2.6077640056610107,
            2.5794031620025635,
            2.5083882808685303,
            2.5362613201141357,
            2.525339126586914,
            2.7101497650146484,
            2.736513614654541,
            2.656890392303467,
            2.7657909393310547,
            2.693922281265259,
            2.654653787612915,
            2.640822172164917,
            2.642035961151123,
            2.688606023788452,
            2.719573974609375,
            2.6247875690460205,
            2.609539747238159,
            2.618133068084717,
            2.650442361831665,
            2.6495320796966553,
            2.713731050491333,
            2.7573914527893066,
            2.620137929916382,
            2.7036404609680176,
            2.6979615688323975,
            2.647423505783081,
            2.7672462463378906,
            2.7473580837249756,
            2.673130989074707,
            2.8068437576293945,
            2.6642868518829346,
            2.7236294746398926,
            2.7985641956329346,
            2.7171239852905273,
            2.778597831726074,
            2.774980068206787,
            2.6435110569000244,
            2.750408411026001,
            2.6861813068389893,
            2.701770544052124,
            2.937819004058838,
            2.760065793991089,
            2.863375663757324,
            2.8281846046447754,
            3.0224437713623047,
            2.9158031940460205,
            2.789299964904785,
            2.882091522216797
        ],
        "output_image_path": "/model_deploy_execution_attack_for_pipeline/outputs/ssrnet_age_mnn_041126_ttba_attack/adversarial_image.png"
    }
}