{
    "status": "BUDGET_EXHAUSTED",
    "config": {
        "executable": "./resources/execution_files/fsanet_headpose_mnn",
        "benign_image": "/img_align_celeba/132862.jpg",
        "initial_adv_image": "/img_align_celeba/092418.jpg",
        "l2_epsilon_goal": 0.05,
        "linf_epsilon_goal": 0.06274509803921569,
        "query_budget": 40000,
        "max_iterations": 1000,
        "initial_queries": 50,
        "dimension_reduction": 1.0
    },
    "results": {
        "total_queries": 40067,
        "final_l2_distance": 6.20742130279541,
        "final_linf_distance": 0.08384732902050018,
        "total_duration_seconds": 359.5216040611267,
        "iteration_times_seconds": [
            2.6857728958129883,
            2.756113052368164,
            2.8996498584747314,
            2.795882225036621,
            2.845132827758789,
            2.852978467941284,
            2.8536057472229004,
            2.9320151805877686,
            2.952636957168579,
            2.7774739265441895,
            2.8507730960845947,
            2.9196887016296387,
            2.8240933418273926,
            2.972391366958618,
            2.9714930057525635,
            3.013350009918213,
            3.016915798187256,
            2.8815114498138428,
            2.9233286380767822,
            2.9977736473083496,
            2.9118008613586426,
            2.9907500743865967,
            3.014414072036743,
            3.1495234966278076,
            3.2180752754211426,
            3.210624933242798,
            3.066074848175049,
            3.123666286468506,
            3.1798665523529053,
            3.173872232437134,
            3.3024070262908936,
            3.179506778717041,
            3.1737372875213623,
            3.096937656402588,
            3.132803201675415,
            3.1781630516052246,
            3.2037224769592285,
            3.1715686321258545,
            3.1837611198425293,
            3.190279722213745,
            3.2766401767730713,
            3.2389211654663086,
            3.427649736404419,
            3.2307145595550537,
            3.20422625541687,
            3.235875129699707,
            3.4251365661621094,
            3.3679392337799072,
            3.421388864517212,
            3.347874164581299,
            3.3693783283233643,
            3.251777410507202,
            3.2748560905456543,
            3.3252792358398438,
            3.431375026702881,
            3.3891189098358154,
            3.288755416870117,
            3.439969778060913,
            3.527132749557495,
            3.680297613143921,
            3.4342944622039795,
            3.416041612625122,
            3.4018821716308594,
            3.536100149154663,
            3.3693461418151855,
            3.47664213180542,
            3.4421935081481934,
            3.596773624420166,
            3.4768075942993164,
            3.471473217010498,
            3.545102834701538,
            3.4858696460723877,
            3.5043070316314697,
            3.5082900524139404,
            3.5529444217681885,
            3.595726490020752,
            3.5778615474700928,
            3.5529885292053223,
            3.5933525562286377,
            3.5514349937438965,
            3.6507112979888916,
            3.7001545429229736,
            3.6591880321502686,
            3.6047728061676025,
            3.602674722671509,
            3.624194383621216,
            3.785719871520996,
            3.6394710540771484,
            3.690082311630249,
            3.7460670471191406,
            3.6165289878845215,
            3.7516095638275146,
            3.739563226699829,
            3.7597622871398926,
            3.655458450317383,
            3.7629096508026123,
            3.7081198692321777,
            3.7229833602905273,
            3.6396265029907227,
            3.598207950592041,
            3.7290143966674805,
            3.842906951904297,
            3.6689653396606445,
            3.787813901901245,
            3.827190637588501,
            3.734650135040283,
            3.693023204803467
        ],
        "output_image_path": "/model_deploy_execution_attack_for_pipeline/outputs/fsanet_headpose_mnn_132862_ttba_attack/adversarial_image.png"
    }
}