{
    "status": "BUDGET_EXHAUSTED",
    "config": {
        "executable": "resources/execution_files/emotion_ferplus_mnn",
        "benign_image": "/img_align_celeba/018721.jpg",
        "initial_adv_image": "/img_align_celeba/045354.jpg",
        "l2_epsilon_goal": 0.05,
        "linf_epsilon_goal": 0.06274509803921569,
        "query_budget": 40000,
        "max_iterations": 1000,
        "initial_queries": 50,
        "dimension_reduction": 1.0
    },
    "results": {
        "total_queries": 40144,
        "final_l2_distance": 8.838011741638184,
        "final_linf_distance": 0.12511128187179565,
        "total_duration_seconds": 1010.1345181465149,
        "iteration_times_seconds": [
            6.479555130004883,
            6.869194984436035,
            6.996088981628418,
            7.057509422302246,
            7.1876020431518555,
            7.200387954711914,
            7.419580936431885,
            7.570287227630615,
            7.710855007171631,
            7.680547714233398,
            7.747136116027832,
            7.8238303661346436,
            7.918220043182373,
            8.0072181224823,
            8.162495374679565,
            8.197375297546387,
            8.19533658027649,
            8.221102714538574,
            8.330383777618408,
            8.260173797607422,
            8.27061939239502,
            8.250858068466187,
            8.391162872314453,
            8.375545740127563,
            8.533040761947632,
            8.54090142250061,
            8.613305807113647,
            8.729525566101074,
            8.754842519760132,
            8.85112714767456,
            8.749988317489624,
            8.802194118499756,
            8.907939672470093,
            8.824127435684204,
            8.925368309020996,
            9.037319421768188,
            9.05280613899231,
            8.882414102554321,
            8.95046329498291,
            9.066186666488647,
            9.120627164840698,
            9.161654233932495,
            9.205963373184204,
            9.27135157585144,
            9.207181453704834,
            9.24037218093872,
            9.31516170501709,
            9.393174171447754,
            9.35623574256897,
            9.476523160934448,
            9.425305128097534,
            9.554457902908325,
            9.469511985778809,
            9.517879962921143,
            9.688835859298706,
            9.599019527435303,
            9.622044563293457,
            9.763329267501831,
            9.766982078552246,
            9.761354207992554,
            9.830756902694702,
            9.892916917800903,
            10.022867441177368,
            9.91772747039795,
            9.903735876083374,
            10.011780977249146,
            10.06377625465393,
            10.045299053192139,
            10.021677017211914,
            10.089381456375122,
            10.240980625152588,
            10.18177342414856,
            10.210888147354126,
            10.25862431526184,
            10.2608323097229,
            10.312506914138794,
            10.26434588432312,
            10.246756076812744,
            10.363998889923096,
            10.179609537124634,
            10.327984809875488,
            10.30037522315979,
            10.35147738456726,
            10.338186025619507,
            10.345918416976929,
            10.408219337463379,
            10.4627046585083,
            10.50936770439148,
            10.509134531021118,
            10.524673223495483,
            10.566673040390015,
            10.581594467163086,
            10.548567771911621,
            10.635650157928467,
            10.64004397392273,
            10.65483832359314,
            10.724016427993774,
            10.656418323516846,
            10.693837881088257,
            10.837945461273193,
            10.778069019317627,
            10.791512966156006,
            10.872210264205933,
            10.805543661117554,
            10.902289390563965,
            10.96596097946167,
            11.087810277938843
        ],
        "output_image_path": "/model_deploy_execution_attack_for_pipeline/outputs/emotion_ferplus_mnn_018721_ttba_attack/adversarial_image.png"
    }
}