{
    "status": "SUCCESS",
    "config": {
        "executable": "resources/execution_files/gender_googlenet_mnn",
        "benign_image": "/img_align_celeba/148102.jpg",
        "initial_adv_image": "/img_align_celeba/055147.jpg",
        "l2_epsilon_goal": 0.05,
        "linf_epsilon_goal": 0.06274509803921569,
        "query_budget": 40000,
        "max_iterations": 1000,
        "initial_queries": 50,
        "dimension_reduction": 1.0
    },
    "results": {
        "total_queries": 18993,
        "final_l2_distance": 4.616683006286621,
        "final_linf_distance": 0.06129328906536102,
        "total_duration_seconds": 514.1386198997498,
        "iteration_times_seconds": [
            5.857706308364868,
            6.178322076797485,
            6.396079063415527,
            6.438065528869629,
            6.575281620025635,
            6.671983003616333,
            6.991745710372925,
            6.931327819824219,
            7.080764532089233,
            7.077917098999023,
            7.2283241748809814,
            6.998300313949585,
            7.05102801322937,
            7.24866247177124,
            7.293469190597534,
            7.381713390350342,
            7.4948272705078125,
            7.4623496532440186,
            7.472589731216431,
            7.581082820892334,
            7.628070831298828,
            7.5392138957977295,
            7.5625762939453125,
            7.643510580062866,
            7.743993759155273,
            7.730530738830566,
            7.835351228713989,
            7.95276403427124,
            7.986674547195435,
            7.9888622760772705,
            7.958432674407959,
            8.122916460037231,
            8.070920705795288,
            8.13373613357544,
            8.212817192077637,
            8.178533792495728,
            8.344307661056519,
            8.289554834365845,
            8.374537706375122,
            8.424100399017334,
            8.383816719055176,
            8.66784405708313,
            8.610734224319458,
            8.518790006637573,
            8.508888006210327,
            8.558037042617798,
            8.645780563354492,
            8.49063777923584,
            8.651834964752197,
            8.614409685134888,
            8.655510902404785,
            8.719942808151245,
            8.782387733459473,
            8.720617055892944,
            8.779869079589844,
            8.915591716766357,
            8.954395294189453,
            8.933226585388184,
            8.954743385314941,
            9.15334153175354,
            9.058061599731445,
            9.185030221939087,
            9.083528757095337,
            9.261882066726685
        ],
        "output_image_path": "/model_deploy_execution_attack_for_pipeline/outputs/gender_googlenet_mnn_148102_ttba_attack/adversarial_image.png"
    }
}