{
    "status": "SUCCESS",
    "config": {
        "executable": "./resources/execution_files/ssrnet_age_mnn",
        "benign_image": "/img_align_celeba/028184.jpg",
        "initial_adv_image": "/img_align_celeba/167863.jpg",
        "l2_epsilon_goal": 0.05,
        "linf_epsilon_goal": 0.06274509803921569,
        "query_budget": 40000,
        "max_iterations": 1000,
        "initial_queries": 50,
        "dimension_reduction": 1.0
    },
    "results": {
        "total_queries": 9345,
        "final_l2_distance": 4.774600028991699,
        "final_linf_distance": 0.059198301285505295,
        "total_duration_seconds": 96.75304579734802,
        "iteration_times_seconds": [
            2.1835668087005615,
            2.2335023880004883,
            2.1845202445983887,
            2.267613172531128,
            2.252261161804199,
            2.34366774559021,
            2.2650575637817383,
            2.3297030925750732,
            2.3762991428375244,
            2.373232364654541,
            2.3295156955718994,
            2.3767647743225098,
            2.4636619091033936,
            2.329655647277832,
            2.5045700073242188,
            2.4617702960968018,
            2.400531530380249,
            2.3807764053344727,
            2.4245448112487793,
            2.482823610305786,
            2.4555368423461914,
            2.4336791038513184,
            2.5317723751068115,
            2.606600284576416,
            2.4484009742736816,
            2.507951021194458,
            2.487834930419922,
            2.506878614425659,
            2.5039892196655273,
            2.5911571979522705,
            2.548443555831909,
            2.491957426071167,
            2.6469762325286865,
            2.565335750579834,
            2.578197717666626,
            2.5878045558929443,
            2.6322946548461914,
            2.6438796520233154,
            2.629873275756836
        ],
        "output_image_path": "/model_deploy_execution_attack_for_pipeline/outputs/ssrnet_age_mnn_028184_ttba_attack/adversarial_image.png"
    }
}