{
    "status": "SUCCESS",
    "config": {
        "executable": "./resources/execution_files/fsanet_headpose_mnn",
        "benign_image": "/img_align_celeba/190569.jpg",
        "initial_adv_image": "/img_align_celeba/091663.jpg",
        "l2_epsilon_goal": 0.05,
        "linf_epsilon_goal": 0.06274509803921569,
        "query_budget": 40000,
        "max_iterations": 1000,
        "initial_queries": 50,
        "dimension_reduction": 1.0
    },
    "results": {
        "total_queries": 4176,
        "final_l2_distance": 4.401482582092285,
        "final_linf_distance": 0.056113600730895996,
        "total_duration_seconds": 64.04343509674072,
        "iteration_times_seconds": [
            2.7474794387817383,
            2.6251440048217773,
            2.7576897144317627,
            2.7414605617523193,
            2.858142614364624,
            2.819850206375122,
            2.8125460147857666,
            2.9572718143463135,
            2.7777340412139893,
            2.7387607097625732,
            2.8163068294525146,
            2.9064996242523193,
            2.855811595916748,
            2.7884273529052734,
            2.8218231201171875,
            2.910820245742798,
            2.90248703956604,
            2.7396295070648193,
            3.0461347103118896,
            2.831761598587036,
            2.8652071952819824,
            2.9208872318267822
        ],
        "output_image_path": "/model_deploy_execution_attack_for_pipeline/outputs/fsanet_headpose_mnn_190569_ttba_attack/adversarial_image.png"
    }
}