{
    "status": "SUCCESS",
    "config": {
        "executable": "resources/execution_files/gender_googlenet_mnn",
        "benign_image": "/img_align_celeba/158488.jpg",
        "initial_adv_image": "/img_align_celeba/158311.jpg",
        "l2_epsilon_goal": 0.05,
        "linf_epsilon_goal": 0.06274509803921569,
        "query_budget": 40000,
        "max_iterations": 1000,
        "initial_queries": 50,
        "dimension_reduction": 1.0
    },
    "results": {
        "total_queries": 10023,
        "final_l2_distance": 5.067239284515381,
        "final_linf_distance": 0.0614798441529274,
        "total_duration_seconds": 308.0584626197815,
        "iteration_times_seconds": [
            5.904585838317871,
            6.175388813018799,
            6.432739496231079,
            6.228998422622681,
            6.395655870437622,
            6.541728973388672,
            6.755093812942505,
            6.7988810539245605,
            6.801842927932739,
            6.885352611541748,
            7.001167058944702,
            7.073009490966797,
            7.069272994995117,
            7.322906494140625,
            7.326405048370361,
            7.280691623687744,
            7.291738986968994,
            7.372589349746704,
            7.365669012069702,
            7.442964315414429,
            7.412558555603027,
            7.473165035247803,
            7.61320948600769,
            7.649516344070435,
            7.843283653259277,
            7.753565311431885,
            7.7945897579193115,
            7.968201398849487,
            7.941612005233765,
            8.026081323623657,
            8.103914737701416,
            7.901349306106567,
            7.889947891235352,
            7.932610034942627,
            8.002619504928589,
            8.043044328689575,
            8.104887008666992,
            8.168989181518555,
            8.207420587539673,
            8.250807762145996,
            8.27311396598816
        ],
        "output_image_path": "/model_deploy_execution_attack_for_pipeline/outputs/gender_googlenet_mnn_158488_ttba_attack/adversarial_image.png"
    }
}