{
    "status": "SUCCESS",
    "config": {
        "executable": "./resources/execution_files/ssrnet_age_mnn",
        "benign_image": "/img_align_celeba/119359.jpg",
        "initial_adv_image": "/img_align_celeba/108526.jpg",
        "l2_epsilon_goal": 0.05,
        "linf_epsilon_goal": 0.06274509803921569,
        "query_budget": 40000,
        "max_iterations": 1000,
        "initial_queries": 50,
        "dimension_reduction": 1.0
    },
    "results": {
        "total_queries": 740,
        "final_l2_distance": 1.504438877105713,
        "final_linf_distance": 0.021097227931022644,
        "total_duration_seconds": 15.438613176345825,
        "iteration_times_seconds": [
            2.261364221572876,
            2.339256525039673,
            2.393911123275757,
            2.462442636489868,
            2.3184866905212402,
            2.163590431213379
        ],
        "output_image_path": "/model_deploy_execution_attack_for_pipeline/outputs/ssrnet_age_mnn_119359_ttba_attack/adversarial_image.png"
    }
}