{
    "status": "SUCCESS",
    "config": {
        "executable": "./resources/execution_files/fsanet_headpose_mnn",
        "benign_image": "/img_align_celeba/011711.jpg",
        "initial_adv_image": "/img_align_celeba/011705.jpg",
        "l2_epsilon_goal": 0.05,
        "linf_epsilon_goal": 0.06274509803921569,
        "query_budget": 40000,
        "max_iterations": 1000,
        "initial_queries": 50,
        "dimension_reduction": 1.0
    },
    "results": {
        "total_queries": 30598,
        "final_l2_distance": 4.416372776031494,
        "final_linf_distance": 0.05877047777175903,
        "total_duration_seconds": 285.78639101982117,
        "iteration_times_seconds": [
            2.691190004348755,
            2.570183515548706,
            2.6861062049865723,
            2.666938066482544,
            2.9019689559936523,
            2.7824342250823975,
            2.871777296066284,
            2.8832132816314697,
            2.895427942276001,
            2.9339053630828857,
            2.9204535484313965,
            2.7344844341278076,
            2.8645551204681396,
            2.87296724319458,
            3.0142946243286133,
            2.983515977859497,
            3.000748872756958,
            2.950493335723877,
            2.990417718887329,
            3.0530362129211426,
            2.91984486579895,
            2.964297294616699,
            2.9353346824645996,
            2.9444267749786377,
            2.9936935901641846,
            2.9955945014953613,
            2.93921160697937,
            2.9910049438476562,
            2.9276280403137207,
            3.1408450603485107,
            3.0592715740203857,
            3.0339293479919434,
            3.126976490020752,
            3.1307525634765625,
            3.072160005569458,
            3.106807231903076,
            3.1263930797576904,
            3.2839088439941406,
            3.271057367324829,
            3.1516027450561523,
            3.2763054370880127,
            3.3186326026916504,
            3.2481729984283447,
            3.1798956394195557,
            3.3351633548736572,
            3.325205087661743,
            3.436854124069214,
            3.2370972633361816,
            3.2777769565582275,
            3.320369005203247,
            3.332442283630371,
            3.3113770484924316,
            3.2353179454803467,
            3.1655874252319336,
            3.232287883758545,
            3.367284059524536,
            3.2833995819091797,
            3.2108492851257324,
            3.221102476119995,
            3.388244867324829,
            3.313001871109009,
            3.3047380447387695,
            3.3491764068603516,
            3.4249253273010254,
            3.326324701309204,
            3.3381805419921875,
            3.2682085037231445,
            3.4178104400634766,
            3.3307998180389404,
            3.503033399581909,
            3.461207151412964,
            3.364847421646118,
            3.3474812507629395,
            3.4170339107513428,
            3.4749536514282227,
            3.4745285511016846,
            3.5758752822875977,
            3.4061808586120605,
            3.489556074142456,
            3.5424132347106934,
            3.3419651985168457,
            3.5243897438049316,
            3.5322725772857666,
            3.577677011489868,
            3.5927085876464844,
            3.491591691970825,
            3.63993763923645,
            3.542438507080078,
            3.498824119567871
        ],
        "output_image_path": "/model_deploy_execution_attack_for_pipeline/outputs/fsanet_headpose_mnn_011711_ttba_attack/adversarial_image.png"
    }
}