{
    "status": "BUDGET_EXHAUSTED",
    "config": {
        "executable": "./resources/execution_files/gender_googlenet_mnn",
        "benign_image": "/img_align_celeba/008532.jpg",
        "initial_adv_image": "/img_align_celeba/101264.jpg",
        "l2_epsilon_goal": 0.05,
        "linf_epsilon_goal": 0.06274509803921569,
        "query_budget": 40000,
        "max_iterations": 1000,
        "initial_queries": 50,
        "dimension_reduction": 1.0
    },
    "results": {
        "total_queries": 40262,
        "final_l2_distance": 25.20519256591797,
        "final_linf_distance": 0.3579418957233429,
        "total_duration_seconds": 956.51513838768,
        "iteration_times_seconds": [
            6.038240432739258,
            6.349292278289795,
            6.412332534790039,
            6.65779972076416,
            6.663886785507202,
            6.7585577964782715,
            6.993965148925781,
            7.012182712554932,
            7.028461694717407,
            7.167222499847412,
            7.160342216491699,
            7.226660251617432,
            7.294365882873535,
            7.370339870452881,
            7.577045917510986,
            7.641789197921753,
            7.678290128707886,
            7.7405242919921875,
            7.693933010101318,
            7.742130517959595,
            7.82119083404541,
            7.817931890487671,
            7.914695501327515,
            8.055564403533936,
            8.045155763626099,
            8.0344398021698,
            8.189636945724487,
            8.322290420532227,
            8.250562191009521,
            8.287815570831299,
            8.36552906036377,
            8.39432144165039,
            8.402096033096313,
            8.413436889648438,
            8.44830846786499,
            8.531437397003174,
            8.555918216705322,
            8.55647087097168,
            8.616376399993896,
            8.686543703079224,
            8.780069351196289,
            8.80949091911316,
            8.715845346450806,
            8.882925748825073,
            8.916921138763428,
            8.779016971588135,
            8.768468379974365,
            8.847071170806885,
            8.831610441207886,
            8.954288244247437,
            8.924225330352783,
            8.88405990600586,
            8.919023513793945,
            8.94930124282837,
            9.005366802215576,
            9.07471752166748,
            9.123429536819458,
            9.212426900863647,
            9.121668100357056,
            9.267130851745605,
            9.260144472122192,
            9.316995620727539,
            9.453130960464478,
            9.484975814819336,
            9.492209196090698,
            9.486398935317993,
            9.492557525634766,
            9.57225489616394,
            9.495622634887695,
            9.504827976226807,
            9.532657384872437,
            9.619130849838257,
            9.62039303779602,
            9.56670618057251,
            9.627235412597656,
            9.653480291366577,
            9.712117195129395,
            9.7185378074646,
            9.775367259979248,
            9.730279684066772,
            9.955538749694824,
            9.889300107955933,
            9.996368885040283,
            10.129804134368896,
            10.057244062423706,
            10.034196853637695,
            10.088465213775635,
            10.156139612197876,
            10.085227727890015,
            10.09323000907898,
            10.135914325714111,
            10.121619701385498,
            10.20304250717163,
            10.132980585098267,
            10.30196499824524,
            10.097453594207764,
            10.210360288619995,
            10.15575361251831,
            10.281508684158325,
            10.340405702590942,
            10.339807510375977,
            10.144711017608643,
            10.238197088241577,
            10.294484615325928,
            10.26199746131897,
            10.387156009674072,
            10.386762857437134
        ],
        "output_image_path": "/model_deploy_execution_attack_for_pipeline/outputs/gender_googlenet_mnn_008532_ttba_attack/adversarial_image.png"
    }
}