{
    "status": "SUCCESS",
    "config": {
        "executable": "resources/execution_files/emotion_ferplus_mnn",
        "benign_image": "/img_align_celeba/170489.jpg",
        "initial_adv_image": "/img_align_celeba/046885.jpg",
        "l2_epsilon_goal": 0.05,
        "linf_epsilon_goal": 0.06274509803921569,
        "query_budget": 40000,
        "max_iterations": 1000,
        "initial_queries": 50,
        "dimension_reduction": 1.0
    },
    "results": {
        "total_queries": 1050,
        "final_l2_distance": 4.336950778961182,
        "final_linf_distance": 0.06147533655166626,
        "total_duration_seconds": 56.10400581359863,
        "iteration_times_seconds": [
            5.995325326919556,
            6.218245029449463,
            6.295656681060791,
            6.4425048828125,
            6.530745506286621,
            6.7055699825286865,
            6.7092485427856445,
            6.7257795333862305
        ],
        "output_image_path": "/model_deploy_execution_attack_for_pipeline/outputs/emotion_ferplus_mnn_170489_ttba_attack/adversarial_image.png"
    }
}