{
    "status": "BUDGET_EXHAUSTED",
    "config": {
        "executable": "./resources/execution_files/fsanet_headpose_mnn",
        "benign_image": "/img_align_celeba/103301.jpg",
        "initial_adv_image": "/img_align_celeba/007167.jpg",
        "l2_epsilon_goal": 0.05,
        "linf_epsilon_goal": 0.06274509803921569,
        "query_budget": 40000,
        "max_iterations": 1000,
        "initial_queries": 50,
        "dimension_reduction": 1.0
    },
    "results": {
        "total_queries": 40184,
        "final_l2_distance": 17.86507225036621,
        "final_linf_distance": 0.2320176362991333,
        "total_duration_seconds": 369.07789301872253,
        "iteration_times_seconds": [
            2.632507562637329,
            2.6767737865448,
            2.7714426517486572,
            2.8298959732055664,
            2.818869113922119,
            2.910665512084961,
            2.881377696990967,
            2.974855422973633,
            2.986176013946533,
            2.9535422325134277,
            3.0824642181396484,
            2.935386896133423,
            3.010915517807007,
            3.0679426193237305,
            3.0395617485046387,
            3.0750370025634766,
            3.163271903991699,
            3.146726369857788,
            3.151756525039673,
            3.181871175765991,
            3.181361675262451,
            3.141423463821411,
            3.21250581741333,
            3.251720666885376,
            3.167579174041748,
            3.13718318939209,
            3.204214096069336,
            3.1265006065368652,
            3.2195115089416504,
            3.2022125720977783,
            3.19004487991333,
            3.2756621837615967,
            3.31764817237854,
            3.3235669136047363,
            3.275333881378174,
            3.3257219791412354,
            3.3504798412323,
            3.4075145721435547,
            3.278324604034424,
            3.3198955059051514,
            3.4330198764801025,
            3.316282033920288,
            3.3762903213500977,
            3.4083757400512695,
            3.4150137901306152,
            3.483509063720703,
            3.3859407901763916,
            3.3957443237304688,
            3.4549777507781982,
            3.423518180847168,
            3.3507168292999268,
            3.5338125228881836,
            3.424705743789673,
            3.556882619857788,
            3.3819823265075684,
            3.4924609661102295,
            3.517119884490967,
            3.4206151962280273,
            3.560283660888672,
            3.5238802433013916,
            3.417689561843872,
            3.4400928020477295,
            3.689495086669922,
            3.571737289428711,
            3.6082143783569336,
            3.541689157485962,
            3.63240909576416,
            3.6673593521118164,
            3.59013032913208,
            3.593409299850464,
            3.6686244010925293,
            3.562957525253296,
            3.593085765838623,
            3.5457346439361572,
            3.607290267944336,
            3.700132369995117,
            3.701439380645752,
            3.728614330291748,
            3.5990583896636963,
            3.5266642570495605,
            3.6519181728363037,
            3.679002285003662,
            3.687988758087158,
            3.7084100246429443,
            3.8243279457092285,
            3.6502506732940674,
            3.799686908721924,
            3.7686984539031982,
            3.802764654159546,
            3.87345814704895,
            3.75492787361145,
            3.763094186782837,
            3.7732126712799072,
            3.782363176345825,
            3.708519458770752,
            3.7168633937835693,
            3.788214921951294,
            3.7558014392852783,
            3.7945711612701416,
            3.7742321491241455,
            3.8805911540985107,
            3.8204586505889893,
            3.902337074279785,
            3.8477797508239746,
            3.8667378425598145,
            3.8769893646240234,
            3.9442081451416016
        ],
        "output_image_path": "/model_deploy_execution_attack_for_pipeline/outputs/fsanet_headpose_mnn_103301_ttba_attack/adversarial_image.png"
    }
}