{
    "status": "SUCCESS",
    "config": {
        "executable": "./resources/execution_files/fsanet_headpose_mnn",
        "benign_image": "/img_align_celeba/012218.jpg",
        "initial_adv_image": "/img_align_celeba/065084.jpg",
        "l2_epsilon_goal": 0.05,
        "linf_epsilon_goal": 0.06274509803921569,
        "query_budget": 40000,
        "max_iterations": 1000,
        "initial_queries": 50,
        "dimension_reduction": 1.0
    },
    "results": {
        "total_queries": 19417,
        "final_l2_distance": 4.200466632843018,
        "final_linf_distance": 0.060402095317840576,
        "total_duration_seconds": 202.19497084617615,
        "iteration_times_seconds": [
            2.6315228939056396,
            2.738211154937744,
            2.765395402908325,
            2.6909594535827637,
            2.698918104171753,
            2.9674623012542725,
            2.8113205432891846,
            2.868337631225586,
            2.8398101329803467,
            2.8854193687438965,
            2.830756664276123,
            2.835763931274414,
            2.9319844245910645,
            2.8988113403320312,
            2.938148260116577,
            2.9630286693573,
            3.0275635719299316,
            2.9585821628570557,
            2.980167865753174,
            2.962634801864624,
            2.9299676418304443,
            2.8508262634277344,
            2.906022071838379,
            3.1002883911132812,
            3.0179202556610107,
            2.9885616302490234,
            3.0151734352111816,
            2.950316905975342,
            2.9798598289489746,
            3.112680435180664,
            3.1965227127075195,
            3.2360544204711914,
            3.207212209701538,
            3.1087560653686523,
            3.158576250076294,
            3.20002818107605,
            3.057750940322876,
            3.2913599014282227,
            3.209911584854126,
            2.9874448776245117,
            3.063117027282715,
            3.255411148071289,
            3.1117095947265625,
            3.2164905071258545,
            3.178950548171997,
            3.0918490886688232,
            3.224102735519409,
            3.192991256713867,
            3.2785491943359375,
            3.26989483833313,
            3.2299745082855225,
            3.1574859619140625,
            3.143965482711792,
            3.260529041290283,
            3.3071320056915283,
            3.309040069580078,
            3.26631760597229,
            3.3741211891174316,
            3.3783175945281982,
            3.234707832336426,
            3.4289462566375732,
            3.407707691192627,
            3.515465497970581,
            3.329124927520752,
            3.503477096557617
        ],
        "output_image_path": "/model_deploy_execution_attack_for_pipeline/outputs/fsanet_headpose_mnn_012218_ttba_attack/adversarial_image.png"
    }
}