{
    "status": "BUDGET_EXHAUSTED",
    "config": {
        "executable": "./resources/execution_files/age_googlenet_mnn",
        "benign_image": "/img_align_celeba/145432.jpg",
        "initial_adv_image": "/img_align_celeba/00000016.png",
        "l2_epsilon_goal": 0.05,
        "linf_epsilon_goal": 0.06274509803921569,
        "query_budget": 40000,
        "max_iterations": 1000,
        "initial_queries": 50,
        "dimension_reduction": 1.0
    },
    "results": {
        "total_queries": 40382,
        "final_l2_distance": 51.841392517089844,
        "final_linf_distance": 0.6831279397010803,
        "total_duration_seconds": 1156.255224943161,
        "iteration_times_seconds": [
            7.78602147102356,
            8.17730975151062,
            8.182592868804932,
            8.360422134399414,
            8.37391710281372,
            8.509270906448364,
            8.759623050689697,
            8.80658483505249,
            8.85120439529419,
            8.901827335357666,
            8.925387620925903,
            9.057049989700317,
            9.099823951721191,
            9.199921369552612,
            9.361979246139526,
            9.505725383758545,
            9.529139518737793,
            9.586297512054443,
            9.585940599441528,
            9.580622673034668,
            9.600934982299805,
            9.65049695968628,
            9.67500352859497,
            9.857457160949707,
            9.818161487579346,
            10.002841711044312,
            10.011767148971558,
            10.081197261810303,
            10.099220752716064,
            10.087703943252563,
            10.187467575073242,
            10.201941013336182,
            10.215152263641357,
            10.24666428565979,
            10.309439659118652,
            10.375056982040405,
            10.421282291412354,
            10.503711462020874,
            10.401935338973999,
            10.464462995529175,
            10.497480154037476,
            10.740142583847046,
            10.707721710205078,
            10.704333066940308,
            10.818145513534546,
            10.794732093811035,
            10.857446432113647,
            10.80176329612732,
            10.875854730606079,
            10.870092630386353,
            10.96631407737732,
            10.964271306991577,
            10.797716617584229,
            10.792274713516235,
            10.831975936889648,
            10.90508246421814,
            10.944447755813599,
            10.997337579727173,
            11.004512310028076,
            11.205195426940918,
            11.191453456878662,
            11.271981954574585,
            11.188334941864014,
            11.14255404472351,
            11.198940992355347,
            11.269172430038452,
            11.273622512817383,
            11.373591899871826,
            11.411272287368774,
            11.32239055633545,
            11.42888617515564,
            11.387610912322998,
            11.343134880065918,
            11.517541408538818,
            11.50105595588684,
            11.469201564788818,
            11.560714483261108,
            11.497568368911743,
            11.598283529281616,
            11.611308097839355,
            11.672003507614136,
            11.84796667098999,
            11.899240016937256,
            11.826995611190796,
            11.847212553024292,
            11.893392562866211,
            11.8760826587677,
            11.90223503112793,
            11.897732973098755,
            11.95902132987976,
            11.92169451713562,
            12.038553237915039,
            12.059825897216797,
            12.082303524017334,
            11.994794607162476,
            12.11543583869934,
            12.11473822593689,
            12.162392854690552,
            12.27261209487915,
            12.312881469726562,
            12.190601110458374,
            12.177363157272339,
            12.246111392974854,
            12.241597175598145,
            12.277815818786621,
            12.545787811279297,
            12.43828010559082
        ],
        "output_image_path": "/model_deploy_execution_attack_for_pipeline/outputs/age_googlenet_mnn_145432_ttba_attack/adversarial_image.png"
    }
}