{
    "status": "SUCCESS",
    "config": {
        "executable": "./resources/execution_files/fsanet_headpose_mnn",
        "benign_image": "/img_align_celeba/188454.jpg",
        "initial_adv_image": "/img_align_celeba/091663.jpg",
        "l2_epsilon_goal": 0.05,
        "linf_epsilon_goal": 0.06274509803921569,
        "query_budget": 40000,
        "max_iterations": 1000,
        "initial_queries": 50,
        "dimension_reduction": 1.0
    },
    "results": {
        "total_queries": 5536,
        "final_l2_distance": 4.283980369567871,
        "final_linf_distance": 0.05628609657287598,
        "total_duration_seconds": 77.66368269920349,
        "iteration_times_seconds": [
            2.6034529209136963,
            2.7664573192596436,
            2.549654960632324,
            2.728240489959717,
            2.6983277797698975,
            2.698805570602417,
            2.6778738498687744,
            2.683683156967163,
            2.6912262439727783,
            2.823845624923706,
            2.81974458694458,
            2.70106840133667,
            2.8376619815826416,
            2.7693068981170654,
            2.9127657413482666,
            2.973377227783203,
            2.7653744220733643,
            2.977771043777466,
            2.8869032859802246,
            2.8625986576080322,
            2.8379149436950684,
            2.9660050868988037,
            2.9796998500823975,
            2.952925443649292,
            2.8972675800323486,
            2.9261958599090576,
            2.9325778484344482
        ],
        "output_image_path": "/model_deploy_execution_attack_for_pipeline/outputs/fsanet_headpose_mnn_188454_ttba_attack/adversarial_image.png"
    }
}