{
    "status": "BUDGET_EXHAUSTED",
    "config": {
        "executable": "./resources/execution_files/age_googlenet_mnn",
        "benign_image": "/img_align_celeba/015205.jpg",
        "initial_adv_image": "/img_align_celeba/00000019.png",
        "l2_epsilon_goal": 0.05,
        "linf_epsilon_goal": 0.06274509803921569,
        "query_budget": 40000,
        "max_iterations": 1000,
        "initial_queries": 50,
        "dimension_reduction": 1.0
    },
    "results": {
        "total_queries": 40339,
        "final_l2_distance": 42.66481399536133,
        "final_linf_distance": 0.6111858487129211,
        "total_duration_seconds": 1143.1921639442444,
        "iteration_times_seconds": [
            7.800868034362793,
            7.9858691692352295,
            8.155877351760864,
            8.286858081817627,
            8.356528520584106,
            8.529154062271118,
            8.717211961746216,
            8.743791341781616,
            8.74911642074585,
            8.785239458084106,
            8.98126482963562,
            9.049020528793335,
            9.09721565246582,
            9.12902545928955,
            9.285637617111206,
            9.353702545166016,
            9.48451280593872,
            9.501086711883545,
            9.511422872543335,
            9.475095987319946,
            9.564763069152832,
            9.737794637680054,
            9.740217924118042,
            9.735197305679321,
            9.81731390953064,
            9.801391124725342,
            10.04357099533081,
            9.799118280410767,
            9.804659843444824,
            9.847623348236084,
            9.871663570404053,
            9.88975715637207,
            10.054383516311646,
            10.109015464782715,
            10.09004020690918,
            10.081871271133423,
            10.208797454833984,
            10.287750005722046,
            10.19437026977539,
            10.363263130187988,
            10.428638696670532,
            10.473328113555908,
            10.493505716323853,
            10.496407985687256,
            10.550075769424438,
            10.54461121559143,
            10.509855508804321,
            10.62379503250122,
            10.7233726978302,
            10.616571426391602,
            10.71333646774292,
            10.676915645599365,
            10.827365636825562,
            10.85521936416626,
            10.765867471694946,
            10.91871452331543,
            10.85891342163086,
            10.878329038619995,
            10.995536804199219,
            11.096788167953491,
            11.125282526016235,
            11.068544387817383,
            11.229421854019165,
            11.16446566581726,
            11.217789649963379,
            11.12084150314331,
            11.272225379943848,
            11.209107398986816,
            11.239713907241821,
            11.28391981124878,
            11.37938904762268,
            11.38782000541687,
            11.51244854927063,
            11.55374526977539,
            11.53970742225647,
            11.482396125793457,
            11.507159948348999,
            11.467475891113281,
            11.592027187347412,
            11.648854970932007,
            11.775202989578247,
            11.779990196228027,
            11.777878761291504,
            11.736795902252197,
            11.766294002532959,
            11.797967672348022,
            11.90607237815857,
            11.879311800003052,
            11.839494466781616,
            11.628941297531128,
            11.732238531112671,
            11.813450574874878,
            11.763071537017822,
            11.706440448760986,
            11.785515069961548,
            11.768654823303223,
            11.899938821792603,
            11.975667715072632,
            11.972508192062378,
            11.922509670257568,
            11.98116421699524,
            11.98240351676941,
            12.031674861907959,
            11.958593368530273,
            11.985325813293457,
            12.230196714401245,
            12.265007734298706
        ],
        "output_image_path": "/model_deploy_execution_attack_for_pipeline/outputs/age_googlenet_mnn_015205_ttba_attack/adversarial_image.png"
    }
}