{
    "status": "BUDGET_EXHAUSTED",
    "config": {
        "executable": "./resources/execution_files/emotion_ferplus_mnn",
        "benign_image": "/img_align_celeba/196642.jpg",
        "initial_adv_image": "/img_align_celeba/017374.jpg",
        "l2_epsilon_goal": 0.05,
        "linf_epsilon_goal": 0.06274509803921569,
        "query_budget": 40000,
        "max_iterations": 1000,
        "initial_queries": 50,
        "dimension_reduction": 1.0
    },
    "results": {
        "total_queries": 40073,
        "final_l2_distance": 6.508825778961182,
        "final_linf_distance": 0.09927442669868469,
        "total_duration_seconds": 991.8935990333557,
        "iteration_times_seconds": [
            6.371394395828247,
            6.549032211303711,
            6.694197177886963,
            6.755390167236328,
            6.895588159561157,
            7.099948883056641,
            7.3582234382629395,
            7.428772449493408,
            7.43395733833313,
            7.41855001449585,
            7.640003442764282,
            7.554092168807983,
            7.792273759841919,
            7.781492233276367,
            8.019248008728027,
            7.939484119415283,
            8.0577073097229,
            8.081194400787354,
            8.052916288375854,
            8.088995218276978,
            8.358144521713257,
            8.423302412033081,
            8.059271097183228,
            8.18871545791626,
            8.201210498809814,
            8.352317333221436,
            8.398890495300293,
            8.470580101013184,
            8.431443691253662,
            8.605043411254883,
            8.650889873504639,
            8.657959222793579,
            8.712958335876465,
            8.784510135650635,
            8.75965142250061,
            8.700061798095703,
            8.87822437286377,
            8.804752349853516,
            8.884689569473267,
            8.95688772201538,
            8.959277391433716,
            9.014601230621338,
            9.024863481521606,
            8.962332725524902,
            9.047900676727295,
            9.084320783615112,
            9.165190696716309,
            9.054595470428467,
            9.104978322982788,
            9.168445110321045,
            9.19532060623169,
            9.202640295028687,
            9.240019083023071,
            9.2995445728302,
            9.346332311630249,
            9.310050964355469,
            9.354753971099854,
            9.39262080192566,
            9.430153131484985,
            9.554023742675781,
            9.585317611694336,
            9.606583833694458,
            9.72896432876587,
            9.792616844177246,
            9.773588180541992,
            9.783528566360474,
            9.887440204620361,
            9.80763554573059,
            9.916613817214966,
            9.886843204498291,
            9.885301113128662,
            9.86470651626587,
            10.013943910598755,
            9.926506996154785,
            10.020899772644043,
            9.985762119293213,
            10.083137512207031,
            10.085539817810059,
            10.150458097457886,
            10.109700202941895,
            10.20363473892212,
            10.277486562728882,
            10.310365438461304,
            10.317347764968872,
            10.321310997009277,
            10.421205282211304,
            10.34382677078247,
            10.476608514785767,
            10.43472671508789,
            10.498705387115479,
            10.4722740650177,
            10.585860967636108,
            10.49488353729248,
            10.634047031402588,
            10.507367610931396,
            10.57798147201538,
            10.639930248260498,
            10.620720386505127,
            10.718213558197021,
            10.71330451965332,
            10.746686458587646,
            10.740716934204102,
            10.821654081344604,
            10.76770567893982,
            10.745042324066162,
            11.012590408325195,
            10.96744990348816
        ],
        "output_image_path": "/model_deploy_execution_attack_for_pipeline/outputs/emotion_ferplus_mnn_196642_ttba_attack/adversarial_image.png"
    }
}