{
    "status": "SUCCESS",
    "config": {
        "executable": "./resources/execution_files/ssrnet_age_mnn",
        "benign_image": "/img_align_celeba/117360.jpg",
        "initial_adv_image": "/img_align_celeba/042361.jpg",
        "l2_epsilon_goal": 0.05,
        "linf_epsilon_goal": 0.06274509803921569,
        "query_budget": 40000,
        "max_iterations": 1000,
        "initial_queries": 50,
        "dimension_reduction": 1.0
    },
    "results": {
        "total_queries": 4979,
        "final_l2_distance": 4.9594950675964355,
        "final_linf_distance": 0.0612947940826416,
        "total_duration_seconds": 61.59772562980652,
        "iteration_times_seconds": [
            2.2432618141174316,
            2.3148374557495117,
            2.318631887435913,
            2.3131871223449707,
            2.3177030086517334,
            2.384441614151001,
            2.285473346710205,
            2.4313857555389404,
            2.3224525451660156,
            2.2959814071655273,
            2.384056329727173,
            2.4336605072021484,
            2.3700315952301025,
            2.4575247764587402,
            2.417787790298462,
            2.483640670776367,
            2.4526994228363037,
            2.4908766746520996,
            2.58892822265625,
            2.528747797012329,
            2.4832167625427246,
            2.4870824813842773,
            2.5006682872772217,
            2.354809522628784,
            2.510610580444336
        ],
        "output_image_path": "/model_deploy_execution_attack_for_pipeline/outputs/ssrnet_age_mnn_117360_ttba_attack/adversarial_image.png"
    }
}