{
    "status": "SUCCESS",
    "config": {
        "executable": "resources/execution_files/emotion_ferplus_mnn",
        "benign_image": "/img_align_celeba/049220.jpg",
        "initial_adv_image": "/img_align_celeba/046885.jpg",
        "l2_epsilon_goal": 0.05,
        "linf_epsilon_goal": 0.06274509803921569,
        "query_budget": 40000,
        "max_iterations": 1000,
        "initial_queries": 50,
        "dimension_reduction": 1.0
    },
    "results": {
        "total_queries": 14070,
        "final_l2_distance": 4.9547858238220215,
        "final_linf_distance": 0.06109863519668579,
        "total_duration_seconds": 422.5490279197693,
        "iteration_times_seconds": [
            6.27907395362854,
            6.585362672805786,
            6.739226579666138,
            6.958261489868164,
            6.774770736694336,
            6.865461111068726,
            7.198437452316284,
            7.1645379066467285,
            7.332684278488159,
            7.279933452606201,
            7.211158275604248,
            7.3444297313690186,
            7.3910439014434814,
            7.446741580963135,
            7.672608852386475,
            7.646994113922119,
            7.688994646072388,
            7.753140687942505,
            7.821363687515259,
            7.924830198287964,
            7.9089109897613525,
            7.874397277832031,
            7.981179475784302,
            8.037468433380127,
            8.047000646591187,
            8.196204423904419,
            8.29885482788086,
            8.316255807876587,
            8.429024457931519,
            8.431700944900513,
            8.524765491485596,
            8.462725400924683,
            8.312321186065674,
            8.347464561462402,
            8.349603414535522,
            8.440508604049683,
            8.447382926940918,
            8.504586219787598,
            8.473223447799683,
            8.508400917053223,
            8.608970403671265,
            8.723717451095581,
            8.887219429016113,
            8.839939594268799,
            8.917863130569458,
            8.893261194229126,
            8.964051961898804,
            8.974320888519287,
            8.979277849197388,
            9.075071573257446,
            9.082331657409668,
            9.074500322341919
        ],
        "output_image_path": "/model_deploy_execution_attack_for_pipeline/outputs/emotion_ferplus_mnn_049220_ttba_attack/adversarial_image.png"
    }
}