{
    "status": "SUCCESS",
    "config": {
        "executable": "resources/execution_files/gender_googlenet_mnn",
        "benign_image": "/img_align_celeba/046661.jpg",
        "initial_adv_image": "/img_align_celeba/065084.jpg",
        "l2_epsilon_goal": 0.05,
        "linf_epsilon_goal": 0.06274509803921569,
        "query_budget": 40000,
        "max_iterations": 1000,
        "initial_queries": 50,
        "dimension_reduction": 1.0
    },
    "results": {
        "total_queries": 39458,
        "final_l2_distance": 4.83055305480957,
        "final_linf_distance": 0.06262844800949097,
        "total_duration_seconds": 930.4389474391937,
        "iteration_times_seconds": [
            5.892861366271973,
            6.256437301635742,
            6.181625843048096,
            6.266049385070801,
            6.335518836975098,
            6.530873775482178,
            6.602107048034668,
            6.8215930461883545,
            6.857970476150513,
            6.885617256164551,
            6.957556962966919,
            7.09294867515564,
            7.166706085205078,
            7.194958686828613,
            7.382377862930298,
            7.433866500854492,
            7.462487459182739,
            7.4531474113464355,
            7.508627891540527,
            7.624661684036255,
            7.633282661437988,
            7.718835830688477,
            7.74457049369812,
            7.737824201583862,
            7.877360105514526,
            7.794661521911621,
            7.9188666343688965,
            7.972520112991333,
            7.9407219886779785,
            8.088552713394165,
            8.071404933929443,
            8.08494520187378,
            8.132920742034912,
            7.991324186325073,
            8.158258438110352,
            8.315481662750244,
            8.269246578216553,
            8.331443071365356,
            8.41577696800232,
            8.441809892654419,
            8.38789677619934,
            8.576610326766968,
            8.739372491836548,
            8.685205221176147,
            8.751507043838501,
            8.63654088973999,
            8.720375061035156,
            8.801277875900269,
            8.823784351348877,
            8.864330053329468,
            8.821860313415527,
            8.92946743965149,
            8.79948377609253,
            8.908370733261108,
            9.010708093643188,
            8.99431300163269,
            9.177516222000122,
            9.051777601242065,
            9.090896606445312,
            9.19301724433899,
            9.315822839736938,
            9.353641271591187,
            9.36849331855774,
            9.386159420013428,
            9.487435102462769,
            9.409143209457397,
            9.435096979141235,
            9.46448826789856,
            9.496101379394531,
            9.489998817443848,
            9.587106227874756,
            9.553180456161499,
            9.557192087173462,
            9.430912256240845,
            9.434305667877197,
            9.538048505783081,
            9.57901120185852,
            9.542510509490967,
            9.605844020843506,
            9.68534803390503,
            9.784920930862427,
            9.70578384399414,
            9.774771213531494,
            9.791000127792358,
            9.897375106811523,
            9.91323709487915,
            9.817527770996094,
            9.90975022315979,
            9.91269040107727,
            10.10390853881836,
            9.964145421981812,
            9.930667877197266,
            9.856156826019287,
            9.978405237197876,
            10.070968389511108,
            10.159337520599365,
            10.143735408782959,
            10.144984006881714,
            10.157987117767334,
            10.237318277359009,
            10.193377256393433,
            10.17585015296936,
            10.350401878356934,
            10.37880563735962,
            10.403188467025757,
            10.426273107528687
        ],
        "output_image_path": "/model_deploy_execution_attack_for_pipeline/outputs/gender_googlenet_mnn_046661_ttba_attack/adversarial_image.png"
    }
}