{
    "status": "BUDGET_EXHAUSTED",
    "config": {
        "executable": "./resources/execution_files/age_googlenet_mnn",
        "benign_image": "/img_align_celeba/058463.jpg",
        "initial_adv_image": "/img_align_celeba/00000002.png",
        "l2_epsilon_goal": 0.05,
        "linf_epsilon_goal": 0.06274509803921569,
        "query_budget": 40000,
        "max_iterations": 1000,
        "initial_queries": 50,
        "dimension_reduction": 1.0
    },
    "results": {
        "total_queries": 40356,
        "final_l2_distance": 52.57784652709961,
        "final_linf_distance": 0.7504385113716125,
        "total_duration_seconds": 1151.761679649353,
        "iteration_times_seconds": [
            7.776711463928223,
            8.14530348777771,
            8.194767713546753,
            8.300800561904907,
            8.534602165222168,
            8.514009475708008,
            8.71741247177124,
            8.827997207641602,
            8.968220472335815,
            8.79721975326538,
            9.037471771240234,
            9.130840063095093,
            9.186202764511108,
            9.194214582443237,
            9.427147388458252,
            9.484463691711426,
            9.56622576713562,
            9.497538089752197,
            9.523268461227417,
            9.572880506515503,
            9.606131553649902,
            9.644433975219727,
            9.760628700256348,
            9.766523838043213,
            9.833986759185791,
            9.822507381439209,
            9.812854528427124,
            9.890868425369263,
            9.886006832122803,
            9.910531282424927,
            10.031623125076294,
            9.95481538772583,
            9.990971088409424,
            10.006889581680298,
            10.110742568969727,
            10.117681503295898,
            10.155488014221191,
            10.205054521560669,
            10.271872520446777,
            10.255232810974121,
            10.290052890777588,
            10.531627178192139,
            10.54446530342102,
            10.562744140625,
            10.571451663970947,
            10.582117557525635,
            10.730708122253418,
            10.634846925735474,
            10.698275327682495,
            10.575325727462769,
            10.743038415908813,
            10.817055225372314,
            10.844976902008057,
            10.904178380966187,
            10.857163190841675,
            10.869935274124146,
            10.913418769836426,
            10.900139570236206,
            10.932596445083618,
            11.220767259597778,
            11.163861989974976,
            11.231786966323853,
            11.182246685028076,
            11.275944948196411,
            11.216066122055054,
            11.38543963432312,
            11.376846313476562,
            11.252240419387817,
            11.322395086288452,
            11.457043409347534,
            11.417869329452515,
            11.461129188537598,
            11.472121715545654,
            11.46090316772461,
            11.465214729309082,
            11.602574825286865,
            11.540850162506104,
            11.63757848739624,
            11.628287315368652,
            11.64100432395935,
            11.824311256408691,
            11.84880256652832,
            11.810617446899414,
            11.899746894836426,
            11.897079944610596,
            11.927655696868896,
            11.89582085609436,
            11.939979314804077,
            11.991769313812256,
            11.957043409347534,
            11.997138738632202,
            11.998757600784302,
            12.127606391906738,
            12.017573595046997,
            12.009467124938965,
            12.032488822937012,
            12.092260599136353,
            12.07081151008606,
            12.102363586425781,
            12.235572814941406,
            12.237728118896484,
            12.183436393737793,
            12.200268030166626,
            12.369816780090332,
            12.268049240112305,
            12.424997568130493,
            12.519582271575928
        ],
        "output_image_path": "/model_deploy_execution_attack_for_pipeline/outputs/age_googlenet_mnn_058463_ttba_attack/adversarial_image.png"
    }
}