{
    "status": "BUDGET_EXHAUSTED",
    "config": {
        "executable": "./resources/execution_files/age_googlenet_mnn",
        "benign_image": "/img_align_celeba/180008.jpg",
        "initial_adv_image": "/img_align_celeba/00000005.png",
        "l2_epsilon_goal": 0.05,
        "linf_epsilon_goal": 0.06274509803921569,
        "query_budget": 40000,
        "max_iterations": 1000,
        "initial_queries": 50,
        "dimension_reduction": 1.0
    },
    "results": {
        "total_queries": 40325,
        "final_l2_distance": 49.010108947753906,
        "final_linf_distance": 0.6034943461418152,
        "total_duration_seconds": 1147.5317850112915,
        "iteration_times_seconds": [
            7.649513244628906,
            7.934739828109741,
            8.042629718780518,
            8.094831228256226,
            8.189160585403442,
            8.33039927482605,
            8.572994947433472,
            8.608287334442139,
            8.679236650466919,
            8.824262857437134,
            8.722723722457886,
            8.871934413909912,
            8.988659143447876,
            8.88390564918518,
            9.129090070724487,
            9.152961254119873,
            9.226975917816162,
            9.36753797531128,
            9.33087968826294,
            9.459592819213867,
            9.49586296081543,
            9.526218175888062,
            9.652153968811035,
            9.567525863647461,
            9.740885019302368,
            9.714016199111938,
            9.866506099700928,
            9.93227219581604,
            10.10764741897583,
            10.023266315460205,
            10.057821989059448,
            10.005291938781738,
            9.971596479415894,
            10.153406858444214,
            10.07038688659668,
            10.121029615402222,
            10.241804122924805,
            10.307060718536377,
            10.321191549301147,
            10.27023196220398,
            10.581234216690063,
            10.513736009597778,
            10.449100494384766,
            10.52944564819336,
            10.625677824020386,
            10.686062574386597,
            10.673526525497437,
            10.623581647872925,
            10.567269802093506,
            10.735005855560303,
            10.729812383651733,
            10.809306383132935,
            10.864338397979736,
            10.995281219482422,
            10.867775440216064,
            11.015236139297485,
            10.89440393447876,
            10.958178758621216,
            11.009147644042969,
            11.138444185256958,
            11.115576028823853,
            11.224184513092041,
            11.220099925994873,
            11.382281303405762,
            11.26056957244873,
            11.343802213668823,
            11.3241286277771,
            11.358966827392578,
            11.371468782424927,
            11.325863122940063,
            11.4569411277771,
            11.373896598815918,
            11.52196478843689,
            11.43753433227539,
            11.455378532409668,
            11.59000015258789,
            11.489068269729614,
            11.654114484786987,
            11.615445852279663,
            11.747268438339233,
            11.76934266090393,
            11.837278604507446,
            11.796493291854858,
            11.896955251693726,
            11.907633066177368,
            11.894849061965942,
            11.98586392402649,
            11.861577987670898,
            11.909315586090088,
            11.991373300552368,
            12.015259504318237,
            11.951490640640259,
            12.083052158355713,
            12.081279277801514,
            12.176504135131836,
            12.126350164413452,
            12.139320850372314,
            12.144577741622925,
            12.213778257369995,
            12.214482307434082,
            12.242028951644897,
            12.271463394165039,
            12.39055585861206,
            12.056196451187134,
            12.062687873840332,
            12.217255353927612,
            12.261746168136597
        ],
        "output_image_path": "/model_deploy_execution_attack_for_pipeline/outputs/age_googlenet_mnn_180008_ttba_attack/adversarial_image.png"
    }
}