{
    "status": "SUCCESS",
    "config": {
        "executable": "./resources/execution_files/fsanet_headpose_mnn",
        "benign_image": "/img_align_celeba/160842.jpg",
        "initial_adv_image": "/img_align_celeba/038397.jpg",
        "l2_epsilon_goal": 0.05,
        "linf_epsilon_goal": 0.06274509803921569,
        "query_budget": 40000,
        "max_iterations": 1000,
        "initial_queries": 50,
        "dimension_reduction": 1.0
    },
    "results": {
        "total_queries": 3646,
        "final_l2_distance": 4.569649696350098,
        "final_linf_distance": 0.06059211492538452,
        "total_duration_seconds": 56.77892446517944,
        "iteration_times_seconds": [
            2.628070116043091,
            2.6878249645233154,
            2.6910111904144287,
            2.682399034500122,
            2.7411179542541504,
            2.595423460006714,
            2.6873726844787598,
            2.7877914905548096,
            2.7099480628967285,
            2.6746835708618164,
            2.7992615699768066,
            2.7495551109313965,
            2.8792858123779297,
            2.9095845222473145,
            2.756910562515259,
            2.738539934158325,
            2.7390127182006836,
            2.9235827922821045,
            2.859124183654785,
            2.7596726417541504
        ],
        "output_image_path": "/model_deploy_execution_attack_for_pipeline/outputs/fsanet_headpose_mnn_160842_ttba_attack/adversarial_image.png"
    }
}