{
    "status": "SUCCESS",
    "config": {
        "executable": "./resources/execution_files/ssrnet_age_mnn",
        "benign_image": "/img_align_celeba/006245.jpg",
        "initial_adv_image": "/img_align_celeba/117406.jpg",
        "l2_epsilon_goal": 0.05,
        "linf_epsilon_goal": 0.06274509803921569,
        "query_budget": 40000,
        "max_iterations": 1000,
        "initial_queries": 50,
        "dimension_reduction": 1.0
    },
    "results": {
        "total_queries": 25758,
        "final_l2_distance": 4.778531074523926,
        "final_linf_distance": 0.062475234270095825,
        "total_duration_seconds": 217.2776255607605,
        "iteration_times_seconds": [
            2.204484701156616,
            2.2807300090789795,
            2.479278802871704,
            2.206727981567383,
            2.352296829223633,
            2.3430020809173584,
            2.3290812969207764,
            2.405622959136963,
            2.3315305709838867,
            2.452049732208252,
            2.534651517868042,
            2.480105400085449,
            2.5067408084869385,
            2.5009875297546387,
            2.6704962253570557,
            2.544938802719116,
            2.6400036811828613,
            2.5277371406555176,
            2.677683115005493,
            2.519874334335327,
            2.67679762840271,
            2.5834572315216064,
            2.6186912059783936,
            2.7055113315582275,
            2.630897283554077,
            2.659824848175049,
            2.790788173675537,
            2.598296642303467,
            2.7214343547821045,
            2.671187162399292,
            2.6245031356811523,
            2.8063154220581055,
            2.631314277648926,
            2.615396499633789,
            2.6819651126861572,
            2.694291591644287,
            2.803661346435547,
            2.8047099113464355,
            2.6477198600769043,
            2.722402572631836,
            2.7619876861572266,
            2.7514455318450928,
            2.654670476913452,
            2.8314499855041504,
            2.909336805343628,
            2.709132432937622,
            2.7964529991149902,
            2.8038341999053955,
            2.9428327083587646,
            2.861842393875122,
            2.9278323650360107,
            2.864548444747925,
            2.8799264430999756,
            2.7830419540405273,
            2.942997455596924,
            2.8868257999420166,
            3.0064656734466553,
            2.969865322113037,
            2.902498960494995,
            2.8242456912994385,
            2.7521283626556396,
            2.9476656913757324,
            2.8949546813964844,
            2.8917622566223145,
            2.913346290588379,
            2.9507744312286377,
            2.964024066925049,
            2.9430389404296875,
            2.9518604278564453,
            3.004923105239868,
            2.975375175476074,
            3.0366876125335693,
            2.9211935997009277,
            2.8950929641723633,
            2.993730306625366,
            3.048938751220703,
            3.016904354095459,
            2.961559295654297,
            2.965064525604248
        ],
        "output_image_path": "/model_deploy_execution_attack_for_pipeline/outputs/ssrnet_age_mnn_006245_ttba_attack/adversarial_image.png"
    }
}