{
    "status": "BUDGET_EXHAUSTED",
    "config": {
        "executable": "./resources/execution_files/age_googlenet_mnn",
        "benign_image": "/img_align_celeba/058463.jpg",
        "initial_adv_image": "/img_align_celeba/00000004.png",
        "l2_epsilon_goal": 0.05,
        "linf_epsilon_goal": 0.06274509803921569,
        "query_budget": 40000,
        "max_iterations": 1000,
        "initial_queries": 50,
        "dimension_reduction": 1.0
    },
    "results": {
        "total_queries": 40258,
        "final_l2_distance": 24.01437759399414,
        "final_linf_distance": 0.32125815749168396,
        "total_duration_seconds": 1123.6831359863281,
        "iteration_times_seconds": [
            7.754905939102173,
            8.09391474723816,
            8.198079109191895,
            8.241692066192627,
            8.32652759552002,
            8.18510365486145,
            8.530264854431152,
            8.595178365707397,
            8.614298105239868,
            8.624335289001465,
            8.639001607894897,
            8.738319873809814,
            8.843283414840698,
            8.954233884811401,
            9.110400438308716,
            9.20872163772583,
            9.17430567741394,
            9.292138814926147,
            9.246503353118896,
            9.297512769699097,
            9.390279054641724,
            9.35239291191101,
            9.48820185661316,
            9.509907245635986,
            9.544280052185059,
            9.626186847686768,
            9.716279983520508,
            9.839179039001465,
            9.82612133026123,
            9.95250129699707,
            9.897934198379517,
            9.963757991790771,
            10.017545223236084,
            9.993536949157715,
            10.075452089309692,
            10.079242706298828,
            10.202003240585327,
            10.278178453445435,
            10.240482330322266,
            10.007987022399902,
            10.117981910705566,
            10.213300943374634,
            10.275503396987915,
            10.258272647857666,
            10.27137279510498,
            10.323623180389404,
            10.332553625106812,
            10.404242277145386,
            10.371169567108154,
            10.444925785064697,
            10.443362951278687,
            10.441576719284058,
            10.498288631439209,
            10.558260440826416,
            10.565000534057617,
            10.626858472824097,
            10.695324897766113,
            10.607737064361572,
            10.692398071289062,
            10.863483667373657,
            10.988353967666626,
            10.949369430541992,
            11.02834677696228,
            10.946643590927124,
            11.03849720954895,
            11.050359725952148,
            10.99763798713684,
            11.001454591751099,
            11.14409327507019,
            11.057348489761353,
            11.14688491821289,
            11.096226215362549,
            11.260887622833252,
            11.216909408569336,
            11.17033338546753,
            11.255176544189453,
            11.254616975784302,
            11.33648133277893,
            11.292715549468994,
            11.364722490310669,
            11.46056842803955,
            11.487493515014648,
            11.464186906814575,
            11.61325740814209,
            11.552300930023193,
            11.573875188827515,
            11.56012511253357,
            11.593369960784912,
            11.650710821151733,
            11.75782322883606,
            11.704622030258179,
            11.741823673248291,
            11.799165725708008,
            11.764594793319702,
            11.719756603240967,
            11.763194799423218,
            11.782445192337036,
            11.954727411270142,
            11.674322605133057,
            11.746108055114746,
            11.74850058555603,
            11.754801988601685,
            11.79960584640503,
            11.765220165252686,
            11.7562255859375,
            11.893245935440063,
            11.914029836654663
        ],
        "output_image_path": "/model_deploy_execution_attack_for_pipeline/outputs/age_googlenet_mnn_058463_ttba_attack/adversarial_image.png"
    }
}