{
    "status": "SUCCESS",
    "config": {
        "executable": "./resources/execution_files/ssrnet_age_mnn",
        "benign_image": "/img_align_celeba/099559.jpg",
        "initial_adv_image": "/img_align_celeba/078957.jpg",
        "l2_epsilon_goal": 0.05,
        "linf_epsilon_goal": 0.06274509803921569,
        "query_budget": 40000,
        "max_iterations": 1000,
        "initial_queries": 50,
        "dimension_reduction": 1.0
    },
    "results": {
        "total_queries": 19881,
        "final_l2_distance": 4.91438627243042,
        "final_linf_distance": 0.061492860317230225,
        "total_duration_seconds": 179.378830909729,
        "iteration_times_seconds": [
            2.2610766887664795,
            2.272653579711914,
            2.4633994102478027,
            2.3954691886901855,
            2.403223991394043,
            2.510540246963501,
            2.4039580821990967,
            2.5016636848449707,
            2.431922674179077,
            2.511794328689575,
            2.606863021850586,
            2.5822865962982178,
            2.525334119796753,
            2.700986862182617,
            2.59976863861084,
            2.612025022506714,
            2.6588783264160156,
            2.5094351768493652,
            2.6640124320983887,
            2.5315892696380615,
            2.6854746341705322,
            2.692624807357788,
            2.659271717071533,
            2.721205711364746,
            2.6020119190216064,
            2.5828094482421875,
            2.63992977142334,
            2.6277925968170166,
            2.7210421562194824,
            2.798705577850342,
            2.627774953842163,
            2.678711414337158,
            2.5780670642852783,
            2.6739397048950195,
            2.7686784267425537,
            2.741518259048462,
            2.6239748001098633,
            2.7062909603118896,
            2.7703945636749268,
            2.7853009700775146,
            2.7549004554748535,
            2.741743803024292,
            2.8293848037719727,
            2.884551763534546,
            2.8341991901397705,
            2.758378744125366,
            2.8930070400238037,
            2.7989323139190674,
            2.791947841644287,
            2.761472225189209,
            2.8694205284118652,
            2.73174786567688,
            2.8762166500091553,
            2.944957971572876,
            2.827638864517212,
            2.9092605113983154,
            2.9095466136932373,
            2.8148880004882812,
            2.7859737873077393,
            2.88016414642334,
            2.973310708999634,
            2.85640811920166,
            2.8653438091278076,
            2.829439878463745,
            2.9710030555725098,
            3.014333724975586
        ],
        "output_image_path": "/model_deploy_execution_attack_for_pipeline/outputs/ssrnet_age_mnn_099559_ttba_attack/adversarial_image.png"
    }
}