{
    "status": "BUDGET_EXHAUSTED",
    "config": {
        "executable": "resources/execution_files/emotion_ferplus_mnn",
        "benign_image": "/img_align_celeba/118709.jpg",
        "initial_adv_image": "/img_align_celeba/111077.jpg",
        "l2_epsilon_goal": 0.05,
        "linf_epsilon_goal": 0.06274509803921569,
        "query_budget": 40000,
        "max_iterations": 1000,
        "initial_queries": 50,
        "dimension_reduction": 1.0
    },
    "results": {
        "total_queries": 40512,
        "final_l2_distance": 3.6788227558135986,
        "final_linf_distance": 0.07067811489105225,
        "total_duration_seconds": 987.5533182621002,
        "iteration_times_seconds": [
            6.362382650375366,
            6.755347490310669,
            6.680917978286743,
            6.825121641159058,
            7.033825874328613,
            7.07414984703064,
            7.310569524765015,
            7.507227182388306,
            7.285464286804199,
            7.341789960861206,
            7.309626340866089,
            7.440328598022461,
            7.610417604446411,
            7.599364995956421,
            7.762979507446289,
            7.842463254928589,
            7.908048868179321,
            8.001679182052612,
            7.92273473739624,
            7.8479533195495605,
            7.931883096694946,
            7.980349540710449,
            7.895073890686035,
            8.03583574295044,
            8.084553956985474,
            8.227661848068237,
            8.212758541107178,
            8.36615514755249,
            8.409200191497803,
            8.419479370117188,
            8.383260726928711,
            8.447623252868652,
            8.471526861190796,
            8.537181615829468,
            8.603550910949707,
            8.588313341140747,
            8.629639863967896,
            8.690114498138428,
            8.569283246994019,
            8.781500816345215,
            8.644231081008911,
            8.842816829681396,
            8.770676612854004,
            8.832347393035889,
            8.88581109046936,
            8.967938423156738,
            8.91903567314148,
            8.968503475189209,
            9.095046758651733,
            9.007620573043823,
            9.067180395126343,
            9.064023494720459,
            9.16646122932434,
            9.116395950317383,
            9.178723096847534,
            9.171263933181763,
            9.242567777633667,
            9.299529075622559,
            9.273575067520142,
            9.383509159088135,
            9.553974866867065,
            9.436956644058228,
            9.477210998535156,
            9.602405786514282,
            9.526853799819946,
            9.626009702682495,
            9.600913524627686,
            9.639178991317749,
            9.653483390808105,
            9.705931186676025,
            9.716781854629517,
            9.883024454116821,
            9.787587881088257,
            9.758213758468628,
            9.910737752914429,
            10.008609533309937,
            9.845233917236328,
            9.946648120880127,
            9.963714599609375,
            10.081297397613525,
            10.075189113616943,
            10.156746625900269,
            10.249868631362915,
            10.207438945770264,
            10.145473003387451,
            10.288806200027466,
            10.266355752944946,
            10.278964042663574,
            10.300912618637085,
            10.338250160217285,
            10.392430543899536,
            10.351285696029663,
            10.382884740829468,
            10.43630838394165,
            10.448134422302246,
            10.513869285583496,
            10.491051435470581,
            10.442259073257446,
            10.549667358398438,
            10.638004779815674,
            10.623806476593018,
            10.729647636413574,
            10.624335289001465,
            10.579052209854126,
            10.725919961929321,
            10.815929412841797,
            10.818924903869629,
            10.825928211212158
        ],
        "output_image_path": "/model_deploy_execution_attack_for_pipeline/outputs/emotion_ferplus_mnn_118709_ttba_attack/adversarial_image.png"
    }
}