{
    "status": "SUCCESS",
    "config": {
        "executable": "./resources/execution_files/ssrnet_age_mnn",
        "benign_image": "/img_align_celeba/108532.jpg",
        "initial_adv_image": "/img_align_celeba/165735.jpg",
        "l2_epsilon_goal": 0.05,
        "linf_epsilon_goal": 0.06274509803921569,
        "query_budget": 40000,
        "max_iterations": 1000,
        "initial_queries": 50,
        "dimension_reduction": 1.0
    },
    "results": {
        "total_queries": 2262,
        "final_l2_distance": 4.513705253601074,
        "final_linf_distance": 0.05836188793182373,
        "total_duration_seconds": 35.89093375205994,
        "iteration_times_seconds": [
            2.3141541481018066,
            2.3208980560302734,
            2.391087293624878,
            2.275357484817505,
            2.4206230640411377,
            2.339491844177246,
            2.476707696914673,
            2.5243828296661377,
            2.557582139968872,
            2.548046827316284,
            2.688408374786377,
            2.541013717651367,
            2.3992159366607666,
            2.5825576782226562
        ],
        "output_image_path": "/model_deploy_execution_attack_for_pipeline/outputs/ssrnet_age_mnn_108532_ttba_attack/adversarial_image.png"
    }
}