{
    "status": "BUDGET_EXHAUSTED",
    "config": {
        "executable": "./resources/execution_files/age_googlenet_mnn",
        "benign_image": "/img_align_celeba/148670.jpg",
        "initial_adv_image": "/img_align_celeba/00000020.png",
        "l2_epsilon_goal": 0.05,
        "linf_epsilon_goal": 0.06274509803921569,
        "query_budget": 40000,
        "max_iterations": 1000,
        "initial_queries": 50,
        "dimension_reduction": 1.0
    },
    "results": {
        "total_queries": 40349,
        "final_l2_distance": 44.22430419921875,
        "final_linf_distance": 0.5423784255981445,
        "total_duration_seconds": 1154.1044223308563,
        "iteration_times_seconds": [
            7.81158971786499,
            8.120018243789673,
            8.21765947341919,
            8.315588235855103,
            8.43604588508606,
            8.560152530670166,
            8.733331203460693,
            8.853695631027222,
            8.909855604171753,
            8.928601741790771,
            9.001933097839355,
            9.138347864151001,
            9.235102415084839,
            9.282859563827515,
            9.422050476074219,
            9.455893993377686,
            9.471795797348022,
            9.51679253578186,
            9.699805974960327,
            9.613933801651001,
            9.750113725662231,
            9.759320974349976,
            9.72761583328247,
            9.826821565628052,
            9.947838306427002,
            9.88143253326416,
            10.036211490631104,
            10.228532075881958,
            10.17317247390747,
            10.149874925613403,
            10.239879131317139,
            10.269312620162964,
            10.20541763305664,
            10.30849289894104,
            10.12802767753601,
            10.177399158477783,
            10.222534418106079,
            10.329365491867065,
            10.273970365524292,
            10.323218822479248,
            10.377037048339844,
            10.507216215133667,
            10.473008155822754,
            10.53307819366455,
            10.684617519378662,
            10.786022186279297,
            10.702425479888916,
            10.705413103103638,
            10.7916738986969,
            10.741429567337036,
            10.873822927474976,
            10.779054403305054,
            10.884095191955566,
            10.89975619316101,
            10.902549266815186,
            10.904475927352905,
            10.97052812576294,
            10.985169649124146,
            10.888797998428345,
            11.16111707687378,
            11.112907409667969,
            11.171092748641968,
            11.340254545211792,
            11.206376075744629,
            11.284339666366577,
            11.3673095703125,
            11.439073324203491,
            11.4374361038208,
            11.47033166885376,
            11.322272062301636,
            11.369390487670898,
            11.531296014785767,
            11.473511457443237,
            11.617056846618652,
            11.570765495300293,
            11.599050283432007,
            11.656770706176758,
            11.608290433883667,
            11.640413999557495,
            11.72717809677124,
            11.77321481704712,
            11.881002426147461,
            11.86439847946167,
            11.912781476974487,
            11.855083227157593,
            11.861378192901611,
            11.932856559753418,
            11.932654857635498,
            12.075058221817017,
            12.017042875289917,
            11.991214513778687,
            12.03485107421875,
            11.768173694610596,
            11.892134428024292,
            11.975211381912231,
            11.936607599258423,
            11.976790428161621,
            11.885590076446533,
            11.989911079406738,
            12.009434461593628,
            12.00093412399292,
            12.044526100158691,
            12.153181076049805,
            12.135175704956055,
            12.06565523147583,
            12.246300220489502,
            12.256259441375732
        ],
        "output_image_path": "/model_deploy_execution_attack_for_pipeline/outputs/age_googlenet_mnn_148670_ttba_attack/adversarial_image.png"
    }
}