{
    "status": "SUCCESS",
    "config": {
        "executable": "./resources/execution_files/gender_googlenet_mnn",
        "benign_image": "/img_align_celeba/096656.jpg",
        "initial_adv_image": "/img_align_celeba/028184.jpg",
        "l2_epsilon_goal": 0.05,
        "linf_epsilon_goal": 0.06274509803921569,
        "query_budget": 40000,
        "max_iterations": 1000,
        "initial_queries": 50,
        "dimension_reduction": 1.0
    },
    "results": {
        "total_queries": 32647,
        "final_l2_distance": 4.485294818878174,
        "final_linf_distance": 0.05997458100318909,
        "total_duration_seconds": 774.4685025215149,
        "iteration_times_seconds": [
            6.246794700622559,
            6.570129156112671,
            6.391608476638794,
            6.511296510696411,
            6.662365198135376,
            6.756754398345947,
            6.884463787078857,
            6.974311351776123,
            7.102545738220215,
            7.174627780914307,
            7.031282186508179,
            7.11871337890625,
            7.09676194190979,
            7.3292460441589355,
            7.232290029525757,
            7.30267596244812,
            7.290428161621094,
            7.366657257080078,
            7.341312885284424,
            7.35818886756897,
            7.368102550506592,
            7.469382286071777,
            7.520214796066284,
            7.57504677772522,
            7.664503335952759,
            7.740660905838013,
            7.8043177127838135,
            7.960948705673218,
            7.8580849170684814,
            8.050770282745361,
            7.850893020629883,
            7.880652666091919,
            7.96620774269104,
            7.907628297805786,
            7.873609781265259,
            7.937028646469116,
            7.958572626113892,
            7.946774244308472,
            8.121201753616333,
            8.07224178314209,
            8.22804880142212,
            8.314795017242432,
            8.276394367218018,
            8.397709846496582,
            8.284390926361084,
            8.370301485061646,
            8.472033262252808,
            8.48850679397583,
            8.49945592880249,
            8.497253179550171,
            8.545684337615967,
            8.58124566078186,
            8.598563432693481,
            8.591208219528198,
            8.680517435073853,
            8.717283010482788,
            8.70412015914917,
            8.817127227783203,
            8.92720890045166,
            8.971378803253174,
            8.723782777786255,
            8.765326023101807,
            8.959554195404053,
            8.855222225189209,
            8.900882482528687,
            8.922964572906494,
            8.844819068908691,
            8.890580654144287,
            8.918108940124512,
            8.973652362823486,
            9.019265413284302,
            8.988494396209717,
            8.949931383132935,
            9.06757378578186,
            8.97061800956726,
            9.055466651916504,
            9.0857412815094,
            9.329518556594849,
            9.237610816955566,
            9.329304456710815,
            9.352672815322876,
            9.41379165649414,
            9.306898593902588,
            9.391176223754883,
            9.386667013168335,
            9.49924921989441,
            9.359013319015503,
            9.570341110229492,
            9.49099349975586,
            9.655162572860718,
            9.445356845855713,
            9.780605554580688,
            9.570746898651123
        ],
        "output_image_path": "/model_deploy_execution_attack_for_pipeline/outputs/gender_googlenet_mnn_096656_ttba_attack/adversarial_image.png"
    }
}