{
    "status": "BUDGET_EXHAUSTED",
    "config": {
        "executable": "./resources/execution_files/emotion_ferplus_mnn",
        "benign_image": "/img_align_celeba/084534.jpg",
        "initial_adv_image": "/img_align_celeba/000608.jpg",
        "l2_epsilon_goal": 0.05,
        "linf_epsilon_goal": 0.06274509803921569,
        "query_budget": 40000,
        "max_iterations": 1000,
        "initial_queries": 50,
        "dimension_reduction": 1.0
    },
    "results": {
        "total_queries": 40139,
        "final_l2_distance": 11.62205982208252,
        "final_linf_distance": 0.1549452543258667,
        "total_duration_seconds": 1004.7717092037201,
        "iteration_times_seconds": [
            6.224228382110596,
            6.5752246379852295,
            6.624501943588257,
            6.902797222137451,
            6.798886060714722,
            7.104960680007935,
            7.240018844604492,
            7.299392461776733,
            7.4711222648620605,
            7.459018230438232,
            7.57262396812439,
            7.583749771118164,
            7.749807357788086,
            7.718434810638428,
            7.880064249038696,
            7.95187783241272,
            7.968206405639648,
            8.135949611663818,
            8.117165565490723,
            8.180495023727417,
            8.209527492523193,
            8.23425817489624,
            8.305793762207031,
            8.428733348846436,
            8.311639785766602,
            8.431834936141968,
            8.718663930892944,
            8.687790632247925,
            8.679985046386719,
            8.694270610809326,
            8.783557415008545,
            8.725746154785156,
            8.82335376739502,
            8.842110872268677,
            8.899275779724121,
            8.851514339447021,
            9.017439842224121,
            9.025569677352905,
            9.135291337966919,
            9.160985946655273,
            8.976941585540771,
            9.202892780303955,
            9.180892944335938,
            9.138598203659058,
            9.188231229782104,
            9.23245882987976,
            9.268239498138428,
            9.242761850357056,
            9.417668104171753,
            9.340498685836792,
            9.376528263092041,
            9.489689826965332,
            9.473435640335083,
            9.524070501327515,
            9.505295276641846,
            9.682356595993042,
            9.468598365783691,
            9.576987743377686,
            9.703312635421753,
            9.812276840209961,
            9.944010019302368,
            9.86639666557312,
            9.850173711776733,
            9.954035520553589,
            9.937426328659058,
            9.935725450515747,
            9.926971197128296,
            9.963666439056396,
            9.972416400909424,
            10.158748865127563,
            10.112165212631226,
            10.08143138885498,
            10.177660465240479,
            10.147770881652832,
            10.23236894607544,
            10.234317541122437,
            10.369828224182129,
            10.261149406433105,
            10.222715139389038,
            10.365168809890747,
            10.417151927947998,
            10.471603870391846,
            10.495944738388062,
            10.643407106399536,
            10.645539283752441,
            10.6809983253479,
            10.699688196182251,
            10.720570087432861,
            10.693278312683105,
            10.70871877670288,
            10.507924795150757,
            10.647166728973389,
            10.588468313217163,
            10.555591106414795,
            10.61336874961853,
            10.590570211410522,
            10.657212495803833,
            10.635376691818237,
            10.63134479522705,
            10.672320127487183,
            10.778214693069458,
            10.797402620315552,
            10.860663890838623,
            10.843532800674438,
            10.814387798309326,
            10.990265369415283,
            10.926355123519897
        ],
        "output_image_path": "/model_deploy_execution_attack_for_pipeline/outputs/emotion_ferplus_mnn_084534_ttba_attack/adversarial_image.png"
    }
}