{
    "status": "SUCCESS",
    "config": {
        "executable": "resources/execution_files/gender_googlenet_mnn",
        "benign_image": "/img_align_celeba/072275.jpg",
        "initial_adv_image": "/img_align_celeba/160856.jpg",
        "l2_epsilon_goal": 0.05,
        "linf_epsilon_goal": 0.06274509803921569,
        "query_budget": 40000,
        "max_iterations": 1000,
        "initial_queries": 50,
        "dimension_reduction": 1.0
    },
    "results": {
        "total_queries": 19419,
        "final_l2_distance": 4.6597113609313965,
        "final_linf_distance": 0.06100831925868988,
        "total_duration_seconds": 524.5486161708832,
        "iteration_times_seconds": [
            6.075272798538208,
            6.225309371948242,
            6.365020751953125,
            6.445380449295044,
            6.662665367126465,
            6.70012903213501,
            6.895569562911987,
            7.0325233936309814,
            7.014718294143677,
            6.915212392807007,
            6.968810081481934,
            7.0654027462005615,
            7.245231628417969,
            7.254817008972168,
            7.485034465789795,
            7.448831796646118,
            7.488145589828491,
            7.536032199859619,
            7.30220365524292,
            7.413207054138184,
            7.448282718658447,
            7.465815544128418,
            7.557466745376587,
            7.640627861022949,
            7.737401723861694,
            7.7611143589019775,
            7.883966684341431,
            7.983809947967529,
            7.990709066390991,
            8.037346839904785,
            8.0041983127594,
            8.10258674621582,
            8.111034870147705,
            8.067522048950195,
            8.247559785842896,
            8.255949020385742,
            8.249375343322754,
            8.474164724349976,
            8.356108903884888,
            8.454232454299927,
            8.572474241256714,
            8.548449993133545,
            8.624844312667847,
            8.67034101486206,
            8.727927923202515,
            8.45987343788147,
            8.558133363723755,
            8.544162273406982,
            8.625850677490234,
            8.661441087722778,
            8.851656675338745,
            8.706182479858398,
            8.697123765945435,
            8.866877317428589,
            8.861078023910522,
            8.874082803726196,
            8.942594051361084,
            8.946423530578613,
            9.070829153060913,
            9.181266069412231,
            9.041102170944214,
            9.228965997695923,
            9.253408432006836,
            9.171263217926025,
            9.272077560424805
        ],
        "output_image_path": "/model_deploy_execution_attack_for_pipeline/outputs/gender_googlenet_mnn_072275_ttba_attack/adversarial_image.png"
    }
}