{
    "status": "SUCCESS",
    "config": {
        "executable": "resources/execution_files/emotion_ferplus_mnn",
        "benign_image": "/img_align_celeba/173180.jpg",
        "initial_adv_image": "/img_align_celeba/065084.jpg",
        "l2_epsilon_goal": 0.05,
        "linf_epsilon_goal": 0.06274509803921569,
        "query_budget": 40000,
        "max_iterations": 1000,
        "initial_queries": 50,
        "dimension_reduction": 1.0
    },
    "results": {
        "total_queries": 3162,
        "final_l2_distance": 4.6899638175964355,
        "final_linf_distance": 0.06038074195384979,
        "total_duration_seconds": 133.58371949195862,
        "iteration_times_seconds": [
            6.306207180023193,
            6.6317079067230225,
            6.709977626800537,
            6.858509540557861,
            6.975996494293213,
            7.002553224563599,
            7.27517557144165,
            7.388826847076416,
            7.420768737792969,
            7.464365005493164,
            7.18683385848999,
            7.227740049362183,
            7.283473968505859,
            7.37273907661438,
            7.572314500808716,
            7.395660877227783,
            7.5679731369018555,
            7.577963829040527
        ],
        "output_image_path": "/model_deploy_execution_attack_for_pipeline/outputs/emotion_ferplus_mnn_173180_ttba_attack/adversarial_image.png"
    }
}