{
    "status": "BUDGET_EXHAUSTED",
    "config": {
        "executable": "./resources/execution_files/gender_googlenet_mnn",
        "benign_image": "/img_align_celeba/185616.jpg",
        "initial_adv_image": "/img_align_celeba/195377.jpg",
        "l2_epsilon_goal": 0.05,
        "linf_epsilon_goal": 0.06274509803921569,
        "query_budget": 40000,
        "max_iterations": 1000,
        "initial_queries": 50,
        "dimension_reduction": 1.0
    },
    "results": {
        "total_queries": 40183,
        "final_l2_distance": 13.022680282592773,
        "final_linf_distance": 0.16381675004959106,
        "total_duration_seconds": 942.7014389038086,
        "iteration_times_seconds": [
            6.036963939666748,
            6.354357719421387,
            6.446927070617676,
            6.5787034034729,
            6.573572158813477,
            6.727102279663086,
            6.857915163040161,
            7.021222114562988,
            7.011991024017334,
            7.159397840499878,
            7.155290603637695,
            7.0636210441589355,
            7.11709189414978,
            7.282665967941284,
            7.407830715179443,
            7.404681205749512,
            7.470353126525879,
            7.490758657455444,
            7.573659896850586,
            7.609331369400024,
            7.671587944030762,
            7.6361777782440186,
            7.729219436645508,
            7.787243127822876,
            7.764709711074829,
            7.9198737144470215,
            8.045756101608276,
            8.103133916854858,
            8.108829021453857,
            8.18608546257019,
            8.140541315078735,
            8.081337213516235,
            8.233996152877808,
            8.21175503730774,
            8.31851863861084,
            8.371661901473999,
            8.302494049072266,
            8.473371982574463,
            8.521068334579468,
            8.575479507446289,
            8.604352951049805,
            8.63510274887085,
            8.700377702713013,
            8.818065166473389,
            8.78039813041687,
            8.927110195159912,
            8.767796754837036,
            8.799283504486084,
            8.857578754425049,
            8.8794264793396,
            8.904332876205444,
            8.914053201675415,
            9.014987230300903,
            9.030257940292358,
            9.043059349060059,
            9.165878057479858,
            8.90427017211914,
            8.968267440795898,
            9.07268238067627,
            9.108248472213745,
            9.14761996269226,
            9.239748477935791,
            9.202821731567383,
            9.171225309371948,
            9.330369472503662,
            9.272080183029175,
            9.265310049057007,
            9.373199939727783,
            9.35534405708313,
            9.327732801437378,
            9.373612403869629,
            9.339286088943481,
            9.378563165664673,
            9.409144401550293,
            9.55475926399231,
            9.456944704055786,
            9.592910766601562,
            9.639492511749268,
            9.557257652282715,
            9.487446069717407,
            9.736813068389893,
            9.78087306022644,
            9.775731086730957,
            9.925386428833008,
            9.813300609588623,
            9.63197922706604,
            9.933453559875488,
            9.863159656524658,
            9.927029132843018,
            10.000503063201904,
            9.928517818450928,
            9.929850339889526,
            10.035407066345215,
            9.936431646347046,
            10.079747915267944,
            9.997839450836182,
            9.956457614898682,
            10.06702446937561,
            10.107046604156494,
            9.99523639678955,
            10.23981761932373,
            10.171854734420776,
            10.288785219192505,
            10.298213720321655,
            10.462074756622314,
            10.242430448532104,
            10.46823263168335
        ],
        "output_image_path": "/model_deploy_execution_attack_for_pipeline/outputs/gender_googlenet_mnn_185616_ttba_attack/adversarial_image.png"
    }
}