{
    "status": "BUDGET_EXHAUSTED",
    "config": {
        "executable": "./resources/execution_files/gender_googlenet_mnn",
        "benign_image": "/img_align_celeba/052614.jpg",
        "initial_adv_image": "/img_align_celeba/195377.jpg",
        "l2_epsilon_goal": 0.05,
        "linf_epsilon_goal": 0.06274509803921569,
        "query_budget": 40000,
        "max_iterations": 1000,
        "initial_queries": 50,
        "dimension_reduction": 1.0
    },
    "results": {
        "total_queries": 40170,
        "final_l2_distance": 12.210965156555176,
        "final_linf_distance": 0.1556762158870697,
        "total_duration_seconds": 941.3180251121521,
        "iteration_times_seconds": [
            6.081859588623047,
            6.352396011352539,
            6.361278772354126,
            6.462035179138184,
            6.617186784744263,
            6.756133317947388,
            7.042004823684692,
            7.023090362548828,
            7.026311635971069,
            7.157483816146851,
            7.205599069595337,
            7.268722772598267,
            7.267919301986694,
            7.181652069091797,
            7.278770446777344,
            7.496112823486328,
            7.540906667709351,
            7.482536315917969,
            7.520095586776733,
            7.622482061386108,
            7.674361944198608,
            7.6106812953948975,
            7.707772731781006,
            7.767789125442505,
            7.7577760219573975,
            7.962994337081909,
            7.962177515029907,
            8.112650394439697,
            8.069923162460327,
            8.157289028167725,
            8.08659315109253,
            8.230048418045044,
            8.238439083099365,
            8.275762557983398,
            8.31664752960205,
            8.308794736862183,
            8.386945486068726,
            8.500194549560547,
            8.477599620819092,
            8.548771381378174,
            8.457837581634521,
            8.629653215408325,
            8.628672361373901,
            8.743523597717285,
            8.805335998535156,
            8.831530809402466,
            8.803338050842285,
            8.923941850662231,
            8.902512550354004,
            8.70215892791748,
            8.827248811721802,
            8.802739143371582,
            8.753753900527954,
            8.926600217819214,
            8.8223237991333,
            8.878874778747559,
            9.032805919647217,
            9.032999992370605,
            9.075511455535889,
            9.220230102539062,
            9.195625305175781,
            9.293762445449829,
            9.134194612503052,
            9.260152101516724,
            9.224200010299683,
            9.299460887908936,
            9.302876949310303,
            9.245855331420898,
            9.319938898086548,
            9.324372291564941,
            9.372416973114014,
            9.430810928344727,
            9.437164545059204,
            9.494592189788818,
            9.49838399887085,
            9.49733304977417,
            9.52800178527832,
            9.701553106307983,
            9.632994890213013,
            9.618755578994751,
            9.77295184135437,
            9.739252090454102,
            9.770081520080566,
            9.821744918823242,
            9.799571514129639,
            9.839992046356201,
            9.859771251678467,
            9.889301776885986,
            9.856111764907837,
            9.920238018035889,
            9.972873210906982,
            10.06244444847107,
            10.045348167419434,
            10.031334638595581,
            10.022400140762329,
            10.00389814376831,
            10.06267762184143,
            10.157031297683716,
            10.188509225845337,
            10.185983657836914,
            9.980654954910278,
            9.911584854125977,
            9.932384729385376,
            9.980574369430542,
            10.191194295883179,
            10.237588882446289,
            10.222508907318115
        ],
        "output_image_path": "/model_deploy_execution_attack_for_pipeline/outputs/gender_googlenet_mnn_052614_ttba_attack/adversarial_image.png"
    }
}