{
    "status": "BUDGET_EXHAUSTED",
    "config": {
        "executable": "resources/execution_files/gender_googlenet_mnn",
        "benign_image": "/img_align_celeba/014669.jpg",
        "initial_adv_image": "/img_align_celeba/116718.jpg",
        "l2_epsilon_goal": 0.05,
        "linf_epsilon_goal": 0.06274509803921569,
        "query_budget": 40000,
        "max_iterations": 1000,
        "initial_queries": 50,
        "dimension_reduction": 1.0
    },
    "results": {
        "total_queries": 40178,
        "final_l2_distance": 12.43636417388916,
        "final_linf_distance": 0.16411203145980835,
        "total_duration_seconds": 972.1241412162781,
        "iteration_times_seconds": [
            6.180046796798706,
            6.420074224472046,
            6.530427694320679,
            6.715330600738525,
            6.87742280960083,
            6.9103991985321045,
            7.035170078277588,
            7.050889253616333,
            7.153777360916138,
            7.2694878578186035,
            7.1645495891571045,
            7.252424716949463,
            7.260716676712036,
            7.419552326202393,
            7.605121612548828,
            7.527463912963867,
            7.607088804244995,
            7.67325496673584,
            7.798841238021851,
            7.846724033355713,
            7.733293056488037,
            7.855531930923462,
            7.8899009227752686,
            8.094314098358154,
            8.096140146255493,
            8.157930850982666,
            8.184128999710083,
            8.386256217956543,
            8.43047046661377,
            8.454329013824463,
            8.326170206069946,
            8.39229440689087,
            8.333757400512695,
            8.530377626419067,
            8.563234806060791,
            8.525746583938599,
            8.693204402923584,
            8.690880537033081,
            8.761744976043701,
            8.731525182723999,
            8.717021942138672,
            8.965364217758179,
            8.94551157951355,
            8.98013162612915,
            9.114181756973267,
            9.16850209236145,
            9.051674842834473,
            9.091631889343262,
            9.097826719284058,
            9.239743947982788,
            9.10499119758606,
            9.197444438934326,
            9.26099944114685,
            9.317127704620361,
            9.24196743965149,
            9.386148452758789,
            9.350504875183105,
            9.253321170806885,
            9.335867643356323,
            9.439817428588867,
            9.43257761001587,
            9.485288858413696,
            9.56186580657959,
            9.504305124282837,
            9.323109865188599,
            9.605342149734497,
            9.593746423721313,
            9.633976936340332,
            9.71893858909607,
            9.706056118011475,
            9.68628716468811,
            9.730302572250366,
            9.908180236816406,
            9.784729957580566,
            9.818494319915771,
            9.826301336288452,
            9.891095876693726,
            9.870244979858398,
            10.03424620628357,
            9.9853355884552,
            10.0197172164917,
            10.079753398895264,
            10.0660080909729,
            10.203174352645874,
            10.16900372505188,
            10.138046503067017,
            10.196718454360962,
            10.239035367965698,
            10.337565422058105,
            10.269134044647217,
            10.366887331008911,
            10.470183372497559,
            10.36965012550354,
            10.378733396530151,
            10.529165506362915,
            10.541384220123291,
            10.452097654342651,
            10.518613338470459,
            10.540678977966309,
            10.549948453903198,
            10.636327743530273,
            10.68632698059082,
            10.581211805343628,
            10.469905853271484,
            10.490325689315796,
            10.489232540130615,
            10.647804975509644
        ],
        "output_image_path": "/model_deploy_execution_attack_for_pipeline/outputs/gender_googlenet_mnn_014669_ttba_attack/adversarial_image.png"
    }
}