{
    "status": "BUDGET_EXHAUSTED",
    "config": {
        "executable": "./resources/execution_files/fsanet_headpose_mnn",
        "benign_image": "/img_align_celeba/183515.jpg",
        "initial_adv_image": "/img_align_celeba/092418.jpg",
        "l2_epsilon_goal": 0.05,
        "linf_epsilon_goal": 0.06274509803921569,
        "query_budget": 40000,
        "max_iterations": 1000,
        "initial_queries": 50,
        "dimension_reduction": 1.0
    },
    "results": {
        "total_queries": 40152,
        "final_l2_distance": 9.389922142028809,
        "final_linf_distance": 0.12824851274490356,
        "total_duration_seconds": 366.7320327758789,
        "iteration_times_seconds": [
            2.6419434547424316,
            2.8693535327911377,
            2.7498886585235596,
            2.7296741008758545,
            2.918008327484131,
            2.8124868869781494,
            3.058877944946289,
            2.961561918258667,
            3.0283002853393555,
            2.9888346195220947,
            2.983571767807007,
            2.972559690475464,
            3.050100326538086,
            3.1231532096862793,
            3.2825751304626465,
            3.12654185295105,
            3.0853779315948486,
            3.1026289463043213,
            3.0675160884857178,
            3.1313297748565674,
            3.064262866973877,
            3.0923051834106445,
            3.149486780166626,
            3.0962839126586914,
            3.0738275051116943,
            3.296755075454712,
            3.241990566253662,
            3.2755870819091797,
            3.2521297931671143,
            3.2519431114196777,
            3.1960344314575195,
            3.2617998123168945,
            3.2960691452026367,
            3.305999755859375,
            3.236269474029541,
            3.3016550540924072,
            3.5530202388763428,
            3.389469623565674,
            3.3538007736206055,
            3.217177152633667,
            3.421616315841675,
            3.3177218437194824,
            3.444279670715332,
            3.3335132598876953,
            3.4255189895629883,
            3.5000898838043213,
            3.3754351139068604,
            3.413660764694214,
            3.355473279953003,
            3.425046920776367,
            3.5248608589172363,
            3.4518449306488037,
            3.3874855041503906,
            3.3663175106048584,
            3.353850841522217,
            3.27323055267334,
            3.4382402896881104,
            3.3592772483825684,
            3.48494815826416,
            3.554361343383789,
            3.582871437072754,
            3.5415971279144287,
            3.385850429534912,
            3.569581985473633,
            3.5943241119384766,
            3.48933482170105,
            3.5066418647766113,
            3.5427136421203613,
            3.5775818824768066,
            3.6589248180389404,
            3.523968458175659,
            3.800015449523926,
            3.5865108966827393,
            3.558929681777954,
            3.579883337020874,
            3.5654122829437256,
            3.63516902923584,
            3.6881864070892334,
            3.7092525959014893,
            3.646549701690674,
            3.5783042907714844,
            3.6046559810638428,
            3.7236292362213135,
            3.7698562145233154,
            3.5436103343963623,
            3.669290065765381,
            3.6724789142608643,
            3.610779047012329,
            3.8026790618896484,
            3.6709516048431396,
            3.7658865451812744,
            3.643770694732666,
            3.7800002098083496,
            3.7230477333068848,
            3.704817056655884,
            3.6762301921844482,
            3.7679965496063232,
            3.6869137287139893,
            3.7269890308380127,
            3.8035943508148193,
            3.7475500106811523,
            3.810835838317871,
            3.7347636222839355,
            3.740684747695923,
            3.8220949172973633,
            3.81777286529541,
            3.8281283378601074
        ],
        "output_image_path": "/model_deploy_execution_attack_for_pipeline/outputs/fsanet_headpose_mnn_183515_ttba_attack/adversarial_image.png"
    }
}