{
    "status": "BUDGET_EXHAUSTED",
    "config": {
        "executable": "./resources/execution_files/emotion_ferplus_mnn",
        "benign_image": "/img_align_celeba/070489.jpg",
        "initial_adv_image": "/img_align_celeba/000608.jpg",
        "l2_epsilon_goal": 0.05,
        "linf_epsilon_goal": 0.06274509803921569,
        "query_budget": 40000,
        "max_iterations": 1000,
        "initial_queries": 50,
        "dimension_reduction": 1.0
    },
    "results": {
        "total_queries": 40214,
        "final_l2_distance": 17.194894790649414,
        "final_linf_distance": 0.2315632402896881,
        "total_duration_seconds": 1015.3516554832458,
        "iteration_times_seconds": [
            6.532841920852661,
            6.963285684585571,
            7.12131667137146,
            7.242281198501587,
            7.322860956192017,
            7.411795377731323,
            7.631767272949219,
            7.6960084438323975,
            7.810341835021973,
            7.7444748878479,
            7.823044300079346,
            7.808321475982666,
            7.74328351020813,
            7.958932399749756,
            8.064675331115723,
            8.213332176208496,
            8.21114706993103,
            8.241951704025269,
            8.27463674545288,
            8.391606330871582,
            8.446868419647217,
            8.563673973083496,
            8.40566611289978,
            8.454384803771973,
            8.51667594909668,
            8.32962679862976,
            8.613935947418213,
            8.65279221534729,
            8.648908853530884,
            8.654423713684082,
            8.777341365814209,
            8.768816232681274,
            8.816837310791016,
            8.874744653701782,
            8.859822750091553,
            8.91920280456543,
            8.876477003097534,
            9.039602041244507,
            9.077056169509888,
            9.049014806747437,
            9.144206047058105,
            9.269840002059937,
            9.31139612197876,
            9.393731355667114,
            9.35019588470459,
            9.355814456939697,
            9.525700330734253,
            9.45592212677002,
            9.557277917861938,
            9.582692384719849,
            9.54588794708252,
            9.677485227584839,
            9.584247350692749,
            9.650203943252563,
            9.630507230758667,
            9.712002992630005,
            9.700535774230957,
            9.849026679992676,
            9.81983995437622,
            9.854129791259766,
            9.960907459259033,
            9.926858186721802,
            9.869524955749512,
            9.845665693283081,
            9.90004277229309,
            10.025997161865234,
            9.993279695510864,
            9.998913526535034,
            10.051309585571289,
            9.99508023262024,
            10.06760835647583,
            10.023107528686523,
            10.085630655288696,
            10.114173412322998,
            10.208996057510376,
            10.21973204612732,
            10.19234848022461,
            10.301114320755005,
            10.318012952804565,
            10.357141256332397,
            10.506111860275269,
            10.380993127822876,
            10.52731704711914,
            10.526561737060547,
            10.461135864257812,
            10.561181545257568,
            10.53903841972351,
            10.588719606399536,
            10.610889673233032,
            10.631443500518799,
            10.671835660934448,
            10.681180953979492,
            10.789642572402954,
            10.683922052383423,
            10.721475839614868,
            10.85553789138794,
            10.765661001205444,
            10.84461236000061,
            10.86998724937439,
            10.873788595199585,
            10.899272680282593,
            10.85548734664917,
            10.962539911270142,
            10.967637062072754,
            11.006336688995361,
            11.115741729736328,
            11.060560941696167
        ],
        "output_image_path": "/model_deploy_execution_attack_for_pipeline/outputs/emotion_ferplus_mnn_070489_ttba_attack/adversarial_image.png"
    }
}