{
    "status": "SUCCESS",
    "config": {
        "executable": "./resources/execution_files/ssrnet_age_mnn",
        "benign_image": "/img_align_celeba/050995.jpg",
        "initial_adv_image": "/img_align_celeba/092418.jpg",
        "l2_epsilon_goal": 0.05,
        "linf_epsilon_goal": 0.06274509803921569,
        "query_budget": 40000,
        "max_iterations": 1000,
        "initial_queries": 50,
        "dimension_reduction": 1.0
    },
    "results": {
        "total_queries": 30122,
        "final_l2_distance": 4.959166049957275,
        "final_linf_distance": 0.06261119246482849,
        "total_duration_seconds": 245.93227458000183,
        "iteration_times_seconds": [
            2.200373411178589,
            2.3519515991210938,
            2.3844339847564697,
            2.246742010116577,
            2.3105521202087402,
            2.397893190383911,
            2.454021453857422,
            2.4839115142822266,
            2.4003353118896484,
            2.450047254562378,
            2.378081798553467,
            2.5220906734466553,
            2.406637668609619,
            2.3863704204559326,
            2.5184714794158936,
            2.544278860092163,
            2.5664238929748535,
            2.5498669147491455,
            2.637605905532837,
            2.605106830596924,
            2.653455972671509,
            2.6892755031585693,
            2.611121416091919,
            2.6002023220062256,
            2.6768903732299805,
            2.5762948989868164,
            2.6306793689727783,
            2.7404000759124756,
            2.7570486068725586,
            2.726045608520508,
            2.699712038040161,
            2.655839204788208,
            2.679065704345703,
            2.6914894580841064,
            2.709186315536499,
            2.787844181060791,
            2.696223497390747,
            2.691230058670044,
            2.8317148685455322,
            2.7808899879455566,
            2.759969711303711,
            2.8107807636260986,
            2.783353090286255,
            2.7745864391326904,
            2.8010263442993164,
            2.8696041107177734,
            2.840527057647705,
            2.7302639484405518,
            2.8742220401763916,
            2.8457586765289307,
            2.92048978805542,
            2.7650299072265625,
            2.8207497596740723,
            2.8652751445770264,
            2.8444902896881104,
            2.9158220291137695,
            2.901381015777588,
            2.8914432525634766,
            2.9134159088134766,
            2.888883352279663,
            2.954183340072632,
            3.137094497680664,
            2.9766695499420166,
            3.008683919906616,
            2.993091106414795,
            2.9563655853271484,
            3.014387845993042,
            3.0491175651550293,
            2.9873809814453125,
            2.931118965148926,
            2.9776265621185303,
            2.9855875968933105,
            2.996321678161621,
            3.0459530353546143,
            2.8782753944396973,
            3.035506248474121,
            2.9962613582611084,
            3.1226320266723633,
            3.1269631385803223,
            3.0158417224884033,
            2.977522850036621,
            3.1808063983917236,
            3.120512008666992,
            2.991793394088745,
            3.1584219932556152,
            3.2320995330810547,
            3.0074665546417236,
            3.140397310256958
        ],
        "output_image_path": "/model_deploy_execution_attack_for_pipeline/outputs/ssrnet_age_mnn_050995_ttba_attack/adversarial_image.png"
    }
}