{
    "status": "BUDGET_EXHAUSTED",
    "config": {
        "executable": "./resources/execution_files/gender_googlenet_mnn",
        "benign_image": "/img_align_celeba/165912.jpg",
        "initial_adv_image": "/img_align_celeba/046885.jpg",
        "l2_epsilon_goal": 0.05,
        "linf_epsilon_goal": 0.06274509803921569,
        "query_budget": 40000,
        "max_iterations": 1000,
        "initial_queries": 50,
        "dimension_reduction": 1.0
    },
    "results": {
        "total_queries": 40126,
        "final_l2_distance": 8.144194602966309,
        "final_linf_distance": 0.1163126528263092,
        "total_duration_seconds": 932.8434791564941,
        "iteration_times_seconds": [
            6.03981614112854,
            6.395238876342773,
            6.497798919677734,
            6.6264543533325195,
            6.684327602386475,
            6.743961334228516,
            6.902620792388916,
            7.018671274185181,
            7.062580347061157,
            7.184708833694458,
            7.139024972915649,
            7.215650320053101,
            7.3921098709106445,
            7.428981065750122,
            7.488794565200806,
            7.694133520126343,
            7.677467346191406,
            7.701205492019653,
            7.725972652435303,
            7.78123927116394,
            7.610546588897705,
            7.731679677963257,
            7.723726749420166,
            7.866868257522583,
            7.801977634429932,
            7.876595735549927,
            8.015097856521606,
            8.068506479263306,
            8.088454961776733,
            8.110360860824585,
            8.214697360992432,
            8.146876335144043,
            8.219332933425903,
            8.27827000617981,
            8.2317054271698,
            8.155059337615967,
            8.251225233078003,
            8.188143014907837,
            8.252799034118652,
            8.198120594024658,
            8.348642587661743,
            8.436327934265137,
            8.55162262916565,
            8.48198652267456,
            8.638713359832764,
            8.540161609649658,
            8.63578486442566,
            8.581745386123657,
            8.640127420425415,
            8.767414331436157,
            8.68970513343811,
            8.756127119064331,
            8.795844316482544,
            8.946827411651611,
            8.898287534713745,
            8.917303562164307,
            8.94998574256897,
            8.96049690246582,
            9.175405025482178,
            9.176827669143677,
            9.165244817733765,
            9.220727920532227,
            8.94980525970459,
            9.074734449386597,
            9.0778226852417,
            9.136780500411987,
            9.124096155166626,
            9.154782056808472,
            9.242759704589844,
            9.146270513534546,
            9.148200035095215,
            9.23756718635559,
            9.381945371627808,
            9.195569276809692,
            9.293370485305786,
            9.299437284469604,
            9.327465534210205,
            9.48146915435791,
            9.421921014785767,
            9.443466901779175,
            9.560178756713867,
            9.629034519195557,
            9.61288857460022,
            9.6743483543396,
            9.630944013595581,
            9.756121158599854,
            9.594322919845581,
            9.670800924301147,
            9.712275743484497,
            9.72886347770691,
            9.71562647819519,
            9.782572031021118,
            9.823709726333618,
            9.823160886764526,
            9.964284658432007,
            9.838118553161621,
            9.902551412582397,
            9.88890790939331,
            9.915676355361938,
            10.002036094665527,
            10.02161979675293,
            9.969905853271484,
            9.977741241455078,
            10.044928550720215,
            10.171154260635376,
            10.140031099319458,
            10.201355218887329
        ],
        "output_image_path": "/model_deploy_execution_attack_for_pipeline/outputs/gender_googlenet_mnn_165912_ttba_attack/adversarial_image.png"
    }
}