{
    "status": "SUCCESS",
    "config": {
        "executable": "resources/execution_files/gender_googlenet_mnn",
        "benign_image": "/img_align_celeba/036386.jpg",
        "initial_adv_image": "/img_align_celeba/183515.jpg",
        "l2_epsilon_goal": 0.05,
        "linf_epsilon_goal": 0.06274509803921569,
        "query_budget": 40000,
        "max_iterations": 1000,
        "initial_queries": 50,
        "dimension_reduction": 1.0
    },
    "results": {
        "total_queries": 7041,
        "final_l2_distance": 4.576136589050293,
        "final_linf_distance": 0.05836689472198486,
        "total_duration_seconds": 232.66900444030762,
        "iteration_times_seconds": [
            5.932757616043091,
            6.2189507484436035,
            6.134881496429443,
            6.270655632019043,
            6.410325765609741,
            6.571805715560913,
            6.7147743701934814,
            6.736753940582275,
            6.833839416503906,
            6.693735361099243,
            6.76116943359375,
            6.879807233810425,
            6.961948871612549,
            7.083426475524902,
            7.1383326053619385,
            7.333182096481323,
            7.2767860889434814,
            7.3641815185546875,
            7.396377801895142,
            7.385925054550171,
            7.50325870513916,
            7.556045293807983,
            7.602366924285889,
            7.5433127880096436,
            7.575913429260254,
            7.624050140380859,
            7.678198337554932,
            7.816848278045654,
            7.877308130264282,
            7.856656312942505,
            7.803676605224609,
            7.906859636306763
        ],
        "output_image_path": "/model_deploy_execution_attack_for_pipeline/outputs/gender_googlenet_mnn_036386_ttba_attack/adversarial_image.png"
    }
}