{
    "status": "BUDGET_EXHAUSTED",
    "config": {
        "executable": "./resources/execution_files/age_googlenet_mnn",
        "benign_image": "/img_align_celeba/017374.jpg",
        "initial_adv_image": "/img_align_celeba/00000004.png",
        "l2_epsilon_goal": 0.05,
        "linf_epsilon_goal": 0.06274509803921569,
        "query_budget": 40000,
        "max_iterations": 1000,
        "initial_queries": 50,
        "dimension_reduction": 1.0
    },
    "results": {
        "total_queries": 40348,
        "final_l2_distance": 54.781272888183594,
        "final_linf_distance": 0.8107004761695862,
        "total_duration_seconds": 1149.0704040527344,
        "iteration_times_seconds": [
            7.841004133224487,
            8.18295693397522,
            8.227866888046265,
            8.296775579452515,
            8.457957029342651,
            8.58266282081604,
            8.828326940536499,
            8.936455965042114,
            8.899784803390503,
            8.966123819351196,
            9.012171268463135,
            9.117812156677246,
            9.181751012802124,
            9.257147550582886,
            9.365369319915771,
            9.39969801902771,
            9.508156776428223,
            9.440065383911133,
            9.301629066467285,
            9.35311484336853,
            9.387612104415894,
            9.394878625869751,
            9.549256563186646,
            9.571925163269043,
            9.631491422653198,
            9.641478776931763,
            9.874150514602661,
            9.827483177185059,
            9.856802225112915,
            9.955119132995605,
            9.94837737083435,
            9.95216965675354,
            9.991763353347778,
            10.055488109588623,
            10.087873220443726,
            10.156707286834717,
            10.188042879104614,
            10.203351497650146,
            10.207858085632324,
            10.373105525970459,
            10.291908502578735,
            10.448955059051514,
            10.419088125228882,
            10.4951810836792,
            10.576963186264038,
            10.568318843841553,
            10.656587839126587,
            10.695251226425171,
            10.721257448196411,
            10.726237058639526,
            10.768455266952515,
            10.721051692962646,
            10.793635368347168,
            10.86549687385559,
            10.84006142616272,
            10.850649356842041,
            10.854223728179932,
            10.97069239616394,
            10.949186563491821,
            11.202390670776367,
            11.119564533233643,
            11.261662244796753,
            11.226111888885498,
            11.25580644607544,
            11.230565786361694,
            11.266708612442017,
            11.306525468826294,
            11.293436050415039,
            11.392259120941162,
            11.470671892166138,
            11.315155029296875,
            11.371935367584229,
            11.37667202949524,
            11.427942752838135,
            11.563751459121704,
            11.452605724334717,
            11.488491773605347,
            11.614187479019165,
            11.571585893630981,
            11.65640377998352,
            11.773825883865356,
            11.775073528289795,
            11.804196119308472,
            11.841346502304077,
            11.766427755355835,
            11.856411933898926,
            11.968586921691895,
            11.941186666488647,
            11.922783851623535,
            11.932189226150513,
            11.961917161941528,
            12.017111778259277,
            12.030675649642944,
            11.966095209121704,
            12.074030637741089,
            12.063791751861572,
            12.066483497619629,
            12.050104856491089,
            12.223212242126465,
            12.156143188476562,
            12.292494773864746,
            12.315139055252075,
            12.231966018676758,
            12.363225936889648,
            12.351308345794678,
            12.363051176071167,
            12.41680645942688
        ],
        "output_image_path": "/model_deploy_execution_attack_for_pipeline/outputs/age_googlenet_mnn_017374_ttba_attack/adversarial_image.png"
    }
}