{
    "status": "BUDGET_EXHAUSTED",
    "config": {
        "executable": "./resources/execution_files/fsanet_headpose_mnn",
        "benign_image": "/img_align_celeba/107167.jpg",
        "initial_adv_image": "/img_align_celeba/151453.jpg",
        "l2_epsilon_goal": 0.05,
        "linf_epsilon_goal": 0.06274509803921569,
        "query_budget": 40000,
        "max_iterations": 1000,
        "initial_queries": 50,
        "dimension_reduction": 1.0
    },
    "results": {
        "total_queries": 40106,
        "final_l2_distance": 8.400045394897461,
        "final_linf_distance": 0.11656361818313599,
        "total_duration_seconds": 361.330961227417,
        "iteration_times_seconds": [
            2.595423936843872,
            2.69751238822937,
            2.8203682899475098,
            2.7137985229492188,
            2.759873151779175,
            2.8807883262634277,
            2.82489013671875,
            2.853257417678833,
            2.7236621379852295,
            2.9111549854278564,
            2.944010019302368,
            2.9282522201538086,
            2.924757719039917,
            2.893928050994873,
            3.082581043243408,
            3.003971576690674,
            3.0395383834838867,
            3.0849170684814453,
            3.103731393814087,
            3.1206390857696533,
            3.114924669265747,
            3.1408631801605225,
            3.1355602741241455,
            3.0885279178619385,
            3.082219123840332,
            3.1311914920806885,
            3.23580002784729,
            3.264012336730957,
            3.2027180194854736,
            3.25484561920166,
            3.1534693241119385,
            3.099445104598999,
            3.0935487747192383,
            3.269082546234131,
            3.157376289367676,
            3.148094892501831,
            3.207244634628296,
            3.278787136077881,
            3.119530200958252,
            3.2439396381378174,
            3.2783267498016357,
            3.3051154613494873,
            3.3940765857696533,
            3.360307455062866,
            3.410876512527466,
            3.3293540477752686,
            3.270751953125,
            3.373994827270508,
            3.366530418395996,
            3.379774332046509,
            3.405616044998169,
            3.480360984802246,
            3.439192771911621,
            3.42744517326355,
            3.339099645614624,
            3.4872610569000244,
            3.4974100589752197,
            3.507038116455078,
            3.38700008392334,
            3.5960941314697266,
            3.433774471282959,
            3.4858429431915283,
            3.4905614852905273,
            3.550959825515747,
            3.6003198623657227,
            3.594758987426758,
            3.6168065071105957,
            3.4796700477600098,
            3.4850850105285645,
            3.441226005554199,
            3.4797167778015137,
            3.480806589126587,
            3.600616931915283,
            3.5949349403381348,
            3.6128671169281006,
            3.502835273742676,
            3.583423376083374,
            3.531619071960449,
            3.549668073654175,
            3.5647780895233154,
            3.6777281761169434,
            3.6482748985290527,
            3.6314644813537598,
            3.677218437194824,
            3.514505624771118,
            3.703036069869995,
            3.5762908458709717,
            3.6109073162078857,
            3.6084184646606445,
            3.5527780055999756,
            3.656877040863037,
            3.6343162059783936,
            3.6715404987335205,
            3.8049769401550293,
            3.748718738555908,
            3.7645184993743896,
            3.677371025085449,
            3.5666558742523193,
            3.7007956504821777,
            3.7037830352783203,
            3.811070442199707,
            3.7170281410217285,
            3.7137949466705322,
            3.7239925861358643,
            3.8220160007476807,
            3.865920066833496,
            3.7549943923950195
        ],
        "output_image_path": "/model_deploy_execution_attack_for_pipeline/outputs/fsanet_headpose_mnn_107167_ttba_attack/adversarial_image.png"
    }
}