{
    "status": "BUDGET_EXHAUSTED",
    "config": {
        "executable": "./resources/execution_files/age_googlenet_mnn",
        "benign_image": "/img_align_celeba/018047.jpg",
        "initial_adv_image": "/img_align_celeba/00000014.png",
        "l2_epsilon_goal": 0.05,
        "linf_epsilon_goal": 0.06274509803921569,
        "query_budget": 40000,
        "max_iterations": 1000,
        "initial_queries": 50,
        "dimension_reduction": 1.0
    },
    "results": {
        "total_queries": 40304,
        "final_l2_distance": 42.34297180175781,
        "final_linf_distance": 0.5670822858810425,
        "total_duration_seconds": 1139.799972295761,
        "iteration_times_seconds": [
            7.569205284118652,
            7.8495192527771,
            7.959653377532959,
            8.135488510131836,
            8.171923875808716,
            8.336658000946045,
            8.559266805648804,
            8.62243914604187,
            8.595016479492188,
            8.735457420349121,
            8.640108823776245,
            8.917054176330566,
            8.975709915161133,
            9.019572734832764,
            9.11264967918396,
            9.252703666687012,
            9.204898595809937,
            9.36980676651001,
            9.272274732589722,
            9.436149597167969,
            9.462648630142212,
            9.42476773262024,
            9.50106406211853,
            9.49179482460022,
            9.581880331039429,
            9.757322072982788,
            9.910819053649902,
            9.736551284790039,
            9.8662850856781,
            9.855258226394653,
            9.930925130844116,
            10.06195616722107,
            10.06723165512085,
            10.181175231933594,
            10.149173498153687,
            10.236664772033691,
            10.193479776382446,
            10.215806484222412,
            10.273879051208496,
            10.390451192855835,
            10.372321128845215,
            10.420042514801025,
            10.480721235275269,
            10.580501079559326,
            10.630369901657104,
            10.53583836555481,
            10.597848415374756,
            10.660352230072021,
            10.563117265701294,
            10.797345161437988,
            10.707738161087036,
            10.867187738418579,
            10.87157678604126,
            10.830751180648804,
            10.899479627609253,
            11.029624700546265,
            10.91757845878601,
            10.872064113616943,
            10.968425989151001,
            11.136257886886597,
            11.101620197296143,
            11.251336097717285,
            11.278800964355469,
            11.182496309280396,
            11.225817203521729,
            11.31881856918335,
            11.343013286590576,
            11.29276704788208,
            11.406063318252563,
            11.315705060958862,
            11.455663919448853,
            11.38438606262207,
            11.38427472114563,
            11.411385297775269,
            11.468287467956543,
            11.553416967391968,
            11.541219711303711,
            11.658795356750488,
            11.614845275878906,
            11.637256383895874,
            11.793967962265015,
            11.740592956542969,
            11.619561195373535,
            11.681591033935547,
            11.581644058227539,
            11.615421533584595,
            11.657500267028809,
            11.701501846313477,
            11.74841833114624,
            11.690592765808105,
            11.714567184448242,
            11.829984188079834,
            11.86531376838684,
            11.760651588439941,
            11.88628101348877,
            11.914568424224854,
            11.884732723236084,
            11.920965909957886,
            11.827852010726929,
            11.908882141113281,
            12.066243171691895,
            12.033137559890747,
            12.03929615020752,
            11.998210430145264,
            12.101180791854858,
            12.162585735321045,
            12.167162656784058
        ],
        "output_image_path": "/model_deploy_execution_attack_for_pipeline/outputs/age_googlenet_mnn_018047_ttba_attack/adversarial_image.png"
    }
}