{
    "status": "BUDGET_EXHAUSTED",
    "config": {
        "executable": "resources/execution_files/emotion_ferplus_mnn",
        "benign_image": "/img_align_celeba/188454.jpg",
        "initial_adv_image": "/img_align_celeba/088332.jpg",
        "l2_epsilon_goal": 0.05,
        "linf_epsilon_goal": 0.06274509803921569,
        "query_budget": 40000,
        "max_iterations": 1000,
        "initial_queries": 50,
        "dimension_reduction": 1.0
    },
    "results": {
        "total_queries": 40529,
        "final_l2_distance": 4.8541083335876465,
        "final_linf_distance": 0.06527884304523468,
        "total_duration_seconds": 989.9706690311432,
        "iteration_times_seconds": [
            6.274775505065918,
            6.6727423667907715,
            6.776516437530518,
            6.833057880401611,
            7.099792003631592,
            7.163472652435303,
            7.411360502243042,
            7.339345932006836,
            7.433135986328125,
            7.537840843200684,
            7.363837480545044,
            7.4590232372283936,
            7.487905502319336,
            7.556551456451416,
            7.653829336166382,
            7.842398405075073,
            7.9319846630096436,
            7.932667016983032,
            7.926812171936035,
            8.026793479919434,
            8.098450422286987,
            8.075191974639893,
            8.162957668304443,
            8.133026838302612,
            8.263530969619751,
            8.180875778198242,
            8.188441753387451,
            8.29917311668396,
            8.310297727584839,
            8.305533170700073,
            8.505983114242554,
            8.469106435775757,
            8.475430250167847,
            8.611109495162964,
            8.589327096939087,
            8.731969594955444,
            8.598303079605103,
            8.625797271728516,
            8.809986591339111,
            8.886155366897583,
            8.759147882461548,
            9.08964467048645,
            8.951720476150513,
            9.02313756942749,
            9.01563048362732,
            9.101194858551025,
            9.119604110717773,
            9.276565074920654,
            8.990267038345337,
            9.00137209892273,
            9.079349040985107,
            9.07443881034851,
            9.086139917373657,
            9.124172687530518,
            9.148096084594727,
            9.198052406311035,
            9.306128740310669,
            9.266047716140747,
            9.299692153930664,
            9.345170259475708,
            9.384843587875366,
            9.441965103149414,
            9.587293148040771,
            9.537923574447632,
            9.49650526046753,
            9.566187381744385,
            9.641824722290039,
            9.659369707107544,
            9.71577787399292,
            9.69160532951355,
            9.810232639312744,
            9.793825626373291,
            9.75743055343628,
            9.754719972610474,
            9.835134029388428,
            9.916783571243286,
            10.038738489151001,
            9.985839366912842,
            9.985362529754639,
            9.970654964447021,
            10.147382974624634,
            10.124214172363281,
            10.118195533752441,
            10.185694694519043,
            10.308587789535522,
            10.230241298675537,
            10.2748863697052,
            10.344552278518677,
            10.406687021255493,
            10.312214136123657,
            10.424673318862915,
            10.366923809051514,
            10.371015071868896,
            10.415065050125122,
            10.480732440948486,
            10.556297779083252,
            10.61951994895935,
            10.582804441452026,
            10.46792721748352,
            10.552928686141968,
            10.586931705474854,
            10.682801008224487,
            10.61380410194397,
            10.619316577911377,
            10.628645420074463,
            10.656534671783447,
            10.880090475082397,
            10.780599355697632
        ],
        "output_image_path": "/model_deploy_execution_attack_for_pipeline/outputs/emotion_ferplus_mnn_188454_ttba_attack/adversarial_image.png"
    }
}