{
    "status": "SUCCESS",
    "config": {
        "executable": "resources/execution_files/emotion_ferplus_mnn",
        "benign_image": "/img_align_celeba/190233.jpg",
        "initial_adv_image": "/img_align_celeba/065084.jpg",
        "l2_epsilon_goal": 0.05,
        "linf_epsilon_goal": 0.06274509803921569,
        "query_budget": 40000,
        "max_iterations": 1000,
        "initial_queries": 50,
        "dimension_reduction": 1.0
    },
    "results": {
        "total_queries": 19053,
        "final_l2_distance": 4.617516040802002,
        "final_linf_distance": 0.0627140998840332,
        "total_duration_seconds": 550.6935725212097,
        "iteration_times_seconds": [
            6.476775407791138,
            6.714127779006958,
            6.88839054107666,
            7.086937427520752,
            7.168379545211792,
            7.302757978439331,
            7.459879398345947,
            7.515791893005371,
            7.695127487182617,
            7.672813177108765,
            7.7002856731414795,
            7.7991883754730225,
            7.856540679931641,
            7.919372797012329,
            8.099711418151855,
            8.149316787719727,
            8.294284343719482,
            8.348100900650024,
            8.163671493530273,
            8.174007415771484,
            8.331653356552124,
            8.322325468063354,
            8.252235412597656,
            8.384922742843628,
            8.449698448181152,
            8.472514629364014,
            8.629953145980835,
            8.6538245677948,
            8.531996250152588,
            8.582817077636719,
            8.628835916519165,
            8.617905139923096,
            8.733962774276733,
            8.866158723831177,
            8.555940866470337,
            8.554579019546509,
            8.62052035331726,
            8.61211085319519,
            8.631732940673828,
            8.745851278305054,
            8.849413394927979,
            9.016732931137085,
            9.017653703689575,
            9.169350385665894,
            9.05659794807434,
            9.080934762954712,
            9.194502830505371,
            9.17913818359375,
            9.284485340118408,
            9.155644655227661,
            9.305137634277344,
            9.302345037460327,
            9.389620304107666,
            9.444180011749268,
            9.35454511642456,
            9.215435266494751,
            9.320170402526855,
            9.393077611923218,
            9.252865552902222,
            9.445809364318848,
            9.51573371887207,
            9.6005117893219,
            9.50265622138977,
            9.498447895050049
        ],
        "output_image_path": "/model_deploy_execution_attack_for_pipeline/outputs/emotion_ferplus_mnn_190233_ttba_attack/adversarial_image.png"
    }
}