{
    "status": "BUDGET_EXHAUSTED",
    "config": {
        "executable": "./resources/execution_files/fsanet_headpose_mnn",
        "benign_image": "/img_align_celeba/018735.jpg",
        "initial_adv_image": "/img_align_celeba/007167.jpg",
        "l2_epsilon_goal": 0.05,
        "linf_epsilon_goal": 0.06274509803921569,
        "query_budget": 40000,
        "max_iterations": 1000,
        "initial_queries": 50,
        "dimension_reduction": 1.0
    },
    "results": {
        "total_queries": 40041,
        "final_l2_distance": 5.415942668914795,
        "final_linf_distance": 0.07331696152687073,
        "total_duration_seconds": 357.39703011512756,
        "iteration_times_seconds": [
            2.6763265132904053,
            2.7993838787078857,
            2.708617687225342,
            2.8299710750579834,
            2.7420103549957275,
            2.8764638900756836,
            2.820312738418579,
            2.8167662620544434,
            2.798866033554077,
            2.9212331771850586,
            2.9293618202209473,
            3.100909471511841,
            2.8270184993743896,
            2.985599994659424,
            2.9909520149230957,
            2.8869946002960205,
            3.054995536804199,
            2.924509286880493,
            3.167853832244873,
            2.970249891281128,
            3.013561248779297,
            3.0169179439544678,
            3.2318458557128906,
            3.0574586391448975,
            3.1649410724639893,
            3.0456814765930176,
            3.1156396865844727,
            3.077956438064575,
            3.1927223205566406,
            3.106919527053833,
            3.1917428970336914,
            3.0943500995635986,
            3.1121761798858643,
            3.0980353355407715,
            3.303123712539673,
            3.2626943588256836,
            3.2566606998443604,
            3.2504899501800537,
            3.355409622192383,
            3.284431219100952,
            3.2188076972961426,
            3.196622610092163,
            3.175137519836426,
            3.2617149353027344,
            3.3030765056610107,
            3.2826952934265137,
            3.2702784538269043,
            3.245407819747925,
            3.2965710163116455,
            3.2366058826446533,
            3.2790393829345703,
            3.3226475715637207,
            3.321971893310547,
            3.448988676071167,
            3.3864622116088867,
            3.45080828666687,
            3.4478297233581543,
            3.448366641998291,
            3.3772153854370117,
            3.2693963050842285,
            3.4833953380584717,
            3.408914089202881,
            3.537661552429199,
            3.431666135787964,
            3.378986358642578,
            3.3590145111083984,
            3.3316681385040283,
            3.4998488426208496,
            3.5600385665893555,
            3.469676971435547,
            3.4740946292877197,
            3.54327392578125,
            3.530628204345703,
            3.4451704025268555,
            3.5878896713256836,
            3.601871967315674,
            3.549983024597168,
            3.6154394149780273,
            3.648526668548584,
            3.6471786499023438,
            3.6102027893066406,
            3.6539745330810547,
            3.6369080543518066,
            3.642888307571411,
            3.6647613048553467,
            3.5647385120391846,
            3.5393781661987305,
            3.580392599105835,
            3.693847417831421,
            3.5307576656341553,
            3.628693103790283,
            3.602980852127075,
            3.587853193283081,
            3.570753812789917,
            3.644101142883301,
            3.676116466522217,
            3.6737258434295654,
            3.677842855453491,
            3.606712818145752,
            3.6499059200286865,
            3.6501693725585938,
            3.6534759998321533,
            3.779667854309082,
            3.61527681350708,
            3.6339669227600098,
            3.7347073554992676,
            3.7315268516540527
        ],
        "output_image_path": "/model_deploy_execution_attack_for_pipeline/outputs/fsanet_headpose_mnn_018735_ttba_attack/adversarial_image.png"
    }
}