{
    "status": "BUDGET_EXHAUSTED",
    "config": {
        "executable": "./resources/execution_files/age_googlenet_mnn",
        "benign_image": "/img_align_celeba/039937.jpg",
        "initial_adv_image": "/img_align_celeba/00000013.png",
        "l2_epsilon_goal": 0.05,
        "linf_epsilon_goal": 0.06274509803921569,
        "query_budget": 40000,
        "max_iterations": 1000,
        "initial_queries": 50,
        "dimension_reduction": 1.0
    },
    "results": {
        "total_queries": 40299,
        "final_l2_distance": 38.07183074951172,
        "final_linf_distance": 0.48645371198654175,
        "total_duration_seconds": 1134.1730751991272,
        "iteration_times_seconds": [
            7.739016771316528,
            8.032620429992676,
            7.996451139450073,
            8.063015460968018,
            8.221984386444092,
            8.230749607086182,
            8.467514514923096,
            8.512306451797485,
            8.571185111999512,
            8.676349639892578,
            8.732672214508057,
            8.797333240509033,
            8.921631813049316,
            8.887032508850098,
            9.131876945495605,
            9.142925024032593,
            9.172226667404175,
            9.198521614074707,
            9.21030569076538,
            9.27761197090149,
            9.24090576171875,
            9.507169723510742,
            9.45962405204773,
            9.47661566734314,
            9.548931121826172,
            9.622461557388306,
            9.774007558822632,
            9.810032844543457,
            9.9406099319458,
            9.840396404266357,
            9.923559665679932,
            10.041448593139648,
            10.042341709136963,
            9.992437601089478,
            10.08791708946228,
            10.086141347885132,
            10.201471328735352,
            10.300329446792603,
            10.199253559112549,
            10.2714524269104,
            10.305508613586426,
            10.422284126281738,
            10.50858736038208,
            10.536044120788574,
            10.496577024459839,
            10.644271850585938,
            10.63175368309021,
            10.633583068847656,
            10.634639501571655,
            10.679409265518188,
            10.68772268295288,
            10.678082704544067,
            10.791211366653442,
            10.740860223770142,
            10.763785362243652,
            10.833359479904175,
            10.8896484375,
            10.943329334259033,
            10.936922550201416,
            11.130802154541016,
            11.12667465209961,
            11.173890590667725,
            11.160260438919067,
            11.155188083648682,
            11.178223371505737,
            11.265355825424194,
            11.267942428588867,
            11.368221044540405,
            11.377689599990845,
            11.30026626586914,
            11.401407241821289,
            11.340970754623413,
            11.485076427459717,
            11.515852928161621,
            11.213560104370117,
            11.266340255737305,
            11.290077686309814,
            11.26523208618164,
            11.444719076156616,
            11.39298939704895,
            11.46946907043457,
            11.41360068321228,
            11.496378660202026,
            11.628780364990234,
            11.683610916137695,
            11.652902603149414,
            11.628300189971924,
            11.625344514846802,
            11.735403776168823,
            11.76171875,
            11.803006649017334,
            11.725118160247803,
            11.79410982131958,
            11.839954853057861,
            11.761370420455933,
            11.80719256401062,
            11.825877666473389,
            11.903177738189697,
            11.862556219100952,
            11.901255130767822,
            11.888337850570679,
            11.905284643173218,
            12.004203796386719,
            11.972707986831665,
            12.08987021446228,
            12.149292230606079,
            12.206536054611206
        ],
        "output_image_path": "/model_deploy_execution_attack_for_pipeline/outputs/age_googlenet_mnn_039937_ttba_attack/adversarial_image.png"
    }
}