{
    "status": "BUDGET_EXHAUSTED",
    "config": {
        "executable": "./resources/execution_files/gender_googlenet_mnn",
        "benign_image": "/img_align_celeba/043725.jpg",
        "initial_adv_image": "/img_align_celeba/116718.jpg",
        "l2_epsilon_goal": 0.05,
        "linf_epsilon_goal": 0.06274509803921569,
        "query_budget": 40000,
        "max_iterations": 1000,
        "initial_queries": 50,
        "dimension_reduction": 1.0
    },
    "results": {
        "total_queries": 40046,
        "final_l2_distance": 5.9526047706604,
        "final_linf_distance": 0.08035706728696823,
        "total_duration_seconds": 914.5774066448212,
        "iteration_times_seconds": [
            5.795429706573486,
            6.093305349349976,
            6.207846403121948,
            6.291200876235962,
            6.4844067096710205,
            6.529934883117676,
            6.787271976470947,
            6.760328769683838,
            6.889664173126221,
            6.8730010986328125,
            6.984110355377197,
            7.021334886550903,
            6.988605499267578,
            7.004521369934082,
            7.091031074523926,
            7.237967014312744,
            7.269972324371338,
            7.269856691360474,
            7.333290100097656,
            7.426358938217163,
            7.451770544052124,
            7.381343126296997,
            7.534829139709473,
            7.677022933959961,
            7.713359594345093,
            7.703045606613159,
            7.870168924331665,
            7.854968547821045,
            7.85497784614563,
            7.920335054397583,
            8.015969276428223,
            7.98981785774231,
            7.9901652336120605,
            8.115214109420776,
            8.08093547821045,
            8.089389324188232,
            8.152026891708374,
            8.054088830947876,
            8.217727899551392,
            8.304514646530151,
            8.215131282806396,
            8.30708909034729,
            8.302705764770508,
            8.293554782867432,
            8.474154472351074,
            8.38315749168396,
            8.444377899169922,
            8.4512460231781,
            8.461384296417236,
            8.465882062911987,
            8.497060775756836,
            8.517999410629272,
            8.552155256271362,
            8.72122049331665,
            8.605130672454834,
            8.63595461845398,
            8.660559177398682,
            8.788980960845947,
            8.844074964523315,
            8.842720746994019,
            8.957441329956055,
            9.060700416564941,
            8.981834650039673,
            9.018977642059326,
            9.081053018569946,
            9.031160354614258,
            9.139313220977783,
            9.072583675384521,
            9.043254613876343,
            9.073338508605957,
            9.167912483215332,
            9.182482481002808,
            9.158809900283813,
            9.270009517669678,
            9.249604940414429,
            9.282952070236206,
            9.346291303634644,
            9.362166166305542,
            9.35183572769165,
            9.42452335357666,
            9.465082883834839,
            9.58800196647644,
            9.536381721496582,
            9.726530313491821,
            9.708921432495117,
            9.750830888748169,
            9.6455979347229,
            9.693719625473022,
            9.715927362442017,
            9.692022800445557,
            9.730233907699585,
            9.819393157958984,
            9.578466415405273,
            9.613887786865234,
            9.623702049255371,
            9.692775964736938,
            9.737163066864014,
            9.666394233703613,
            9.724877834320068,
            9.761362075805664,
            9.646403074264526,
            9.759608268737793,
            9.784959554672241,
            9.810333490371704,
            9.936094999313354,
            9.834914684295654,
            9.995599746704102
        ],
        "output_image_path": "/model_deploy_execution_attack_for_pipeline/outputs/gender_googlenet_mnn_043725_ttba_attack/adversarial_image.png"
    }
}