{
    "status": "SUCCESS",
    "config": {
        "executable": "./resources/execution_files/fsanet_headpose_mnn",
        "benign_image": "/img_align_celeba/003301.jpg",
        "initial_adv_image": "/img_align_celeba/007167.jpg",
        "l2_epsilon_goal": 0.05,
        "linf_epsilon_goal": 0.06274509803921569,
        "query_budget": 40000,
        "max_iterations": 1000,
        "initial_queries": 50,
        "dimension_reduction": 1.0
    },
    "results": {
        "total_queries": 11102,
        "final_l2_distance": 4.547822952270508,
        "final_linf_distance": 0.06240016222000122,
        "total_duration_seconds": 132.54343056678772,
        "iteration_times_seconds": [
            2.6303884983062744,
            2.8582804203033447,
            2.687394380569458,
            2.7726967334747314,
            2.7056515216827393,
            2.7123360633850098,
            2.850111961364746,
            2.831813097000122,
            2.939702033996582,
            2.8723318576812744,
            2.861952543258667,
            2.9767556190490723,
            3.0193636417388916,
            2.9125354290008545,
            3.0705533027648926,
            2.941561222076416,
            2.958158493041992,
            3.0748586654663086,
            2.9474270343780518,
            2.9968557357788086,
            3.0046780109405518,
            2.9914636611938477,
            2.928635597229004,
            2.881434679031372,
            3.0845439434051514,
            3.0673105716705322,
            3.101992607116699,
            2.9570000171661377,
            3.0560407638549805,
            2.952564239501953,
            3.1547257900238037,
            3.103668689727783,
            3.0221261978149414,
            2.9352827072143555,
            2.979585886001587,
            2.995496988296509,
            3.0744788646698,
            3.1600770950317383,
            3.152287006378174,
            3.0549569129943848,
            3.094712734222412,
            3.0767130851745605,
            3.120009422302246,
            3.1738932132720947
        ],
        "output_image_path": "/model_deploy_execution_attack_for_pipeline/outputs/fsanet_headpose_mnn_003301_ttba_attack/adversarial_image.png"
    }
}