{
    "status": "BUDGET_EXHAUSTED",
    "config": {
        "executable": "./resources/execution_files/emotion_ferplus_mnn",
        "benign_image": "/img_align_celeba/128190.jpg",
        "initial_adv_image": "/img_align_celeba/188326.jpg",
        "l2_epsilon_goal": 0.05,
        "linf_epsilon_goal": 0.06274509803921569,
        "query_budget": 40000,
        "max_iterations": 1000,
        "initial_queries": 50,
        "dimension_reduction": 1.0
    },
    "results": {
        "total_queries": 40097,
        "final_l2_distance": 6.342676639556885,
        "final_linf_distance": 0.08620202541351318,
        "total_duration_seconds": 993.8580131530762,
        "iteration_times_seconds": [
            6.229289293289185,
            6.532487630844116,
            6.661293983459473,
            6.756664752960205,
            6.947617530822754,
            6.980689525604248,
            7.162817716598511,
            7.360372066497803,
            7.3890275955200195,
            7.46516752243042,
            7.513913154602051,
            7.432537078857422,
            7.636454105377197,
            7.654350996017456,
            7.879945278167725,
            7.811189889907837,
            7.8987205028533936,
            7.918629169464111,
            8.168514966964722,
            8.148847103118896,
            8.229566097259521,
            8.192993879318237,
            8.330146789550781,
            8.306392908096313,
            8.326810359954834,
            8.472935199737549,
            8.653522491455078,
            8.631872415542603,
            8.663846492767334,
            8.71243405342102,
            8.754492282867432,
            8.818862199783325,
            8.773514032363892,
            8.789688348770142,
            8.868427276611328,
            8.899803161621094,
            9.050731897354126,
            8.815539598464966,
            8.758937120437622,
            8.876877307891846,
            9.069370746612549,
            9.201264381408691,
            9.159168004989624,
            9.223543643951416,
            9.22087049484253,
            9.34132432937622,
            9.275477170944214,
            9.29920506477356,
            9.283591032028198,
            9.364726543426514,
            9.407299041748047,
            9.4115891456604,
            9.368842124938965,
            9.44838285446167,
            9.513030767440796,
            9.502411603927612,
            9.61154294013977,
            9.661208629608154,
            9.663838386535645,
            9.629095315933228,
            9.669984102249146,
            9.63646125793457,
            9.615586996078491,
            9.743226289749146,
            9.736475706100464,
            9.699012756347656,
            9.891587257385254,
            9.827089548110962,
            9.912697553634644,
            9.88651990890503,
            9.897090196609497,
            10.001943349838257,
            9.891032934188843,
            10.01568603515625,
            9.981844425201416,
            9.921225786209106,
            9.981586217880249,
            10.092103481292725,
            10.112705945968628,
            10.112570762634277,
            10.181041955947876,
            10.204415798187256,
            10.288050413131714,
            10.311336040496826,
            10.392075538635254,
            10.417967796325684,
            10.418023347854614,
            10.432894468307495,
            10.420312404632568,
            10.452075719833374,
            10.45303201675415,
            10.507630109786987,
            10.581957578659058,
            10.521516799926758,
            10.605254650115967,
            10.548295497894287,
            10.6922287940979,
            10.650248050689697,
            10.657353639602661,
            10.513898849487305,
            10.592727184295654,
            10.520819902420044,
            10.558144807815552,
            10.515837669372559,
            10.670328378677368,
            10.755051612854004,
            10.703508377075195
        ],
        "output_image_path": "/model_deploy_execution_attack_for_pipeline/outputs/emotion_ferplus_mnn_128190_ttba_attack/adversarial_image.png"
    }
}