{
    "status": "BUDGET_EXHAUSTED",
    "config": {
        "executable": "./resources/execution_files/gender_googlenet_mnn",
        "benign_image": "/img_align_celeba/010369.jpg",
        "initial_adv_image": "/img_align_celeba/171783.jpg",
        "l2_epsilon_goal": 0.05,
        "linf_epsilon_goal": 0.06274509803921569,
        "query_budget": 40000,
        "max_iterations": 1000,
        "initial_queries": 50,
        "dimension_reduction": 1.0
    },
    "results": {
        "total_queries": 40077,
        "final_l2_distance": 5.770190715789795,
        "final_linf_distance": 0.07396173477172852,
        "total_duration_seconds": 923.4267461299896,
        "iteration_times_seconds": [
            6.014588832855225,
            6.290630578994751,
            6.489259719848633,
            6.570153474807739,
            6.6330578327178955,
            6.755118131637573,
            6.941852331161499,
            7.040054798126221,
            7.099018335342407,
            7.156299114227295,
            7.209161996841431,
            7.287734031677246,
            7.347647190093994,
            7.209787368774414,
            7.3026368618011475,
            7.411314964294434,
            7.466161012649536,
            7.4787514209747314,
            7.564074993133545,
            7.613293647766113,
            7.649173974990845,
            7.73537015914917,
            7.743880271911621,
            7.585861921310425,
            7.718589544296265,
            7.758960962295532,
            7.803664922714233,
            7.860721111297607,
            7.906721830368042,
            7.836197137832642,
            7.9566309452056885,
            8.010263204574585,
            8.048420190811157,
            8.030787944793701,
            8.081465005874634,
            8.192755222320557,
            8.292271614074707,
            8.290989875793457,
            8.354426622390747,
            8.321075677871704,
            8.513657331466675,
            8.4701828956604,
            8.542499780654907,
            8.643766164779663,
            8.532237768173218,
            8.395021200180054,
            8.493224859237671,
            8.462148666381836,
            8.551711559295654,
            8.484052181243896,
            8.551738739013672,
            8.607581615447998,
            8.643348693847656,
            8.784196138381958,
            8.705965757369995,
            8.764885902404785,
            8.690979957580566,
            8.736754179000854,
            8.799205780029297,
            8.892303943634033,
            9.000108003616333,
            8.988947629928589,
            9.096988677978516,
            8.923095464706421,
            9.126511096954346,
            9.0258047580719,
            9.087631940841675,
            9.139127016067505,
            9.167627811431885,
            9.14917540550232,
            9.288426160812378,
            9.332463264465332,
            9.246826410293579,
            9.234920978546143,
            9.296910285949707,
            9.263397932052612,
            9.323405981063843,
            9.386059522628784,
            9.399002313613892,
            9.44576096534729,
            9.573968172073364,
            9.62669038772583,
            9.535228967666626,
            9.46981430053711,
            9.623384475708008,
            9.663135051727295,
            9.747283220291138,
            9.606673955917358,
            9.732860565185547,
            9.723235607147217,
            9.709872484207153,
            9.831656455993652,
            9.753482818603516,
            9.755054950714111,
            9.614828109741211,
            9.717653036117554,
            9.71007752418518,
            9.748859643936157,
            9.668376445770264,
            9.81465458869934,
            9.883059740066528,
            9.787710905075073,
            9.799691438674927,
            9.898410558700562,
            9.909401416778564,
            10.009674310684204,
            9.990772485733032
        ],
        "output_image_path": "/model_deploy_execution_attack_for_pipeline/outputs/gender_googlenet_mnn_010369_ttba_attack/adversarial_image.png"
    }
}