{
    "status": "SUCCESS",
    "config": {
        "executable": "./resources/execution_files/fsanet_headpose_mnn",
        "benign_image": "/img_align_celeba/005764.jpg",
        "initial_adv_image": "/img_align_celeba/038397.jpg",
        "l2_epsilon_goal": 0.05,
        "linf_epsilon_goal": 0.06274509803921569,
        "query_budget": 40000,
        "max_iterations": 1000,
        "initial_queries": 50,
        "dimension_reduction": 1.0
    },
    "results": {
        "total_queries": 3901,
        "final_l2_distance": 4.395604133605957,
        "final_linf_distance": 0.05433732271194458,
        "total_duration_seconds": 59.6867949962616,
        "iteration_times_seconds": [
            2.5202412605285645,
            2.5717973709106445,
            2.5193729400634766,
            2.7382726669311523,
            2.754094362258911,
            2.953583240509033,
            2.7418673038482666,
            2.5895836353302,
            2.7150137424468994,
            2.6526215076446533,
            2.713035821914673,
            2.741316556930542,
            2.822357177734375,
            2.79813289642334,
            2.948239326477051,
            2.7813045978546143,
            2.8424792289733887,
            2.8621671199798584,
            2.9125359058380127,
            2.8461763858795166,
            2.9380133152008057
        ],
        "output_image_path": "/model_deploy_execution_attack_for_pipeline/outputs/fsanet_headpose_mnn_005764_ttba_attack/adversarial_image.png"
    }
}