{
    "status": "SUCCESS",
    "config": {
        "executable": "./resources/execution_files/ssrnet_age_mnn",
        "benign_image": "/img_align_celeba/104308.jpg",
        "initial_adv_image": "/img_align_celeba/042361.jpg",
        "l2_epsilon_goal": 0.05,
        "linf_epsilon_goal": 0.06274509803921569,
        "query_budget": 40000,
        "max_iterations": 1000,
        "initial_queries": 50,
        "dimension_reduction": 1.0
    },
    "results": {
        "total_queries": 589,
        "final_l2_distance": 4.180574893951416,
        "final_linf_distance": 0.05339968204498291,
        "total_duration_seconds": 13.389334440231323,
        "iteration_times_seconds": [
            2.3720309734344482,
            2.478102684020996,
            2.3605728149414062,
            2.3032665252685547,
            2.3753669261932373
        ],
        "output_image_path": "/model_deploy_execution_attack_for_pipeline/outputs/ssrnet_age_mnn_104308_ttba_attack/adversarial_image.png"
    }
}