{
    "status": "SUCCESS",
    "config": {
        "executable": "./resources/execution_files/fsanet_headpose_mnn",
        "benign_image": "/img_align_celeba/116718.jpg",
        "initial_adv_image": "/img_align_celeba/001516.jpg",
        "l2_epsilon_goal": 0.05,
        "linf_epsilon_goal": 0.06274509803921569,
        "query_budget": 40000,
        "max_iterations": 1000,
        "initial_queries": 50,
        "dimension_reduction": 1.0
    },
    "results": {
        "total_queries": 10388,
        "final_l2_distance": 4.2200541496276855,
        "final_linf_distance": 0.06101197004318237,
        "total_duration_seconds": 126.88703536987305,
        "iteration_times_seconds": [
            2.6553971767425537,
            2.808058261871338,
            2.798321008682251,
            3.0531303882598877,
            2.8237950801849365,
            2.828505754470825,
            2.9401047229766846,
            2.960132598876953,
            2.8823940753936768,
            2.9062232971191406,
            2.8585269451141357,
            2.8776447772979736,
            2.7905547618865967,
            2.8016340732574463,
            2.994724750518799,
            2.9520320892333984,
            3.0997636318206787,
            2.9023919105529785,
            2.8403337001800537,
            2.9267590045928955,
            2.9941000938415527,
            2.8875787258148193,
            3.0058207511901855,
            2.8543636798858643,
            3.1438181400299072,
            3.0197958946228027,
            2.9307146072387695,
            3.0636746883392334,
            3.0201895236968994,
            3.100677967071533,
            3.038438081741333,
            2.9640419483184814,
            2.969191074371338,
            3.1513214111328125,
            3.034876823425293,
            3.155944585800171,
            3.090841054916382,
            3.1949875354766846,
            3.1787919998168945,
            3.1869890689849854,
            3.1696066856384277,
            3.2591052055358887
        ],
        "output_image_path": "/model_deploy_execution_attack_for_pipeline/outputs/fsanet_headpose_mnn_116718_ttba_attack/adversarial_image.png"
    }
}