{
    "status": "BUDGET_EXHAUSTED",
    "config": {
        "executable": "./resources/execution_files/gender_googlenet_mnn",
        "benign_image": "/img_align_celeba/113106.jpg",
        "initial_adv_image": "/img_align_celeba/101264.jpg",
        "l2_epsilon_goal": 0.05,
        "linf_epsilon_goal": 0.06274509803921569,
        "query_budget": 40000,
        "max_iterations": 1000,
        "initial_queries": 50,
        "dimension_reduction": 1.0
    },
    "results": {
        "total_queries": 40037,
        "final_l2_distance": 5.131570816040039,
        "final_linf_distance": 0.06794118881225586,
        "total_duration_seconds": 914.5413010120392,
        "iteration_times_seconds": [
            5.9838173389434814,
            6.305145263671875,
            6.437783241271973,
            6.377542018890381,
            6.365332126617432,
            6.651984214782715,
            6.737149238586426,
            6.824560880661011,
            6.814346790313721,
            7.038733005523682,
            6.913378953933716,
            7.057455539703369,
            7.2496466636657715,
            7.2504847049713135,
            7.483326435089111,
            7.343713998794556,
            7.333491086959839,
            7.3501527309417725,
            7.342676162719727,
            7.415444612503052,
            7.482853889465332,
            7.4234864711761475,
            7.4144721031188965,
            7.605490446090698,
            7.686422348022461,
            7.645625829696655,
            7.8533711433410645,
            7.802940607070923,
            7.90891170501709,
            7.919037818908691,
            8.003486633300781,
            8.022523880004883,
            8.005599021911621,
            8.076322555541992,
            8.081035375595093,
            8.062136888504028,
            8.201534986495972,
            8.070339679718018,
            8.112738847732544,
            8.184475421905518,
            8.244162559509277,
            8.305644273757935,
            8.332401752471924,
            8.358335971832275,
            8.328308582305908,
            8.373523712158203,
            8.425499677658081,
            8.510778665542603,
            8.556729555130005,
            8.625532150268555,
            8.500318765640259,
            8.58811354637146,
            8.566816806793213,
            8.672999620437622,
            8.535221338272095,
            8.6624915599823,
            8.679458618164062,
            8.680387020111084,
            8.827648162841797,
            8.95964241027832,
            8.977963924407959,
            9.020745992660522,
            9.016398429870605,
            9.002891778945923,
            9.168172359466553,
            9.090630531311035,
            9.167706727981567,
            9.133732080459595,
            9.156747341156006,
            9.055938720703125,
            9.115243911743164,
            9.159811019897461,
            9.387374877929688,
            9.232466697692871,
            9.325215578079224,
            9.315019845962524,
            9.312381744384766,
            9.327417612075806,
            9.358736038208008,
            9.451494693756104,
            9.229884386062622,
            9.40168309211731,
            9.509861707687378,
            9.466400623321533,
            9.350908994674683,
            9.439950227737427,
            9.564911127090454,
            9.525198698043823,
            9.524559497833252,
            9.589036464691162,
            9.616663694381714,
            9.525378704071045,
            9.437607526779175,
            9.599455118179321,
            9.583623170852661,
            9.69008731842041,
            9.648946523666382,
            9.645638465881348,
            9.743525266647339,
            9.792569637298584,
            9.817184925079346,
            9.788141250610352,
            9.772525072097778,
            9.86101484298706,
            9.838605165481567,
            10.042957305908203,
            10.00001072883606
        ],
        "output_image_path": "/model_deploy_execution_attack_for_pipeline/outputs/gender_googlenet_mnn_113106_ttba_attack/adversarial_image.png"
    }
}