{
    "status": "SUCCESS",
    "config": {
        "executable": "./resources/execution_files/fsanet_headpose_mnn",
        "benign_image": "/img_align_celeba/111077.jpg",
        "initial_adv_image": "/img_align_celeba/151453.jpg",
        "l2_epsilon_goal": 0.05,
        "linf_epsilon_goal": 0.06274509803921569,
        "query_budget": 40000,
        "max_iterations": 1000,
        "initial_queries": 50,
        "dimension_reduction": 1.0
    },
    "results": {
        "total_queries": 7369,
        "final_l2_distance": 4.880779266357422,
        "final_linf_distance": 0.06096446514129639,
        "total_duration_seconds": 96.71311473846436,
        "iteration_times_seconds": [
            2.567044496536255,
            2.6032800674438477,
            2.620572090148926,
            2.75850248336792,
            2.796189308166504,
            2.800503730773926,
            2.6580393314361572,
            2.720616579055786,
            2.98832631111145,
            2.72300386428833,
            2.7834079265594482,
            2.898857831954956,
            2.827712059020996,
            2.8119053840637207,
            2.9879679679870605,
            2.8925464153289795,
            2.934011459350586,
            2.925562620162964,
            2.889860153198242,
            2.8960821628570557,
            2.9479682445526123,
            2.8799211978912354,
            2.9059581756591797,
            2.9171042442321777,
            3.0923492908477783,
            3.049344778060913,
            2.9953413009643555,
            2.978771209716797,
            3.0634353160858154,
            3.0436904430389404,
            2.927478551864624,
            2.958198308944702,
            3.1579582691192627
        ],
        "output_image_path": "/model_deploy_execution_attack_for_pipeline/outputs/fsanet_headpose_mnn_111077_ttba_attack/adversarial_image.png"
    }
}