{
    "status": "SUCCESS",
    "config": {
        "executable": "resources/execution_files/gender_googlenet_mnn",
        "benign_image": "/img_align_celeba/120269.jpg",
        "initial_adv_image": "/img_align_celeba/005770.jpg",
        "l2_epsilon_goal": 0.05,
        "linf_epsilon_goal": 0.06274509803921569,
        "query_budget": 40000,
        "max_iterations": 1000,
        "initial_queries": 50,
        "dimension_reduction": 1.0
    },
    "results": {
        "total_queries": 3900,
        "final_l2_distance": 4.640796661376953,
        "final_linf_distance": 0.06109616905450821,
        "total_duration_seconds": 146.98607063293457,
        "iteration_times_seconds": [
            5.970357179641724,
            6.250883340835571,
            6.354775428771973,
            6.429736852645874,
            6.3777174949646,
            6.514463186264038,
            6.735387325286865,
            6.544968366622925,
            6.757825613021851,
            6.704904079437256,
            6.792701482772827,
            6.849776029586792,
            7.026038885116577,
            7.142209053039551,
            7.093799114227295,
            7.11976432800293,
            7.09445595741272,
            7.258962869644165,
            7.170989990234375,
            7.251582860946655,
            7.259707927703857
        ],
        "output_image_path": "/model_deploy_execution_attack_for_pipeline/outputs/gender_googlenet_mnn_120269_ttba_attack/adversarial_image.png"
    }
}