{
    "status": "SUCCESS",
    "config": {
        "executable": "resources/execution_files/gender_googlenet_mnn",
        "benign_image": "/img_align_celeba/047543.jpg",
        "initial_adv_image": "/img_align_celeba/065084.jpg",
        "l2_epsilon_goal": 0.05,
        "linf_epsilon_goal": 0.06274509803921569,
        "query_budget": 40000,
        "max_iterations": 1000,
        "initial_queries": 50,
        "dimension_reduction": 1.0
    },
    "results": {
        "total_queries": 15661,
        "final_l2_distance": 4.802397727966309,
        "final_linf_distance": 0.06209081411361694,
        "total_duration_seconds": 438.29376006126404,
        "iteration_times_seconds": [
            6.04998517036438,
            6.246516466140747,
            6.4316184520721436,
            6.3937811851501465,
            6.485200643539429,
            6.4617063999176025,
            6.73386025428772,
            6.741339445114136,
            6.8480610847473145,
            6.9589152336120605,
            6.909677982330322,
            6.950213432312012,
            7.132895231246948,
            7.069930076599121,
            7.1609251499176025,
            7.195890426635742,
            7.235168695449829,
            7.27116322517395,
            7.391041278839111,
            7.354936122894287,
            7.470270872116089,
            7.538475275039673,
            7.649337530136108,
            7.65990686416626,
            7.769958972930908,
            7.69032883644104,
            7.910706520080566,
            7.9293153285980225,
            7.995831251144409,
            8.020816326141357,
            8.012371063232422,
            8.060325622558594,
            8.117978811264038,
            8.11842656135559,
            8.297920227050781,
            8.207647323608398,
            8.294382572174072,
            8.207995653152466,
            8.267121315002441,
            8.24171495437622,
            8.196916341781616,
            8.428621053695679,
            8.437222480773926,
            8.500650882720947,
            8.546350240707397,
            8.442705154418945,
            8.581182956695557,
            8.5694260597229,
            8.664283752441406,
            8.642612934112549,
            8.626798629760742,
            8.663831949234009,
            8.786574840545654,
            8.837010145187378,
            8.809608936309814,
            8.831493854522705
        ],
        "output_image_path": "/model_deploy_execution_attack_for_pipeline/outputs/gender_googlenet_mnn_047543_ttba_attack/adversarial_image.png"
    }
}