{
    "status": "BUDGET_EXHAUSTED",
    "config": {
        "executable": "./resources/execution_files/age_googlenet_mnn",
        "benign_image": "/img_align_celeba/197560.jpg",
        "initial_adv_image": "/img_align_celeba/00000013.png",
        "l2_epsilon_goal": 0.05,
        "linf_epsilon_goal": 0.06274509803921569,
        "query_budget": 40000,
        "max_iterations": 1000,
        "initial_queries": 50,
        "dimension_reduction": 1.0
    },
    "results": {
        "total_queries": 40284,
        "final_l2_distance": 36.33318328857422,
        "final_linf_distance": 0.4956454038619995,
        "total_duration_seconds": 1130.1384212970734,
        "iteration_times_seconds": [
            7.540527105331421,
            7.772489070892334,
            7.932172775268555,
            8.029320001602173,
            8.143656015396118,
            8.3402099609375,
            8.539718627929688,
            8.488332748413086,
            8.672109365463257,
            8.60118293762207,
            8.699212551116943,
            8.829397916793823,
            8.900599718093872,
            8.90550184249878,
            9.087159156799316,
            9.197847366333008,
            9.195390701293945,
            9.25373888015747,
            9.289931774139404,
            9.260610818862915,
            9.259772062301636,
            9.388386726379395,
            9.399688720703125,
            9.548164367675781,
            9.688869714736938,
            9.605894804000854,
            9.798439979553223,
            9.818787574768066,
            9.905799150466919,
            9.874063491821289,
            9.996330499649048,
            9.965447425842285,
            9.977715730667114,
            9.988548755645752,
            10.016186714172363,
            10.019998788833618,
            10.192018985748291,
            10.130711078643799,
            10.259093284606934,
            10.223428964614868,
            10.284745216369629,
            10.485292196273804,
            10.433494329452515,
            10.546299695968628,
            10.53019905090332,
            10.575872898101807,
            10.57550835609436,
            10.607331037521362,
            10.688447952270508,
            10.63483190536499,
            10.67826771736145,
            10.70404314994812,
            10.738649606704712,
            10.774337768554688,
            10.899033069610596,
            10.823489904403687,
            10.929031133651733,
            10.932594299316406,
            10.914281606674194,
            11.041970014572144,
            11.13039755821228,
            10.983646869659424,
            10.924414157867432,
            11.085684061050415,
            10.983765125274658,
            11.005001783370972,
            11.008964538574219,
            11.08950138092041,
            11.018378973007202,
            11.028552770614624,
            11.148538589477539,
            11.109124183654785,
            11.143343925476074,
            11.156195878982544,
            11.235455751419067,
            11.192149639129639,
            11.240791082382202,
            11.357517004013062,
            11.377074718475342,
            11.423648834228516,
            11.533829689025879,
            11.508044958114624,
            11.586472749710083,
            11.557802200317383,
            11.55355191230774,
            11.633650302886963,
            11.60240626335144,
            11.715085983276367,
            11.683390617370605,
            11.709476232528687,
            11.688894987106323,
            11.659231901168823,
            11.69135332107544,
            11.70585298538208,
            11.727218389511108,
            11.75223183631897,
            11.853588819503784,
            11.833142757415771,
            12.016649007797241,
            11.978859186172485,
            12.00743556022644,
            12.027955532073975,
            12.011317253112793,
            12.078869819641113,
            12.095239400863647,
            12.118671894073486,
            12.16679048538208
        ],
        "output_image_path": "/model_deploy_execution_attack_for_pipeline/outputs/age_googlenet_mnn_197560_ttba_attack/adversarial_image.png"
    }
}