{
    "status": "SUCCESS",
    "config": {
        "executable": "./resources/execution_files/gender_googlenet_mnn",
        "benign_image": "/img_align_celeba/041132.jpg",
        "initial_adv_image": "/img_align_celeba/097212.jpg",
        "l2_epsilon_goal": 0.05,
        "linf_epsilon_goal": 0.06274509803921569,
        "query_budget": 40000,
        "max_iterations": 1000,
        "initial_queries": 50,
        "dimension_reduction": 1.0
    },
    "results": {
        "total_queries": 9684,
        "final_l2_distance": 4.722380638122559,
        "final_linf_distance": 0.06123398244380951,
        "total_duration_seconds": 293.261118888855,
        "iteration_times_seconds": [
            6.0742292404174805,
            6.2811126708984375,
            6.474608898162842,
            6.47249698638916,
            6.444314479827881,
            6.57972526550293,
            6.737590789794922,
            6.797489643096924,
            6.824897289276123,
            6.732733249664307,
            6.800316572189331,
            6.9254536628723145,
            7.000470876693726,
            7.117966175079346,
            7.152733087539673,
            7.215488910675049,
            7.1010589599609375,
            7.219178676605225,
            7.249035835266113,
            7.159376382827759,
            7.187541723251343,
            7.319464921951294,
            7.423901319503784,
            7.458554029464722,
            7.504837989807129,
            7.481456518173218,
            7.733120918273926,
            7.506357192993164,
            7.602237939834595,
            7.5988242626190186,
            7.6534082889556885,
            7.638547897338867,
            7.673504829406738,
            7.677128553390503,
            7.709304571151733,
            7.830124139785767,
            7.829167127609253,
            7.938191890716553,
            7.977954864501953,
            7.934919357299805
        ],
        "output_image_path": "/model_deploy_execution_attack_for_pipeline/outputs/gender_googlenet_mnn_041132_ttba_attack/adversarial_image.png"
    }
}