{
    "status": "SUCCESS",
    "config": {
        "executable": "./resources/execution_files/emotion_ferplus_mnn",
        "benign_image": "/img_align_celeba/085164.jpg",
        "initial_adv_image": "/img_align_celeba/148102.jpg",
        "l2_epsilon_goal": 0.05,
        "linf_epsilon_goal": 0.06274509803921569,
        "query_budget": 40000,
        "max_iterations": 1000,
        "initial_queries": 50,
        "dimension_reduction": 1.0
    },
    "results": {
        "total_queries": 5901,
        "final_l2_distance": 3.803438901901245,
        "final_linf_distance": 0.05349525809288025,
        "total_duration_seconds": 222.87340879440308,
        "iteration_times_seconds": [
            6.530933856964111,
            6.921462535858154,
            7.109545469284058,
            7.123598098754883,
            7.16554856300354,
            7.454294204711914,
            7.682293653488159,
            7.7097327709198,
            7.737434387207031,
            7.641369342803955,
            7.66555118560791,
            7.712121248245239,
            7.984052896499634,
            7.919037580490112,
            8.163569927215576,
            8.148303508758545,
            8.164146423339844,
            8.331188201904297,
            8.258873462677002,
            8.392505407333374,
            8.399484395980835,
            8.016497135162354,
            8.043379783630371,
            7.980794668197632,
            8.019277572631836,
            8.041804790496826,
            8.07153844833374,
            8.08484697341919
        ],
        "output_image_path": "/model_deploy_execution_attack_for_pipeline/outputs/emotion_ferplus_mnn_085164_ttba_attack/adversarial_image.png"
    }
}