{
    "status": "BUDGET_EXHAUSTED",
    "config": {
        "executable": "./resources/execution_files/fsanet_headpose_mnn",
        "benign_image": "/img_align_celeba/097212.jpg",
        "initial_adv_image": "/img_align_celeba/056328.jpg",
        "l2_epsilon_goal": 0.05,
        "linf_epsilon_goal": 0.06274509803921569,
        "query_budget": 40000,
        "max_iterations": 1000,
        "initial_queries": 50,
        "dimension_reduction": 1.0
    },
    "results": {
        "total_queries": 40008,
        "final_l2_distance": 5.847289562225342,
        "final_linf_distance": 0.07398867607116699,
        "total_duration_seconds": 355.0399160385132,
        "iteration_times_seconds": [
            2.611253499984741,
            2.7496469020843506,
            2.6974563598632812,
            2.7594785690307617,
            2.781290054321289,
            2.7960546016693115,
            2.830900192260742,
            2.766857385635376,
            2.845585346221924,
            2.8028621673583984,
            2.8687186241149902,
            2.8101632595062256,
            2.9658071994781494,
            2.8645076751708984,
            2.8043882846832275,
            3.016244649887085,
            3.008026599884033,
            3.008258581161499,
            3.02823805809021,
            3.005207061767578,
            3.124678373336792,
            3.004672050476074,
            2.9359052181243896,
            3.048581838607788,
            3.114368200302124,
            3.021743059158325,
            2.986785888671875,
            3.00260066986084,
            3.099336624145508,
            3.124070644378662,
            3.1020538806915283,
            3.0327882766723633,
            3.03753662109375,
            3.1318888664245605,
            3.2254621982574463,
            3.227996587753296,
            3.1448357105255127,
            3.2454164028167725,
            3.1737942695617676,
            3.269653081893921,
            3.287073850631714,
            3.202179431915283,
            3.2945444583892822,
            3.2440314292907715,
            3.3423497676849365,
            3.2747068405151367,
            3.224245548248291,
            3.169243574142456,
            3.247337579727173,
            3.440960168838501,
            3.37178373336792,
            3.2270925045013428,
            3.398101806640625,
            3.3801276683807373,
            3.300264596939087,
            3.3771653175354004,
            3.4245526790618896,
            3.3178927898406982,
            3.579864740371704,
            3.3303022384643555,
            3.4244444370269775,
            3.3439135551452637,
            3.457584857940674,
            3.570181131362915,
            3.4009878635406494,
            3.3985536098480225,
            3.4641520977020264,
            3.4286181926727295,
            3.463132619857788,
            3.395409107208252,
            3.4064838886260986,
            3.433041572570801,
            3.3737268447875977,
            3.4735655784606934,
            3.563419818878174,
            3.4693901538848877,
            3.424119234085083,
            3.4607739448547363,
            3.606038808822632,
            3.5384159088134766,
            3.490234851837158,
            3.5059759616851807,
            3.5820369720458984,
            3.4580845832824707,
            3.5364084243774414,
            3.593097686767578,
            3.5654959678649902,
            3.6734719276428223,
            3.6645705699920654,
            3.789795398712158,
            3.6660985946655273,
            3.645169496536255,
            3.5545663833618164,
            3.64402174949646,
            3.654611587524414,
            3.670531988143921,
            3.6142687797546387,
            3.6612837314605713,
            3.7022459506988525,
            3.7223763465881348,
            3.737266778945923,
            3.7028839588165283,
            3.739039659500122,
            3.6832053661346436,
            3.701565980911255,
            3.796034336090088,
            3.8211722373962402
        ],
        "output_image_path": "/model_deploy_execution_attack_for_pipeline/outputs/fsanet_headpose_mnn_097212_ttba_attack/adversarial_image.png"
    }
}