{
    "status": "BUDGET_EXHAUSTED",
    "config": {
        "executable": "./resources/execution_files/age_googlenet_mnn",
        "benign_image": "/img_align_celeba/017360.jpg",
        "initial_adv_image": "/img_align_celeba/00000001.png",
        "l2_epsilon_goal": 0.05,
        "linf_epsilon_goal": 0.06274509803921569,
        "query_budget": 40000,
        "max_iterations": 1000,
        "initial_queries": 50,
        "dimension_reduction": 1.0
    },
    "results": {
        "total_queries": 40312,
        "final_l2_distance": 27.19664192199707,
        "final_linf_distance": 0.3697482943534851,
        "total_duration_seconds": 1140.3960211277008,
        "iteration_times_seconds": [
            7.786986827850342,
            8.113429307937622,
            8.258296489715576,
            8.287625074386597,
            8.458301544189453,
            8.609319686889648,
            8.760411977767944,
            8.704318761825562,
            8.917649269104004,
            8.827852725982666,
            9.090856075286865,
            9.117578506469727,
            9.273809671401978,
            9.125569105148315,
            9.343210458755493,
            9.501197099685669,
            9.431382656097412,
            9.445681810379028,
            9.581085681915283,
            9.681465864181519,
            9.757150650024414,
            9.658808469772339,
            9.754339933395386,
            9.562800168991089,
            9.566871643066406,
            9.57771110534668,
            9.793038129806519,
            9.814573049545288,
            9.84497618675232,
            9.859450101852417,
            9.91635274887085,
            9.959650993347168,
            9.979097127914429,
            10.068934917449951,
            10.187251329421997,
            10.168018579483032,
            10.177642583847046,
            10.155052661895752,
            10.224055767059326,
            10.304814338684082,
            10.328514099121094,
            10.51100468635559,
            10.452764749526978,
            10.50063157081604,
            10.60098123550415,
            10.540072441101074,
            10.649436473846436,
            10.599225521087646,
            10.639963626861572,
            10.630111694335938,
            10.741681814193726,
            10.785025835037231,
            10.812500476837158,
            10.779911518096924,
            10.827608585357666,
            10.953042030334473,
            10.910096168518066,
            11.026118040084839,
            10.948272943496704,
            11.190371990203857,
            11.11804723739624,
            11.157972574234009,
            11.255429029464722,
            11.239590167999268,
            11.250970125198364,
            11.309208631515503,
            11.039159536361694,
            11.055896997451782,
            11.075896501541138,
            11.01939582824707,
            11.189682483673096,
            11.25211215019226,
            11.176120281219482,
            11.24742865562439,
            11.277145624160767,
            11.281161069869995,
            11.280283212661743,
            11.406997203826904,
            11.332720041275024,
            11.459315538406372,
            11.461484670639038,
            11.603383779525757,
            11.644283771514893,
            11.611140251159668,
            11.607562065124512,
            11.673502922058105,
            11.66832685470581,
            11.701796054840088,
            11.669421911239624,
            11.658405780792236,
            11.713243961334229,
            11.765424489974976,
            11.744549989700317,
            11.792627573013306,
            11.879822492599487,
            11.866281509399414,
            11.862499475479126,
            11.907963514328003,
            12.007536888122559,
            11.932979583740234,
            11.95527172088623,
            12.068879127502441,
            11.97426986694336,
            12.07309103012085,
            12.169695138931274,
            12.25704574584961,
            12.20419955253601
        ],
        "output_image_path": "/model_deploy_execution_attack_for_pipeline/outputs/age_googlenet_mnn_017360_ttba_attack/adversarial_image.png"
    }
}