{
    "status": "BUDGET_EXHAUSTED",
    "config": {
        "executable": "./resources/execution_files/age_googlenet_mnn",
        "benign_image": "/img_align_celeba/153522.jpg",
        "initial_adv_image": "/img_align_celeba/00000012.png",
        "l2_epsilon_goal": 0.05,
        "linf_epsilon_goal": 0.06274509803921569,
        "query_budget": 40000,
        "max_iterations": 1000,
        "initial_queries": 50,
        "dimension_reduction": 1.0
    },
    "results": {
        "total_queries": 40291,
        "final_l2_distance": 29.881044387817383,
        "final_linf_distance": 0.4026466906070709,
        "total_duration_seconds": 1132.3331410884857,
        "iteration_times_seconds": [
            7.784830331802368,
            8.128329992294312,
            8.210062742233276,
            8.270488977432251,
            8.383366346359253,
            8.51231050491333,
            8.699353694915771,
            8.72057032585144,
            8.775073051452637,
            8.836769580841064,
            8.905018329620361,
            8.846220254898071,
            8.835687637329102,
            8.928453922271729,
            9.185919761657715,
            9.16776418685913,
            9.214295387268066,
            9.368915319442749,
            9.334067344665527,
            9.307118654251099,
            9.395926475524902,
            9.453396081924438,
            9.530996084213257,
            9.476546287536621,
            9.54828429222107,
            9.565579414367676,
            9.83578896522522,
            9.84656548500061,
            9.974636554718018,
            9.898137331008911,
            9.899751663208008,
            9.8793306350708,
            9.936136960983276,
            9.978946447372437,
            10.034591913223267,
            10.074828863143921,
            10.248778343200684,
            10.154416799545288,
            10.279258966445923,
            10.244211912155151,
            10.267432451248169,
            10.499323844909668,
            10.590142250061035,
            10.479875087738037,
            10.483711957931519,
            10.638532400131226,
            10.612996578216553,
            10.61314058303833,
            10.698979616165161,
            10.758282661437988,
            10.66699767112732,
            10.635842561721802,
            10.742473602294922,
            10.729142904281616,
            10.832552194595337,
            10.872376441955566,
            10.898231744766235,
            10.68729543685913,
            10.665698051452637,
            10.848192930221558,
            10.912065267562866,
            11.011797666549683,
            10.933344841003418,
            10.983971118927002,
            10.962597131729126,
            11.0516037940979,
            11.040419816970825,
            11.036702871322632,
            11.026184797286987,
            11.02072024345398,
            11.061971426010132,
            11.162130355834961,
            11.202826499938965,
            11.201982498168945,
            11.201345682144165,
            11.293826341629028,
            11.395106554031372,
            11.395435094833374,
            11.347167253494263,
            11.35100769996643,
            11.428465366363525,
            11.562202215194702,
            11.525764465332031,
            11.606064319610596,
            11.541574954986572,
            11.602896451950073,
            11.718822956085205,
            11.725886821746826,
            11.6670982837677,
            11.743266820907593,
            11.671544790267944,
            11.645502805709839,
            11.711910724639893,
            11.773931503295898,
            11.885446786880493,
            11.831549167633057,
            11.873802185058594,
            11.88418984413147,
            11.914568185806274,
            11.920939683914185,
            11.957094192504883,
            11.948548078536987,
            12.03281021118164,
            11.98298954963684,
            11.979524612426758,
            12.113479375839233,
            12.171748876571655
        ],
        "output_image_path": "/model_deploy_execution_attack_for_pipeline/outputs/age_googlenet_mnn_153522_ttba_attack/adversarial_image.png"
    }
}