{
    "status": "SUCCESS",
    "config": {
        "executable": "./resources/execution_files/fsanet_headpose_mnn",
        "benign_image": "/img_align_celeba/089986.jpg",
        "initial_adv_image": "/img_align_celeba/153536.jpg",
        "l2_epsilon_goal": 0.05,
        "linf_epsilon_goal": 0.06274509803921569,
        "query_budget": 40000,
        "max_iterations": 1000,
        "initial_queries": 50,
        "dimension_reduction": 1.0
    },
    "results": {
        "total_queries": 1425,
        "final_l2_distance": 4.838137626647949,
        "final_linf_distance": 0.05845928192138672,
        "total_duration_seconds": 28.70041513442993,
        "iteration_times_seconds": [
            2.639735460281372,
            2.6409006118774414,
            2.6885149478912354,
            2.9387307167053223,
            2.6684303283691406,
            2.6831371784210205,
            2.7514798641204834,
            2.673082113265991,
            2.612058162689209,
            2.5705747604370117
        ],
        "output_image_path": "/model_deploy_execution_attack_for_pipeline/outputs/fsanet_headpose_mnn_089986_ttba_attack/adversarial_image.png"
    }
}