{
    "status": "BUDGET_EXHAUSTED",
    "config": {
        "executable": "./resources/execution_files/emotion_ferplus_mnn",
        "benign_image": "/img_align_celeba/153522.jpg",
        "initial_adv_image": "/img_align_celeba/148102.jpg",
        "l2_epsilon_goal": 0.05,
        "linf_epsilon_goal": 0.06274509803921569,
        "query_budget": 40000,
        "max_iterations": 1000,
        "initial_queries": 50,
        "dimension_reduction": 1.0
    },
    "results": {
        "total_queries": 40044,
        "final_l2_distance": 4.638283729553223,
        "final_linf_distance": 0.06457886099815369,
        "total_duration_seconds": 983.0212259292603,
        "iteration_times_seconds": [
            6.596316576004028,
            6.932868480682373,
            6.977931499481201,
            7.035298824310303,
            7.079432249069214,
            7.240562200546265,
            7.368494749069214,
            7.546945810317993,
            7.67587423324585,
            7.572216987609863,
            7.6882102489471436,
            7.79925012588501,
            7.811765670776367,
            7.767157793045044,
            7.699917793273926,
            7.970718860626221,
            7.945316553115845,
            8.073033809661865,
            8.21271800994873,
            8.022252321243286,
            8.017046928405762,
            8.088385105133057,
            7.9477033615112305,
            8.08073902130127,
            8.16752815246582,
            8.151141166687012,
            8.399897813796997,
            8.435311079025269,
            8.424708843231201,
            8.510057926177979,
            8.603986978530884,
            8.378966093063354,
            8.445809364318848,
            8.401962995529175,
            8.596239805221558,
            8.528974294662476,
            8.65707278251648,
            8.67717981338501,
            8.669235706329346,
            8.702013492584229,
            8.763277530670166,
            8.829748630523682,
            8.972763538360596,
            9.028086423873901,
            9.0010986328125,
            8.942371129989624,
            8.99422836303711,
            9.120524883270264,
            9.06593918800354,
            9.142961263656616,
            9.218286991119385,
            9.121993064880371,
            9.259978532791138,
            9.302263498306274,
            9.28142523765564,
            9.350609540939331,
            9.326295375823975,
            9.464867353439331,
            9.495547771453857,
            9.604528188705444,
            9.616438865661621,
            9.619722127914429,
            9.709885597229004,
            9.668641567230225,
            9.708258628845215,
            9.734289646148682,
            9.726237297058105,
            9.840418338775635,
            9.847866296768188,
            9.851030349731445,
            9.776676893234253,
            9.82711911201477,
            9.887794971466064,
            9.90689492225647,
            9.975953817367554,
            10.021768569946289,
            9.918448209762573,
            9.910104036331177,
            9.947198867797852,
            9.955236196517944,
            10.058326244354248,
            10.075386762619019,
            10.026330709457397,
            10.158803939819336,
            10.000766038894653,
            10.161604642868042,
            10.244161605834961,
            10.290569305419922,
            10.157166242599487,
            10.307414293289185,
            10.307008743286133,
            10.34917402267456,
            10.342443466186523,
            10.394364595413208,
            10.463163375854492,
            10.39750623703003,
            10.485430479049683,
            10.419639110565186,
            10.415099382400513,
            10.466925382614136,
            10.517539024353027,
            10.590088129043579,
            10.529160976409912,
            10.53582501411438,
            10.669065713882446,
            10.716882228851318,
            10.804224729537964
        ],
        "output_image_path": "/model_deploy_execution_attack_for_pipeline/outputs/emotion_ferplus_mnn_153522_ttba_attack/adversarial_image.png"
    }
}