{
    "status": "SUCCESS",
    "config": {
        "executable": "resources/execution_files/gender_googlenet_mnn",
        "benign_image": "/img_align_celeba/103473.jpg",
        "initial_adv_image": "/img_align_celeba/171783.jpg",
        "l2_epsilon_goal": 0.05,
        "linf_epsilon_goal": 0.06274509803921569,
        "query_budget": 40000,
        "max_iterations": 1000,
        "initial_queries": 50,
        "dimension_reduction": 1.0
    },
    "results": {
        "total_queries": 1409,
        "final_l2_distance": 4.501209259033203,
        "final_linf_distance": 0.060019105672836304,
        "total_duration_seconds": 65.94910955429077,
        "iteration_times_seconds": [
            5.498357772827148,
            5.851108551025391,
            6.075120449066162,
            6.0633978843688965,
            6.211359262466431,
            6.157469987869263,
            6.38608193397522,
            6.445545673370361,
            6.517411231994629,
            6.512451887130737
        ],
        "output_image_path": "/model_deploy_execution_attack_for_pipeline/outputs/gender_googlenet_mnn_103473_ttba_attack/adversarial_image.png"
    }
}