{
    "status": "BUDGET_EXHAUSTED",
    "config": {
        "executable": "./resources/execution_files/emotion_ferplus_mnn",
        "benign_image": "/img_align_celeba/186479.jpg",
        "initial_adv_image": "/img_align_celeba/065084.jpg",
        "l2_epsilon_goal": 0.05,
        "linf_epsilon_goal": 0.06274509803921569,
        "query_budget": 40000,
        "max_iterations": 1000,
        "initial_queries": 50,
        "dimension_reduction": 1.0
    },
    "results": {
        "total_queries": 40107,
        "final_l2_distance": 7.525500297546387,
        "final_linf_distance": 0.13632798194885254,
        "total_duration_seconds": 996.4657740592957,
        "iteration_times_seconds": [
            6.430999994277954,
            6.782233715057373,
            6.827760696411133,
            6.9344635009765625,
            7.111377954483032,
            7.101547956466675,
            7.401846885681152,
            7.450902223587036,
            7.707034111022949,
            7.692332029342651,
            7.72353720664978,
            7.752226829528809,
            7.920613050460815,
            7.970900774002075,
            7.987829923629761,
            8.080810308456421,
            8.146896123886108,
            8.212076902389526,
            8.351459741592407,
            8.369295597076416,
            8.104665279388428,
            8.245356798171997,
            8.219173908233643,
            8.376792430877686,
            8.3712158203125,
            8.405526876449585,
            8.677445888519287,
            8.718884468078613,
            8.671092510223389,
            8.716750621795654,
            8.57711911201477,
            8.600560188293457,
            8.654182434082031,
            8.727769136428833,
            8.705121278762817,
            8.729503631591797,
            8.81914210319519,
            8.867195129394531,
            8.854427337646484,
            8.966195583343506,
            9.07235836982727,
            9.077527046203613,
            9.044713973999023,
            9.108439922332764,
            9.165797233581543,
            9.176708698272705,
            9.1798095703125,
            9.280999660491943,
            9.165573120117188,
            9.181895017623901,
            9.235296964645386,
            9.213581323623657,
            9.339588642120361,
            9.319183111190796,
            9.410971641540527,
            9.301644802093506,
            9.362333297729492,
            9.445981502532959,
            9.455857753753662,
            9.45610785484314,
            9.578080415725708,
            9.663523197174072,
            9.605088472366333,
            9.725963115692139,
            9.847506046295166,
            9.762018918991089,
            9.83384108543396,
            9.768807172775269,
            9.773823261260986,
            9.878191471099854,
            9.832099676132202,
            9.850741863250732,
            9.922439813613892,
            9.935736179351807,
            9.962000846862793,
            10.05349612236023,
            10.046458005905151,
            10.215452194213867,
            10.234680414199829,
            10.09574556350708,
            10.310964345932007,
            10.335222005844116,
            10.200065612792969,
            10.31341290473938,
            10.352109670639038,
            10.383077383041382,
            10.444396018981934,
            10.417686700820923,
            10.446676969528198,
            10.43397855758667,
            10.456939458847046,
            10.570975065231323,
            10.629366874694824,
            10.56346344947815,
            10.511544466018677,
            10.562617301940918,
            10.669059753417969,
            10.562989950180054,
            10.724995851516724,
            10.749861240386963,
            10.756420612335205,
            10.78389024734497,
            10.869923830032349,
            10.736976623535156,
            10.811197519302368,
            10.897735118865967,
            10.954262018203735
        ],
        "output_image_path": "/model_deploy_execution_attack_for_pipeline/outputs/emotion_ferplus_mnn_186479_ttba_attack/adversarial_image.png"
    }
}