{
    "status": "BUDGET_EXHAUSTED",
    "config": {
        "executable": "./resources/execution_files/ssrnet_age_mnn",
        "benign_image": "/img_align_celeba/190569.jpg",
        "initial_adv_image": "/img_align_celeba/165735.jpg",
        "l2_epsilon_goal": 0.05,
        "linf_epsilon_goal": 0.06274509803921569,
        "query_budget": 40000,
        "max_iterations": 1000,
        "initial_queries": 50,
        "dimension_reduction": 1.0
    },
    "results": {
        "total_queries": 40080,
        "final_l2_distance": 6.184743404388428,
        "final_linf_distance": 0.07974302768707275,
        "total_duration_seconds": 309.66399240493774,
        "iteration_times_seconds": [
            2.268531560897827,
            2.41343355178833,
            2.269242286682129,
            2.470667839050293,
            2.336038589477539,
            2.383881092071533,
            2.416719913482666,
            2.4542160034179688,
            2.548861265182495,
            2.526097059249878,
            2.4747490882873535,
            2.472017765045166,
            2.506967544555664,
            2.551598072052002,
            2.6206319332122803,
            2.5931780338287354,
            2.6864590644836426,
            2.581535577774048,
            2.7389605045318604,
            2.6286044120788574,
            2.6361238956451416,
            2.6381170749664307,
            2.635518789291382,
            2.7148349285125732,
            2.6435959339141846,
            2.657819986343384,
            2.684083938598633,
            2.762385845184326,
            2.7697081565856934,
            2.6997275352478027,
            2.8031463623046875,
            2.692370653152466,
            2.691589593887329,
            2.74822735786438,
            2.691906452178955,
            2.7822186946868896,
            2.7484002113342285,
            2.7312729358673096,
            2.8038370609283447,
            2.787708282470703,
            2.827753782272339,
            2.8694186210632324,
            2.8986964225769043,
            2.8109216690063477,
            2.8560521602630615,
            2.888704776763916,
            2.8156726360321045,
            2.9266042709350586,
            2.948336601257324,
            2.8572707176208496,
            2.872342586517334,
            2.830761432647705,
            2.9884166717529297,
            2.8834826946258545,
            2.9067440032958984,
            2.963320016860962,
            2.843350648880005,
            2.855537176132202,
            2.9432549476623535,
            3.022505044937134,
            2.990917205810547,
            3.013028860092163,
            2.982435464859009,
            3.028470277786255,
            3.042754650115967,
            3.0555193424224854,
            2.973687171936035,
            2.925037384033203,
            2.994713306427002,
            2.99341082572937,
            3.110295057296753,
            3.1154892444610596,
            3.1174254417419434,
            3.0214667320251465,
            3.110125780105591,
            3.099952459335327,
            2.968909740447998,
            3.086888551712036,
            3.0101425647735596,
            3.038465738296509,
            3.205644130706787,
            3.080073356628418,
            3.1908681392669678,
            3.018232822418213,
            3.067748785018921,
            3.0915634632110596,
            3.214966058731079,
            3.1478214263916016,
            3.1790006160736084,
            3.192342519760132,
            3.102123975753784,
            3.1027610301971436,
            3.233269691467285,
            3.219143867492676,
            3.211501359939575,
            3.095161199569702,
            3.2378387451171875,
            3.193575382232666,
            3.2233221530914307,
            3.161539316177368,
            3.18678879737854,
            3.2059102058410645,
            3.184809684753418,
            3.2029025554656982,
            3.133821487426758,
            3.268754482269287,
            3.091629981994629
        ],
        "output_image_path": "/model_deploy_execution_attack_for_pipeline/outputs/ssrnet_age_mnn_190569_ttba_attack/adversarial_image.png"
    }
}