{
    "status": "BUDGET_EXHAUSTED",
    "config": {
        "executable": "resources/execution_files/emotion_ferplus_mnn",
        "benign_image": "/img_align_celeba/107167.jpg",
        "initial_adv_image": "/img_align_celeba/151453.jpg",
        "l2_epsilon_goal": 0.05,
        "linf_epsilon_goal": 0.06274509803921569,
        "query_budget": 40000,
        "max_iterations": 1000,
        "initial_queries": 50,
        "dimension_reduction": 1.0
    },
    "results": {
        "total_queries": 40181,
        "final_l2_distance": 15.742571830749512,
        "final_linf_distance": 0.25162336230278015,
        "total_duration_seconds": 1016.1524794101715,
        "iteration_times_seconds": [
            6.377507925033569,
            6.617254018783569,
            6.798538684844971,
            6.853592872619629,
            7.0596396923065186,
            7.058956861495972,
            7.342082738876343,
            7.298525094985962,
            7.486422538757324,
            7.52217435836792,
            7.604257822036743,
            7.564998149871826,
            7.698295831680298,
            7.731173276901245,
            7.940175294876099,
            7.987593412399292,
            8.00901746749878,
            8.160593032836914,
            8.127903699874878,
            8.200761079788208,
            8.235962390899658,
            8.28788137435913,
            8.30898141860962,
            8.48355770111084,
            8.474108457565308,
            8.49063515663147,
            8.606468200683594,
            8.79425048828125,
            8.702409267425537,
            8.784584999084473,
            8.77527666091919,
            8.82681155204773,
            8.91977572441101,
            8.882768869400024,
            8.863691091537476,
            8.947921514511108,
            8.943639993667603,
            9.114453554153442,
            9.116969108581543,
            9.142039060592651,
            9.118437767028809,
            9.421807289123535,
            9.333712577819824,
            9.420633316040039,
            9.418501853942871,
            9.551629304885864,
            9.451145648956299,
            9.512621641159058,
            9.471582412719727,
            9.537534952163696,
            9.653448581695557,
            9.58383560180664,
            9.73905062675476,
            9.663728952407837,
            9.656555652618408,
            9.78613829612732,
            9.810724258422852,
            9.849784851074219,
            9.942073106765747,
            10.065115213394165,
            10.05434513092041,
            10.05960988998413,
            10.206912517547607,
            10.18411898612976,
            10.171762466430664,
            10.193904399871826,
            9.979028463363647,
            10.036664485931396,
            10.09257459640503,
            10.122675895690918,
            10.038413047790527,
            10.173742055892944,
            10.198277473449707,
            10.194458961486816,
            10.261934280395508,
            10.340688943862915,
            10.345120668411255,
            10.309040546417236,
            10.322267532348633,
            10.369206666946411,
            10.439388036727905,
            10.520902156829834,
            10.587003231048584,
            10.54892373085022,
            10.505387783050537,
            10.591959238052368,
            10.697304964065552,
            10.660313606262207,
            10.636030673980713,
            10.753519296646118,
            10.748316526412964,
            10.732784509658813,
            10.819998502731323,
            10.809314489364624,
            10.802587509155273,
            10.865506172180176,
            10.820554256439209,
            10.986078977584839,
            10.96621322631836,
            10.928078651428223,
            11.015709638595581,
            10.933782577514648,
            10.999772071838379,
            11.000096082687378,
            11.218755006790161,
            11.181281089782715,
            11.190324306488037
        ],
        "output_image_path": "/model_deploy_execution_attack_for_pipeline/outputs/emotion_ferplus_mnn_107167_ttba_attack/adversarial_image.png"
    }
}