{
    "status": "BUDGET_EXHAUSTED",
    "config": {
        "executable": "./resources/execution_files/ssrnet_age_mnn",
        "benign_image": "/img_align_celeba/197560.jpg",
        "initial_adv_image": "/img_align_celeba/026181.jpg",
        "l2_epsilon_goal": 0.05,
        "linf_epsilon_goal": 0.06274509803921569,
        "query_budget": 40000,
        "max_iterations": 1000,
        "initial_queries": 50,
        "dimension_reduction": 1.0
    },
    "results": {
        "total_queries": 40054,
        "final_l2_distance": 5.1405839920043945,
        "final_linf_distance": 0.06544172763824463,
        "total_duration_seconds": 306.52510952949524,
        "iteration_times_seconds": [
            2.268005132675171,
            2.3127951622009277,
            2.370701313018799,
            2.396987199783325,
            2.4562509059906006,
            2.3782036304473877,
            2.4821949005126953,
            2.58504319190979,
            2.4511587619781494,
            2.513643503189087,
            2.4634578227996826,
            2.3924872875213623,
            2.6838912963867188,
            2.490490674972534,
            2.601973295211792,
            2.5916037559509277,
            2.595802068710327,
            2.6154563426971436,
            2.642275810241699,
            2.560544967651367,
            2.6905834674835205,
            2.5309691429138184,
            2.63979434967041,
            2.622555732727051,
            2.7268776893615723,
            2.611083745956421,
            2.7578577995300293,
            2.6658780574798584,
            2.6214563846588135,
            2.658823251724243,
            2.599053382873535,
            2.806617021560669,
            2.7666256427764893,
            2.6725189685821533,
            2.683271646499634,
            2.7472758293151855,
            2.783979654312134,
            2.8216888904571533,
            2.797020196914673,
            2.816307544708252,
            2.8329272270202637,
            2.6678225994110107,
            2.7740585803985596,
            2.7137646675109863,
            2.778106927871704,
            2.739021062850952,
            2.7477240562438965,
            2.934171199798584,
            2.787090301513672,
            2.972705125808716,
            2.875162363052368,
            2.7968714237213135,
            2.7974092960357666,
            2.886962652206421,
            2.886591672897339,
            2.8733553886413574,
            2.8827016353607178,
            2.840974807739258,
            2.8330326080322266,
            3.001284122467041,
            3.053838014602661,
            2.810793399810791,
            2.9189796447753906,
            3.0481138229370117,
            2.9099416732788086,
            2.9948360919952393,
            3.01578426361084,
            2.9200780391693115,
            3.10782790184021,
            2.971794366836548,
            2.999455451965332,
            3.145400285720825,
            2.990144729614258,
            3.0037620067596436,
            3.1250784397125244,
            3.0286643505096436,
            2.978619337081909,
            3.16105055809021,
            3.06264066696167,
            3.1619021892547607,
            3.0649256706237793,
            3.0309665203094482,
            3.148138999938965,
            3.1678926944732666,
            2.974674940109253,
            3.0704803466796875,
            3.0009453296661377,
            3.0579288005828857,
            3.074603319168091,
            3.019205093383789,
            3.0542795658111572,
            3.100576162338257,
            3.11324143409729,
            3.0100347995758057,
            3.2337329387664795,
            3.1919405460357666,
            3.168832778930664,
            3.129655122756958,
            3.1259381771087646,
            3.171450614929199,
            3.1412672996520996,
            3.1411960124969482,
            3.0903775691986084,
            3.267009735107422,
            3.1725547313690186,
            3.2200679779052734,
            3.1989057064056396
        ],
        "output_image_path": "/model_deploy_execution_attack_for_pipeline/outputs/ssrnet_age_mnn_197560_ttba_attack/adversarial_image.png"
    }
}