{
    "status": "SUCCESS",
    "config": {
        "executable": "./resources/execution_files/ssrnet_age_mnn",
        "benign_image": "/img_align_celeba/043725.jpg",
        "initial_adv_image": "/img_align_celeba/134208.jpg",
        "l2_epsilon_goal": 0.05,
        "linf_epsilon_goal": 0.06274509803921569,
        "query_budget": 40000,
        "max_iterations": 1000,
        "initial_queries": 50,
        "dimension_reduction": 1.0
    },
    "results": {
        "total_queries": 2704,
        "final_l2_distance": 4.826661109924316,
        "final_linf_distance": 0.06173279881477356,
        "total_duration_seconds": 40.45624661445618,
        "iteration_times_seconds": [
            2.3716588020324707,
            2.371354103088379,
            2.5031628608703613,
            2.368242025375366,
            2.5155367851257324,
            2.456395387649536,
            2.5470945835113525,
            2.5211102962493896,
            2.344757556915283,
            2.375156879425049,
            2.448434591293335,
            2.309335947036743,
            2.375822067260742,
            2.438255786895752,
            2.5590484142303467,
            2.39683198928833
        ],
        "output_image_path": "/model_deploy_execution_attack_for_pipeline/outputs/ssrnet_age_mnn_043725_ttba_attack/adversarial_image.png"
    }
}