{
    "status": "SUCCESS",
    "config": {
        "executable": "./resources/execution_files/fsanet_headpose_mnn",
        "benign_image": "/img_align_celeba/061584.jpg",
        "initial_adv_image": "/img_align_celeba/011705.jpg",
        "l2_epsilon_goal": 0.05,
        "linf_epsilon_goal": 0.06274509803921569,
        "query_budget": 40000,
        "max_iterations": 1000,
        "initial_queries": 50,
        "dimension_reduction": 1.0
    },
    "results": {
        "total_queries": 27663,
        "final_l2_distance": 5.060271739959717,
        "final_linf_distance": 0.06263348460197449,
        "total_duration_seconds": 266.2473945617676,
        "iteration_times_seconds": [
            2.6043481826782227,
            2.713135004043579,
            2.638270854949951,
            2.57525634765625,
            2.6776123046875,
            2.7097575664520264,
            2.755957841873169,
            2.7760889530181885,
            2.82843279838562,
            2.755880117416382,
            2.8345818519592285,
            2.8523120880126953,
            2.980647563934326,
            2.965031862258911,
            2.9778647422790527,
            2.9447903633117676,
            2.995798349380493,
            3.051295518875122,
            3.0264203548431396,
            2.9903318881988525,
            2.922724485397339,
            3.040414571762085,
            2.9268527030944824,
            3.0428998470306396,
            3.1164305210113525,
            3.0342442989349365,
            2.9347336292266846,
            3.2388906478881836,
            3.0839881896972656,
            3.0633704662323,
            3.1124067306518555,
            2.9896738529205322,
            3.0757839679718018,
            3.1659884452819824,
            3.1758315563201904,
            3.0656113624572754,
            3.2480525970458984,
            3.2979583740234375,
            3.2202184200286865,
            3.17498779296875,
            3.1918632984161377,
            3.1022090911865234,
            3.211308002471924,
            3.2604188919067383,
            3.3129005432128906,
            3.21722674369812,
            3.2371082305908203,
            3.294672966003418,
            3.32247257232666,
            3.2323317527770996,
            3.1939198970794678,
            3.4013102054595947,
            3.3052966594696045,
            3.3324341773986816,
            3.330044746398926,
            3.466348171234131,
            3.4146673679351807,
            3.442957639694214,
            3.3611509799957275,
            3.4373865127563477,
            3.4099178314208984,
            3.426786184310913,
            3.4959051609039307,
            3.3566744327545166,
            3.4539074897766113,
            3.3117892742156982,
            3.4300758838653564,
            3.386554002761841,
            3.500274181365967,
            3.494863986968994,
            3.363893508911133,
            3.4865827560424805,
            3.4461660385131836,
            3.4664645195007324,
            3.5594186782836914,
            3.4536962509155273,
            3.5479319095611572,
            3.554910898208618,
            3.526442766189575,
            3.5848515033721924,
            3.590489625930786,
            3.456329345703125,
            3.5596137046813965
        ],
        "output_image_path": "/model_deploy_execution_attack_for_pipeline/outputs/fsanet_headpose_mnn_061584_ttba_attack/adversarial_image.png"
    }
}