{
    "status": "SUCCESS",
    "config": {
        "executable": "./resources/execution_files/fsanet_headpose_mnn",
        "benign_image": "/img_align_celeba/108532.jpg",
        "initial_adv_image": "/img_align_celeba/092418.jpg",
        "l2_epsilon_goal": 0.05,
        "linf_epsilon_goal": 0.06274509803921569,
        "query_budget": 40000,
        "max_iterations": 1000,
        "initial_queries": 50,
        "dimension_reduction": 1.0
    },
    "results": {
        "total_queries": 3181,
        "final_l2_distance": 4.798459529876709,
        "final_linf_distance": 0.06025230884552002,
        "total_duration_seconds": 53.24893593788147,
        "iteration_times_seconds": [
            2.7215771675109863,
            2.8360819816589355,
            2.7969813346862793,
            2.871220588684082,
            2.8916256427764893,
            2.939361095428467,
            2.871504545211792,
            2.9687845706939697,
            2.9239015579223633,
            2.8489632606506348,
            2.9367356300354004,
            3.0069994926452637,
            2.8825268745422363,
            2.844636917114258,
            2.817890167236328,
            2.7639904022216797,
            2.79141902923584,
            2.808499336242676
        ],
        "output_image_path": "/model_deploy_execution_attack_for_pipeline/outputs/fsanet_headpose_mnn_108532_ttba_attack/adversarial_image.png"
    }
}