{
    "status": "SUCCESS",
    "config": {
        "executable": "./resources/execution_files/ssrnet_age_mnn",
        "benign_image": "/img_align_celeba/011705.jpg",
        "initial_adv_image": "/img_align_celeba/003301.jpg",
        "l2_epsilon_goal": 0.05,
        "linf_epsilon_goal": 0.06274509803921569,
        "query_budget": 40000,
        "max_iterations": 1000,
        "initial_queries": 50,
        "dimension_reduction": 1.0
    },
    "results": {
        "total_queries": 1246,
        "final_l2_distance": 4.779438018798828,
        "final_linf_distance": 0.06144934892654419,
        "total_duration_seconds": 22.882665157318115,
        "iteration_times_seconds": [
            2.312349796295166,
            2.377040147781372,
            2.393833637237549,
            2.4478023052215576,
            2.4329326152801514,
            2.459033727645874,
            2.2648658752441406,
            2.3714988231658936,
            2.350127935409546
        ],
        "output_image_path": "/model_deploy_execution_attack_for_pipeline/outputs/ssrnet_age_mnn_011705_ttba_attack/adversarial_image.png"
    }
}