{
    "status": "BUDGET_EXHAUSTED",
    "config": {
        "executable": "./resources/execution_files/age_googlenet_mnn",
        "benign_image": "/img_align_celeba/103315.jpg",
        "initial_adv_image": "/img_align_celeba/00000006.png",
        "l2_epsilon_goal": 0.05,
        "linf_epsilon_goal": 0.06274509803921569,
        "query_budget": 40000,
        "max_iterations": 1000,
        "initial_queries": 50,
        "dimension_reduction": 1.0
    },
    "results": {
        "total_queries": 40341,
        "final_l2_distance": 29.472307205200195,
        "final_linf_distance": 0.37724512815475464,
        "total_duration_seconds": 1147.9492042064667,
        "iteration_times_seconds": [
            7.825194835662842,
            8.046801567077637,
            8.183836460113525,
            8.330421447753906,
            8.391177892684937,
            8.557756185531616,
            8.782766103744507,
            8.778048753738403,
            8.865539789199829,
            8.837756872177124,
            8.951869487762451,
            9.154988050460815,
            9.113754510879517,
            9.158473014831543,
            9.343594789505005,
            9.436594247817993,
            9.550706624984741,
            9.481229782104492,
            9.482433319091797,
            9.559442520141602,
            9.619682312011719,
            9.723909378051758,
            9.820672750473022,
            9.804446458816528,
            9.82148027420044,
            9.868951797485352,
            10.042842626571655,
            10.131021499633789,
            10.085688352584839,
            10.185909032821655,
            10.188132047653198,
            10.234814405441284,
            10.29153823852539,
            10.248148441314697,
            10.298639059066772,
            10.322083711624146,
            10.35198163986206,
            10.425902843475342,
            10.525707721710205,
            10.243698120117188,
            10.340950965881348,
            10.459225177764893,
            10.533868312835693,
            10.622839212417603,
            10.603817701339722,
            10.632290840148926,
            10.658633470535278,
            10.72622561454773,
            10.728322505950928,
            10.677767992019653,
            10.72190523147583,
            10.78380274772644,
            10.799095869064331,
            10.929850816726685,
            10.80029034614563,
            10.978465557098389,
            10.967768430709839,
            10.931458950042725,
            11.000658750534058,
            11.162591695785522,
            11.133823871612549,
            11.306894302368164,
            11.254645347595215,
            11.293838024139404,
            11.24344778060913,
            11.397520303726196,
            11.297951221466064,
            11.375223875045776,
            11.422301054000854,
            11.330548763275146,
            11.258007049560547,
            11.460898160934448,
            11.550562381744385,
            11.59626317024231,
            11.505517959594727,
            11.617971181869507,
            11.598633527755737,
            11.58205795288086,
            11.61673355102539,
            11.428626537322998,
            11.512118339538574,
            11.529597520828247,
            11.636256217956543,
            11.554818630218506,
            11.576417684555054,
            11.639107465744019,
            11.630797863006592,
            11.748080730438232,
            11.762287378311157,
            11.762989044189453,
            11.66608452796936,
            11.818256378173828,
            11.746996402740479,
            11.788150310516357,
            11.731630802154541,
            11.85078763961792,
            11.929353475570679,
            11.889425039291382,
            11.888869047164917,
            11.91354250907898,
            11.961932182312012,
            11.97743844985962,
            11.929906368255615,
            12.112498760223389,
            12.049295425415039,
            12.195488452911377,
            12.192174673080444
        ],
        "output_image_path": "/model_deploy_execution_attack_for_pipeline/outputs/age_googlenet_mnn_103315_ttba_attack/adversarial_image.png"
    }
}