{
    "status": "SUCCESS",
    "config": {
        "executable": "resources/execution_files/emotion_ferplus_mnn",
        "benign_image": "/img_align_celeba/050995.jpg",
        "initial_adv_image": "/img_align_celeba/076946.jpg",
        "l2_epsilon_goal": 0.05,
        "linf_epsilon_goal": 0.06274509803921569,
        "query_budget": 40000,
        "max_iterations": 1000,
        "initial_queries": 50,
        "dimension_reduction": 1.0
    },
    "results": {
        "total_queries": 10785,
        "final_l2_distance": 4.8407087326049805,
        "final_linf_distance": 0.06193825602531433,
        "total_duration_seconds": 352.90367341041565,
        "iteration_times_seconds": [
            6.442563533782959,
            6.768106698989868,
            6.8710291385650635,
            7.012434720993042,
            7.108354568481445,
            7.336632490158081,
            7.543242454528809,
            7.5516369342803955,
            7.617047071456909,
            7.707732200622559,
            7.7545716762542725,
            7.828825950622559,
            7.924778699874878,
            8.042144060134888,
            8.212300539016724,
            8.220566272735596,
            8.23343539237976,
            8.207544803619385,
            8.147559881210327,
            8.1938636302948,
            8.269577980041504,
            8.434505701065063,
            8.33751130104065,
            8.351080417633057,
            8.329725742340088,
            8.311707735061646,
            8.423584699630737,
            8.449292182922363,
            8.522181034088135,
            8.358830451965332,
            8.45948839187622,
            8.403379201889038,
            8.52082633972168,
            8.521463632583618,
            8.489704370498657,
            8.632487058639526,
            8.601768732070923,
            8.764683961868286,
            8.697487592697144,
            8.585145950317383,
            8.630236864089966,
            8.82798171043396,
            8.70785665512085
        ],
        "output_image_path": "/model_deploy_execution_attack_for_pipeline/outputs/emotion_ferplus_mnn_050995_ttba_attack/adversarial_image.png"
    }
}