{
    "status": "BUDGET_EXHAUSTED",
    "config": {
        "executable": "./resources/execution_files/age_googlenet_mnn",
        "benign_image": "/img_align_celeba/103301.jpg",
        "initial_adv_image": "/img_align_celeba/00000009.png",
        "l2_epsilon_goal": 0.05,
        "linf_epsilon_goal": 0.06274509803921569,
        "query_budget": 40000,
        "max_iterations": 1000,
        "initial_queries": 50,
        "dimension_reduction": 1.0
    },
    "results": {
        "total_queries": 40385,
        "final_l2_distance": 57.245033264160156,
        "final_linf_distance": 0.775549054145813,
        "total_duration_seconds": 1161.0730311870575,
        "iteration_times_seconds": [
            7.7505128383636475,
            8.185446500778198,
            8.32249927520752,
            8.316866636276245,
            8.619460344314575,
            8.526958227157593,
            8.739489316940308,
            8.868250846862793,
            9.002380132675171,
            9.019821882247925,
            9.030780553817749,
            9.29431962966919,
            9.14167046546936,
            9.222606897354126,
            9.470592737197876,
            9.474621772766113,
            9.497326850891113,
            9.504358053207397,
            9.548597812652588,
            9.6264488697052,
            9.715439796447754,
            9.629279375076294,
            9.70072603225708,
            9.861423254013062,
            9.941974639892578,
            10.027637720108032,
            10.17797589302063,
            10.147309303283691,
            10.118458032608032,
            10.18326473236084,
            10.170732736587524,
            10.18534231185913,
            10.342651128768921,
            10.271292209625244,
            10.257538080215454,
            10.37899112701416,
            10.40302038192749,
            10.497313499450684,
            10.515626430511475,
            10.604980707168579,
            10.692245483398438,
            10.75428295135498,
            10.760316133499146,
            10.852243423461914,
            10.800354242324829,
            10.889528036117554,
            10.895651578903198,
            10.842556238174438,
            10.935078382492065,
            10.934422731399536,
            11.042218446731567,
            11.023386478424072,
            10.99416446685791,
            11.107083082199097,
            11.092899799346924,
            10.92326045036316,
            10.918554306030273,
            11.033113241195679,
            10.986555576324463,
            11.10734486579895,
            11.217958927154541,
            11.183267831802368,
            11.191720008850098,
            11.231058835983276,
            11.277416944503784,
            11.364389181137085,
            11.296146631240845,
            11.395507097244263,
            11.31540060043335,
            11.345011472702026,
            11.373810768127441,
            11.427384853363037,
            11.40868091583252,
            11.562368154525757,
            11.457030296325684,
            11.485745429992676,
            11.616137027740479,
            11.60701298713684,
            11.621859312057495,
            11.731153011322021,
            11.936158657073975,
            11.900486707687378,
            11.80586290359497,
            11.931864023208618,
            11.921311616897583,
            11.95975661277771,
            11.911486864089966,
            11.926191091537476,
            11.974834203720093,
            12.028501510620117,
            12.007590293884277,
            12.002512216567993,
            12.023995637893677,
            12.057005882263184,
            12.0591561794281,
            12.12396502494812,
            12.095611572265625,
            12.16456913948059,
            12.206280946731567,
            12.164738655090332,
            12.214985132217407,
            12.243469476699829,
            12.32291030883789,
            12.28906774520874,
            12.352930545806885,
            12.565152168273926,
            12.428710222244263
        ],
        "output_image_path": "/model_deploy_execution_attack_for_pipeline/outputs/age_googlenet_mnn_103301_ttba_attack/adversarial_image.png"
    }
}