{
    "status": "BUDGET_EXHAUSTED",
    "config": {
        "executable": "./resources/execution_files/emotion_ferplus_mnn",
        "benign_image": "/img_align_celeba/170489.jpg",
        "initial_adv_image": "/img_align_celeba/151453.jpg",
        "l2_epsilon_goal": 0.05,
        "linf_epsilon_goal": 0.06274509803921569,
        "query_budget": 40000,
        "max_iterations": 1000,
        "initial_queries": 50,
        "dimension_reduction": 1.0
    },
    "results": {
        "total_queries": 40031,
        "final_l2_distance": 4.948387145996094,
        "final_linf_distance": 0.21360552310943604,
        "total_duration_seconds": 983.8031566143036,
        "iteration_times_seconds": [
            6.335733652114868,
            6.5743207931518555,
            6.748944282531738,
            6.98012113571167,
            6.955408334732056,
            6.953817367553711,
            7.163452625274658,
            7.245661497116089,
            7.394329071044922,
            7.403749942779541,
            7.328764915466309,
            7.34855318069458,
            7.432476043701172,
            7.5269386768341064,
            7.676536321640015,
            7.747093915939331,
            7.807401418685913,
            8.01789116859436,
            8.009148359298706,
            7.955440521240234,
            7.98596978187561,
            8.149509191513062,
            8.113557577133179,
            8.191659450531006,
            8.253023624420166,
            8.164910316467285,
            8.463699102401733,
            8.463601350784302,
            8.446957349777222,
            8.550046682357788,
            8.546305656433105,
            8.55873441696167,
            8.720550775527954,
            8.69588041305542,
            8.809014797210693,
            8.744542837142944,
            8.834962844848633,
            8.840747594833374,
            8.749264001846313,
            8.743672847747803,
            8.78285551071167,
            8.907325029373169,
            9.063222646713257,
            8.986433982849121,
            9.05467438697815,
            9.059616088867188,
            9.190378427505493,
            9.054851770401001,
            9.230766773223877,
            9.192896127700806,
            9.316480875015259,
            9.234506130218506,
            9.281912803649902,
            9.343007564544678,
            9.255913734436035,
            9.360917568206787,
            9.383108854293823,
            9.419187545776367,
            9.452099323272705,
            9.758368730545044,
            9.626875638961792,
            9.677050352096558,
            9.68797492980957,
            9.661349058151245,
            9.730739116668701,
            9.67662787437439,
            9.763093709945679,
            9.790753364562988,
            9.778002262115479,
            9.829957962036133,
            9.789016008377075,
            9.891169548034668,
            9.931605815887451,
            9.926889419555664,
            10.078746557235718,
            10.079962730407715,
            9.994785785675049,
            10.147456169128418,
            10.218413591384888,
            10.101259231567383,
            10.243598699569702,
            10.062154293060303,
            10.157776355743408,
            10.171568393707275,
            10.19222354888916,
            10.232229948043823,
            10.313748836517334,
            10.215229749679565,
            10.285887241363525,
            10.391107082366943,
            10.279141902923584,
            10.25063443183899,
            10.406275272369385,
            10.351401567459106,
            10.4345383644104,
            10.460236549377441,
            10.367486953735352,
            10.448783874511719,
            10.517807006835938,
            10.448277473449707,
            10.635255336761475,
            10.57288908958435,
            10.551299571990967,
            10.748173236846924,
            10.694130659103394,
            10.741620540618896,
            10.81533169746399
        ],
        "output_image_path": "/model_deploy_execution_attack_for_pipeline/outputs/emotion_ferplus_mnn_170489_ttba_attack/adversarial_image.png"
    }
}