{
    "status": "BUDGET_EXHAUSTED",
    "config": {
        "executable": "./resources/execution_files/fsanet_headpose_mnn",
        "benign_image": "/img_align_celeba/128190.jpg",
        "initial_adv_image": "/img_align_celeba/153522.jpg",
        "l2_epsilon_goal": 0.05,
        "linf_epsilon_goal": 0.06274509803921569,
        "query_budget": 40000,
        "max_iterations": 1000,
        "initial_queries": 50,
        "dimension_reduction": 1.0
    },
    "results": {
        "total_queries": 40089,
        "final_l2_distance": 8.245089530944824,
        "final_linf_distance": 0.10463246703147888,
        "total_duration_seconds": 360.8013393878937,
        "iteration_times_seconds": [
            2.7030181884765625,
            2.7215864658355713,
            2.784823417663574,
            2.722877025604248,
            2.703969955444336,
            2.6710543632507324,
            2.7498602867126465,
            2.9036173820495605,
            2.779940366744995,
            2.895660638809204,
            2.8788721561431885,
            3.0324552059173584,
            2.9507367610931396,
            3.02083420753479,
            3.040137529373169,
            3.040921688079834,
            2.9777679443359375,
            3.1438300609588623,
            3.086134910583496,
            2.9505574703216553,
            3.048966884613037,
            3.0314102172851562,
            3.0597586631774902,
            3.037529468536377,
            3.113520860671997,
            3.1268486976623535,
            3.111900568008423,
            2.954948663711548,
            3.1546287536621094,
            3.1178183555603027,
            3.135868787765503,
            3.2030861377716064,
            3.2606260776519775,
            3.205596685409546,
            3.033154010772705,
            3.186030864715576,
            3.3175888061523438,
            3.3434221744537354,
            3.247407913208008,
            3.29463791847229,
            3.2098028659820557,
            3.362978458404541,
            3.3337481021881104,
            3.3138654232025146,
            3.3180153369903564,
            3.3384907245635986,
            3.472935438156128,
            3.442687749862671,
            3.5680956840515137,
            3.3704349994659424,
            3.356132745742798,
            3.3905885219573975,
            3.450291395187378,
            3.5834696292877197,
            3.298151969909668,
            3.4548747539520264,
            3.443540573120117,
            3.4288170337677,
            3.3922083377838135,
            3.501964807510376,
            3.4076168537139893,
            3.452822685241699,
            3.5055577754974365,
            3.4873063564300537,
            3.5284600257873535,
            3.5402846336364746,
            3.4205830097198486,
            3.3987956047058105,
            3.5231900215148926,
            3.378192663192749,
            3.5387685298919678,
            3.705519437789917,
            3.5371360778808594,
            3.631646156311035,
            3.592482328414917,
            3.6707184314727783,
            3.5908896923065186,
            3.5284924507141113,
            3.612128257751465,
            3.515652656555176,
            3.5903267860412598,
            3.5365970134735107,
            3.650327205657959,
            3.547766923904419,
            3.718907356262207,
            3.6273162364959717,
            3.6796154975891113,
            3.642704486846924,
            3.667250394821167,
            3.5942201614379883,
            3.559386730194092,
            3.656372547149658,
            3.7705633640289307,
            3.6296682357788086,
            3.750304937362671,
            3.740949869155884,
            3.725050210952759,
            3.6540839672088623,
            3.7485766410827637,
            3.758434772491455,
            3.8099405765533447,
            3.716031551361084,
            3.737665891647339,
            3.7472307682037354,
            3.7447385787963867,
            3.9297876358032227,
            3.7729523181915283
        ],
        "output_image_path": "/model_deploy_execution_attack_for_pipeline/outputs/fsanet_headpose_mnn_128190_ttba_attack/adversarial_image.png"
    }
}