{
    "status": "SUCCESS",
    "config": {
        "executable": "./resources/execution_files/ssrnet_age_mnn",
        "benign_image": "/img_align_celeba/076952.jpg",
        "initial_adv_image": "/img_align_celeba/109604.jpg",
        "l2_epsilon_goal": 0.05,
        "linf_epsilon_goal": 0.06274509803921569,
        "query_budget": 40000,
        "max_iterations": 1000,
        "initial_queries": 50,
        "dimension_reduction": 1.0
    },
    "results": {
        "total_queries": 6434,
        "final_l2_distance": 4.719913959503174,
        "final_linf_distance": 0.060287803411483765,
        "total_duration_seconds": 74.47752976417542,
        "iteration_times_seconds": [
            2.2110517024993896,
            2.3228394985198975,
            2.288832426071167,
            2.386806011199951,
            2.416421413421631,
            2.3628368377685547,
            2.369264841079712,
            2.3661975860595703,
            2.428691864013672,
            2.3008406162261963,
            2.3661394119262695,
            2.356640100479126,
            2.518582820892334,
            2.302478790283203,
            2.5062742233276367,
            2.521505832672119,
            2.494572877883911,
            2.4435625076293945,
            2.572864532470703,
            2.4070568084716797,
            2.5104591846466064,
            2.4848406314849854,
            2.5103800296783447,
            2.4757752418518066,
            2.4998085498809814,
            2.488079071044922,
            2.4613354206085205,
            2.4874789714813232,
            2.5672948360443115,
            2.5500519275665283
        ],
        "output_image_path": "/model_deploy_execution_attack_for_pipeline/outputs/ssrnet_age_mnn_076952_ttba_attack/adversarial_image.png"
    }
}