{
    "status": "BUDGET_EXHAUSTED",
    "config": {
        "executable": "./resources/execution_files/emotion_ferplus_mnn",
        "benign_image": "/img_align_celeba/061584.jpg",
        "initial_adv_image": "/img_align_celeba/148102.jpg",
        "l2_epsilon_goal": 0.05,
        "linf_epsilon_goal": 0.06274509803921569,
        "query_budget": 40000,
        "max_iterations": 1000,
        "initial_queries": 50,
        "dimension_reduction": 1.0
    },
    "results": {
        "total_queries": 40154,
        "final_l2_distance": 6.518560886383057,
        "final_linf_distance": 0.0974729061126709,
        "total_duration_seconds": 1004.3919072151184,
        "iteration_times_seconds": [
            6.697425365447998,
            6.963728904724121,
            7.031635046005249,
            7.142427921295166,
            7.289795875549316,
            7.397047519683838,
            7.591434001922607,
            7.474514484405518,
            7.655291557312012,
            7.6360650062561035,
            7.701186895370483,
            7.77231764793396,
            7.717723846435547,
            7.934664964675903,
            7.99725079536438,
            8.154444932937622,
            8.20860743522644,
            8.320881605148315,
            8.218543529510498,
            8.262733697891235,
            8.343407154083252,
            8.425917863845825,
            8.451223850250244,
            8.58994197845459,
            8.596999168395996,
            8.60512638092041,
            8.785543203353882,
            8.845501184463501,
            8.856202125549316,
            8.9286527633667,
            8.752802610397339,
            8.73128342628479,
            8.779542446136475,
            8.866955041885376,
            8.945918798446655,
            9.10316777229309,
            8.988895654678345,
            9.012798547744751,
            9.003036499023438,
            9.19595980644226,
            9.092443227767944,
            9.255590915679932,
            9.22627568244934,
            9.28190541267395,
            9.338791608810425,
            9.366939306259155,
            9.43335223197937,
            9.325206518173218,
            9.332007646560669,
            9.326629638671875,
            9.448703289031982,
            9.460410118103027,
            9.460458040237427,
            9.502300500869751,
            9.37901782989502,
            9.572307586669922,
            9.692135334014893,
            9.665330410003662,
            9.646680116653442,
            9.784780740737915,
            9.727137565612793,
            9.614848375320435,
            9.592628717422485,
            9.638102769851685,
            9.725801706314087,
            9.67953085899353,
            9.804607391357422,
            9.790607690811157,
            9.753887176513672,
            9.767462491989136,
            9.914721488952637,
            9.964476108551025,
            9.90285873413086,
            9.957459688186646,
            10.084741592407227,
            10.033177375793457,
            10.015531301498413,
            10.006744861602783,
            10.040339946746826,
            10.166083574295044,
            10.209177732467651,
            10.222124814987183,
            10.36299991607666,
            10.25745701789856,
            10.349142074584961,
            10.352367639541626,
            10.411429405212402,
            10.344515323638916,
            10.49344277381897,
            10.436879396438599,
            10.520579814910889,
            10.540123462677002,
            10.533704996109009,
            10.497206449508667,
            10.648867845535278,
            10.549513578414917,
            10.665749073028564,
            10.718574047088623,
            10.747143030166626,
            10.649250030517578,
            10.705731630325317,
            10.780928134918213,
            10.811068058013916,
            10.752681493759155,
            10.806832551956177,
            10.821923732757568,
            11.00077486038208
        ],
        "output_image_path": "/model_deploy_execution_attack_for_pipeline/outputs/emotion_ferplus_mnn_061584_ttba_attack/adversarial_image.png"
    }
}