{
    "status": "BUDGET_EXHAUSTED",
    "config": {
        "executable": "./resources/execution_files/emotion_ferplus_mnn",
        "benign_image": "/img_align_celeba/098121.jpg",
        "initial_adv_image": "/img_align_celeba/151453.jpg",
        "l2_epsilon_goal": 0.05,
        "linf_epsilon_goal": 0.06274509803921569,
        "query_budget": 40000,
        "max_iterations": 1000,
        "initial_queries": 50,
        "dimension_reduction": 1.0
    },
    "results": {
        "total_queries": 40231,
        "final_l2_distance": 43.776611328125,
        "final_linf_distance": 0.5495773553848267,
        "total_duration_seconds": 1016.2514314651489,
        "iteration_times_seconds": [
            6.453033447265625,
            6.711940050125122,
            6.88281774520874,
            6.940015554428101,
            6.972831964492798,
            7.120352029800415,
            7.324397563934326,
            7.42347526550293,
            7.649881839752197,
            7.37927770614624,
            7.526564598083496,
            7.398932695388794,
            7.563448667526245,
            7.686657905578613,
            7.842239141464233,
            7.920654296875,
            8.010307312011719,
            8.088682651519775,
            8.026199102401733,
            8.029764890670776,
            8.161653995513916,
            8.241802215576172,
            8.29649806022644,
            8.358564853668213,
            8.454300165176392,
            8.434958934783936,
            8.551435232162476,
            8.590412616729736,
            8.710594892501831,
            8.694480180740356,
            8.744211196899414,
            8.837965250015259,
            8.749202251434326,
            8.883835315704346,
            8.90067434310913,
            8.952766418457031,
            9.02273964881897,
            8.992645740509033,
            9.024041652679443,
            8.92565655708313,
            9.12522578239441,
            9.252463102340698,
            9.366284132003784,
            9.397778987884521,
            9.376374959945679,
            9.428388595581055,
            9.351783752441406,
            9.55971646308899,
            9.505450010299683,
            9.477087497711182,
            9.56119179725647,
            9.621198654174805,
            9.619415283203125,
            9.664665460586548,
            9.645317316055298,
            9.679402112960815,
            9.660989046096802,
            9.726696014404297,
            9.694068431854248,
            9.967896699905396,
            10.06187891960144,
            9.962197303771973,
            10.103848457336426,
            10.090229749679565,
            10.094035387039185,
            10.088499307632446,
            10.165011405944824,
            10.074920415878296,
            10.168104887008667,
            10.202620029449463,
            10.209277629852295,
            10.28546929359436,
            10.31402039527893,
            10.312377452850342,
            10.257624864578247,
            10.41255521774292,
            10.364022254943848,
            10.351390838623047,
            10.463396787643433,
            10.512179613113403,
            10.607630729675293,
            10.642195224761963,
            10.553831338882446,
            10.665105104446411,
            10.700398683547974,
            10.69974160194397,
            10.873353719711304,
            10.793253660202026,
            10.792083978652954,
            10.7358078956604,
            10.864283323287964,
            10.873948097229004,
            10.782140970230103,
            10.81783127784729,
            10.879479885101318,
            10.977227210998535,
            10.984585762023926,
            11.110533952713013,
            10.988173246383667,
            11.012276649475098,
            11.048661947250366,
            11.110284805297852,
            11.076471090316772,
            11.172363996505737,
            11.075452089309692,
            11.220293760299683,
            11.283154726028442
        ],
        "output_image_path": "/model_deploy_execution_attack_for_pipeline/outputs/emotion_ferplus_mnn_098121_ttba_attack/adversarial_image.png"
    }
}