{
    "status": "SUCCESS",
    "config": {
        "executable": "./resources/execution_files/ssrnet_age_mnn",
        "benign_image": "/img_align_celeba/187773.jpg",
        "initial_adv_image": "/img_align_celeba/108526.jpg",
        "l2_epsilon_goal": 0.05,
        "linf_epsilon_goal": 0.06274509803921569,
        "query_budget": 40000,
        "max_iterations": 1000,
        "initial_queries": 50,
        "dimension_reduction": 1.0
    },
    "results": {
        "total_queries": 2031,
        "final_l2_distance": 4.034213542938232,
        "final_linf_distance": 0.05654636025428772,
        "total_duration_seconds": 32.09824514389038,
        "iteration_times_seconds": [
            2.387748956680298,
            2.315091848373413,
            2.3328919410705566,
            2.326442241668701,
            2.438138008117676,
            2.3128178119659424,
            2.4140803813934326,
            2.388636589050293,
            2.2583978176116943,
            2.304074764251709,
            2.4086318016052246,
            2.4457321166992188,
            2.2998976707458496
        ],
        "output_image_path": "/model_deploy_execution_attack_for_pipeline/outputs/ssrnet_age_mnn_187773_ttba_attack/adversarial_image.png"
    }
}