{
    "status": "SUCCESS",
    "config": {
        "executable": "./resources/execution_files/gender_googlenet_mnn",
        "benign_image": "/img_align_celeba/074823.jpg",
        "initial_adv_image": "/img_align_celeba/084508.jpg",
        "l2_epsilon_goal": 0.05,
        "linf_epsilon_goal": 0.06274509803921569,
        "query_budget": 40000,
        "max_iterations": 1000,
        "initial_queries": 50,
        "dimension_reduction": 1.0
    },
    "results": {
        "total_queries": 27197,
        "final_l2_distance": 4.722236156463623,
        "final_linf_distance": 0.06026501953601837,
        "total_duration_seconds": 668.4520366191864,
        "iteration_times_seconds": [
            6.1580023765563965,
            6.277125358581543,
            6.4084107875823975,
            6.553893327713013,
            6.661400079727173,
            6.718500375747681,
            6.9399003982543945,
            7.026735067367554,
            6.99341607093811,
            7.071086883544922,
            7.073989391326904,
            7.0070013999938965,
            7.184753179550171,
            7.2538001537323,
            7.198026418685913,
            7.328723669052124,
            7.259726524353027,
            7.339510202407837,
            7.313793897628784,
            7.413824796676636,
            7.388713121414185,
            7.458234786987305,
            7.47964334487915,
            7.535069704055786,
            7.713534355163574,
            7.725857734680176,
            7.851222991943359,
            7.896447658538818,
            7.7282021045684814,
            7.759295225143433,
            7.843764543533325,
            7.816380500793457,
            7.850460767745972,
            7.9382710456848145,
            7.839318752288818,
            7.935861825942993,
            8.059442281723022,
            8.13143539428711,
            8.14207673072815,
            8.2056143283844,
            8.216723203659058,
            8.227883577346802,
            8.421778917312622,
            8.429163932800293,
            8.36969542503357,
            8.415134906768799,
            8.410221338272095,
            8.454511880874634,
            8.510541439056396,
            8.550472259521484,
            8.575490951538086,
            8.537427186965942,
            8.623819828033447,
            8.627261400222778,
            8.631609201431274,
            8.551615238189697,
            8.558481216430664,
            8.626201629638672,
            8.659990787506104,
            8.734069585800171,
            8.843986988067627,
            8.794393301010132,
            8.784202337265015,
            8.881078958511353,
            8.821431636810303,
            8.884613990783691,
            8.954207181930542,
            8.895897626876831,
            8.98595380783081,
            8.916759729385376,
            9.017074823379517,
            9.029493808746338,
            9.02008843421936,
            8.995785236358643,
            9.142704963684082,
            9.196936130523682,
            9.276616096496582,
            9.124369859695435,
            9.149829626083374,
            9.298120021820068,
            9.34938097000122,
            9.403197526931763
        ],
        "output_image_path": "/model_deploy_execution_attack_for_pipeline/outputs/gender_googlenet_mnn_074823_ttba_attack/adversarial_image.png"
    }
}