{
    "status": "SUCCESS",
    "config": {
        "executable": "./resources/execution_files/emotion_ferplus_mnn",
        "benign_image": "/img_align_celeba/195411.jpg",
        "initial_adv_image": "/img_align_celeba/065084.jpg",
        "l2_epsilon_goal": 0.05,
        "linf_epsilon_goal": 0.06274509803921569,
        "query_budget": 40000,
        "max_iterations": 1000,
        "initial_queries": 50,
        "dimension_reduction": 1.0
    },
    "results": {
        "total_queries": 892,
        "final_l2_distance": 0.765285313129425,
        "final_linf_distance": 0.010710835456848145,
        "total_duration_seconds": 50.684462547302246,
        "iteration_times_seconds": [
            6.169522047042847,
            6.487449884414673,
            6.437281131744385,
            6.595111846923828,
            6.674489498138428,
            6.8393073081970215,
            7.111966371536255
        ],
        "output_image_path": "/model_deploy_execution_attack_for_pipeline/outputs/emotion_ferplus_mnn_195411_ttba_attack/adversarial_image.png"
    }
}