{
    "status": "BUDGET_EXHAUSTED",
    "config": {
        "executable": "./resources/execution_files/age_googlenet_mnn",
        "benign_image": "/img_align_celeba/181302.jpg",
        "initial_adv_image": "/img_align_celeba/00000008.png",
        "l2_epsilon_goal": 0.05,
        "linf_epsilon_goal": 0.06274509803921569,
        "query_budget": 40000,
        "max_iterations": 1000,
        "initial_queries": 50,
        "dimension_reduction": 1.0
    },
    "results": {
        "total_queries": 40299,
        "final_l2_distance": 39.52724838256836,
        "final_linf_distance": 0.5222803354263306,
        "total_duration_seconds": 1133.7936108112335,
        "iteration_times_seconds": [
            7.547017574310303,
            7.7979817390441895,
            7.95154595375061,
            8.073723793029785,
            8.234229326248169,
            8.226587057113647,
            8.554590463638306,
            8.567254781723022,
            8.533363342285156,
            8.624416828155518,
            8.718559503555298,
            8.73769211769104,
            8.83959698677063,
            8.90243673324585,
            9.06561827659607,
            9.190640926361084,
            9.277414560317993,
            9.276337146759033,
            9.298454999923706,
            9.402921199798584,
            9.350209712982178,
            9.36249327659607,
            9.42919397354126,
            9.487501382827759,
            9.4977445602417,
            9.617774486541748,
            9.814234972000122,
            9.887898921966553,
            9.851880073547363,
            9.894810199737549,
            9.917865753173828,
            10.010157585144043,
            9.961278915405273,
            10.034331798553467,
            10.143468379974365,
            10.050029754638672,
            10.126712560653687,
            10.214275360107422,
            10.237454414367676,
            10.252462387084961,
            10.33211088180542,
            10.403306484222412,
            10.436582565307617,
            10.58348536491394,
            10.536970615386963,
            10.505676031112671,
            10.592986106872559,
            10.598347663879395,
            10.66243577003479,
            10.669504880905151,
            10.705001831054688,
            10.771780729293823,
            10.845743656158447,
            10.784232139587402,
            10.754677772521973,
            10.889432191848755,
            10.907939195632935,
            10.985243320465088,
            10.919080257415771,
            11.134326934814453,
            11.091280221939087,
            11.132364511489868,
            11.197935104370117,
            11.193091630935669,
            11.139739274978638,
            11.23627495765686,
            11.278950691223145,
            11.330205917358398,
            11.209434032440186,
            11.33146858215332,
            11.35867190361023,
            11.446264743804932,
            11.455223798751831,
            11.442238330841064,
            11.461901903152466,
            11.390280485153198,
            11.22298526763916,
            11.322596073150635,
            11.352015256881714,
            11.344915866851807,
            11.454160928726196,
            11.499744892120361,
            11.489012479782104,
            11.614884853363037,
            11.704905033111572,
            11.62894606590271,
            11.666181802749634,
            11.69337248802185,
            11.641054630279541,
            11.714601516723633,
            11.663180589675903,
            11.754030704498291,
            11.695159196853638,
            11.683032035827637,
            11.81626844406128,
            11.82343077659607,
            11.837069988250732,
            11.89193081855774,
            11.92531681060791,
            11.872426986694336,
            12.007311344146729,
            11.995818614959717,
            11.960708141326904,
            11.977126836776733,
            12.061324119567871,
            12.176853895187378,
            12.200263500213623
        ],
        "output_image_path": "/model_deploy_execution_attack_for_pipeline/outputs/age_googlenet_mnn_181302_ttba_attack/adversarial_image.png"
    }
}