{
    "status": "SUCCESS",
    "config": {
        "executable": "./resources/execution_files/ssrnet_age_mnn",
        "benign_image": "/img_align_celeba/191139.jpg",
        "initial_adv_image": "/img_align_celeba/151453.jpg",
        "l2_epsilon_goal": 0.05,
        "linf_epsilon_goal": 0.06274509803921569,
        "query_budget": 40000,
        "max_iterations": 1000,
        "initial_queries": 50,
        "dimension_reduction": 1.0
    },
    "results": {
        "total_queries": 4436,
        "final_l2_distance": 4.74325704574585,
        "final_linf_distance": 0.060679227113723755,
        "total_duration_seconds": 56.55058670043945,
        "iteration_times_seconds": [
            2.169005870819092,
            2.29870867729187,
            2.31067156791687,
            2.3230996131896973,
            2.3138420581817627,
            2.297057867050171,
            2.333202362060547,
            2.3534796237945557,
            2.338782548904419,
            2.462830066680908,
            2.4245481491088867,
            2.402512550354004,
            2.378391742706299,
            2.475334882736206,
            2.3903145790100098,
            2.3808910846710205,
            2.5098495483398438,
            2.465933084487915,
            2.559400796890259,
            2.5039665699005127,
            2.4803755283355713,
            2.429729461669922,
            2.4707157611846924
        ],
        "output_image_path": "/model_deploy_execution_attack_for_pipeline/outputs/ssrnet_age_mnn_191139_ttba_attack/adversarial_image.png"
    }
}