{
    "status": "SUCCESS",
    "config": {
        "executable": "resources/execution_files/gender_googlenet_mnn",
        "benign_image": "/img_align_celeba/122324.jpg",
        "initial_adv_image": "/img_align_celeba/160856.jpg",
        "l2_epsilon_goal": 0.05,
        "linf_epsilon_goal": 0.06274509803921569,
        "query_budget": 40000,
        "max_iterations": 1000,
        "initial_queries": 50,
        "dimension_reduction": 1.0
    },
    "results": {
        "total_queries": 6414,
        "final_l2_distance": 4.458327293395996,
        "final_linf_distance": 0.054704487323760986,
        "total_duration_seconds": 215.21417593955994,
        "iteration_times_seconds": [
            5.74874472618103,
            6.146510601043701,
            6.255019664764404,
            6.317389249801636,
            6.417650461196899,
            6.626183748245239,
            6.555492877960205,
            6.702850580215454,
            6.697040319442749,
            6.714948654174805,
            6.750316619873047,
            6.862761974334717,
            7.0066211223602295,
            7.092972278594971,
            7.092986345291138,
            7.088077783584595,
            7.24732518196106,
            7.1920435428619385,
            7.17865777015686,
            7.352597951889038,
            7.396281957626343,
            7.4235334396362305,
            7.425369501113892,
            7.491673946380615,
            7.523868560791016,
            7.593437910079956,
            7.7074549198150635,
            7.811346530914307,
            7.8317296504974365,
            7.832002639770508
        ],
        "output_image_path": "/model_deploy_execution_attack_for_pipeline/outputs/gender_googlenet_mnn_122324_ttba_attack/adversarial_image.png"
    }
}