{
    "status": "BUDGET_EXHAUSTED",
    "config": {
        "executable": "resources/execution_files/gender_googlenet_mnn",
        "benign_image": "/img_align_celeba/121188.jpg",
        "initial_adv_image": "/img_align_celeba/110369.jpg",
        "l2_epsilon_goal": 0.05,
        "linf_epsilon_goal": 0.06274509803921569,
        "query_budget": 40000,
        "max_iterations": 1000,
        "initial_queries": 50,
        "dimension_reduction": 1.0
    },
    "results": {
        "total_queries": 40041,
        "final_l2_distance": 4.946306228637695,
        "final_linf_distance": 0.07096543908119202,
        "total_duration_seconds": 947.8731813430786,
        "iteration_times_seconds": [
            6.158401012420654,
            6.535757780075073,
            6.538506746292114,
            6.5859694480896,
            6.588621139526367,
            6.768450975418091,
            6.919928550720215,
            7.024087190628052,
            7.0392608642578125,
            7.041141986846924,
            7.0642921924591064,
            7.172818183898926,
            7.285648822784424,
            7.49159049987793,
            7.533810615539551,
            7.684771776199341,
            7.655741930007935,
            7.724754810333252,
            7.742667198181152,
            7.7732954025268555,
            7.721980094909668,
            7.6825480461120605,
            7.760698556900024,
            7.859185457229614,
            7.940818786621094,
            7.85396409034729,
            8.102933645248413,
            8.11203646659851,
            8.209128379821777,
            8.212571382522583,
            8.230026245117188,
            8.245251178741455,
            8.296539545059204,
            8.27785587310791,
            8.436222791671753,
            8.34571361541748,
            8.456258058547974,
            8.57076358795166,
            8.578115224838257,
            8.422788858413696,
            8.519939184188843,
            8.659797191619873,
            8.57437539100647,
            8.643192291259766,
            8.783260822296143,
            8.726552963256836,
            8.735727787017822,
            8.641077041625977,
            8.743885517120361,
            8.839422702789307,
            8.775134801864624,
            8.816048622131348,
            8.883718729019165,
            8.850905418395996,
            8.967777252197266,
            9.112773418426514,
            9.056334018707275,
            9.112910270690918,
            9.162368535995483,
            9.222568988800049,
            9.3981773853302,
            9.237396955490112,
            9.389299631118774,
            9.427473306655884,
            9.436320781707764,
            9.415529489517212,
            9.415405750274658,
            9.532783031463623,
            9.415588617324829,
            9.516116857528687,
            9.460838794708252,
            9.446301221847534,
            9.606707572937012,
            9.59212327003479,
            9.667531967163086,
            9.724714279174805,
            9.530751705169678,
            9.551079034805298,
            9.66176462173462,
            9.6286141872406,
            9.780529975891113,
            9.799758434295654,
            9.795179605484009,
            9.786397457122803,
            9.890938758850098,
            9.871694326400757,
            9.90845012664795,
            9.929857015609741,
            9.900779724121094,
            9.825648546218872,
            9.941433668136597,
            9.984083414077759,
            10.04503321647644,
            9.97754955291748,
            9.990870714187622,
            9.859673500061035,
            10.101440906524658,
            10.129308700561523,
            10.17802906036377,
            10.21706509590149,
            10.26535677909851,
            10.269637823104858,
            10.351067066192627,
            10.279130697250366,
            10.256283521652222,
            10.335267066955566,
            10.43574047088623
        ],
        "output_image_path": "/model_deploy_execution_attack_for_pipeline/outputs/gender_googlenet_mnn_121188_ttba_attack/adversarial_image.png"
    }
}