{
    "status": "SUCCESS",
    "config": {
        "executable": "./resources/execution_files/fsanet_headpose_mnn",
        "benign_image": "/img_align_celeba/195363.jpg",
        "initial_adv_image": "/img_align_celeba/038397.jpg",
        "l2_epsilon_goal": 0.05,
        "linf_epsilon_goal": 0.06274509803921569,
        "query_budget": 40000,
        "max_iterations": 1000,
        "initial_queries": 50,
        "dimension_reduction": 1.0
    },
    "results": {
        "total_queries": 887,
        "final_l2_distance": 4.674003601074219,
        "final_linf_distance": 0.06256991624832153,
        "total_duration_seconds": 20.144409894943237,
        "iteration_times_seconds": [
            2.525585174560547,
            2.668858528137207,
            2.7231976985931396,
            2.5759990215301514,
            2.6766064167022705,
            2.7094757556915283,
            2.467237949371338
        ],
        "output_image_path": "/model_deploy_execution_attack_for_pipeline/outputs/fsanet_headpose_mnn_195363_ttba_attack/adversarial_image.png"
    }
}