{
    "status": "SUCCESS",
    "config": {
        "executable": "resources/execution_files/emotion_ferplus_mnn",
        "benign_image": "/img_align_celeba/058339.jpg",
        "initial_adv_image": "/img_align_celeba/067693.jpg",
        "l2_epsilon_goal": 0.05,
        "linf_epsilon_goal": 0.06274509803921569,
        "query_budget": 40000,
        "max_iterations": 1000,
        "initial_queries": 50,
        "dimension_reduction": 1.0
    },
    "results": {
        "total_queries": 30677,
        "final_l2_distance": 3.6639013290405273,
        "final_linf_distance": 0.06077837944030762,
        "total_duration_seconds": 805.1202664375305,
        "iteration_times_seconds": [
            6.818474054336548,
            6.974221467971802,
            7.172605276107788,
            7.195950746536255,
            7.423882246017456,
            7.4526588916778564,
            7.732370376586914,
            7.685905933380127,
            7.7840070724487305,
            7.879469871520996,
            8.000397443771362,
            7.873372793197632,
            7.82661771774292,
            8.017159938812256,
            8.045680522918701,
            8.184917211532593,
            8.180529117584229,
            8.279632091522217,
            8.294928550720215,
            8.444502353668213,
            8.31587839126587,
            8.29697561264038,
            8.344369888305664,
            8.489577770233154,
            8.546383619308472,
            8.50143575668335,
            8.610976696014404,
            8.619663000106812,
            8.728586912155151,
            8.846264123916626,
            8.621571063995361,
            8.760802030563354,
            8.751010656356812,
            8.75849199295044,
            8.795948028564453,
            8.888035297393799,
            8.785913467407227,
            8.906046390533447,
            8.905840396881104,
            9.128564834594727,
            8.773852348327637,
            8.98151683807373,
            8.918219089508057,
            9.018004179000854,
            9.14769196510315,
            9.079895257949829,
            9.084869623184204,
            9.14260482788086,
            9.23143219947815,
            9.194260120391846,
            9.27504849433899,
            9.270848274230957,
            9.303614616394043,
            9.272560834884644,
            9.377691507339478,
            9.380017280578613,
            9.372309446334839,
            9.465799331665039,
            9.452096462249756,
            9.716078519821167,
            9.626984357833862,
            9.499496936798096,
            9.59927749633789,
            9.652243375778198,
            9.623152494430542,
            9.609942436218262,
            9.56485366821289,
            9.695005893707275,
            9.799301147460938,
            9.68134593963623,
            9.709500074386597,
            9.826483964920044,
            9.769764184951782,
            9.821228504180908,
            9.878516435623169,
            9.946616888046265,
            9.956929683685303,
            9.945358514785767,
            9.996969223022461,
            9.98302674293518,
            10.079872846603394,
            10.153870105743408,
            10.092257499694824,
            10.2134108543396,
            10.277212381362915,
            10.24544882774353,
            10.245914697647095,
            10.399755477905273,
            10.410197496414185
        ],
        "output_image_path": "/model_deploy_execution_attack_for_pipeline/outputs/emotion_ferplus_mnn_058339_ttba_attack/adversarial_image.png"
    }
}