{
    "status": "SUCCESS",
    "config": {
        "executable": "resources/execution_files/gender_googlenet_mnn",
        "benign_image": "/img_align_celeba/063344.jpg",
        "initial_adv_image": "/img_align_celeba/055147.jpg",
        "l2_epsilon_goal": 0.05,
        "linf_epsilon_goal": 0.06274509803921569,
        "query_budget": 40000,
        "max_iterations": 1000,
        "initial_queries": 50,
        "dimension_reduction": 1.0
    },
    "results": {
        "total_queries": 727,
        "final_l2_distance": 3.7508816719055176,
        "final_linf_distance": 0.04954500496387482,
        "total_duration_seconds": 40.45483684539795,
        "iteration_times_seconds": [
            5.8731465339660645,
            6.024951696395874,
            5.940561532974243,
            6.018282651901245,
            6.147503614425659,
            6.168717622756958
        ],
        "output_image_path": "/model_deploy_execution_attack_for_pipeline/outputs/gender_googlenet_mnn_063344_ttba_attack/adversarial_image.png"
    }
}