{
    "status": "BUDGET_EXHAUSTED",
    "config": {
        "executable": "./resources/execution_files/emotion_ferplus_mnn",
        "benign_image": "/img_align_celeba/007173.jpg",
        "initial_adv_image": "/img_align_celeba/000608.jpg",
        "l2_epsilon_goal": 0.05,
        "linf_epsilon_goal": 0.06274509803921569,
        "query_budget": 40000,
        "max_iterations": 1000,
        "initial_queries": 50,
        "dimension_reduction": 1.0
    },
    "results": {
        "total_queries": 40076,
        "final_l2_distance": 7.7493977546691895,
        "final_linf_distance": 0.13856780529022217,
        "total_duration_seconds": 991.5121676921844,
        "iteration_times_seconds": [
            6.302197694778442,
            6.607734203338623,
            6.7451491355896,
            6.797296524047852,
            6.9669389724731445,
            7.115604877471924,
            7.24803900718689,
            7.332910537719727,
            7.384551048278809,
            7.406742572784424,
            7.59265398979187,
            7.550477027893066,
            7.614374876022339,
            7.712390661239624,
            7.890657663345337,
            7.966814279556274,
            8.02116870880127,
            7.880276203155518,
            7.8608176708221436,
            7.919050693511963,
            7.913370847702026,
            8.05374026298523,
            8.160010814666748,
            8.246104955673218,
            8.228440761566162,
            8.238342046737671,
            8.437397718429565,
            8.347394943237305,
            8.620017766952515,
            8.604189395904541,
            8.558879852294922,
            8.547249555587769,
            8.618945598602295,
            8.711429357528687,
            8.689511060714722,
            8.689748525619507,
            8.89633846282959,
            8.96978759765625,
            8.940231084823608,
            8.898344278335571,
            8.8658607006073,
            9.173869371414185,
            9.12339997291565,
            9.251892805099487,
            9.283610820770264,
            9.22348928451538,
            9.241992712020874,
            9.30355167388916,
            9.318140745162964,
            9.390697240829468,
            9.227519035339355,
            9.214792251586914,
            9.359731912612915,
            9.324651002883911,
            9.33008337020874,
            9.31957197189331,
            9.29452896118164,
            9.396681070327759,
            9.394282579421997,
            9.558891773223877,
            9.506112575531006,
            9.636545181274414,
            9.745676517486572,
            9.698446035385132,
            9.67374062538147,
            9.732875347137451,
            9.868602275848389,
            9.823323011398315,
            9.778947591781616,
            9.92365026473999,
            9.888784170150757,
            9.985965013504028,
            9.889609336853027,
            9.944366693496704,
            10.006984233856201,
            9.93255877494812,
            10.021536111831665,
            10.076770544052124,
            10.113240480422974,
            10.163419485092163,
            10.264325618743896,
            10.284619092941284,
            10.24510669708252,
            10.30193281173706,
            10.421915292739868,
            10.338839530944824,
            10.511682510375977,
            10.438514709472656,
            10.398571729660034,
            10.463955163955688,
            10.472252368927002,
            10.558841705322266,
            10.572762250900269,
            10.489880800247192,
            10.550825834274292,
            10.631585597991943,
            10.637437582015991,
            10.671885251998901,
            10.698078632354736,
            10.7742919921875,
            10.76249384880066,
            10.765748977661133,
            10.766310214996338,
            10.859270572662354,
            10.761261224746704,
            10.984975099563599,
            11.075797080993652
        ],
        "output_image_path": "/model_deploy_execution_attack_for_pipeline/outputs/emotion_ferplus_mnn_007173_ttba_attack/adversarial_image.png"
    }
}