{
    "status": "BUDGET_EXHAUSTED",
    "config": {
        "executable": "./resources/execution_files/age_googlenet_mnn",
        "benign_image": "/img_align_celeba/188326.jpg",
        "initial_adv_image": "/img_align_celeba/00000011.png",
        "l2_epsilon_goal": 0.05,
        "linf_epsilon_goal": 0.06274509803921569,
        "query_budget": 40000,
        "max_iterations": 1000,
        "initial_queries": 50,
        "dimension_reduction": 1.0
    },
    "results": {
        "total_queries": 40338,
        "final_l2_distance": 44.21925735473633,
        "final_linf_distance": 0.6324135065078735,
        "total_duration_seconds": 1143.9218227863312,
        "iteration_times_seconds": [
            7.720707416534424,
            8.007697343826294,
            8.243869543075562,
            8.230522155761719,
            8.4330735206604,
            8.596437931060791,
            8.686102628707886,
            8.76875352859497,
            8.78450322151184,
            8.900493144989014,
            8.992352962493896,
            9.09531307220459,
            9.055162191390991,
            9.170065641403198,
            9.402683734893799,
            9.394847393035889,
            9.380781650543213,
            9.440209865570068,
            9.556101560592651,
            9.601179361343384,
            9.64410948753357,
            9.731496095657349,
            9.757611751556396,
            9.782043218612671,
            9.749257802963257,
            9.575994968414307,
            9.791588306427002,
            9.933276176452637,
            9.874576091766357,
            9.864945650100708,
            9.902456998825073,
            9.93966794013977,
            9.965571880340576,
            10.0183424949646,
            10.037569046020508,
            10.159152030944824,
            10.250402927398682,
            10.134305238723755,
            10.301063776016235,
            10.371182680130005,
            10.317018270492554,
            10.556013345718384,
            10.463605642318726,
            10.510998487472534,
            10.549964666366577,
            10.495904684066772,
            10.551495790481567,
            10.550752401351929,
            10.629173040390015,
            10.566534996032715,
            10.627015590667725,
            10.683832168579102,
            10.701757907867432,
            10.894745588302612,
            10.815948247909546,
            10.86672592163086,
            11.010560035705566,
            10.960119247436523,
            10.923983812332153,
            11.103837490081787,
            11.196447134017944,
            11.117486000061035,
            11.150936126708984,
            11.144400835037231,
            11.233218669891357,
            11.294339418411255,
            11.229904651641846,
            11.300949811935425,
            11.309513807296753,
            11.334209680557251,
            11.339989423751831,
            11.437921047210693,
            11.513599872589111,
            11.45876407623291,
            11.390730619430542,
            11.557491302490234,
            11.498262405395508,
            11.574230432510376,
            11.576537370681763,
            11.548561096191406,
            11.759459495544434,
            11.82357406616211,
            11.770083665847778,
            11.84630537033081,
            11.880811214447021,
            11.825151205062866,
            11.799091100692749,
            11.9000825881958,
            11.924045085906982,
            11.984359979629517,
            11.70493769645691,
            11.751091957092285,
            11.830649852752686,
            11.782275438308716,
            11.759727239608765,
            11.92915678024292,
            11.784640550613403,
            11.793729543685913,
            12.016512155532837,
            11.98407530784607,
            12.027355432510376,
            11.937253713607788,
            12.031986713409424,
            11.955293655395508,
            12.115971088409424,
            12.193687677383423,
            12.170837879180908
        ],
        "output_image_path": "/model_deploy_execution_attack_for_pipeline/outputs/age_googlenet_mnn_188326_ttba_attack/adversarial_image.png"
    }
}