{
    "status": "BUDGET_EXHAUSTED",
    "config": {
        "executable": "./resources/execution_files/age_googlenet_mnn",
        "benign_image": "/img_align_celeba/095411.jpg",
        "initial_adv_image": "/img_align_celeba/00000013.png",
        "l2_epsilon_goal": 0.05,
        "linf_epsilon_goal": 0.06274509803921569,
        "query_budget": 40000,
        "max_iterations": 1000,
        "initial_queries": 50,
        "dimension_reduction": 1.0
    },
    "results": {
        "total_queries": 40290,
        "final_l2_distance": 28.888914108276367,
        "final_linf_distance": 0.38474738597869873,
        "total_duration_seconds": 1135.4121851921082,
        "iteration_times_seconds": [
            7.829767465591431,
            8.038248777389526,
            8.181582689285278,
            8.327883243560791,
            8.47017788887024,
            8.509657621383667,
            8.660307168960571,
            8.876231908798218,
            8.925976991653442,
            8.83022665977478,
            8.938133478164673,
            8.964080572128296,
            9.045206069946289,
            9.044995784759521,
            9.15680742263794,
            9.19715666770935,
            9.099982261657715,
            9.34012246131897,
            9.362892150878906,
            9.33992338180542,
            9.501628637313843,
            9.517088890075684,
            9.522144079208374,
            9.500894784927368,
            9.679499626159668,
            9.616541862487793,
            9.800817012786865,
            9.877524614334106,
            9.871702194213867,
            9.967110395431519,
            9.882111549377441,
            10.040484189987183,
            10.1408212184906,
            10.03516697883606,
            10.058443307876587,
            10.163818120956421,
            10.174983501434326,
            10.20509123802185,
            10.311142206192017,
            10.293715715408325,
            10.252189874649048,
            10.469410181045532,
            10.475314140319824,
            10.474238157272339,
            10.590654373168945,
            10.638116598129272,
            10.628592491149902,
            10.658106327056885,
            10.686490535736084,
            10.754116296768188,
            10.788524627685547,
            10.715088129043579,
            10.8095383644104,
            10.713075160980225,
            10.575055122375488,
            10.616749286651611,
            10.720821619033813,
            10.923378467559814,
            10.745347738265991,
            10.926061391830444,
            10.954737901687622,
            10.857980966567993,
            10.990796327590942,
            10.975191831588745,
            11.058745861053467,
            11.115211963653564,
            11.05570912361145,
            11.043506145477295,
            11.084822416305542,
            11.082957983016968,
            11.158689737319946,
            11.208232164382935,
            11.207971334457397,
            11.335838079452515,
            11.281300067901611,
            11.299646377563477,
            11.363406896591187,
            11.402563571929932,
            11.41376280784607,
            11.328479528427124,
            11.487104415893555,
            11.600343227386475,
            11.476072549819946,
            11.562175750732422,
            11.654773712158203,
            11.651413917541504,
            11.744559526443481,
            11.829767227172852,
            11.611146926879883,
            11.759814262390137,
            11.76217007637024,
            11.725760698318481,
            11.702266454696655,
            11.896096229553223,
            11.761687755584717,
            11.836240530014038,
            11.958982229232788,
            11.994429588317871,
            11.864802360534668,
            12.07625961303711,
            11.984583854675293,
            11.966825485229492,
            11.954037427902222,
            11.973726987838745,
            12.015589475631714,
            12.166823387145996,
            12.1695077419281
        ],
        "output_image_path": "/model_deploy_execution_attack_for_pipeline/outputs/age_googlenet_mnn_095411_ttba_attack/adversarial_image.png"
    }
}