{
    "status": "BUDGET_EXHAUSTED",
    "config": {
        "executable": "./resources/execution_files/ssrnet_age_mnn",
        "benign_image": "/img_align_celeba/103301.jpg",
        "initial_adv_image": "/img_align_celeba/026181.jpg",
        "l2_epsilon_goal": 0.05,
        "linf_epsilon_goal": 0.06274509803921569,
        "query_budget": 40000,
        "max_iterations": 1000,
        "initial_queries": 50,
        "dimension_reduction": 1.0
    },
    "results": {
        "total_queries": 40246,
        "final_l2_distance": 16.82704734802246,
        "final_linf_distance": 0.21558940410614014,
        "total_duration_seconds": 320.48110008239746,
        "iteration_times_seconds": [
            2.3534317016601562,
            2.381190538406372,
            2.438481330871582,
            2.4420135021209717,
            2.4342193603515625,
            2.5267107486724854,
            2.5873053073883057,
            2.475795269012451,
            2.7562813758850098,
            2.7513067722320557,
            2.5923705101013184,
            2.573917865753174,
            2.663766622543335,
            2.513709783554077,
            2.6129562854766846,
            2.633998155593872,
            2.613729953765869,
            2.716275215148926,
            2.7129011154174805,
            2.709780693054199,
            2.74641752243042,
            2.8510403633117676,
            2.7894492149353027,
            2.8417487144470215,
            2.749915361404419,
            2.755728006362915,
            2.70658016204834,
            2.6831111907958984,
            2.847912311553955,
            2.7781364917755127,
            2.8780264854431152,
            2.8784658908843994,
            2.816194772720337,
            2.8639707565307617,
            2.8526973724365234,
            2.995220422744751,
            2.870619058609009,
            2.9211642742156982,
            2.9187703132629395,
            2.9521329402923584,
            3.0443031787872314,
            2.90390944480896,
            3.1060118675231934,
            3.0267984867095947,
            3.010211706161499,
            2.944638252258301,
            2.8103697299957275,
            3.003915548324585,
            2.9447221755981445,
            2.9125218391418457,
            2.94630765914917,
            3.0562245845794678,
            3.012364149093628,
            3.047971248626709,
            2.9790265560150146,
            3.066099166870117,
            3.0395705699920654,
            3.0262269973754883,
            2.980889081954956,
            3.122150421142578,
            3.1239914894104004,
            3.102771759033203,
            3.1039459705352783,
            3.0630500316619873,
            3.0404672622680664,
            3.1277902126312256,
            3.1268608570098877,
            3.1521856784820557,
            3.178464651107788,
            3.12131667137146,
            3.24992036819458,
            3.230220317840576,
            3.2300097942352295,
            3.1082499027252197,
            3.267404794692993,
            3.173133373260498,
            3.1169509887695312,
            3.1153016090393066,
            3.145174026489258,
            3.0598597526550293,
            3.140622854232788,
            3.1233065128326416,
            3.1082515716552734,
            3.0911481380462646,
            3.2427120208740234,
            3.1785740852355957,
            3.258662223815918,
            3.173522472381592,
            3.255568504333496,
            3.159632444381714,
            3.224036693572998,
            3.307642698287964,
            3.2165355682373047,
            3.300091028213501,
            3.397934675216675,
            3.180340051651001,
            3.3110268115997314,
            3.2515532970428467,
            3.414546489715576,
            3.3680338859558105,
            3.403690814971924,
            3.2802908420562744,
            3.343003273010254,
            3.2868552207946777,
            3.370076894760132,
            3.2992660999298096,
            3.338474750518799
        ],
        "output_image_path": "/model_deploy_execution_attack_for_pipeline/outputs/ssrnet_age_mnn_103301_ttba_attack/adversarial_image.png"
    }
}