{
    "status": "SUCCESS",
    "config": {
        "executable": "./resources/execution_files/fsanet_headpose_mnn",
        "benign_image": "/img_align_celeba/118709.jpg",
        "initial_adv_image": "/img_align_celeba/181302.jpg",
        "l2_epsilon_goal": 0.05,
        "linf_epsilon_goal": 0.06274509803921569,
        "query_budget": 40000,
        "max_iterations": 1000,
        "initial_queries": 50,
        "dimension_reduction": 1.0
    },
    "results": {
        "total_queries": 39477,
        "final_l2_distance": 4.877448558807373,
        "final_linf_distance": 0.06265856325626373,
        "total_duration_seconds": 351.7999618053436,
        "iteration_times_seconds": [
            2.778245449066162,
            2.786301374435425,
            2.717214822769165,
            2.910186290740967,
            2.7122509479522705,
            2.8319387435913086,
            2.887570381164551,
            2.7642881870269775,
            2.7779459953308105,
            2.885721445083618,
            2.893920421600342,
            2.854114532470703,
            2.9325644969940186,
            2.8785886764526367,
            2.7976903915405273,
            2.9579250812530518,
            2.938734292984009,
            2.971888542175293,
            3.041299343109131,
            2.9937639236450195,
            3.082717180252075,
            3.0517852306365967,
            3.1218340396881104,
            3.1897661685943604,
            3.196384906768799,
            3.1421704292297363,
            3.0541999340057373,
            3.0310399532318115,
            3.1366546154022217,
            3.121926784515381,
            3.082709550857544,
            3.0292775630950928,
            3.232449531555176,
            3.1875267028808594,
            3.1872684955596924,
            3.177687406539917,
            3.095775604248047,
            3.214048385620117,
            3.209268093109131,
            3.21343731880188,
            3.116847276687622,
            3.1716692447662354,
            3.2143759727478027,
            3.283287763595581,
            3.2788937091827393,
            3.203615665435791,
            3.2191474437713623,
            3.3975961208343506,
            3.3329949378967285,
            3.2848880290985107,
            3.2956483364105225,
            3.323094367980957,
            3.260219097137451,
            3.3700196743011475,
            3.260484218597412,
            3.374397039413452,
            3.409681558609009,
            3.3679420948028564,
            3.358675003051758,
            3.294632911682129,
            3.444373846054077,
            3.4459621906280518,
            3.5116546154022217,
            3.4522342681884766,
            3.4115142822265625,
            3.478694438934326,
            3.5298373699188232,
            3.5871975421905518,
            3.484307050704956,
            3.4853973388671875,
            3.5633137226104736,
            3.5232174396514893,
            3.5959084033966064,
            3.4179165363311768,
            3.5058071613311768,
            3.4688308238983154,
            3.6065433025360107,
            3.470627784729004,
            3.5204906463623047,
            3.574495792388916,
            3.556908369064331,
            3.6346399784088135,
            3.525869369506836,
            3.6163172721862793,
            3.5066428184509277,
            3.5318291187286377,
            3.561260223388672,
            3.572880506515503,
            3.581810474395752,
            3.5342819690704346,
            3.6705069541931152,
            3.5458977222442627,
            3.547459602355957,
            3.6540892124176025,
            3.6174886226654053,
            3.530139207839966,
            3.7168164253234863,
            3.6770148277282715,
            3.722838878631592,
            3.6840980052948,
            3.6675431728363037,
            3.684061288833618,
            3.686842679977417,
            3.7072014808654785,
            3.6271860599517822,
            3.706195116043091
        ],
        "output_image_path": "/model_deploy_execution_attack_for_pipeline/outputs/fsanet_headpose_mnn_118709_ttba_attack/adversarial_image.png"
    }
}