{
    "status": "BUDGET_EXHAUSTED",
    "config": {
        "executable": "./resources/execution_files/ssrnet_age_mnn",
        "benign_image": "/img_align_celeba/140238.jpg",
        "initial_adv_image": "/img_align_celeba/135116.jpg",
        "l2_epsilon_goal": 0.05,
        "linf_epsilon_goal": 0.06274509803921569,
        "query_budget": 40000,
        "max_iterations": 1000,
        "initial_queries": 50,
        "dimension_reduction": 1.0
    },
    "results": {
        "total_queries": 40116,
        "final_l2_distance": 7.451374053955078,
        "final_linf_distance": 0.10541310906410217,
        "total_duration_seconds": 311.2873673439026,
        "iteration_times_seconds": [
            2.276167631149292,
            2.314114570617676,
            2.3852226734161377,
            2.4031858444213867,
            2.3586909770965576,
            2.3395307064056396,
            2.5489957332611084,
            2.604478597640991,
            2.4602932929992676,
            2.565380811691284,
            2.475642681121826,
            2.6934456825256348,
            2.6249797344207764,
            2.644416570663452,
            2.6660146713256836,
            2.7278261184692383,
            2.5944736003875732,
            2.5861282348632812,
            2.6929314136505127,
            2.7757363319396973,
            2.6461474895477295,
            2.6729891300201416,
            2.5916295051574707,
            2.7327322959899902,
            2.88490629196167,
            2.750026226043701,
            2.732719659805298,
            2.722371816635132,
            2.7675845623016357,
            2.809955596923828,
            2.856820821762085,
            2.69366455078125,
            2.7175419330596924,
            2.747321128845215,
            2.7603864669799805,
            2.7634212970733643,
            2.7885372638702393,
            2.774272918701172,
            2.74904203414917,
            2.7923343181610107,
            2.8139727115631104,
            2.7833399772644043,
            2.8014092445373535,
            2.899346351623535,
            2.908923625946045,
            2.9680607318878174,
            2.7934625148773193,
            2.865100145339966,
            2.8720178604125977,
            2.9124693870544434,
            2.905613660812378,
            2.9140536785125732,
            2.977926731109619,
            2.8869450092315674,
            2.966022253036499,
            3.0069854259490967,
            2.9193832874298096,
            2.9694199562072754,
            2.9766628742218018,
            2.9215917587280273,
            2.8912811279296875,
            3.0273170471191406,
            3.0287117958068848,
            2.951209545135498,
            2.943422317504883,
            3.0067670345306396,
            2.950223922729492,
            3.092811346054077,
            3.086329221725464,
            3.0730974674224854,
            3.03989315032959,
            2.938366174697876,
            3.1315484046936035,
            2.991530656814575,
            3.0752274990081787,
            3.1886446475982666,
            3.0249836444854736,
            2.9772229194641113,
            2.9748952388763428,
            3.0307717323303223,
            3.1857447624206543,
            3.073601007461548,
            3.059906482696533,
            3.075427532196045,
            3.0360989570617676,
            3.110013008117676,
            3.2542617321014404,
            3.1831564903259277,
            3.0222740173339844,
            3.130728006362915,
            3.0852649211883545,
            3.1391830444335938,
            3.1008968353271484,
            3.1305131912231445,
            3.1156036853790283,
            3.2459051609039307,
            3.32218861579895,
            3.205252170562744,
            3.255337715148926,
            3.330615282058716,
            3.3128662109375,
            3.189864158630371,
            3.268555164337158,
            3.179375648498535,
            3.165217638015747,
            3.1872854232788086,
            3.2407538890838623
        ],
        "output_image_path": "/model_deploy_execution_attack_for_pipeline/outputs/ssrnet_age_mnn_140238_ttba_attack/adversarial_image.png"
    }
}