{
    "status": "BUDGET_EXHAUSTED",
    "config": {
        "executable": "./resources/execution_files/age_googlenet_mnn",
        "benign_image": "/img_align_celeba/186479.jpg",
        "initial_adv_image": "/img_align_celeba/00000009.png",
        "l2_epsilon_goal": 0.05,
        "linf_epsilon_goal": 0.06274509803921569,
        "query_budget": 40000,
        "max_iterations": 1000,
        "initial_queries": 50,
        "dimension_reduction": 1.0
    },
    "results": {
        "total_queries": 40328,
        "final_l2_distance": 46.105857849121094,
        "final_linf_distance": 0.5758569240570068,
        "total_duration_seconds": 1138.4872553348541,
        "iteration_times_seconds": [
            7.841177225112915,
            8.104484558105469,
            8.085435628890991,
            8.299933910369873,
            8.379789590835571,
            8.415248394012451,
            8.689789533615112,
            8.85322380065918,
            8.793793201446533,
            8.918342351913452,
            9.010796070098877,
            8.954760074615479,
            9.067936897277832,
            9.14689326286316,
            9.199023246765137,
            9.194891452789307,
            9.185956716537476,
            9.187902927398682,
            9.181745529174805,
            9.248331546783447,
            9.310401678085327,
            9.294419527053833,
            9.364041805267334,
            9.454177141189575,
            9.553457736968994,
            9.683389663696289,
            9.849696636199951,
            9.835596799850464,
            9.87186598777771,
            9.889607667922974,
            9.96738886833191,
            9.899190425872803,
            10.043056726455688,
            10.09652829170227,
            10.10224175453186,
            10.014024019241333,
            10.067020654678345,
            10.193238735198975,
            10.193217039108276,
            10.256531715393066,
            10.267464399337769,
            10.45749306678772,
            10.459599018096924,
            10.556215763092041,
            10.50629997253418,
            10.656589269638062,
            10.598374366760254,
            10.636854410171509,
            10.588129758834839,
            10.656882047653198,
            10.634528160095215,
            10.712770700454712,
            10.691775798797607,
            10.702744245529175,
            10.831289529800415,
            10.83681583404541,
            10.921457290649414,
            10.84999704360962,
            10.85796570777893,
            11.040252447128296,
            11.13554310798645,
            11.116365194320679,
            11.166564702987671,
            11.122050523757935,
            11.186102151870728,
            11.204689502716064,
            11.218727350234985,
            11.222156524658203,
            11.225595712661743,
            11.299536228179932,
            11.223094463348389,
            11.421058177947998,
            11.437784194946289,
            11.367292642593384,
            11.460891962051392,
            11.442978143692017,
            11.467865467071533,
            11.502287864685059,
            11.577988386154175,
            11.599053382873535,
            11.713109016418457,
            11.724047183990479,
            11.652098655700684,
            11.727053165435791,
            11.878092050552368,
            11.825081586837769,
            11.848950147628784,
            11.876965522766113,
            11.94042706489563,
            11.90098786354065,
            11.885104179382324,
            11.795462846755981,
            11.81499171257019,
            11.693177938461304,
            11.709557294845581,
            11.773768186569214,
            11.822287797927856,
            11.808128118515015,
            11.917040348052979,
            11.844586849212646,
            11.96779990196228,
            11.95631742477417,
            12.042222023010254,
            11.962198972702026,
            12.067817687988281,
            12.128949403762817,
            12.194083452224731
        ],
        "output_image_path": "/model_deploy_execution_attack_for_pipeline/outputs/age_googlenet_mnn_186479_ttba_attack/adversarial_image.png"
    }
}