{
    "status": "BUDGET_EXHAUSTED",
    "config": {
        "executable": "./resources/execution_files/emotion_ferplus_mnn",
        "benign_image": "/img_align_celeba/089986.jpg",
        "initial_adv_image": "/img_align_celeba/005770.jpg",
        "l2_epsilon_goal": 0.05,
        "linf_epsilon_goal": 0.06274509803921569,
        "query_budget": 40000,
        "max_iterations": 1000,
        "initial_queries": 50,
        "dimension_reduction": 1.0
    },
    "results": {
        "total_queries": 40110,
        "final_l2_distance": 9.551534652709961,
        "final_linf_distance": 0.14950516819953918,
        "total_duration_seconds": 996.6072373390198,
        "iteration_times_seconds": [
            6.38324236869812,
            6.52052116394043,
            6.703127145767212,
            6.827357530593872,
            6.943673610687256,
            6.970177412033081,
            7.215032577514648,
            7.371448040008545,
            7.387535095214844,
            7.425930738449097,
            7.525697708129883,
            7.540752410888672,
            7.67766547203064,
            7.747697114944458,
            7.9895339012146,
            8.071522235870361,
            8.021874904632568,
            8.003843069076538,
            8.145758867263794,
            8.058668375015259,
            8.158576011657715,
            8.238411664962769,
            8.21724796295166,
            8.262197494506836,
            8.403842210769653,
            8.467509984970093,
            8.687925577163696,
            8.619308233261108,
            8.601488828659058,
            8.733494997024536,
            8.601783752441406,
            8.553433895111084,
            8.672609329223633,
            8.735867500305176,
            8.68345832824707,
            8.687499284744263,
            8.80369234085083,
            8.851913690567017,
            8.846017360687256,
            8.801662921905518,
            9.01090693473816,
            8.998083114624023,
            9.174394369125366,
            9.12887716293335,
            9.239633798599243,
            9.167215347290039,
            9.262802124023438,
            9.310189008712769,
            9.285423040390015,
            9.277982473373413,
            9.454782724380493,
            9.419116020202637,
            9.390913248062134,
            9.57802963256836,
            9.480076789855957,
            9.68343710899353,
            9.55816912651062,
            9.650607347488403,
            9.610789775848389,
            9.737961769104004,
            9.726529836654663,
            9.876794338226318,
            9.936636209487915,
            9.852431774139404,
            9.851793766021729,
            9.792046308517456,
            9.999387741088867,
            10.00083875656128,
            10.078336238861084,
            10.105766773223877,
            10.008512735366821,
            10.098286867141724,
            10.121028423309326,
            9.930940389633179,
            10.009818315505981,
            9.955567121505737,
            10.098782062530518,
            10.024134635925293,
            10.020306825637817,
            10.112685441970825,
            10.239242792129517,
            10.15669298171997,
            10.302763223648071,
            10.322942972183228,
            10.330266952514648,
            10.311947345733643,
            10.392805099487305,
            10.529768228530884,
            10.548023462295532,
            10.480212688446045,
            10.531159162521362,
            10.532252311706543,
            10.536593914031982,
            10.554574728012085,
            10.577188730239868,
            10.498311758041382,
            10.572261333465576,
            10.606491804122925,
            10.677187204360962,
            10.782476663589478,
            10.780660629272461,
            10.715816259384155,
            10.721345663070679,
            10.779097318649292,
            10.829392910003662,
            10.868189334869385,
            10.928727626800537
        ],
        "output_image_path": "/model_deploy_execution_attack_for_pipeline/outputs/emotion_ferplus_mnn_089986_ttba_attack/adversarial_image.png"
    }
}