{
    "status": "SUCCESS",
    "config": {
        "executable": "resources/execution_files/gender_googlenet_mnn",
        "benign_image": "/img_align_celeba/159782.jpg",
        "initial_adv_image": "/img_align_celeba/055147.jpg",
        "l2_epsilon_goal": 0.05,
        "linf_epsilon_goal": 0.06274509803921569,
        "query_budget": 40000,
        "max_iterations": 1000,
        "initial_queries": 50,
        "dimension_reduction": 1.0
    },
    "results": {
        "total_queries": 881,
        "final_l2_distance": 4.554183006286621,
        "final_linf_distance": 0.058793045580387115,
        "total_duration_seconds": 46.551448345184326,
        "iteration_times_seconds": [
            5.5929412841796875,
            5.876305818557739,
            5.964837074279785,
            6.196769714355469,
            6.026649713516235,
            6.258859157562256,
            6.345370531082153
        ],
        "output_image_path": "/model_deploy_execution_attack_for_pipeline/outputs/gender_googlenet_mnn_159782_ttba_attack/adversarial_image.png"
    }
}