{
    "status": "BUDGET_EXHAUSTED",
    "config": {
        "executable": "./resources/execution_files/fsanet_headpose_mnn",
        "benign_image": "/img_align_celeba/058463.jpg",
        "initial_adv_image": "/img_align_celeba/151453.jpg",
        "l2_epsilon_goal": 0.05,
        "linf_epsilon_goal": 0.06274509803921569,
        "query_budget": 40000,
        "max_iterations": 1000,
        "initial_queries": 50,
        "dimension_reduction": 1.0
    },
    "results": {
        "total_queries": 40077,
        "final_l2_distance": 6.552844524383545,
        "final_linf_distance": 0.0839918851852417,
        "total_duration_seconds": 360.2475061416626,
        "iteration_times_seconds": [
            2.596047878265381,
            2.713987112045288,
            2.8778676986694336,
            2.925769090652466,
            2.7523462772369385,
            2.942030191421509,
            2.7760233879089355,
            2.885869026184082,
            2.8588876724243164,
            2.9197895526885986,
            2.8250010013580322,
            2.962273359298706,
            2.9022669792175293,
            2.9974663257598877,
            2.992295503616333,
            3.079484701156616,
            2.981841802597046,
            2.9098312854766846,
            2.9613513946533203,
            3.028825521469116,
            3.0221848487854004,
            3.225491762161255,
            3.077836513519287,
            3.0538768768310547,
            3.1379475593566895,
            3.1302294731140137,
            3.118037462234497,
            3.152266502380371,
            3.116051435470581,
            3.2076423168182373,
            3.1586668491363525,
            3.1410441398620605,
            3.1805906295776367,
            3.241858959197998,
            3.3010125160217285,
            3.2866952419281006,
            3.3228611946105957,
            3.215179204940796,
            3.2821640968322754,
            3.2369327545166016,
            3.3409409523010254,
            3.371703863143921,
            3.3180954456329346,
            3.3916690349578857,
            3.2779014110565186,
            3.254033088684082,
            3.3947582244873047,
            3.236686944961548,
            3.2939884662628174,
            3.3657901287078857,
            3.330918073654175,
            3.297808885574341,
            3.3335018157958984,
            3.2120187282562256,
            3.431954860687256,
            3.4127416610717773,
            3.460832357406616,
            3.5201973915100098,
            3.370673656463623,
            3.415616989135742,
            3.455200433731079,
            3.4915926456451416,
            3.353607654571533,
            3.45032000541687,
            3.5733208656311035,
            3.564690351486206,
            3.5404281616210938,
            3.5324199199676514,
            3.523766040802002,
            3.431119918823242,
            3.5317232608795166,
            3.44698166847229,
            3.4269566535949707,
            3.4160044193267822,
            3.478260040283203,
            3.6127326488494873,
            3.5658833980560303,
            3.5129711627960205,
            3.5179240703582764,
            3.6717612743377686,
            3.6539580821990967,
            3.5905396938323975,
            3.6310322284698486,
            3.714754819869995,
            3.6852834224700928,
            3.684488296508789,
            3.719102144241333,
            3.7452008724212646,
            3.768618583679199,
            3.7091829776763916,
            3.6887881755828857,
            3.6383237838745117,
            3.7041878700256348,
            3.720834732055664,
            3.6572089195251465,
            3.607044219970703,
            3.6627979278564453,
            3.733055830001831,
            3.7264060974121094,
            3.611194372177124,
            3.7022345066070557,
            3.7901721000671387,
            3.7211287021636963,
            3.6506130695343018,
            3.753077745437622,
            3.7305357456207275,
            3.764547109603882
        ],
        "output_image_path": "/model_deploy_execution_attack_for_pipeline/outputs/fsanet_headpose_mnn_058463_ttba_attack/adversarial_image.png"
    }
}