{
    "status": "BUDGET_EXHAUSTED",
    "config": {
        "executable": "resources/execution_files/emotion_ferplus_mnn",
        "benign_image": "/img_align_celeba/058305.jpg",
        "initial_adv_image": "/img_align_celeba/105002.jpg",
        "l2_epsilon_goal": 0.05,
        "linf_epsilon_goal": 0.06274509803921569,
        "query_budget": 40000,
        "max_iterations": 1000,
        "initial_queries": 50,
        "dimension_reduction": 1.0
    },
    "results": {
        "total_queries": 40054,
        "final_l2_distance": 11.923553466796875,
        "final_linf_distance": 0.14647960662841797,
        "total_duration_seconds": 992.6094048023224,
        "iteration_times_seconds": [
            6.370400667190552,
            6.654017925262451,
            6.680438995361328,
            6.930098056793213,
            7.0872697830200195,
            7.129712820053101,
            7.338786602020264,
            7.371215581893921,
            7.432430028915405,
            7.475796461105347,
            7.524884223937988,
            7.558151006698608,
            7.7198028564453125,
            7.645035982131958,
            7.731907367706299,
            7.821049451828003,
            7.9066002368927,
            7.90189266204834,
            7.9453301429748535,
            7.9720940589904785,
            8.073791265487671,
            8.078340768814087,
            8.19155240058899,
            8.237803220748901,
            8.289852619171143,
            8.310916423797607,
            8.432145118713379,
            8.451202154159546,
            8.533010482788086,
            8.60780143737793,
            8.571711301803589,
            8.621792316436768,
            8.56364893913269,
            8.555251121520996,
            8.58097219467163,
            8.595747232437134,
            8.573571920394897,
            8.69788646697998,
            8.828204870223999,
            8.80060362815857,
            8.901106595993042,
            8.91811203956604,
            9.04422402381897,
            9.042192220687866,
            9.156700849533081,
            9.092137813568115,
            9.1385977268219,
            9.370804071426392,
            9.207399845123291,
            9.236901044845581,
            9.244840621948242,
            9.233916997909546,
            9.306629419326782,
            9.380384922027588,
            9.495617628097534,
            9.62511682510376,
            9.44107961654663,
            9.46753978729248,
            9.532380104064941,
            9.61479663848877,
            9.630243062973022,
            9.694550037384033,
            9.67653489112854,
            9.738533735275269,
            9.79593563079834,
            9.77539587020874,
            9.789036989212036,
            9.847180128097534,
            9.869652509689331,
            9.868850708007812,
            9.937850713729858,
            9.978153944015503,
            9.96777606010437,
            9.971717596054077,
            9.990138053894043,
            9.98766040802002,
            10.055784702301025,
            10.14041519165039,
            10.1101655960083,
            10.190126895904541,
            10.259613513946533,
            10.339012384414673,
            10.32946228981018,
            10.406615018844604,
            10.329281568527222,
            10.36464786529541,
            10.464215517044067,
            10.44438123703003,
            10.477398157119751,
            10.536923885345459,
            10.598432779312134,
            10.563632249832153,
            10.59221601486206,
            10.572799444198608,
            10.691149473190308,
            10.636246681213379,
            10.751134157180786,
            10.807302236557007,
            10.746543884277344,
            10.81178092956543,
            10.828378438949585,
            10.789119720458984,
            10.83296823501587,
            10.85796070098877,
            10.789311170578003,
            10.975420236587524,
            11.007080078125
        ],
        "output_image_path": "/model_deploy_execution_attack_for_pipeline/outputs/emotion_ferplus_mnn_058305_ttba_attack/adversarial_image.png"
    }
}