{
    "status": "BUDGET_EXHAUSTED",
    "config": {
        "executable": "resources/execution_files/emotion_ferplus_mnn",
        "benign_image": "/img_align_celeba/046891.jpg",
        "initial_adv_image": "/img_align_celeba/105002.jpg",
        "l2_epsilon_goal": 0.05,
        "linf_epsilon_goal": 0.06274509803921569,
        "query_budget": 40000,
        "max_iterations": 1000,
        "initial_queries": 50,
        "dimension_reduction": 1.0
    },
    "results": {
        "total_queries": 40151,
        "final_l2_distance": 10.029728889465332,
        "final_linf_distance": 0.13942982256412506,
        "total_duration_seconds": 1008.2877414226532,
        "iteration_times_seconds": [
            6.50780987739563,
            6.865243673324585,
            6.891367197036743,
            6.993749141693115,
            7.199608564376831,
            7.222868204116821,
            7.399074554443359,
            7.51485276222229,
            7.641914367675781,
            7.613605737686157,
            7.642148733139038,
            7.7915356159210205,
            7.861914396286011,
            7.908290863037109,
            8.063186168670654,
            8.13852572441101,
            8.157763004302979,
            8.191098690032959,
            8.40868616104126,
            8.358006477355957,
            8.39680814743042,
            8.312909126281738,
            8.388213872909546,
            8.321585655212402,
            8.382971286773682,
            8.521477937698364,
            8.70546579360962,
            8.625309228897095,
            8.741376638412476,
            8.81042742729187,
            8.805365562438965,
            8.77462363243103,
            8.803438186645508,
            8.841018676757812,
            8.949461221694946,
            9.095959663391113,
            9.000091314315796,
            9.056474208831787,
            9.008877515792847,
            9.154900074005127,
            9.104408502578735,
            9.249854564666748,
            9.380508422851562,
            9.3907630443573,
            9.189515829086304,
            9.372511863708496,
            9.252809524536133,
            9.288307666778564,
            9.373941898345947,
            9.371270895004272,
            9.408198595046997,
            9.426758527755737,
            9.448363542556763,
            9.558875799179077,
            9.494399785995483,
            9.541508197784424,
            9.573224067687988,
            9.745712041854858,
            9.694854021072388,
            9.845709323883057,
            9.837521076202393,
            9.852646827697754,
            9.864662408828735,
            9.901651382446289,
            9.975051403045654,
            9.955995798110962,
            9.965590715408325,
            10.018346071243286,
            10.008604764938354,
            10.094088315963745,
            10.13152813911438,
            10.242098331451416,
            10.276384115219116,
            10.201714515686035,
            10.23612093925476,
            10.247562170028687,
            10.23741626739502,
            10.116734027862549,
            10.167007684707642,
            10.298768043518066,
            10.212910413742065,
            10.209818601608276,
            10.36407732963562,
            10.44275450706482,
            10.302280902862549,
            10.380460023880005,
            10.474607706069946,
            10.42972731590271,
            10.475666522979736,
            10.534008502960205,
            10.457021713256836,
            10.517594337463379,
            10.535161972045898,
            10.646423101425171,
            10.699872493743896,
            10.625111103057861,
            10.669786214828491,
            10.763830661773682,
            10.812031984329224,
            10.718562126159668,
            10.784099817276001,
            10.806549310684204,
            10.747992515563965,
            10.913103818893433,
            10.790438890457153,
            10.9810311794281,
            11.101267337799072
        ],
        "output_image_path": "/model_deploy_execution_attack_for_pipeline/outputs/emotion_ferplus_mnn_046891_ttba_attack/adversarial_image.png"
    }
}