{
    "status": "BUDGET_EXHAUSTED",
    "config": {
        "executable": "./resources/execution_files/emotion_ferplus_mnn",
        "benign_image": "/img_align_celeba/010369.jpg",
        "initial_adv_image": "/img_align_celeba/065084.jpg",
        "l2_epsilon_goal": 0.05,
        "linf_epsilon_goal": 0.06274509803921569,
        "query_budget": 40000,
        "max_iterations": 1000,
        "initial_queries": 50,
        "dimension_reduction": 1.0
    },
    "results": {
        "total_queries": 40195,
        "final_l2_distance": 16.39470672607422,
        "final_linf_distance": 0.29408490657806396,
        "total_duration_seconds": 1014.181134223938,
        "iteration_times_seconds": [
            6.418389558792114,
            6.7321107387542725,
            6.9514923095703125,
            7.02938985824585,
            7.056936502456665,
            7.290403842926025,
            7.3552634716033936,
            7.620882034301758,
            7.473928689956665,
            7.6360108852386475,
            7.712997913360596,
            7.741714239120483,
            7.77461314201355,
            8.013813972473145,
            8.05849814414978,
            8.140891790390015,
            7.996685028076172,
            8.052342176437378,
            8.106706142425537,
            8.21522331237793,
            8.26472520828247,
            8.293201208114624,
            8.355603218078613,
            8.314974546432495,
            8.455395460128784,
            8.409385919570923,
            8.587498664855957,
            8.624396800994873,
            8.649147987365723,
            8.76486611366272,
            8.748042821884155,
            8.85853362083435,
            8.812646627426147,
            8.825276613235474,
            8.90970492362976,
            8.998055934906006,
            8.945781707763672,
            8.984934091567993,
            9.101763010025024,
            9.183642864227295,
            9.236877918243408,
            9.373708248138428,
            9.339700937271118,
            9.345998048782349,
            9.488648176193237,
            9.451679706573486,
            9.384803533554077,
            9.435527801513672,
            9.490690231323242,
            9.633957386016846,
            9.639466762542725,
            9.624593019485474,
            9.67665433883667,
            9.712835788726807,
            9.729304790496826,
            9.706170797348022,
            9.699803113937378,
            9.862154722213745,
            9.85177993774414,
            9.922365427017212,
            9.969315767288208,
            10.005510568618774,
            9.981477499008179,
            9.942879438400269,
            9.919862270355225,
            9.919147968292236,
            9.989092350006104,
            9.9586820602417,
            10.065140962600708,
            10.015848398208618,
            10.005536794662476,
            10.04847502708435,
            10.143661499023438,
            10.078284502029419,
            10.308779001235962,
            10.136159181594849,
            10.259125709533691,
            10.26808476448059,
            10.436733961105347,
            10.257727861404419,
            10.429859399795532,
            10.490882158279419,
            10.54102373123169,
            10.579349517822266,
            10.635128259658813,
            10.598477840423584,
            10.641918659210205,
            10.627433061599731,
            10.555962562561035,
            10.698577165603638,
            10.765621185302734,
            10.743732929229736,
            10.723678588867188,
            10.771981000900269,
            10.76253604888916,
            10.859965562820435,
            10.951554775238037,
            10.882495880126953,
            10.923833847045898,
            10.875905990600586,
            10.880248308181763,
            10.823458433151245,
            10.859001398086548,
            11.03779411315918,
            10.942707538604736,
            11.133588790893555,
            11.23873519897461
        ],
        "output_image_path": "/model_deploy_execution_attack_for_pipeline/outputs/emotion_ferplus_mnn_010369_ttba_attack/adversarial_image.png"
    }
}