{
    "status": "BUDGET_EXHAUSTED",
    "config": {
        "executable": "resources/execution_files/gender_googlenet_mnn",
        "benign_image": "/img_align_celeba/007198.jpg",
        "initial_adv_image": "/img_align_celeba/101264.jpg",
        "l2_epsilon_goal": 0.05,
        "linf_epsilon_goal": 0.06274509803921569,
        "query_budget": 40000,
        "max_iterations": 1000,
        "initial_queries": 50,
        "dimension_reduction": 1.0
    },
    "results": {
        "total_queries": 40107,
        "final_l2_distance": 9.538036346435547,
        "final_linf_distance": 0.12267106771469116,
        "total_duration_seconds": 962.2385444641113,
        "iteration_times_seconds": [
            6.213496923446655,
            6.28384804725647,
            6.414159059524536,
            6.556089401245117,
            6.55395770072937,
            6.697977542877197,
            6.86378288269043,
            6.972660541534424,
            7.073303937911987,
            7.099290370941162,
            7.190153121948242,
            7.318835496902466,
            7.240265607833862,
            7.34621262550354,
            7.623498916625977,
            7.685042381286621,
            7.693142414093018,
            7.700506210327148,
            7.788174867630005,
            7.835106134414673,
            7.8732521533966064,
            7.898144245147705,
            7.94321084022522,
            7.965631484985352,
            8.062537908554077,
            8.041608810424805,
            8.092487812042236,
            8.10838270187378,
            8.182115316390991,
            8.112389087677002,
            8.281453609466553,
            8.30340027809143,
            8.249435424804688,
            8.318708181381226,
            8.380528688430786,
            8.421150207519531,
            8.49133014678955,
            8.44494104385376,
            8.6307692527771,
            8.554114818572998,
            8.78591012954712,
            8.785122871398926,
            8.838024139404297,
            8.846240520477295,
            8.83137845993042,
            8.840240240097046,
            8.936924457550049,
            8.92513370513916,
            8.922744989395142,
            9.01295518875122,
            9.000305891036987,
            9.069121360778809,
            9.152530908584595,
            9.026368141174316,
            9.126401424407959,
            9.230022668838501,
            9.366109371185303,
            9.188421726226807,
            9.336082935333252,
            9.574986696243286,
            9.571368932723999,
            9.503507614135742,
            9.570787906646729,
            9.581193923950195,
            9.591452836990356,
            9.597704887390137,
            9.640954494476318,
            9.698317050933838,
            9.67263650894165,
            9.735690355300903,
            9.695982456207275,
            9.755258321762085,
            9.591153621673584,
            9.734023571014404,
            9.66103720664978,
            9.677821636199951,
            9.725027084350586,
            9.802863121032715,
            9.78125548362732,
            9.864074468612671,
            9.967591047286987,
            9.956140041351318,
            10.028447151184082,
            10.008855104446411,
            10.03274941444397,
            10.135523796081543,
            10.051759719848633,
            10.100399255752563,
            10.155560970306396,
            10.174926042556763,
            10.10654878616333,
            10.247081995010376,
            10.25672960281372,
            10.162148714065552,
            10.328331708908081,
            10.400630950927734,
            10.345264196395874,
            10.304776668548584,
            10.348797082901001,
            10.333322763442993,
            10.441599130630493,
            10.460629224777222,
            10.434421062469482,
            10.45435619354248,
            10.607038974761963,
            10.666756391525269,
            10.66844916343689
        ],
        "output_image_path": "/model_deploy_execution_attack_for_pipeline/outputs/gender_googlenet_mnn_007198_ttba_attack/adversarial_image.png"
    }
}