{
    "status": "SUCCESS",
    "config": {
        "executable": "./resources/execution_files/fsanet_headpose_mnn",
        "benign_image": "/img_align_celeba/015205.jpg",
        "initial_adv_image": "/img_align_celeba/181302.jpg",
        "l2_epsilon_goal": 0.05,
        "linf_epsilon_goal": 0.06274509803921569,
        "query_budget": 40000,
        "max_iterations": 1000,
        "initial_queries": 50,
        "dimension_reduction": 1.0
    },
    "results": {
        "total_queries": 26225,
        "final_l2_distance": 4.675782680511475,
        "final_linf_distance": 0.06243163347244263,
        "total_duration_seconds": 254.30201697349548,
        "iteration_times_seconds": [
            2.750119924545288,
            2.6401398181915283,
            2.7370758056640625,
            2.6993889808654785,
            2.7659308910369873,
            2.756122589111328,
            2.904141664505005,
            2.8263988494873047,
            2.9123494625091553,
            2.6630733013153076,
            2.670950412750244,
            2.813185214996338,
            2.857414722442627,
            2.772062063217163,
            2.9641215801239014,
            2.877708673477173,
            2.935617208480835,
            3.0005669593811035,
            2.9682114124298096,
            2.981868267059326,
            2.941385507583618,
            2.9344892501831055,
            2.9888525009155273,
            2.9254846572875977,
            3.1106643676757812,
            3.124265432357788,
            2.990274429321289,
            3.095874547958374,
            2.9602901935577393,
            2.9978978633880615,
            3.202751636505127,
            3.0651304721832275,
            3.0834274291992188,
            3.102762460708618,
            3.0174245834350586,
            3.21671724319458,
            3.1865885257720947,
            3.21289324760437,
            3.2080271244049072,
            3.15021014213562,
            3.113614320755005,
            3.150967836380005,
            3.224621295928955,
            3.1846182346343994,
            3.1912331581115723,
            3.273918867111206,
            3.2793238162994385,
            3.238100528717041,
            3.2488646507263184,
            3.2823338508605957,
            3.3461241722106934,
            3.3114736080169678,
            3.4079346656799316,
            3.3719139099121094,
            3.359123706817627,
            3.501553535461426,
            3.372663736343384,
            3.3777029514312744,
            3.3866734504699707,
            3.233609676361084,
            3.367875576019287,
            3.4227781295776367,
            3.3170924186706543,
            3.4306983947753906,
            3.347503662109375,
            3.3502092361450195,
            3.350493907928467,
            3.3400485515594482,
            3.395101308822632,
            3.4429852962493896,
            3.3956098556518555,
            3.5057501792907715,
            3.438443660736084,
            3.390108346939087,
            3.497973918914795,
            3.411820888519287,
            3.5023791790008545,
            3.542412281036377,
            3.5928266048431396,
            3.5349860191345215
        ],
        "output_image_path": "/model_deploy_execution_attack_for_pipeline/outputs/fsanet_headpose_mnn_015205_ttba_attack/adversarial_image.png"
    }
}