{
    "status": "BUDGET_EXHAUSTED",
    "config": {
        "executable": "./resources/execution_files/age_googlenet_mnn",
        "benign_image": "/img_align_celeba/174837.jpg",
        "initial_adv_image": "/img_align_celeba/00000016.png",
        "l2_epsilon_goal": 0.05,
        "linf_epsilon_goal": 0.06274509803921569,
        "query_budget": 40000,
        "max_iterations": 1000,
        "initial_queries": 50,
        "dimension_reduction": 1.0
    },
    "results": {
        "total_queries": 40313,
        "final_l2_distance": 47.59230041503906,
        "final_linf_distance": 0.6061375737190247,
        "total_duration_seconds": 1136.4051625728607,
        "iteration_times_seconds": [
            7.5284929275512695,
            7.805047988891602,
            7.981008768081665,
            8.098355531692505,
            8.10142970085144,
            8.25354552268982,
            8.571011066436768,
            8.51473355293274,
            8.45895504951477,
            8.638175010681152,
            8.693228721618652,
            8.728205680847168,
            8.84756064414978,
            8.905437231063843,
            9.095714330673218,
            9.144049882888794,
            9.151200294494629,
            9.318865537643433,
            9.268691062927246,
            9.303269624710083,
            9.358309984207153,
            9.465701818466187,
            9.426833152770996,
            9.451507568359375,
            9.618695735931396,
            9.743597030639648,
            9.759965896606445,
            9.916200160980225,
            9.901022672653198,
            9.888829469680786,
            9.997640609741211,
            9.906980752944946,
            10.096065521240234,
            10.066526651382446,
            10.018206119537354,
            10.04242467880249,
            10.154637575149536,
            10.234183311462402,
            10.236955881118774,
            10.238386869430542,
            10.242729663848877,
            10.393224477767944,
            10.44624137878418,
            10.490583896636963,
            10.538547277450562,
            10.448513507843018,
            10.615259408950806,
            10.663164138793945,
            10.706061124801636,
            10.70654582977295,
            10.774482011795044,
            10.705845355987549,
            10.720497846603394,
            10.806448221206665,
            10.785268545150757,
            10.838064193725586,
            10.875346899032593,
            10.836941957473755,
            10.879551887512207,
            10.986129760742188,
            11.109626770019531,
            11.1524338722229,
            11.165515184402466,
            11.129322290420532,
            11.157893180847168,
            11.246806144714355,
            11.202221155166626,
            11.350557565689087,
            11.315735816955566,
            11.275319576263428,
            11.416239738464355,
            11.362090349197388,
            11.382004737854004,
            11.47292423248291,
            11.5475914478302,
            11.432191848754883,
            11.504416227340698,
            11.5129714012146,
            11.573301553726196,
            11.660088062286377,
            11.667977809906006,
            11.684883832931519,
            11.799795866012573,
            11.74605941772461,
            11.887629508972168,
            11.799443244934082,
            11.794726610183716,
            11.998269319534302,
            11.909239530563354,
            11.86793065071106,
            11.915197134017944,
            11.689805507659912,
            11.806766271591187,
            11.847590208053589,
            11.869184732437134,
            11.75699758529663,
            11.893446683883667,
            11.895981550216675,
            11.875086545944214,
            12.009551286697388,
            11.995232343673706,
            11.962454319000244,
            11.921653985977173,
            11.979833841323853,
            11.95081090927124,
            12.17164397239685,
            12.128734350204468
        ],
        "output_image_path": "/model_deploy_execution_attack_for_pipeline/outputs/age_googlenet_mnn_174837_ttba_attack/adversarial_image.png"
    }
}