{
    "status": "BUDGET_EXHAUSTED",
    "config": {
        "executable": "./resources/execution_files/emotion_ferplus_mnn",
        "benign_image": "/img_align_celeba/155609.jpg",
        "initial_adv_image": "/img_align_celeba/074189.jpg",
        "l2_epsilon_goal": 0.05,
        "linf_epsilon_goal": 0.06274509803921569,
        "query_budget": 40000,
        "max_iterations": 1000,
        "initial_queries": 50,
        "dimension_reduction": 1.0
    },
    "results": {
        "total_queries": 40140,
        "final_l2_distance": 9.075671195983887,
        "final_linf_distance": 0.13904635608196259,
        "total_duration_seconds": 1003.460859298706,
        "iteration_times_seconds": [
            6.704606056213379,
            6.824620485305786,
            6.9266345500946045,
            7.096376180648804,
            7.16051459312439,
            7.36327052116394,
            7.412696123123169,
            7.419822692871094,
            7.532944679260254,
            7.684734106063843,
            7.844147682189941,
            7.779762029647827,
            7.8660149574279785,
            7.957520246505737,
            7.87014102935791,
            7.8857033252716064,
            8.025643348693848,
            8.09064769744873,
            8.141663312911987,
            8.213712692260742,
            8.268909454345703,
            8.255152225494385,
            8.352091550827026,
            8.399335622787476,
            8.387442827224731,
            8.425721645355225,
            8.588347911834717,
            8.747535705566406,
            8.66804838180542,
            8.725768327713013,
            8.792147636413574,
            8.763952732086182,
            8.815708875656128,
            8.80889368057251,
            8.922754049301147,
            8.961085319519043,
            9.007923126220703,
            9.014399766921997,
            9.179599523544312,
            9.127242088317871,
            9.131256103515625,
            9.222287654876709,
            9.348437786102295,
            9.116454601287842,
            9.207873106002808,
            9.194550514221191,
            9.258880615234375,
            9.264068365097046,
            9.378301620483398,
            9.329325675964355,
            9.431710958480835,
            9.392074823379517,
            9.417037010192871,
            9.422765493392944,
            9.548348188400269,
            9.568387746810913,
            9.647732257843018,
            9.596445083618164,
            9.602518558502197,
            9.762622356414795,
            9.738542079925537,
            9.864841938018799,
            9.881828308105469,
            9.849961757659912,
            9.83771562576294,
            10.000171899795532,
            10.00189733505249,
            9.972261190414429,
            10.00843095779419,
            10.042035341262817,
            9.96927809715271,
            10.11281132698059,
            10.164410591125488,
            9.988601207733154,
            9.971436977386475,
            9.976279020309448,
            9.965721607208252,
            10.140790224075317,
            10.20194959640503,
            10.11652684211731,
            10.215331077575684,
            10.24672818183899,
            10.298006057739258,
            10.366868257522583,
            10.305750608444214,
            10.423479795455933,
            10.483866214752197,
            10.532804012298584,
            10.467648267745972,
            10.417566776275635,
            10.489077091217041,
            10.522003889083862,
            10.504050493240356,
            10.569101095199585,
            10.553468942642212,
            10.572576999664307,
            10.57707667350769,
            10.594977378845215,
            10.639668464660645,
            10.78743290901184,
            10.716675996780396,
            10.73783278465271,
            10.885178565979004,
            10.87613296508789,
            10.8280611038208,
            10.842288732528687,
            10.923973560333252
        ],
        "output_image_path": "/model_deploy_execution_attack_for_pipeline/outputs/emotion_ferplus_mnn_155609_ttba_attack/adversarial_image.png"
    }
}