{
    "status": "SUCCESS",
    "config": {
        "executable": "./resources/execution_files/gender_googlenet_mnn",
        "benign_image": "/img_align_celeba/153522.jpg",
        "initial_adv_image": "/img_align_celeba/001516.jpg",
        "l2_epsilon_goal": 0.05,
        "linf_epsilon_goal": 0.06274509803921569,
        "query_budget": 40000,
        "max_iterations": 1000,
        "initial_queries": 50,
        "dimension_reduction": 1.0
    },
    "results": {
        "total_queries": 3395,
        "final_l2_distance": 4.487171173095703,
        "final_linf_distance": 0.05461648106575012,
        "total_duration_seconds": 129.10656332969666,
        "iteration_times_seconds": [
            5.854564428329468,
            6.180715560913086,
            6.254502296447754,
            6.244365692138672,
            6.258695602416992,
            6.432223796844482,
            6.625622510910034,
            6.590627908706665,
            6.59043025970459,
            6.6113855838775635,
            6.586736679077148,
            6.676296949386597,
            6.761740446090698,
            6.720444202423096,
            6.887765884399414,
            6.935061931610107,
            6.8382837772369385,
            6.989624261856079,
            6.974114418029785
        ],
        "output_image_path": "/model_deploy_execution_attack_for_pipeline/outputs/gender_googlenet_mnn_153522_ttba_attack/adversarial_image.png"
    }
}