{
    "status": "BUDGET_EXHAUSTED",
    "config": {
        "executable": "./resources/execution_files/fsanet_headpose_mnn",
        "benign_image": "/img_align_celeba/058463.jpg",
        "initial_adv_image": "/img_align_celeba/195377.jpg",
        "l2_epsilon_goal": 0.05,
        "linf_epsilon_goal": 0.06274509803921569,
        "query_budget": 40000,
        "max_iterations": 1000,
        "initial_queries": 50,
        "dimension_reduction": 1.0
    },
    "results": {
        "total_queries": 40099,
        "final_l2_distance": 8.194278717041016,
        "final_linf_distance": 0.10842257738113403,
        "total_duration_seconds": 362.3000416755676,
        "iteration_times_seconds": [
            2.6375439167022705,
            2.7174928188323975,
            2.756356954574585,
            2.8916091918945312,
            2.9338467121124268,
            2.983107566833496,
            2.8740832805633545,
            2.8893074989318848,
            2.951604127883911,
            3.0513880252838135,
            2.8374252319335938,
            2.89121413230896,
            3.021251678466797,
            2.8530642986297607,
            3.093170166015625,
            2.974465847015381,
            3.0801632404327393,
            3.0305891036987305,
            2.9996495246887207,
            3.100808620452881,
            3.0269176959991455,
            3.04394793510437,
            3.1756656169891357,
            3.0451414585113525,
            3.127715826034546,
            3.1676816940307617,
            3.2050352096557617,
            3.288863182067871,
            3.2811269760131836,
            3.181706428527832,
            3.215470552444458,
            3.0867831707000732,
            3.422340154647827,
            3.1488564014434814,
            3.1847245693206787,
            3.143033504486084,
            3.2085633277893066,
            3.4517929553985596,
            3.281851053237915,
            3.3005056381225586,
            3.162311315536499,
            3.2788197994232178,
            3.7827649116516113,
            4.141167402267456,
            3.333322048187256,
            3.2493340969085693,
            3.2296504974365234,
            3.3699591159820557,
            3.232072591781616,
            3.360640525817871,
            3.4356048107147217,
            3.386726140975952,
            3.358531951904297,
            3.2743942737579346,
            3.515223741531372,
            3.4334733486175537,
            3.4469306468963623,
            3.386817693710327,
            3.2853071689605713,
            3.522768497467041,
            3.4632866382598877,
            3.4455533027648926,
            3.6216719150543213,
            3.549849271774292,
            3.434215545654297,
            3.4942402839660645,
            3.447875738143921,
            3.4545087814331055,
            3.465177536010742,
            3.544757843017578,
            3.5839648246765137,
            3.5772151947021484,
            3.5241050720214844,
            3.5096073150634766,
            3.4971818923950195,
            3.5682547092437744,
            3.554654598236084,
            3.4671523571014404,
            3.5262489318847656,
            3.6118853092193604,
            3.6621696949005127,
            3.6877596378326416,
            3.570150852203369,
            3.5314931869506836,
            3.613832473754883,
            3.70298433303833,
            3.696578025817871,
            3.6230838298797607,
            3.6500084400177,
            3.665686845779419,
            3.636812210083008,
            3.8240363597869873,
            3.5861618518829346,
            3.715291738510132,
            3.6296586990356445,
            3.735522985458374,
            3.6797890663146973,
            3.6380302906036377,
            3.7393054962158203,
            3.7403056621551514,
            3.7552478313446045,
            3.6389803886413574,
            3.821396827697754,
            3.7043004035949707,
            3.7690155506134033,
            3.724499225616455,
            3.7758874893188477
        ],
        "output_image_path": "/model_deploy_execution_attack_for_pipeline/outputs/fsanet_headpose_mnn_058463_ttba_attack/adversarial_image.png"
    }
}