{
    "status": "SUCCESS",
    "config": {
        "executable": "./resources/execution_files/fsanet_headpose_mnn",
        "benign_image": "/img_align_celeba/057036.jpg",
        "initial_adv_image": "/img_align_celeba/056328.jpg",
        "l2_epsilon_goal": 0.05,
        "linf_epsilon_goal": 0.06274509803921569,
        "query_budget": 40000,
        "max_iterations": 1000,
        "initial_queries": 50,
        "dimension_reduction": 1.0
    },
    "results": {
        "total_queries": 6759,
        "final_l2_distance": 4.6682024002075195,
        "final_linf_distance": 0.05975377559661865,
        "total_duration_seconds": 91.42051720619202,
        "iteration_times_seconds": [
            2.6375887393951416,
            2.7224252223968506,
            2.8413307666778564,
            2.769622325897217,
            2.901202440261841,
            2.737264394760132,
            2.911832571029663,
            2.7533140182495117,
            2.966967821121216,
            2.878493547439575,
            2.88775634765625,
            2.714336395263672,
            2.8567023277282715,
            2.8907923698425293,
            2.8866429328918457,
            2.9583466053009033,
            2.9380953311920166,
            2.88706374168396,
            2.8374922275543213,
            3.010364055633545,
            2.9344756603240967,
            3.0392284393310547,
            2.9077835083007812,
            2.9119949340820312,
            2.924433946609497,
            2.9263744354248047,
            2.88788104057312,
            2.97790789604187,
            3.0794527530670166,
            3.1105329990386963,
            3.0225844383239746
        ],
        "output_image_path": "/model_deploy_execution_attack_for_pipeline/outputs/fsanet_headpose_mnn_057036_ttba_attack/adversarial_image.png"
    }
}