{
    "status": "BUDGET_EXHAUSTED",
    "config": {
        "executable": "./resources/execution_files/age_googlenet_mnn",
        "benign_image": "/img_align_celeba/076946.jpg",
        "initial_adv_image": "/img_align_celeba/00000009.png",
        "l2_epsilon_goal": 0.05,
        "linf_epsilon_goal": 0.06274509803921569,
        "query_budget": 40000,
        "max_iterations": 1000,
        "initial_queries": 50,
        "dimension_reduction": 1.0
    },
    "results": {
        "total_queries": 40362,
        "final_l2_distance": 71.30443572998047,
        "final_linf_distance": 0.8994670510292053,
        "total_duration_seconds": 1151.3118195533752,
        "iteration_times_seconds": [
            7.774667501449585,
            8.110946893692017,
            8.159657955169678,
            8.261030197143555,
            8.43444013595581,
            8.453681468963623,
            8.701396703720093,
            8.820968866348267,
            8.910389423370361,
            8.868082046508789,
            8.944679021835327,
            8.97780156135559,
            9.013736963272095,
            9.13634729385376,
            9.431435108184814,
            9.440027713775635,
            9.451693773269653,
            9.510711431503296,
            9.585790157318115,
            9.558883666992188,
            9.631561517715454,
            9.66338062286377,
            9.743721723556519,
            9.809780359268188,
            9.956812143325806,
            10.00300645828247,
            10.068354368209839,
            10.073198795318604,
            10.065007209777832,
            10.082990169525146,
            10.17694091796875,
            10.248042821884155,
            10.030086278915405,
            10.113614320755005,
            10.093665838241577,
            10.13562798500061,
            10.170884370803833,
            10.260061502456665,
            10.344351768493652,
            10.27214002609253,
            10.321038007736206,
            10.457025289535522,
            10.495394468307495,
            10.578245878219604,
            10.490957736968994,
            10.544600486755371,
            10.63980221748352,
            10.654504537582397,
            10.755213499069214,
            10.696493864059448,
            10.802398204803467,
            10.771393775939941,
            10.863716125488281,
            10.805747032165527,
            10.84967827796936,
            10.920454025268555,
            10.973161697387695,
            10.944925308227539,
            10.985337972640991,
            11.118245124816895,
            11.19106125831604,
            11.167623043060303,
            11.214751243591309,
            11.216935873031616,
            11.242241382598877,
            11.272359371185303,
            11.242027044296265,
            11.353113651275635,
            11.299373388290405,
            11.42314887046814,
            11.336869955062866,
            11.329444169998169,
            11.387583255767822,
            11.464778900146484,
            11.522998809814453,
            11.512445211410522,
            11.589375257492065,
            11.532551288604736,
            11.522269010543823,
            11.61238431930542,
            11.750848293304443,
            11.814300060272217,
            11.831301212310791,
            11.846109390258789,
            11.8777015209198,
            11.904476881027222,
            11.858233451843262,
            11.858220100402832,
            11.867773532867432,
            11.877957105636597,
            11.963979482650757,
            11.966314792633057,
            12.083437442779541,
            11.986745357513428,
            12.008536338806152,
            12.105621099472046,
            12.102337121963501,
            12.032663345336914,
            12.17629361152649,
            12.28606390953064,
            12.152345418930054,
            12.261500120162964,
            12.312905550003052,
            12.368693351745605,
            12.219245195388794,
            12.378245115280151,
            12.395665168762207
        ],
        "output_image_path": "/model_deploy_execution_attack_for_pipeline/outputs/age_googlenet_mnn_076946_ttba_attack/adversarial_image.png"
    }
}