{
    "status": "BUDGET_EXHAUSTED",
    "config": {
        "executable": "./resources/execution_files/age_googlenet_mnn",
        "benign_image": "/img_align_celeba/040238.jpg",
        "initial_adv_image": "/img_align_celeba/00000010.png",
        "l2_epsilon_goal": 0.05,
        "linf_epsilon_goal": 0.06274509803921569,
        "query_budget": 40000,
        "max_iterations": 1000,
        "initial_queries": 50,
        "dimension_reduction": 1.0
    },
    "results": {
        "total_queries": 40316,
        "final_l2_distance": 26.41240882873535,
        "final_linf_distance": 0.3273484408855438,
        "total_duration_seconds": 1147.5015778541565,
        "iteration_times_seconds": [
            7.88543176651001,
            8.095402002334595,
            8.262047290802002,
            8.348161458969116,
            8.420683860778809,
            8.587235927581787,
            8.836410522460938,
            8.831240892410278,
            8.904334545135498,
            8.910020589828491,
            8.9694344997406,
            9.031064510345459,
            9.093862771987915,
            9.333921432495117,
            9.40353512763977,
            9.459787607192993,
            9.628162860870361,
            9.605739116668701,
            9.556589603424072,
            9.711530447006226,
            9.725173234939575,
            9.573003053665161,
            9.520931005477905,
            9.542178630828857,
            9.655169486999512,
            9.60875916481018,
            9.887953042984009,
            9.882528305053711,
            9.88607931137085,
            9.882220983505249,
            10.080012559890747,
            9.98660945892334,
            10.093064785003662,
            10.12542176246643,
            10.081432104110718,
            10.14819622039795,
            10.175138473510742,
            10.298985719680786,
            10.313819646835327,
            10.413484573364258,
            10.449435949325562,
            10.491010665893555,
            10.548677206039429,
            10.536428451538086,
            10.650638341903687,
            10.59818696975708,
            10.656535863876343,
            10.811626434326172,
            10.721091747283936,
            10.817894458770752,
            10.726025104522705,
            10.938661575317383,
            10.783960580825806,
            10.856813907623291,
            10.868834257125854,
            10.89447021484375,
            11.051023960113525,
            10.997628688812256,
            10.995795488357544,
            11.236778974533081,
            11.212652683258057,
            11.177610397338867,
            11.329147577285767,
            11.312362909317017,
            12.171729803085327,
            11.660020351409912,
            11.250542640686035,
            11.31597638130188,
            11.383021354675293,
            11.391872644424438,
            11.396260738372803,
            11.458192110061646,
            11.278791904449463,
            11.385682582855225,
            11.332211256027222,
            11.249883890151978,
            11.407558917999268,
            11.396714448928833,
            11.48491907119751,
            11.480157852172852,
            11.571537017822266,
            11.633309364318848,
            11.623088359832764,
            11.691199541091919,
            11.745513916015625,
            11.626144170761108,
            11.67592740058899,
            11.764266014099121,
            11.748388051986694,
            11.804579257965088,
            11.750447988510132,
            11.754847764968872,
            11.90266489982605,
            11.845682859420776,
            11.875243425369263,
            11.874944925308228,
            11.904446840286255,
            11.957685947418213,
            11.992885828018188,
            11.973125457763672,
            11.999130010604858,
            12.050291299819946,
            12.10221552848816,
            12.112813234329224,
            12.089910507202148,
            12.258053302764893,
            12.199784755706787
        ],
        "output_image_path": "/model_deploy_execution_attack_for_pipeline/outputs/age_googlenet_mnn_040238_ttba_attack/adversarial_image.png"
    }
}