{
    "status": "SUCCESS",
    "config": {
        "executable": "./resources/execution_files/ssrnet_age_mnn",
        "benign_image": "/img_align_celeba/185164.jpg",
        "initial_adv_image": "/img_align_celeba/107403.jpg",
        "l2_epsilon_goal": 0.05,
        "linf_epsilon_goal": 0.06274509803921569,
        "query_budget": 40000,
        "max_iterations": 1000,
        "initial_queries": 50,
        "dimension_reduction": 1.0
    },
    "results": {
        "total_queries": 7709,
        "final_l2_distance": 4.801646709442139,
        "final_linf_distance": 0.061926767230033875,
        "total_duration_seconds": 87.52560687065125,
        "iteration_times_seconds": [
            2.3212203979492188,
            2.384937286376953,
            2.425114870071411,
            2.5207736492156982,
            2.4600682258605957,
            2.5533008575439453,
            2.5922930240631104,
            2.512944221496582,
            2.4412293434143066,
            2.485698938369751,
            2.5154483318328857,
            2.3934690952301025,
            2.463592052459717,
            2.4659440517425537,
            2.4591317176818848,
            2.582744598388672,
            2.5727474689483643,
            2.4980642795562744,
            2.5158348083496094,
            2.508103847503662,
            2.48770809173584,
            2.4461889266967773,
            2.5953564643859863,
            2.532805919647217,
            2.648226261138916,
            2.5982553958892822,
            2.6261396408081055,
            2.648502826690674,
            2.6821718215942383,
            2.714116096496582,
            2.591562271118164,
            2.5751967430114746,
            2.5983269214630127,
            2.639458417892456
        ],
        "output_image_path": "/model_deploy_execution_attack_for_pipeline/outputs/ssrnet_age_mnn_185164_ttba_attack/adversarial_image.png"
    }
}