{
    "status": "SUCCESS",
    "config": {
        "executable": "resources/execution_files/gender_googlenet_mnn",
        "benign_image": "/img_align_celeba/049546.jpg",
        "initial_adv_image": "/img_align_celeba/185164.jpg",
        "l2_epsilon_goal": 0.05,
        "linf_epsilon_goal": 0.06274509803921569,
        "query_budget": 40000,
        "max_iterations": 1000,
        "initial_queries": 50,
        "dimension_reduction": 1.0
    },
    "results": {
        "total_queries": 4412,
        "final_l2_distance": 4.267578125,
        "final_linf_distance": 0.057042986154556274,
        "total_duration_seconds": 159.10022854804993,
        "iteration_times_seconds": [
            5.701786518096924,
            6.089329957962036,
            5.989946603775024,
            6.132069826126099,
            6.212904691696167,
            6.400372743606567,
            6.550229549407959,
            6.5250701904296875,
            6.6287195682525635,
            6.711007833480835,
            6.581623077392578,
            6.683490037918091,
            6.7431700229644775,
            6.8782806396484375,
            7.058885812759399,
            7.0781331062316895,
            7.113815546035767,
            7.174607038497925,
            7.221436262130737,
            7.271515846252441,
            7.310631513595581,
            7.3575098514556885,
            7.443433046340942
        ],
        "output_image_path": "/model_deploy_execution_attack_for_pipeline/outputs/gender_googlenet_mnn_049546_ttba_attack/adversarial_image.png"
    }
}