{
    "status": "SUCCESS",
    "config": {
        "executable": "./resources/execution_files/ssrnet_age_mnn",
        "benign_image": "/img_align_celeba/138383.jpg",
        "initial_adv_image": "/img_align_celeba/197574.jpg",
        "l2_epsilon_goal": 0.05,
        "linf_epsilon_goal": 0.06274509803921569,
        "query_budget": 40000,
        "max_iterations": 1000,
        "initial_queries": 50,
        "dimension_reduction": 1.0
    },
    "results": {
        "total_queries": 14102,
        "final_l2_distance": 4.703779697418213,
        "final_linf_distance": 0.0604628324508667,
        "total_duration_seconds": 136.8716859817505,
        "iteration_times_seconds": [
            2.297633409500122,
            2.3335628509521484,
            2.4622344970703125,
            2.408486843109131,
            2.501530408859253,
            2.4779012203216553,
            2.5434932708740234,
            2.4294774532318115,
            2.424696445465088,
            2.4455578327178955,
            2.4701192378997803,
            2.434737205505371,
            2.4451279640197754,
            2.489776611328125,
            2.451566696166992,
            2.5643112659454346,
            2.4946846961975098,
            2.470158576965332,
            2.5729174613952637,
            2.5956497192382812,
            2.567274808883667,
            2.5929718017578125,
            2.479738235473633,
            2.66153883934021,
            2.593846559524536,
            2.6821508407592773,
            2.492199420928955,
            2.608288526535034,
            2.6624202728271484,
            2.7033398151397705,
            2.709188222885132,
            2.6083669662475586,
            2.711977243423462,
            2.7599472999572754,
            2.7648682594299316,
            2.664834499359131,
            2.7043187618255615,
            2.721834421157837,
            2.5953333377838135,
            2.6414077281951904,
            2.70365309715271,
            2.6997230052948,
            2.6677353382110596,
            2.827754020690918,
            2.8177876472473145,
            2.7367374897003174,
            2.7328755855560303,
            2.8270351886749268,
            2.843467950820923,
            2.7051172256469727,
            2.8374712467193604,
            2.732926607131958
        ],
        "output_image_path": "/model_deploy_execution_attack_for_pipeline/outputs/ssrnet_age_mnn_138383_ttba_attack/adversarial_image.png"
    }
}