{
    "status": "BUDGET_EXHAUSTED",
    "config": {
        "executable": "./resources/execution_files/emotion_ferplus_mnn",
        "benign_image": "/img_align_celeba/198647.jpg",
        "initial_adv_image": "/img_align_celeba/091663.jpg",
        "l2_epsilon_goal": 0.05,
        "linf_epsilon_goal": 0.06274509803921569,
        "query_budget": 40000,
        "max_iterations": 1000,
        "initial_queries": 50,
        "dimension_reduction": 1.0
    },
    "results": {
        "total_queries": 40143,
        "final_l2_distance": 8.861140251159668,
        "final_linf_distance": 0.13239175081253052,
        "total_duration_seconds": 1002.9035184383392,
        "iteration_times_seconds": [
            6.495765686035156,
            6.817070007324219,
            6.924139738082886,
            7.0533576011657715,
            7.093066930770874,
            7.191793203353882,
            7.372689723968506,
            7.411900281906128,
            7.689463138580322,
            7.703520774841309,
            7.682255744934082,
            7.788863897323608,
            7.821101665496826,
            7.840142250061035,
            8.054962396621704,
            8.095205068588257,
            8.165159225463867,
            8.269379615783691,
            8.258743047714233,
            8.314987182617188,
            8.411111116409302,
            8.435416221618652,
            8.196783781051636,
            8.319313526153564,
            8.436555624008179,
            8.442360401153564,
            8.583402872085571,
            8.657312393188477,
            8.70806097984314,
            8.634132385253906,
            8.803535461425781,
            8.729501962661743,
            8.798006057739258,
            8.767651319503784,
            8.869060277938843,
            8.988920211791992,
            8.849439144134521,
            8.961873531341553,
            8.986595630645752,
            8.785497903823853,
            8.949806213378906,
            8.982084035873413,
            9.136224031448364,
            9.206514596939087,
            9.152778625488281,
            9.176144123077393,
            9.328212261199951,
            9.288068532943726,
            9.378670692443848,
            9.382809400558472,
            9.459791421890259,
            9.380139827728271,
            9.405527114868164,
            9.536178350448608,
            9.40378475189209,
            9.687101364135742,
            9.672651290893555,
            9.700604677200317,
            9.693999290466309,
            9.769734621047974,
            9.726109981536865,
            9.862491369247437,
            9.876665115356445,
            9.886476755142212,
            9.909621953964233,
            9.908076524734497,
            9.91507339477539,
            9.981401920318604,
            10.004590272903442,
            9.90894889831543,
            10.150903701782227,
            10.180606126785278,
            10.179204225540161,
            9.904430627822876,
            10.08893632888794,
            10.049885272979736,
            10.055089473724365,
            10.13685417175293,
            9.970956087112427,
            10.176772117614746,
            10.17843770980835,
            10.337499856948853,
            10.357736110687256,
            10.30877423286438,
            10.311739206314087,
            10.39336371421814,
            10.421064615249634,
            10.451605081558228,
            10.443293333053589,
            10.4839768409729,
            10.52074646949768,
            10.468472957611084,
            10.511847496032715,
            10.565739393234253,
            10.572790384292603,
            10.535873174667358,
            10.58945631980896,
            10.692716598510742,
            10.636497497558594,
            10.732448101043701,
            10.875878810882568,
            10.766799211502075,
            10.712814807891846,
            10.90768551826477,
            10.857781648635864,
            10.905564069747925,
            10.928114652633667
        ],
        "output_image_path": "/model_deploy_execution_attack_for_pipeline/outputs/emotion_ferplus_mnn_198647_ttba_attack/adversarial_image.png"
    }
}