{
    "status": "BUDGET_EXHAUSTED",
    "config": {
        "executable": "./resources/execution_files/gender_googlenet_mnn",
        "benign_image": "/img_align_celeba/150995.jpg",
        "initial_adv_image": "/img_align_celeba/101264.jpg",
        "l2_epsilon_goal": 0.05,
        "linf_epsilon_goal": 0.06274509803921569,
        "query_budget": 40000,
        "max_iterations": 1000,
        "initial_queries": 50,
        "dimension_reduction": 1.0
    },
    "results": {
        "total_queries": 40109,
        "final_l2_distance": 7.3513078689575195,
        "final_linf_distance": 0.09643557667732239,
        "total_duration_seconds": 925.4596056938171,
        "iteration_times_seconds": [
            6.101170778274536,
            6.299311399459839,
            6.426175355911255,
            6.564957141876221,
            6.680540561676025,
            6.755807161331177,
            6.918852806091309,
            6.939538478851318,
            7.145262241363525,
            7.113453388214111,
            7.149312973022461,
            7.150192975997925,
            7.420591354370117,
            7.196249723434448,
            7.296138525009155,
            7.395611047744751,
            7.476005792617798,
            7.489582777023315,
            7.48131537437439,
            7.532581090927124,
            7.577627182006836,
            7.657598495483398,
            7.738485813140869,
            7.806840181350708,
            7.87320351600647,
            7.826583385467529,
            8.022903203964233,
            8.0645432472229,
            8.105333805084229,
            7.978693962097168,
            7.943505764007568,
            8.060153245925903,
            7.984485149383545,
            8.07766604423523,
            8.145779848098755,
            8.123318433761597,
            8.096293210983276,
            8.261677742004395,
            8.237256288528442,
            8.260257959365845,
            8.348616123199463,
            8.416688442230225,
            8.448043823242188,
            8.474726438522339,
            8.528113603591919,
            8.643288850784302,
            8.601264953613281,
            8.653343915939331,
            8.656943321228027,
            8.712607860565186,
            8.773890495300293,
            8.737702131271362,
            8.788124799728394,
            8.796581029891968,
            8.841191053390503,
            8.920214653015137,
            8.847655296325684,
            8.861409425735474,
            8.752022743225098,
            8.865059852600098,
            8.918397903442383,
            8.76376461982727,
            8.939335346221924,
            9.10075855255127,
            9.05049443244934,
            9.009278535842896,
            9.09059476852417,
            9.153768062591553,
            9.151507139205933,
            9.068146467208862,
            9.143506288528442,
            9.127793550491333,
            9.153894901275635,
            9.180308818817139,
            9.34788727760315,
            9.236591100692749,
            9.35035753250122,
            9.20887804031372,
            9.3895103931427,
            9.381343126296997,
            9.352016687393188,
            9.551470756530762,
            9.583755731582642,
            9.49972152709961,
            9.607191801071167,
            9.620070934295654,
            9.657599210739136,
            9.717636108398438,
            9.620613813400269,
            9.915288209915161,
            9.771600008010864,
            9.749693155288696,
            9.904896020889282,
            9.783134698867798,
            9.900712966918945,
            9.887121438980103,
            9.772315979003906,
            9.839500427246094,
            9.795632123947144,
            9.916409015655518,
            9.842702627182007,
            10.01865005493164,
            9.935326337814331,
            9.87668776512146,
            10.07416582107544,
            10.143427848815918,
            10.165262460708618
        ],
        "output_image_path": "/model_deploy_execution_attack_for_pipeline/outputs/gender_googlenet_mnn_150995_ttba_attack/adversarial_image.png"
    }
}