{
    "status": "SUCCESS",
    "config": {
        "executable": "./resources/execution_files/fsanet_headpose_mnn",
        "benign_image": "/img_align_celeba/083501.jpg",
        "initial_adv_image": "/img_align_celeba/091663.jpg",
        "l2_epsilon_goal": 0.05,
        "linf_epsilon_goal": 0.06274509803921569,
        "query_budget": 40000,
        "max_iterations": 1000,
        "initial_queries": 50,
        "dimension_reduction": 1.0
    },
    "results": {
        "total_queries": 23473,
        "final_l2_distance": 4.340571403503418,
        "final_linf_distance": 0.06179243326187134,
        "total_duration_seconds": 236.9284348487854,
        "iteration_times_seconds": [
            2.6694698333740234,
            2.725450038909912,
            2.8363912105560303,
            2.7919769287109375,
            2.899683952331543,
            2.9082653522491455,
            2.912109375,
            2.830230236053467,
            2.9431471824645996,
            3.054682493209839,
            3.029149293899536,
            2.8656091690063477,
            3.134819746017456,
            3.086885690689087,
            3.061984062194824,
            3.0479257106781006,
            3.1361069679260254,
            3.0238218307495117,
            3.075228452682495,
            3.15988826751709,
            3.056819438934326,
            3.0410256385803223,
            3.0338845252990723,
            3.0350260734558105,
            3.0377933979034424,
            3.1026451587677,
            3.1433897018432617,
            3.1192328929901123,
            3.0799551010131836,
            3.1636857986450195,
            3.1007180213928223,
            3.166708469390869,
            3.168372631072998,
            3.2275562286376953,
            3.134401321411133,
            3.1967036724090576,
            3.1286141872406006,
            3.2308270931243896,
            3.149355888366699,
            3.1826372146606445,
            3.2309746742248535,
            3.202329397201538,
            3.2303640842437744,
            3.1579508781433105,
            3.3082962036132812,
            3.2658610343933105,
            3.3387556076049805,
            3.4336228370666504,
            3.275212287902832,
            3.3326172828674316,
            3.2936766147613525,
            3.3648011684417725,
            3.1472902297973633,
            3.3510994911193848,
            3.392918348312378,
            3.228541851043701,
            3.3523099422454834,
            3.254348039627075,
            3.3589813709259033,
            3.2414073944091797,
            3.288952112197876,
            3.4304213523864746,
            3.3225760459899902,
            3.3662760257720947,
            3.4187560081481934,
            3.444854259490967,
            3.465564250946045,
            3.3508007526397705,
            3.493978261947632,
            3.420489549636841,
            3.3787131309509277,
            3.495126485824585,
            3.4354560375213623,
            3.3819327354431152
        ],
        "output_image_path": "/model_deploy_execution_attack_for_pipeline/outputs/fsanet_headpose_mnn_083501_ttba_attack/adversarial_image.png"
    }
}