{
    "status": "BUDGET_EXHAUSTED",
    "config": {
        "executable": "./resources/execution_files/age_googlenet_mnn",
        "benign_image": "/img_align_celeba/199559.jpg",
        "initial_adv_image": "/img_align_celeba/00000018.png",
        "l2_epsilon_goal": 0.05,
        "linf_epsilon_goal": 0.06274509803921569,
        "query_budget": 40000,
        "max_iterations": 1000,
        "initial_queries": 50,
        "dimension_reduction": 1.0
    },
    "results": {
        "total_queries": 40332,
        "final_l2_distance": 44.77738571166992,
        "final_linf_distance": 0.6033676266670227,
        "total_duration_seconds": 1145.4194951057434,
        "iteration_times_seconds": [
            7.786860942840576,
            8.10436224937439,
            8.117104768753052,
            8.286295652389526,
            8.385530471801758,
            8.482226848602295,
            8.763964176177979,
            8.7399582862854,
            8.890773057937622,
            8.981275796890259,
            8.996846199035645,
            9.181695222854614,
            9.209834575653076,
            9.253381729125977,
            9.406734466552734,
            9.447936534881592,
            9.511213779449463,
            9.502610445022583,
            9.544883012771606,
            9.596209049224854,
            9.608497858047485,
            9.630254030227661,
            9.407471895217896,
            9.530751466751099,
            9.678701877593994,
            9.622366428375244,
            9.835312128067017,
            9.860268354415894,
            9.905867338180542,
            9.898544073104858,
            9.951862812042236,
            9.9505136013031,
            9.997148752212524,
            10.033249616622925,
            10.112321138381958,
            10.143730640411377,
            10.156900405883789,
            10.233914375305176,
            10.226548194885254,
            10.276279211044312,
            10.2063889503479,
            10.475791931152344,
            10.430793046951294,
            10.610526084899902,
            10.551558494567871,
            10.623481512069702,
            10.734509468078613,
            10.669419288635254,
            10.745225429534912,
            10.644554853439331,
            10.727542400360107,
            10.73026967048645,
            10.7930326461792,
            10.908164501190186,
            10.911329507827759,
            11.098971128463745,
            10.93346095085144,
            11.034281730651855,
            11.007453203201294,
            11.118011474609375,
            11.042882919311523,
            11.240482091903687,
            11.217391729354858,
            11.184754848480225,
            11.287491798400879,
            11.192098617553711,
            11.318613767623901,
            11.269482135772705,
            11.361975908279419,
            11.33385944366455,
            11.440019369125366,
            11.48240041732788,
            11.46961498260498,
            11.538098096847534,
            11.629987001419067,
            11.538222074508667,
            11.724412679672241,
            11.706128358840942,
            11.524264812469482,
            11.550407648086548,
            11.740960836410522,
            11.852168798446655,
            11.917629957199097,
            11.840076208114624,
            11.934351682662964,
            11.966646671295166,
            11.921656608581543,
            11.65846562385559,
            11.682865858078003,
            11.677034616470337,
            11.729902982711792,
            11.744566679000854,
            11.792973041534424,
            11.718262195587158,
            11.907554149627686,
            11.80017900466919,
            11.808701276779175,
            11.903584241867065,
            11.979515790939331,
            11.854128360748291,
            11.892786502838135,
            11.916046619415283,
            11.947242975234985,
            11.978454113006592,
            12.14904260635376,
            12.14950966835022,
            12.259865045547485
        ],
        "output_image_path": "/model_deploy_execution_attack_for_pipeline/outputs/age_googlenet_mnn_199559_ttba_attack/adversarial_image.png"
    }
}