{
    "status": "BUDGET_EXHAUSTED",
    "config": {
        "executable": "resources/execution_files/gender_googlenet_mnn",
        "benign_image": "/img_align_celeba/158463.jpg",
        "initial_adv_image": "/img_align_celeba/160856.jpg",
        "l2_epsilon_goal": 0.05,
        "linf_epsilon_goal": 0.06274509803921569,
        "query_budget": 40000,
        "max_iterations": 1000,
        "initial_queries": 50,
        "dimension_reduction": 1.0
    },
    "results": {
        "total_queries": 40072,
        "final_l2_distance": 6.7454447746276855,
        "final_linf_distance": 0.09150916337966919,
        "total_duration_seconds": 952.8405451774597,
        "iteration_times_seconds": [
            6.1604163646698,
            6.44500207901001,
            6.362946510314941,
            6.467320203781128,
            6.608308792114258,
            6.768136739730835,
            6.8343846797943115,
            7.00797176361084,
            7.021377086639404,
            6.968272686004639,
            7.1797261238098145,
            7.124194145202637,
            7.290561676025391,
            7.4233787059783936,
            7.66233491897583,
            7.640440225601196,
            7.628521203994751,
            7.5203633308410645,
            7.511497974395752,
            7.660076141357422,
            7.723506689071655,
            7.614848613739014,
            7.6770617961883545,
            7.752683162689209,
            7.943817138671875,
            7.9331395626068115,
            8.091000318527222,
            8.12199878692627,
            8.08953595161438,
            8.200448751449585,
            8.28885006904602,
            8.242674827575684,
            8.344970703125,
            8.338837146759033,
            8.359529733657837,
            8.40669059753418,
            8.504854440689087,
            8.571082353591919,
            8.552665710449219,
            8.60468864440918,
            8.531089544296265,
            8.77234411239624,
            8.699141263961792,
            8.91164755821228,
            8.58830213546753,
            8.702966928482056,
            8.766764163970947,
            8.831909656524658,
            8.776113748550415,
            8.74506139755249,
            8.8879234790802,
            8.83163857460022,
            8.960214853286743,
            8.794654369354248,
            8.974727153778076,
            8.986252307891846,
            9.012867212295532,
            9.057693243026733,
            9.118562459945679,
            9.205667972564697,
            9.2643883228302,
            9.32501482963562,
            9.311044692993164,
            9.372153282165527,
            9.279199361801147,
            9.423221349716187,
            9.343745470046997,
            9.46205997467041,
            9.513570785522461,
            9.538788080215454,
            9.458412170410156,
            9.569762468338013,
            9.580604314804077,
            9.702866077423096,
            9.619659423828125,
            9.691696643829346,
            9.591991901397705,
            9.678347826004028,
            9.709693908691406,
            9.917723417282104,
            9.969833135604858,
            9.893033504486084,
            9.930269241333008,
            9.90636396408081,
            10.178969621658325,
            10.099351406097412,
            10.131111860275269,
            10.140676259994507,
            10.095158576965332,
            10.163324117660522,
            10.194748878479004,
            10.159288883209229,
            10.149231672286987,
            10.213858604431152,
            10.21306324005127,
            10.165424823760986,
            10.259059190750122,
            10.339540004730225,
            10.39836835861206,
            10.379138708114624,
            10.3152916431427,
            10.424295663833618,
            10.454060554504395,
            10.430163621902466,
            10.472117185592651,
            10.71208667755127,
            10.716111660003662
        ],
        "output_image_path": "/model_deploy_execution_attack_for_pipeline/outputs/gender_googlenet_mnn_158463_ttba_attack/adversarial_image.png"
    }
}