{
    "status": "BUDGET_EXHAUSTED",
    "config": {
        "executable": "./resources/execution_files/age_googlenet_mnn",
        "benign_image": "/img_align_celeba/062099.jpg",
        "initial_adv_image": "/img_align_celeba/00000003.png",
        "l2_epsilon_goal": 0.05,
        "linf_epsilon_goal": 0.06274509803921569,
        "query_budget": 40000,
        "max_iterations": 1000,
        "initial_queries": 50,
        "dimension_reduction": 1.0
    },
    "results": {
        "total_queries": 40283,
        "final_l2_distance": 21.220077514648438,
        "final_linf_distance": 0.34909337759017944,
        "total_duration_seconds": 1138.385853767395,
        "iteration_times_seconds": [
            7.910597085952759,
            8.091045618057251,
            8.156605958938599,
            8.315420627593994,
            8.43887710571289,
            8.5680673122406,
            8.82668685913086,
            8.835569620132446,
            8.857853174209595,
            8.910389423370361,
            8.966131448745728,
            9.189880847930908,
            9.152618646621704,
            9.162774324417114,
            9.404785394668579,
            9.516743421554565,
            9.496023416519165,
            9.548784494400024,
            9.534382343292236,
            9.661679744720459,
            9.679246664047241,
            9.699371337890625,
            9.711634159088135,
            9.770305633544922,
            9.831532001495361,
            10.019382953643799,
            9.850792169570923,
            9.854305744171143,
            9.940773963928223,
            10.093128442764282,
            9.97496223449707,
            10.116422653198242,
            10.14675498008728,
            10.081974744796753,
            10.210753202438354,
            10.145796775817871,
            10.129364728927612,
            10.286124467849731,
            10.357832431793213,
            10.313892126083374,
            10.347581386566162,
            10.50796914100647,
            10.601141929626465,
            10.552938461303711,
            10.549234628677368,
            10.619841575622559,
            10.613288164138794,
            10.727372169494629,
            10.767725706100464,
            10.532753944396973,
            10.47794485092163,
            10.527552843093872,
            10.608532667160034,
            10.720422983169556,
            10.618802547454834,
            10.81289792060852,
            10.597924947738647,
            10.716254234313965,
            10.781770706176758,
            10.978401184082031,
            10.954240560531616,
            10.97280740737915,
            11.024173736572266,
            11.046974420547485,
            11.030293703079224,
            11.16187834739685,
            11.132076978683472,
            11.154924631118774,
            11.098214626312256,
            11.153655767440796,
            11.22962212562561,
            11.266176223754883,
            11.273363828659058,
            11.255954504013062,
            11.341941595077515,
            11.304556846618652,
            11.324909687042236,
            11.349489450454712,
            11.458714008331299,
            11.501141786575317,
            11.632623195648193,
            11.585020065307617,
            11.572596073150635,
            11.661606073379517,
            11.720338106155396,
            11.701340198516846,
            11.813422203063965,
            11.714964628219604,
            11.717487096786499,
            11.732998132705688,
            11.718737125396729,
            11.87236762046814,
            11.699438095092773,
            11.728973150253296,
            11.70248532295227,
            11.762698650360107,
            11.695430278778076,
            11.710702419281006,
            11.766278266906738,
            11.768069744110107,
            11.797876119613647,
            11.769636392593384,
            11.79886245727539,
            11.853997230529785,
            11.878493309020996,
            11.989087343215942,
            12.021079778671265
        ],
        "output_image_path": "/model_deploy_execution_attack_for_pipeline/outputs/age_googlenet_mnn_062099_ttba_attack/adversarial_image.png"
    }
}