{
    "status": "SUCCESS",
    "config": {
        "executable": "./resources/execution_files/ssrnet_age_mnn",
        "benign_image": "/img_align_celeba/091677.jpg",
        "initial_adv_image": "/img_align_celeba/201551.jpg",
        "l2_epsilon_goal": 0.05,
        "linf_epsilon_goal": 0.06274509803921569,
        "query_budget": 40000,
        "max_iterations": 1000,
        "initial_queries": 50,
        "dimension_reduction": 1.0
    },
    "results": {
        "total_queries": 21195,
        "final_l2_distance": 4.193894863128662,
        "final_linf_distance": 0.06123653054237366,
        "total_duration_seconds": 187.25356698036194,
        "iteration_times_seconds": [
            2.2399721145629883,
            2.3747847080230713,
            2.39656138420105,
            2.509700298309326,
            2.361300230026245,
            2.3417227268218994,
            2.4336135387420654,
            2.5234789848327637,
            2.3962717056274414,
            2.440138101577759,
            2.583984375,
            2.509690999984741,
            2.560859203338623,
            2.6216020584106445,
            2.3918814659118652,
            2.5584144592285156,
            2.5238053798675537,
            2.4673399925231934,
            2.595247745513916,
            2.508793354034424,
            2.5649662017822266,
            2.538163423538208,
            2.5922586917877197,
            2.6744930744171143,
            2.6470320224761963,
            2.7463955879211426,
            2.68512225151062,
            2.6593353748321533,
            2.696432590484619,
            2.6373276710510254,
            2.7039647102355957,
            2.6089062690734863,
            2.745375394821167,
            2.6715142726898193,
            2.703150987625122,
            2.631087064743042,
            2.6435906887054443,
            2.729560375213623,
            2.72365403175354,
            2.748704671859741,
            2.7124130725860596,
            2.7809698581695557,
            2.807669162750244,
            2.795780897140503,
            2.763805866241455,
            2.8042397499084473,
            2.9198148250579834,
            2.7844929695129395,
            2.9701530933380127,
            2.805194139480591,
            2.9350335597991943,
            3.009645938873291,
            2.900303363800049,
            2.7947704792022705,
            2.812509298324585,
            2.762766122817993,
            2.794628620147705,
            2.902538776397705,
            2.8407890796661377,
            2.8978068828582764,
            3.003750801086426,
            2.8720481395721436,
            2.922332763671875,
            2.9271655082702637,
            2.9202942848205566,
            2.806577444076538,
            2.9028844833374023,
            2.918311357498169,
            2.954472541809082
        ],
        "output_image_path": "/model_deploy_execution_attack_for_pipeline/outputs/ssrnet_age_mnn_091677_ttba_attack/adversarial_image.png"
    }
}