{
    "status": "BUDGET_EXHAUSTED",
    "config": {
        "executable": "./resources/execution_files/age_googlenet_mnn",
        "benign_image": "/img_align_celeba/058477.jpg",
        "initial_adv_image": "/img_align_celeba/00000003.png",
        "l2_epsilon_goal": 0.05,
        "linf_epsilon_goal": 0.06274509803921569,
        "query_budget": 40000,
        "max_iterations": 1000,
        "initial_queries": 50,
        "dimension_reduction": 1.0
    },
    "results": {
        "total_queries": 40218,
        "final_l2_distance": 13.896937370300293,
        "final_linf_distance": 0.20660898089408875,
        "total_duration_seconds": 1122.7435839176178,
        "iteration_times_seconds": [
            7.777402877807617,
            8.075414180755615,
            8.143429040908813,
            8.378327369689941,
            8.458925724029541,
            8.504165410995483,
            8.827885389328003,
            8.816908597946167,
            8.962400436401367,
            8.914224624633789,
            8.743609428405762,
            8.812161445617676,
            8.923048973083496,
            8.932667255401611,
            9.163681983947754,
            9.185027837753296,
            9.370269060134888,
            9.298819780349731,
            9.373440742492676,
            9.442034721374512,
            9.393902063369751,
            9.517219066619873,
            9.582841396331787,
            9.619143962860107,
            9.629615306854248,
            9.65306043624878,
            9.894987344741821,
            9.873846530914307,
            9.900288581848145,
            10.024631261825562,
            9.963497161865234,
            10.015544414520264,
            9.98752474784851,
            9.793376922607422,
            9.831843376159668,
            9.927145719528198,
            9.980684041976929,
            10.12087893486023,
            10.021094560623169,
            10.066909551620483,
            10.173758268356323,
            10.247786283493042,
            10.223123788833618,
            10.309080362319946,
            10.446732521057129,
            10.568226337432861,
            10.425295352935791,
            10.519553184509277,
            10.559361696243286,
            10.543808698654175,
            10.56538438796997,
            10.551708459854126,
            10.600191831588745,
            10.625717401504517,
            10.7413170337677,
            10.704557657241821,
            10.802826404571533,
            10.85553526878357,
            10.844872951507568,
            10.727049827575684,
            10.759113311767578,
            10.75265383720398,
            10.732279777526855,
            10.855603456497192,
            10.880281209945679,
            10.914228677749634,
            10.893972873687744,
            10.909233331680298,
            10.92406940460205,
            10.917417287826538,
            11.054946422576904,
            10.99418306350708,
            10.923274278640747,
            11.012237787246704,
            11.083474397659302,
            11.042042970657349,
            11.180322170257568,
            11.145501852035522,
            11.15624713897705,
            11.26855182647705,
            11.247565031051636,
            11.342779159545898,
            11.402060747146606,
            11.474736213684082,
            11.395997047424316,
            11.366344213485718,
            11.558048009872437,
            11.52501392364502,
            11.516568422317505,
            11.534207820892334,
            11.543381929397583,
            11.621845722198486,
            11.582193613052368,
            11.569614887237549,
            11.66501760482788,
            11.706165313720703,
            11.671308279037476,
            11.70563793182373,
            11.79154896736145,
            11.764279842376709,
            11.68705415725708,
            11.79964804649353,
            11.835762977600098,
            11.80292820930481,
            11.778680324554443,
            12.037424564361572,
            12.03299593925476
        ],
        "output_image_path": "/model_deploy_execution_attack_for_pipeline/outputs/age_googlenet_mnn_058477_ttba_attack/adversarial_image.png"
    }
}