{
    "status": "BUDGET_EXHAUSTED",
    "config": {
        "executable": "./resources/execution_files/age_googlenet_mnn",
        "benign_image": "/img_align_celeba/047557.jpg",
        "initial_adv_image": "/img_align_celeba/00000003.png",
        "l2_epsilon_goal": 0.05,
        "linf_epsilon_goal": 0.06274509803921569,
        "query_budget": 40000,
        "max_iterations": 1000,
        "initial_queries": 50,
        "dimension_reduction": 1.0
    },
    "results": {
        "total_queries": 40278,
        "final_l2_distance": 25.15730094909668,
        "final_linf_distance": 0.34112071990966797,
        "total_duration_seconds": 1137.357937335968,
        "iteration_times_seconds": [
            7.821979522705078,
            8.032139301300049,
            8.128974437713623,
            8.328637838363647,
            8.54694676399231,
            8.6273033618927,
            8.830786228179932,
            8.83519458770752,
            8.872073411941528,
            8.930358409881592,
            8.676622152328491,
            8.824344396591187,
            8.951115369796753,
            9.001919269561768,
            9.216762781143188,
            9.261676788330078,
            9.333341836929321,
            9.480029582977295,
            9.351728916168213,
            9.462517499923706,
            9.418026208877563,
            9.597412586212158,
            9.508740901947021,
            9.626653671264648,
            9.553522109985352,
            9.768736839294434,
            9.887298822402954,
            9.874694347381592,
            9.875478744506836,
            9.910092830657959,
            9.961503267288208,
            10.069971323013306,
            10.0371572971344,
            10.147285223007202,
            10.076360702514648,
            10.190395832061768,
            10.265797853469849,
            10.241541624069214,
            10.3601553440094,
            10.322210311889648,
            10.30191707611084,
            10.557238340377808,
            10.51762318611145,
            10.52073860168457,
            10.622752904891968,
            10.584751844406128,
            10.601944923400879,
            10.44486951828003,
            10.444433689117432,
            10.421241760253906,
            10.697634220123291,
            10.576778411865234,
            10.562480211257935,
            10.585745334625244,
            10.602409839630127,
            10.78252649307251,
            10.82894492149353,
            10.755613803863525,
            10.789559125900269,
            10.973416566848755,
            10.960126638412476,
            10.973203182220459,
            10.995896816253662,
            10.985381364822388,
            11.211793184280396,
            11.035147905349731,
            11.115906715393066,
            11.12928032875061,
            11.182422399520874,
            11.189522504806519,
            11.23917555809021,
            11.328025817871094,
            11.2550630569458,
            11.386335134506226,
            11.251272201538086,
            11.296280860900879,
            11.473435878753662,
            11.391071081161499,
            11.465532779693604,
            11.510606050491333,
            11.52053427696228,
            11.55068826675415,
            11.662338018417358,
            11.611032485961914,
            11.726988315582275,
            11.677664518356323,
            11.75835657119751,
            11.683804988861084,
            11.814295768737793,
            11.793502807617188,
            11.819386720657349,
            11.807577848434448,
            11.855183362960815,
            11.761626482009888,
            11.901359558105469,
            11.85740065574646,
            11.89086365699768,
            11.952696561813354,
            12.012906074523926,
            12.049760580062866,
            12.039498329162598,
            12.020494937896729,
            12.04314136505127,
            12.078788042068481,
            12.131996154785156,
            12.04862904548645,
            12.001417636871338
        ],
        "output_image_path": "/model_deploy_execution_attack_for_pipeline/outputs/age_googlenet_mnn_047557_ttba_attack/adversarial_image.png"
    }
}