{
    "status": "SUCCESS",
    "config": {
        "executable": "./resources/execution_files/ssrnet_age_mnn",
        "benign_image": "/img_align_celeba/173625.jpg",
        "initial_adv_image": "/img_align_celeba/047543.jpg",
        "l2_epsilon_goal": 0.05,
        "linf_epsilon_goal": 0.06274509803921569,
        "query_budget": 40000,
        "max_iterations": 1000,
        "initial_queries": 50,
        "dimension_reduction": 1.0
    },
    "results": {
        "total_queries": 3918,
        "final_l2_distance": 4.756630897521973,
        "final_linf_distance": 0.0603213906288147,
        "total_duration_seconds": 52.39680194854736,
        "iteration_times_seconds": [
            2.346151113510132,
            2.2939341068267822,
            2.258281707763672,
            2.446120023727417,
            2.3589963912963867,
            2.4106457233428955,
            2.4504740238189697,
            2.413766384124756,
            2.414515972137451,
            2.313511848449707,
            2.3245413303375244,
            2.4496872425079346,
            2.5271034240722656,
            2.4691720008850098,
            2.524660587310791,
            2.428372859954834,
            2.423511028289795,
            2.54799485206604,
            2.470863103866577,
            2.5308799743652344,
            2.63344407081604
        ],
        "output_image_path": "/model_deploy_execution_attack_for_pipeline/outputs/ssrnet_age_mnn_173625_ttba_attack/adversarial_image.png"
    }
}