{
    "status": "SUCCESS",
    "config": {
        "executable": "./resources/execution_files/fsanet_headpose_mnn",
        "benign_image": "/img_align_celeba/039937.jpg",
        "initial_adv_image": "/img_align_celeba/118047.jpg",
        "l2_epsilon_goal": 0.05,
        "linf_epsilon_goal": 0.06274509803921569,
        "query_budget": 40000,
        "max_iterations": 1000,
        "initial_queries": 50,
        "dimension_reduction": 1.0
    },
    "results": {
        "total_queries": 15266,
        "final_l2_distance": 4.112438201904297,
        "final_linf_distance": 0.05882352590560913,
        "total_duration_seconds": 168.90957522392273,
        "iteration_times_seconds": [
            2.7107744216918945,
            2.7894365787506104,
            2.795236587524414,
            2.7895314693450928,
            2.8205246925354004,
            2.746812582015991,
            2.8373069763183594,
            2.7744836807250977,
            2.7258098125457764,
            2.863813877105713,
            2.895901679992676,
            2.8909058570861816,
            2.897514820098877,
            3.048874855041504,
            2.7923166751861572,
            2.7876434326171875,
            2.9724788665771484,
            2.986090898513794,
            3.0533154010772705,
            2.9542839527130127,
            2.93820858001709,
            2.844331741333008,
            3.0637640953063965,
            3.1033411026000977,
            3.0707662105560303,
            3.050835609436035,
            3.012417793273926,
            3.268995761871338,
            3.087766170501709,
            2.964296579360962,
            3.104067087173462,
            2.9813215732574463,
            3.191579818725586,
            3.1279361248016357,
            3.121328353881836,
            3.144469976425171,
            3.1065754890441895,
            3.0880072116851807,
            3.0469939708709717,
            3.2244300842285156,
            3.129976511001587,
            3.1117587089538574,
            3.2118899822235107,
            3.1706557273864746,
            3.1232588291168213,
            3.1727418899536133,
            3.176788330078125,
            3.267153739929199,
            3.240457057952881,
            3.1801326274871826,
            3.3235673904418945,
            3.399991273880005,
            3.2894327640533447,
            3.3800876140594482,
            3.300374984741211
        ],
        "output_image_path": "/model_deploy_execution_attack_for_pipeline/outputs/fsanet_headpose_mnn_039937_ttba_attack/adversarial_image.png"
    }
}