{
    "status": "BUDGET_EXHAUSTED",
    "config": {
        "executable": "./resources/execution_files/age_googlenet_mnn",
        "benign_image": "/img_align_celeba/045432.jpg",
        "initial_adv_image": "/img_align_celeba/00000016.png",
        "l2_epsilon_goal": 0.05,
        "linf_epsilon_goal": 0.06274509803921569,
        "query_budget": 40000,
        "max_iterations": 1000,
        "initial_queries": 50,
        "dimension_reduction": 1.0
    },
    "results": {
        "total_queries": 40368,
        "final_l2_distance": 68.03904724121094,
        "final_linf_distance": 0.8739491105079651,
        "total_duration_seconds": 1153.7062253952026,
        "iteration_times_seconds": [
            7.814845561981201,
            8.11281943321228,
            8.259656190872192,
            8.31270718574524,
            8.402575969696045,
            8.515471935272217,
            8.785823106765747,
            8.852758884429932,
            8.879849433898926,
            8.92427396774292,
            8.95004940032959,
            9.033936500549316,
            9.194422960281372,
            9.158591270446777,
            9.423555374145508,
            9.390774488449097,
            9.449997186660767,
            9.547007322311401,
            9.542785167694092,
            9.593549251556396,
            9.60674238204956,
            9.64801287651062,
            9.712541103363037,
            9.812566995620728,
            9.99101710319519,
            9.886630058288574,
            10.04778504371643,
            10.130136966705322,
            10.031195878982544,
            10.210901260375977,
            10.124649047851562,
            10.170350313186646,
            10.202199459075928,
            10.16165828704834,
            10.340709924697876,
            10.458929777145386,
            10.29007863998413,
            10.559885501861572,
            10.294647693634033,
            10.354004144668579,
            10.389373540878296,
            10.467947959899902,
            10.462873935699463,
            10.496281862258911,
            10.585127115249634,
            10.594835042953491,
            10.58168339729309,
            10.603007316589355,
            10.723742961883545,
            10.695142984390259,
            10.678714752197266,
            10.728490114212036,
            10.899847745895386,
            10.803600311279297,
            10.831406354904175,
            10.8508882522583,
            10.883008480072021,
            10.918904304504395,
            11.015521049499512,
            11.156095504760742,
            11.131068706512451,
            11.198673725128174,
            11.280764102935791,
            11.274690866470337,
            11.281867980957031,
            11.353317975997925,
            11.299025535583496,
            11.334596395492554,
            11.42133641242981,
            11.34302568435669,
            11.4126455783844,
            11.389681339263916,
            11.380370378494263,
            11.468372583389282,
            11.480231761932373,
            11.49854564666748,
            11.544354438781738,
            11.63921308517456,
            11.608617305755615,
            11.636072635650635,
            11.74330735206604,
            11.790908813476562,
            11.81258511543274,
            11.93287968635559,
            11.927841186523438,
            11.960388660430908,
            12.006892204284668,
            11.90064024925232,
            11.887723207473755,
            12.001622200012207,
            11.939376831054688,
            12.004594326019287,
            12.063016891479492,
            12.046843528747559,
            11.986533403396606,
            12.107750654220581,
            12.049163103103638,
            12.223329067230225,
            12.17100214958191,
            12.140934467315674,
            12.138369083404541,
            12.187930583953857,
            12.183177471160889,
            12.352767705917358,
            12.250016450881958,
            12.421519756317139,
            12.394832849502563
        ],
        "output_image_path": "/model_deploy_execution_attack_for_pipeline/outputs/age_googlenet_mnn_045432_ttba_attack/adversarial_image.png"
    }
}