{
    "status": "BUDGET_EXHAUSTED",
    "config": {
        "executable": "resources/execution_files/emotion_ferplus_mnn",
        "benign_image": "/img_align_celeba/115577.jpg",
        "initial_adv_image": "/img_align_celeba/074189.jpg",
        "l2_epsilon_goal": 0.05,
        "linf_epsilon_goal": 0.06274509803921569,
        "query_budget": 40000,
        "max_iterations": 1000,
        "initial_queries": 50,
        "dimension_reduction": 1.0
    },
    "results": {
        "total_queries": 40052,
        "final_l2_distance": 5.9503493309021,
        "final_linf_distance": 0.09586554765701294,
        "total_duration_seconds": 992.3525660037994,
        "iteration_times_seconds": [
            6.323094844818115,
            6.652617692947388,
            6.709013938903809,
            6.902740716934204,
            7.04347825050354,
            7.110552549362183,
            7.3988518714904785,
            7.370869159698486,
            7.425269365310669,
            7.5528905391693115,
            7.518991231918335,
            7.763615131378174,
            7.654406309127808,
            7.821823835372925,
            7.903274297714233,
            8.016170501708984,
            7.835310935974121,
            7.916654348373413,
            7.954643964767456,
            8.125526666641235,
            8.089828252792358,
            8.069221258163452,
            8.241039752960205,
            8.22246789932251,
            8.213163614273071,
            8.27726149559021,
            8.502245664596558,
            8.541311025619507,
            8.555152893066406,
            8.493460178375244,
            8.685800552368164,
            8.700322151184082,
            8.742618083953857,
            8.691288709640503,
            8.89144492149353,
            8.815101861953735,
            8.809445142745972,
            8.97922945022583,
            8.705744981765747,
            8.869301795959473,
            8.855351686477661,
            8.962002992630005,
            9.021416902542114,
            8.98689866065979,
            9.012008905410767,
            9.084352254867554,
            9.157867193222046,
            9.121604204177856,
            9.257209300994873,
            9.296142816543579,
            9.225995540618896,
            9.215489864349365,
            9.223876953125,
            9.380266666412354,
            9.316030263900757,
            9.431989431381226,
            9.488380670547485,
            9.455658674240112,
            9.484364032745361,
            9.633785724639893,
            9.630340337753296,
            9.685975551605225,
            9.715023756027222,
            9.800631046295166,
            9.798764944076538,
            9.844367027282715,
            9.794358730316162,
            9.805357694625854,
            9.89631462097168,
            9.885609865188599,
            10.021268367767334,
            9.928508281707764,
            10.011215209960938,
            10.024880170822144,
            10.095784187316895,
            10.075515508651733,
            10.11886739730835,
            10.099070310592651,
            10.18603253364563,
            10.185621738433838,
            10.22623324394226,
            10.276557207107544,
            10.30769658088684,
            10.467797994613647,
            10.372644662857056,
            10.341640710830688,
            10.423967123031616,
            10.466534852981567,
            10.450564861297607,
            10.526796102523804,
            10.533945083618164,
            10.56104588508606,
            10.5746488571167,
            10.654396533966064,
            10.673378229141235,
            10.615215539932251,
            10.670873403549194,
            10.513030767440796,
            10.497041940689087,
            10.556722640991211,
            10.660082340240479,
            10.715648412704468,
            10.73400616645813,
            10.565927028656006,
            10.738934516906738,
            10.815502405166626,
            10.796401977539062
        ],
        "output_image_path": "/model_deploy_execution_attack_for_pipeline/outputs/emotion_ferplus_mnn_115577_ttba_attack/adversarial_image.png"
    }
}