{
    "status": "BUDGET_EXHAUSTED",
    "config": {
        "executable": "resources/execution_files/emotion_ferplus_mnn",
        "benign_image": "/img_align_celeba/082179.jpg",
        "initial_adv_image": "/img_align_celeba/076946.jpg",
        "l2_epsilon_goal": 0.05,
        "linf_epsilon_goal": 0.06274509803921569,
        "query_budget": 40000,
        "max_iterations": 1000,
        "initial_queries": 50,
        "dimension_reduction": 1.0
    },
    "results": {
        "total_queries": 40140,
        "final_l2_distance": 8.885523796081543,
        "final_linf_distance": 0.11823242902755737,
        "total_duration_seconds": 1007.6474130153656,
        "iteration_times_seconds": [
            6.5306501388549805,
            6.756295919418335,
            6.949055910110474,
            6.98324179649353,
            7.18560528755188,
            7.233736038208008,
            7.3760621547698975,
            7.548675298690796,
            7.6840221881866455,
            7.612924098968506,
            7.691630125045776,
            7.917246103286743,
            7.868164300918579,
            8.007273435592651,
            8.050793647766113,
            8.148629903793335,
            8.1949782371521,
            8.29895830154419,
            8.347440958023071,
            8.354902982711792,
            8.400988101959229,
            8.461201667785645,
            8.42865514755249,
            8.3108229637146,
            8.441441535949707,
            8.561796188354492,
            8.626020193099976,
            8.681617975234985,
            8.653990030288696,
            8.797420978546143,
            8.766539335250854,
            8.787864208221436,
            8.846068382263184,
            8.896308898925781,
            8.993356466293335,
            9.05458378791809,
            8.990774869918823,
            9.126258850097656,
            8.953297853469849,
            8.959825277328491,
            8.988444089889526,
            9.143205642700195,
            9.24184775352478,
            9.208103895187378,
            9.184388875961304,
            9.329787492752075,
            9.164013147354126,
            9.305865287780762,
            9.419848680496216,
            9.422227144241333,
            9.365811586380005,
            9.558022260665894,
            9.484354972839355,
            9.602265119552612,
            9.55623197555542,
            9.532192468643188,
            9.650489807128906,
            9.593818426132202,
            9.79629635810852,
            9.856338739395142,
            9.79757571220398,
            9.841471433639526,
            9.92512845993042,
            9.79532265663147,
            9.8533194065094,
            10.000452756881714,
            10.05112600326538,
            10.012429237365723,
            10.057830095291138,
            10.068717241287231,
            10.145498752593994,
            10.044600248336792,
            9.934181690216064,
            9.984827995300293,
            10.11417841911316,
            10.055385828018188,
            10.018037796020508,
            10.210776567459106,
            10.056715488433838,
            10.195994138717651,
            10.386857748031616,
            10.194640636444092,
            10.3997802734375,
            10.377158164978027,
            10.423182725906372,
            10.370779991149902,
            10.441540002822876,
            10.522329568862915,
            10.447782516479492,
            10.551389694213867,
            10.54250454902649,
            10.690012454986572,
            10.644124507904053,
            10.67300295829773,
            10.65047574043274,
            10.600095748901367,
            10.75644588470459,
            10.739935159683228,
            10.810684442520142,
            10.857297658920288,
            10.733181953430176,
            10.783739566802979,
            10.882992267608643,
            10.830643892288208,
            10.837577104568481,
            10.914485216140747,
            11.008950471878052
        ],
        "output_image_path": "/model_deploy_execution_attack_for_pipeline/outputs/emotion_ferplus_mnn_082179_ttba_attack/adversarial_image.png"
    }
}