{
    "status": "BUDGET_EXHAUSTED",
    "config": {
        "executable": "./resources/execution_files/age_googlenet_mnn",
        "benign_image": "/img_align_celeba/061584.jpg",
        "initial_adv_image": "/img_align_celeba/00000007.png",
        "l2_epsilon_goal": 0.05,
        "linf_epsilon_goal": 0.06274509803921569,
        "query_budget": 40000,
        "max_iterations": 1000,
        "initial_queries": 50,
        "dimension_reduction": 1.0
    },
    "results": {
        "total_queries": 40270,
        "final_l2_distance": 28.03132438659668,
        "final_linf_distance": 0.5340430736541748,
        "total_duration_seconds": 1127.9696226119995,
        "iteration_times_seconds": [
            7.5146753787994385,
            7.850257873535156,
            7.9467597007751465,
            8.099025011062622,
            8.12277889251709,
            8.270684480667114,
            8.496879816055298,
            8.607002258300781,
            8.671252727508545,
            8.700801849365234,
            8.720807552337646,
            8.744510650634766,
            8.829635381698608,
            8.876401424407959,
            9.108967542648315,
            9.044635772705078,
            9.169800519943237,
            9.199343204498291,
            9.385830640792847,
            9.304392576217651,
            9.327420473098755,
            9.51125168800354,
            9.449153661727905,
            9.451519966125488,
            9.579270124435425,
            9.539252042770386,
            9.907059669494629,
            9.793919324874878,
            9.955694675445557,
            10.033142328262329,
            10.037543058395386,
            9.960026502609253,
            9.962801933288574,
            10.105470418930054,
            10.031110763549805,
            10.118929624557495,
            10.083174467086792,
            10.218003511428833,
            10.313191413879395,
            10.256914615631104,
            10.268309116363525,
            10.417806148529053,
            10.496755838394165,
            10.535227537155151,
            10.605178594589233,
            10.600861310958862,
            10.538671016693115,
            10.341662645339966,
            10.350133895874023,
            10.400206089019775,
            10.530156135559082,
            10.458693742752075,
            10.546100854873657,
            10.551289081573486,
            10.5843346118927,
            10.694393634796143,
            10.661255836486816,
            10.736660957336426,
            10.638017892837524,
            10.940196752548218,
            10.989298582077026,
            10.874382257461548,
            10.94253659248352,
            11.037306547164917,
            11.008388042449951,
            11.035021305084229,
            11.05842900276184,
            11.12274169921875,
            11.057229995727539,
            11.13686990737915,
            11.14496636390686,
            11.226353645324707,
            11.197598457336426,
            11.12752890586853,
            11.189202547073364,
            11.23222541809082,
            11.353633403778076,
            11.33505892753601,
            11.311070442199707,
            11.368937492370605,
            11.636738300323486,
            11.608161449432373,
            11.506479740142822,
            11.59457278251648,
            11.591015577316284,
            11.641427040100098,
            11.6451575756073,
            11.648816347122192,
            11.742727279663086,
            11.702606201171875,
            11.636560678482056,
            11.692448139190674,
            11.77748966217041,
            11.668527126312256,
            11.812516689300537,
            11.777128458023071,
            11.835177421569824,
            11.793953895568848,
            11.92463231086731,
            12.006670951843262,
            11.973856925964355,
            11.894264221191406,
            12.03639841079712,
            12.060203075408936,
            12.018535137176514,
            12.167017936706543,
            12.163881301879883
        ],
        "output_image_path": "/model_deploy_execution_attack_for_pipeline/outputs/age_googlenet_mnn_061584_ttba_attack/adversarial_image.png"
    }
}