{
    "status": "BUDGET_EXHAUSTED",
    "config": {
        "executable": "./resources/execution_files/age_googlenet_mnn",
        "benign_image": "/img_align_celeba/088440.jpg",
        "initial_adv_image": "/img_align_celeba/00000015.png",
        "l2_epsilon_goal": 0.05,
        "linf_epsilon_goal": 0.06274509803921569,
        "query_budget": 40000,
        "max_iterations": 1000,
        "initial_queries": 50,
        "dimension_reduction": 1.0
    },
    "results": {
        "total_queries": 40305,
        "final_l2_distance": 23.60350799560547,
        "final_linf_distance": 0.3381060063838959,
        "total_duration_seconds": 1142.7811760902405,
        "iteration_times_seconds": [
            7.962203502655029,
            8.029516458511353,
            8.243991374969482,
            8.333774328231812,
            8.53757095336914,
            8.656354665756226,
            8.807176351547241,
            8.888861179351807,
            8.97447395324707,
            8.959388256072998,
            9.002549886703491,
            9.048001050949097,
            9.141916036605835,
            9.164120197296143,
            9.524007797241211,
            9.471562385559082,
            9.462321281433105,
            9.532986402511597,
            9.538335084915161,
            9.69664478302002,
            9.615191221237183,
            9.667875528335571,
            9.690743446350098,
            9.82757043838501,
            9.82219934463501,
            9.90635633468628,
            10.081285238265991,
            10.129932165145874,
            10.123029708862305,
            10.226607084274292,
            10.216978311538696,
            10.273524522781372,
            10.262282371520996,
            10.284803867340088,
            10.405868768692017,
            10.398969650268555,
            10.386193752288818,
            10.222174406051636,
            10.263398885726929,
            10.308142900466919,
            10.326460361480713,
            10.597073554992676,
            10.651532888412476,
            10.690765142440796,
            10.586858749389648,
            10.619820356369019,
            10.668863534927368,
            10.628656148910522,
            10.663798093795776,
            10.81039047241211,
            10.786298513412476,
            10.834360837936401,
            10.792913436889648,
            10.807042121887207,
            10.870625495910645,
            10.90483045578003,
            10.9398193359375,
            11.05957841873169,
            10.81128716468811,
            10.884160041809082,
            10.932583808898926,
            10.995983123779297,
            10.95043134689331,
            11.030477285385132,
            11.062180280685425,
            11.02860975265503,
            11.085896253585815,
            11.10461139678955,
            11.271441221237183,
            11.183017492294312,
            11.094516038894653,
            11.259178400039673,
            11.218908309936523,
            11.260180234909058,
            11.303712129592896,
            11.340314388275146,
            11.339149475097656,
            11.459079504013062,
            11.48363733291626,
            11.402549743652344,
            11.56209659576416,
            11.57716679573059,
            11.585880279541016,
            11.557416439056396,
            11.687058448791504,
            11.658929109573364,
            11.632407903671265,
            11.750288486480713,
            11.791661024093628,
            11.79984712600708,
            11.864529132843018,
            11.737029314041138,
            11.82039213180542,
            11.921769380569458,
            11.649644374847412,
            11.639880180358887,
            11.755769729614258,
            11.803706169128418,
            11.754796266555786,
            11.740174055099487,
            11.838732481002808,
            11.766169786453247,
            11.780052423477173,
            11.814024925231934,
            11.911935329437256,
            11.965304374694824,
            12.056300163269043
        ],
        "output_image_path": "/model_deploy_execution_attack_for_pipeline/outputs/age_googlenet_mnn_088440_ttba_attack/adversarial_image.png"
    }
}