{
    "status": "BUDGET_EXHAUSTED",
    "config": {
        "executable": "./resources/execution_files/age_googlenet_mnn",
        "benign_image": "/img_align_celeba/145432.jpg",
        "initial_adv_image": "/img_align_celeba/00000011.png",
        "l2_epsilon_goal": 0.05,
        "linf_epsilon_goal": 0.06274509803921569,
        "query_budget": 40000,
        "max_iterations": 1000,
        "initial_queries": 50,
        "dimension_reduction": 1.0
    },
    "results": {
        "total_queries": 40333,
        "final_l2_distance": 34.058189392089844,
        "final_linf_distance": 0.4686448574066162,
        "total_duration_seconds": 1140.9979808330536,
        "iteration_times_seconds": [
            7.753821134567261,
            8.123806476593018,
            8.166830778121948,
            8.287039995193481,
            8.347905397415161,
            8.393369197845459,
            8.687587976455688,
            8.843303918838501,
            8.760287284851074,
            8.840833902359009,
            8.867693424224854,
            8.96414828300476,
            9.072509765625,
            9.074951171875,
            9.317471504211426,
            9.40153455734253,
            9.4035325050354,
            9.528089761734009,
            9.633667707443237,
            9.507370948791504,
            9.607033491134644,
            9.637730836868286,
            9.72885799407959,
            9.675674438476562,
            9.772295951843262,
            9.865407228469849,
            9.955503225326538,
            10.06257438659668,
            10.102149724960327,
            10.10109543800354,
            10.110869646072388,
            10.148993730545044,
            10.19673776626587,
            10.022021293640137,
            9.96089506149292,
            10.041061162948608,
            10.112186431884766,
            10.151000022888184,
            10.183885097503662,
            10.236397743225098,
            10.297486305236816,
            10.42671799659729,
            10.468810796737671,
            10.459387063980103,
            10.587815284729004,
            10.581499814987183,
            10.544466733932495,
            10.616232633590698,
            10.704257249832153,
            10.632288217544556,
            10.735706329345703,
            10.742772340774536,
            10.761711359024048,
            10.763792753219604,
            10.772562980651855,
            10.832102537155151,
            10.937106132507324,
            10.930748462677002,
            10.9333815574646,
            11.084268808364868,
            11.123262882232666,
            11.111281633377075,
            11.212759017944336,
            11.114956378936768,
            11.186837434768677,
            11.281848907470703,
            11.247937679290771,
            11.326974868774414,
            11.385105848312378,
            11.274665832519531,
            11.40306806564331,
            11.421770572662354,
            11.385228633880615,
            11.389516115188599,
            11.511476039886475,
            11.480148792266846,
            11.535355567932129,
            11.329555034637451,
            11.430615186691284,
            11.381665706634521,
            11.525648593902588,
            11.526317358016968,
            11.552275896072388,
            11.670958042144775,
            11.678359031677246,
            11.574814081192017,
            11.624018907546997,
            11.708111047744751,
            11.646591901779175,
            11.776245594024658,
            11.706312894821167,
            11.760018587112427,
            11.743523120880127,
            11.745087146759033,
            11.780004978179932,
            11.864696502685547,
            11.83484148979187,
            11.854740619659424,
            11.877446413040161,
            11.862071514129639,
            11.911645412445068,
            11.948071002960205,
            12.037188291549683,
            12.09197187423706,
            11.994427919387817,
            12.15070915222168,
            12.12779188156128
        ],
        "output_image_path": "/model_deploy_execution_attack_for_pipeline/outputs/age_googlenet_mnn_145432_ttba_attack/adversarial_image.png"
    }
}