{
    "status": "BUDGET_EXHAUSTED",
    "config": {
        "executable": "./resources/execution_files/gender_googlenet_mnn",
        "benign_image": "/img_align_celeba/118721.jpg",
        "initial_adv_image": "/img_align_celeba/171783.jpg",
        "l2_epsilon_goal": 0.05,
        "linf_epsilon_goal": 0.06274509803921569,
        "query_budget": 40000,
        "max_iterations": 1000,
        "initial_queries": 50,
        "dimension_reduction": 1.0
    },
    "results": {
        "total_queries": 40200,
        "final_l2_distance": 15.523655891418457,
        "final_linf_distance": 0.22882506251335144,
        "total_duration_seconds": 945.4969902038574,
        "iteration_times_seconds": [
            5.995949745178223,
            6.322988986968994,
            6.44308614730835,
            6.535912036895752,
            6.611009359359741,
            6.792386293411255,
            6.9448487758636475,
            6.886157512664795,
            7.07164454460144,
            7.130059003829956,
            7.31125545501709,
            7.257943391799927,
            7.390442609786987,
            7.417627573013306,
            7.470039129257202,
            7.589060544967651,
            7.648119926452637,
            7.788965940475464,
            7.75921893119812,
            7.842023611068726,
            7.816699981689453,
            7.911787986755371,
            7.8515379428863525,
            7.949793815612793,
            7.871902227401733,
            7.945712089538574,
            8.02733063697815,
            8.183844327926636,
            8.169501781463623,
            8.132416009902954,
            8.173677682876587,
            8.177090167999268,
            8.234925746917725,
            8.355756044387817,
            8.324267625808716,
            8.348959684371948,
            8.327950716018677,
            8.382035255432129,
            8.485109090805054,
            8.50918459892273,
            8.558821439743042,
            8.759392738342285,
            8.738280057907104,
            8.795176267623901,
            8.759612798690796,
            8.789305210113525,
            8.799985647201538,
            8.835502624511719,
            8.91754674911499,
            8.977284908294678,
            8.988948106765747,
            8.951368570327759,
            8.95948076248169,
            8.984566926956177,
            9.04176139831543,
            9.104945182800293,
            9.179077386856079,
            9.198988199234009,
            9.203722953796387,
            9.189481019973755,
            9.18149209022522,
            9.201155662536621,
            9.220103979110718,
            9.217251539230347,
            9.240046739578247,
            9.190967082977295,
            9.268275022506714,
            9.31117844581604,
            9.271626472473145,
            9.295660734176636,
            9.335238695144653,
            9.293595552444458,
            9.436487913131714,
            9.455034494400024,
            9.497004270553589,
            9.442097425460815,
            9.488486051559448,
            9.549241304397583,
            9.545596361160278,
            9.496829509735107,
            9.620891571044922,
            9.69339108467102,
            9.823004007339478,
            9.755256175994873,
            9.815834760665894,
            9.95705771446228,
            9.809881687164307,
            9.87860918045044,
            9.896254062652588,
            9.914281845092773,
            9.922467470169067,
            9.935485124588013,
            9.958958864212036,
            9.979661464691162,
            10.015804529190063,
            10.036781787872314,
            10.034957647323608,
            10.160276174545288,
            10.016685962677002,
            10.13327431678772,
            10.247525453567505,
            10.222373962402344,
            10.10618257522583,
            10.235814571380615,
            10.353164911270142,
            10.318861722946167,
            10.359029293060303
        ],
        "output_image_path": "/model_deploy_execution_attack_for_pipeline/outputs/gender_googlenet_mnn_118721_ttba_attack/adversarial_image.png"
    }
}