{
    "status": "SUCCESS",
    "config": {
        "executable": "resources/execution_files/emotion_ferplus_mnn",
        "benign_image": "/img_align_celeba/085170.jpg",
        "initial_adv_image": "/img_align_celeba/088332.jpg",
        "l2_epsilon_goal": 0.05,
        "linf_epsilon_goal": 0.06274509803921569,
        "query_budget": 40000,
        "max_iterations": 1000,
        "initial_queries": 50,
        "dimension_reduction": 1.0
    },
    "results": {
        "total_queries": 39564,
        "final_l2_distance": 4.653596878051758,
        "final_linf_distance": 0.06270885467529297,
        "total_duration_seconds": 991.7962784767151,
        "iteration_times_seconds": [
            6.590216875076294,
            6.790095329284668,
            6.86199688911438,
            6.990164518356323,
            7.148786783218384,
            7.330084323883057,
            7.477423667907715,
            7.556713342666626,
            7.625377893447876,
            7.6370689868927,
            7.799274206161499,
            7.849361181259155,
            7.9281370639801025,
            7.893976926803589,
            8.063865184783936,
            8.104583978652954,
            8.19478178024292,
            8.379796504974365,
            8.428027391433716,
            8.395763158798218,
            8.510058879852295,
            8.470134973526001,
            8.561623096466064,
            8.66379427909851,
            8.749498128890991,
            8.466216087341309,
            8.615845918655396,
            8.69555115699768,
            8.731328010559082,
            8.769229888916016,
            8.782081127166748,
            8.884908199310303,
            8.990874290466309,
            8.941037893295288,
            8.991067886352539,
            8.954129219055176,
            9.103591442108154,
            9.08923602104187,
            9.119416236877441,
            9.156426191329956,
            9.174840450286865,
            9.133076429367065,
            9.203069686889648,
            9.272737979888916,
            9.251270294189453,
            9.323700904846191,
            9.340272665023804,
            9.394250869750977,
            9.402048110961914,
            9.401618957519531,
            9.391549110412598,
            9.425591707229614,
            9.519614458084106,
            9.45140790939331,
            9.523953914642334,
            9.680528163909912,
            9.697282791137695,
            9.50599217414856,
            9.635766983032227,
            9.715457439422607,
            9.704041957855225,
            9.752712488174438,
            9.724942684173584,
            9.726326704025269,
            9.762986421585083,
            9.770401954650879,
            9.820428371429443,
            9.75595998764038,
            9.927806854248047,
            9.94312334060669,
            9.924326419830322,
            10.003334999084473,
            9.907019138336182,
            9.960431814193726,
            10.039502143859863,
            10.129332304000854,
            10.012714862823486,
            10.115727663040161,
            10.179120063781738,
            10.142863988876343,
            10.269276142120361,
            10.392584800720215,
            10.217051982879639,
            10.266621351242065,
            10.202746391296387,
            10.167330265045166,
            10.314445734024048,
            10.30593490600586,
            10.34100890159607,
            10.369069576263428,
            10.342902660369873,
            10.355674743652344,
            10.40772294998169,
            10.356637954711914,
            10.486139059066772,
            10.397432565689087,
            10.451449394226074,
            10.48044466972351,
            10.572906732559204,
            10.6819486618042,
            10.532608985900879,
            10.602006196975708,
            10.572824239730835,
            10.632818460464478,
            10.719425678253174,
            10.820737361907959
        ],
        "output_image_path": "/model_deploy_execution_attack_for_pipeline/outputs/emotion_ferplus_mnn_085170_ttba_attack/adversarial_image.png"
    }
}