{
    "status": "BUDGET_EXHAUSTED",
    "config": {
        "executable": "./resources/execution_files/age_googlenet_mnn",
        "benign_image": "/img_align_celeba/189986.jpg",
        "initial_adv_image": "/img_align_celeba/00000015.png",
        "l2_epsilon_goal": 0.05,
        "linf_epsilon_goal": 0.06274509803921569,
        "query_budget": 40000,
        "max_iterations": 1000,
        "initial_queries": 50,
        "dimension_reduction": 1.0
    },
    "results": {
        "total_queries": 40323,
        "final_l2_distance": 41.33082580566406,
        "final_linf_distance": 0.5341390371322632,
        "total_duration_seconds": 1138.8287632465363,
        "iteration_times_seconds": [
            7.745829820632935,
            8.072515487670898,
            8.234280824661255,
            8.25999140739441,
            8.417835474014282,
            8.517784595489502,
            8.735353708267212,
            8.733263492584229,
            8.866199016571045,
            8.872621536254883,
            8.975558519363403,
            8.889185667037964,
            9.106662511825562,
            9.207494497299194,
            9.37265396118164,
            9.466658353805542,
            9.389665842056274,
            9.420175552368164,
            9.484721183776855,
            9.476889610290527,
            9.645709037780762,
            9.608697652816772,
            9.678501844406128,
            9.541295528411865,
            9.542269468307495,
            9.672285079956055,
            9.776691913604736,
            9.81833028793335,
            9.86711049079895,
            9.900915384292603,
            9.941936254501343,
            9.907131433486938,
            10.019775867462158,
            10.025954246520996,
            9.997457265853882,
            10.123614311218262,
            10.141092538833618,
            10.237170696258545,
            10.276868343353271,
            10.182704448699951,
            10.273953914642334,
            10.490739107131958,
            10.517799139022827,
            10.517006158828735,
            10.53515625,
            10.58766222000122,
            10.620627164840698,
            10.621119499206543,
            10.581387519836426,
            10.572425127029419,
            10.615744829177856,
            10.619641780853271,
            10.757434606552124,
            10.732864618301392,
            10.7794508934021,
            10.920417070388794,
            10.86106252670288,
            11.023688077926636,
            10.910420894622803,
            11.10540246963501,
            11.067919254302979,
            11.22825002670288,
            11.257145404815674,
            11.23175573348999,
            11.118048667907715,
            11.30074691772461,
            11.256282567977905,
            11.153236389160156,
            11.216691970825195,
            11.30030369758606,
            11.289037466049194,
            11.350067853927612,
            11.438700437545776,
            11.401993751525879,
            11.472679615020752,
            11.476664304733276,
            11.451648473739624,
            11.265689134597778,
            11.325286149978638,
            11.444464445114136,
            11.54816460609436,
            11.557190418243408,
            11.640382528305054,
            11.57513976097107,
            11.568952322006226,
            11.615369319915771,
            11.605901718139648,
            11.629358530044556,
            11.653502941131592,
            11.730670690536499,
            11.72726321220398,
            11.811504602432251,
            11.729954719543457,
            11.725488901138306,
            11.802231311798096,
            11.79255747795105,
            11.878537654876709,
            11.830161333084106,
            11.90091848373413,
            11.840662479400635,
            11.91332721710205,
            11.993825197219849,
            12.024266242980957,
            12.090816020965576,
            12.034045696258545,
            12.18462061882019,
            12.16839861869812
        ],
        "output_image_path": "/model_deploy_execution_attack_for_pipeline/outputs/age_googlenet_mnn_189986_ttba_attack/adversarial_image.png"
    }
}