{
    "status": "SUCCESS",
    "config": {
        "executable": "./resources/execution_files/gender_googlenet_mnn",
        "benign_image": "/img_align_celeba/047557.jpg",
        "initial_adv_image": "/img_align_celeba/195377.jpg",
        "l2_epsilon_goal": 0.05,
        "linf_epsilon_goal": 0.06274509803921569,
        "query_budget": 40000,
        "max_iterations": 1000,
        "initial_queries": 50,
        "dimension_reduction": 1.0
    },
    "results": {
        "total_queries": 35202,
        "final_l2_distance": 4.742181301116943,
        "final_linf_distance": 0.062563955783844,
        "total_duration_seconds": 821.0159752368927,
        "iteration_times_seconds": [
            5.8874475955963135,
            6.153436183929443,
            6.229823589324951,
            6.3176257610321045,
            6.473300933837891,
            6.588775873184204,
            6.7609710693359375,
            6.876501560211182,
            6.910489320755005,
            7.0598061084747314,
            6.997153282165527,
            7.041292190551758,
            7.059213638305664,
            7.039581060409546,
            7.133598327636719,
            7.196094274520874,
            7.33399510383606,
            7.378733158111572,
            7.4526283740997314,
            7.4133875370025635,
            7.445345878601074,
            7.460670232772827,
            7.599735975265503,
            7.634450912475586,
            7.660325050354004,
            7.562215566635132,
            7.738732576370239,
            7.677541971206665,
            7.760074138641357,
            7.83462381362915,
            7.886967897415161,
            7.837599039077759,
            7.856908321380615,
            7.918365716934204,
            7.9379096031188965,
            8.03495979309082,
            8.105645179748535,
            8.032793283462524,
            8.101864576339722,
            8.192699193954468,
            8.319118738174438,
            8.354479789733887,
            8.362476348876953,
            8.362303733825684,
            8.430196046829224,
            8.416772842407227,
            8.480467081069946,
            8.494832277297974,
            8.521434307098389,
            8.575263500213623,
            8.588958978652954,
            8.591417789459229,
            8.59621810913086,
            8.644603967666626,
            8.59149432182312,
            8.76218295097351,
            8.754834413528442,
            8.753063201904297,
            8.889255046844482,
            8.594548463821411,
            8.80220913887024,
            8.776892900466919,
            8.87162733078003,
            8.903416633605957,
            8.763062000274658,
            8.929665327072144,
            8.931077003479004,
            8.90548324584961,
            9.039705991744995,
            9.042636394500732,
            9.070825099945068,
            9.023294687271118,
            9.113379001617432,
            9.061994314193726,
            9.167490720748901,
            9.219726800918579,
            9.056135654449463,
            9.253389835357666,
            9.207819700241089,
            9.279676675796509,
            9.150649070739746,
            9.452256679534912,
            9.336910247802734,
            9.481074333190918,
            9.387598991394043,
            9.500601291656494,
            9.49267029762268,
            9.542322874069214,
            9.508832216262817,
            9.630391836166382,
            9.664652585983276,
            9.602798461914062,
            9.527640342712402,
            9.661294221878052,
            9.605403661727905,
            9.697864532470703,
            9.754162311553955,
            9.721639633178711
        ],
        "output_image_path": "/model_deploy_execution_attack_for_pipeline/outputs/gender_googlenet_mnn_047557_ttba_attack/adversarial_image.png"
    }
}