{
    "status": "BUDGET_EXHAUSTED",
    "config": {
        "executable": "./resources/execution_files/age_googlenet_mnn",
        "benign_image": "/img_align_celeba/100608.jpg",
        "initial_adv_image": "/img_align_celeba/00000003.png",
        "l2_epsilon_goal": 0.05,
        "linf_epsilon_goal": 0.06274509803921569,
        "query_budget": 40000,
        "max_iterations": 1000,
        "initial_queries": 50,
        "dimension_reduction": 1.0
    },
    "results": {
        "total_queries": 40301,
        "final_l2_distance": 34.10673904418945,
        "final_linf_distance": 0.4425065815448761,
        "total_duration_seconds": 1134.8610773086548,
        "iteration_times_seconds": [
            7.789203643798828,
            8.00549054145813,
            8.216802835464478,
            8.28876781463623,
            8.389814138412476,
            8.516222715377808,
            8.68251633644104,
            8.800436973571777,
            8.832484245300293,
            8.941399097442627,
            8.905573606491089,
            8.978845357894897,
            9.14343523979187,
            9.196005821228027,
            9.298276901245117,
            9.3407883644104,
            9.307680606842041,
            9.32175087928772,
            9.313939094543457,
            9.284319162368774,
            9.305039644241333,
            9.46330976486206,
            9.525110244750977,
            9.5164475440979,
            9.717921257019043,
            9.572481155395508,
            9.752142429351807,
            9.967506885528564,
            9.879605770111084,
            9.866006135940552,
            9.943132638931274,
            9.922542095184326,
            9.970531225204468,
            10.029287815093994,
            10.046993970870972,
            10.127085447311401,
            10.173393487930298,
            10.296086549758911,
            10.243503332138062,
            10.376829624176025,
            10.306556463241577,
            10.432393074035645,
            10.583518028259277,
            10.581284999847412,
            10.582680702209473,
            10.484256744384766,
            10.600650548934937,
            10.635018587112427,
            10.65001392364502,
            10.619429588317871,
            10.70275592803955,
            10.808922290802002,
            10.74940538406372,
            10.782932758331299,
            10.782825469970703,
            10.863098621368408,
            10.909755945205688,
            10.964282751083374,
            10.976540565490723,
            11.129346132278442,
            11.099005937576294,
            10.923990964889526,
            10.910099029541016,
            10.890217781066895,
            10.986533164978027,
            11.034890174865723,
            11.019549369812012,
            11.007796049118042,
            11.090909481048584,
            11.137702941894531,
            11.12059211730957,
            11.105321407318115,
            11.209254264831543,
            11.138198375701904,
            11.254224061965942,
            11.318039655685425,
            11.270075559616089,
            11.312554121017456,
            11.35549521446228,
            11.39565134048462,
            11.534774541854858,
            11.53062915802002,
            11.552063465118408,
            11.566935777664185,
            11.553979635238647,
            11.522063493728638,
            11.591325998306274,
            11.67395544052124,
            11.703297853469849,
            11.724791288375854,
            11.770143508911133,
            11.791613101959229,
            11.801712989807129,
            11.858448266983032,
            11.75292706489563,
            11.889957427978516,
            11.830674648284912,
            11.859022855758667,
            11.925438165664673,
            11.906709909439087,
            11.87857460975647,
            11.945844173431396,
            11.958709239959717,
            11.992976903915405,
            11.968169212341309,
            12.083186626434326,
            12.242876529693604
        ],
        "output_image_path": "/model_deploy_execution_attack_for_pipeline/outputs/age_googlenet_mnn_100608_ttba_attack/adversarial_image.png"
    }
}