{
    "status": "BUDGET_EXHAUSTED",
    "config": {
        "executable": "./resources/execution_files/age_googlenet_mnn",
        "benign_image": "/img_align_celeba/138383.jpg",
        "initial_adv_image": "/img_align_celeba/00000015.png",
        "l2_epsilon_goal": 0.05,
        "linf_epsilon_goal": 0.06274509803921569,
        "query_budget": 40000,
        "max_iterations": 1000,
        "initial_queries": 50,
        "dimension_reduction": 1.0
    },
    "results": {
        "total_queries": 40390,
        "final_l2_distance": 62.03596115112305,
        "final_linf_distance": 0.9381202459335327,
        "total_duration_seconds": 1158.6249432563782,
        "iteration_times_seconds": [
            7.936944007873535,
            8.077363967895508,
            8.17629885673523,
            8.365910530090332,
            8.489720821380615,
            8.487270593643188,
            8.7293701171875,
            8.766191005706787,
            8.799366474151611,
            8.86874508857727,
            8.979321718215942,
            9.007416486740112,
            9.103642463684082,
            9.194924116134644,
            9.372226476669312,
            9.398051023483276,
            9.562016725540161,
            9.570070505142212,
            9.512728214263916,
            9.51319408416748,
            9.608800888061523,
            9.693105936050415,
            9.744526624679565,
            9.812225580215454,
            9.796234607696533,
            9.971720457077026,
            10.072017431259155,
            10.060286283493042,
            10.101947546005249,
            10.118417024612427,
            10.152448177337646,
            10.28851056098938,
            10.22690200805664,
            10.226219892501831,
            10.268659114837646,
            10.340260744094849,
            10.359377384185791,
            10.450511932373047,
            10.55844783782959,
            10.524932861328125,
            10.51536250114441,
            10.80314588546753,
            10.730653524398804,
            10.727540493011475,
            10.795494556427002,
            10.885231494903564,
            10.794103145599365,
            10.834928512573242,
            10.863129615783691,
            10.898405075073242,
            11.051689147949219,
            10.952218055725098,
            11.101647853851318,
            11.024909257888794,
            11.022122859954834,
            11.160293817520142,
            11.226227521896362,
            11.228278160095215,
            11.259381294250488,
            11.36682653427124,
            11.14160442352295,
            11.167052507400513,
            11.275345802307129,
            11.178757667541504,
            11.274389743804932,
            11.351094007492065,
            11.27298092842102,
            11.295799016952515,
            11.425294876098633,
            11.397930145263672,
            11.44526195526123,
            11.514404058456421,
            11.382736444473267,
            11.419544458389282,
            11.470508575439453,
            11.543755769729614,
            11.523242473602295,
            11.65960431098938,
            11.62037444114685,
            11.602234601974487,
            11.798142433166504,
            11.765549659729004,
            11.829387426376343,
            11.864201545715332,
            11.773942947387695,
            11.86008095741272,
            11.90783429145813,
            11.99401044845581,
            11.99155855178833,
            11.880987405776978,
            11.911207914352417,
            11.923179388046265,
            12.050915956497192,
            12.02249026298523,
            12.080257177352905,
            12.05221152305603,
            12.106850862503052,
            12.131388664245605,
            12.216500043869019,
            12.243228673934937,
            12.238369703292847,
            12.20713758468628,
            12.259677410125732,
            12.271278381347656,
            12.290958881378174,
            12.540364027023315,
            12.404742240905762
        ],
        "output_image_path": "/model_deploy_execution_attack_for_pipeline/outputs/age_googlenet_mnn_138383_ttba_attack/adversarial_image.png"
    }
}