{
    "status": "BUDGET_EXHAUSTED",
    "config": {
        "executable": "./resources/execution_files/age_googlenet_mnn",
        "benign_image": "/img_align_celeba/095405.jpg",
        "initial_adv_image": "/img_align_celeba/00000012.png",
        "l2_epsilon_goal": 0.05,
        "linf_epsilon_goal": 0.06274509803921569,
        "query_budget": 40000,
        "max_iterations": 1000,
        "initial_queries": 50,
        "dimension_reduction": 1.0
    },
    "results": {
        "total_queries": 40301,
        "final_l2_distance": 30.22414779663086,
        "final_linf_distance": 0.4089035987854004,
        "total_duration_seconds": 1138.2591996192932,
        "iteration_times_seconds": [
            7.785320281982422,
            8.06222653388977,
            8.238943099975586,
            8.276291847229004,
            8.393716096878052,
            8.478720903396606,
            8.801395177841187,
            8.845546245574951,
            8.863747119903564,
            8.906671047210693,
            8.95930027961731,
            9.116094589233398,
            9.17136549949646,
            9.194337368011475,
            9.351737022399902,
            9.426210403442383,
            9.493732690811157,
            9.497303009033203,
            9.319748401641846,
            9.342597723007202,
            9.409877061843872,
            9.391407489776611,
            9.529710531234741,
            9.524770498275757,
            9.652960538864136,
            9.693405389785767,
            9.747241497039795,
            9.799949407577515,
            9.875487327575684,
            9.940806150436401,
            9.920928955078125,
            10.057838916778564,
            10.04990291595459,
            10.126840114593506,
            10.043535947799683,
            10.081292629241943,
            10.207346200942993,
            10.116087675094604,
            10.163163661956787,
            10.30188274383545,
            10.385121583938599,
            10.462051391601562,
            10.471165895462036,
            10.527989387512207,
            10.588706493377686,
            10.640673160552979,
            10.623656988143921,
            10.670601606369019,
            10.68087649345398,
            10.722936630249023,
            10.803369283676147,
            10.803369522094727,
            10.77762246131897,
            10.873334407806396,
            10.809274196624756,
            10.954873085021973,
            10.867339134216309,
            11.006675720214844,
            11.012255430221558,
            11.13232946395874,
            10.943241596221924,
            11.019847393035889,
            10.970459222793579,
            10.964006423950195,
            11.019381284713745,
            11.018687009811401,
            11.019607782363892,
            11.094261169433594,
            11.090175867080688,
            11.17491888999939,
            11.138431787490845,
            11.08592700958252,
            11.207238674163818,
            11.27150559425354,
            11.239795446395874,
            11.267194271087646,
            11.332615375518799,
            11.320241451263428,
            11.484333515167236,
            11.4880850315094,
            11.551711797714233,
            11.574851036071777,
            11.634227991104126,
            11.609321594238281,
            11.57174038887024,
            11.664409637451172,
            11.729730606079102,
            11.653132915496826,
            11.735697746276855,
            11.724008083343506,
            11.759778499603271,
            11.743632316589355,
            11.773638248443604,
            11.846499919891357,
            11.809017658233643,
            11.927035808563232,
            11.918813467025757,
            11.874651908874512,
            11.92045521736145,
            11.967122316360474,
            12.031936883926392,
            12.05289888381958,
            12.100792407989502,
            12.029709339141846,
            12.030476570129395,
            12.227995872497559,
            12.213403463363647
        ],
        "output_image_path": "/model_deploy_execution_attack_for_pipeline/outputs/age_googlenet_mnn_095405_ttba_attack/adversarial_image.png"
    }
}