{
    "status": "SUCCESS",
    "config": {
        "executable": "./resources/execution_files/ssrnet_age_mnn",
        "benign_image": "/img_align_celeba/037701.jpg",
        "initial_adv_image": "/img_align_celeba/171783.jpg",
        "l2_epsilon_goal": 0.05,
        "linf_epsilon_goal": 0.06274509803921569,
        "query_budget": 40000,
        "max_iterations": 1000,
        "initial_queries": 50,
        "dimension_reduction": 1.0
    },
    "results": {
        "total_queries": 14484,
        "final_l2_distance": 4.513758659362793,
        "final_linf_distance": 0.06235480308532715,
        "total_duration_seconds": 139.3772337436676,
        "iteration_times_seconds": [
            2.247213840484619,
            2.4251809120178223,
            2.387465000152588,
            2.3417727947235107,
            2.3626396656036377,
            2.552780866622925,
            2.429380416870117,
            2.428274154663086,
            2.491913318634033,
            2.5564045906066895,
            2.5113744735717773,
            2.4555728435516357,
            2.488205671310425,
            2.4004428386688232,
            2.398365020751953,
            2.4814095497131348,
            2.489928722381592,
            2.487966775894165,
            2.504472017288208,
            2.5842373371124268,
            2.5094192028045654,
            2.594834804534912,
            2.558326244354248,
            2.5638554096221924,
            2.604428291320801,
            2.617549419403076,
            2.5407063961029053,
            2.651293992996216,
            2.6440389156341553,
            2.646918535232544,
            2.6900877952575684,
            2.6369988918304443,
            2.6563544273376465,
            2.694106340408325,
            2.7231996059417725,
            2.7006139755249023,
            2.7435142993927,
            2.7308967113494873,
            2.6591992378234863,
            2.682583808898926,
            2.7340452671051025,
            2.6503567695617676,
            2.70770263671875,
            2.7461328506469727,
            2.8015544414520264,
            2.723182201385498,
            2.763450860977173,
            2.7642009258270264,
            2.796602725982666,
            2.8073370456695557,
            2.7966902256011963,
            2.9091806411743164,
            2.8551132678985596
        ],
        "output_image_path": "/model_deploy_execution_attack_for_pipeline/outputs/ssrnet_age_mnn_037701_ttba_attack/adversarial_image.png"
    }
}