{
    "status": "BUDGET_EXHAUSTED",
    "config": {
        "executable": "./resources/execution_files/emotion_ferplus_mnn",
        "benign_image": "/img_align_celeba/122481.jpg",
        "initial_adv_image": "/img_align_celeba/091663.jpg",
        "l2_epsilon_goal": 0.05,
        "linf_epsilon_goal": 0.06274509803921569,
        "query_budget": 40000,
        "max_iterations": 1000,
        "initial_queries": 50,
        "dimension_reduction": 1.0
    },
    "results": {
        "total_queries": 40103,
        "final_l2_distance": 7.4936017990112305,
        "final_linf_distance": 0.09963136911392212,
        "total_duration_seconds": 997.2540421485901,
        "iteration_times_seconds": [
            6.410835027694702,
            6.782064914703369,
            6.929076910018921,
            6.96646523475647,
            6.884061574935913,
            7.049554109573364,
            7.216322660446167,
            7.318946838378906,
            7.36200213432312,
            7.460926532745361,
            7.588188886642456,
            7.596433401107788,
            7.693911790847778,
            7.619418621063232,
            7.833489656448364,
            7.947675704956055,
            8.03063416481018,
            8.103594303131104,
            8.072927713394165,
            8.077334642410278,
            8.318786859512329,
            8.186494827270508,
            8.258150577545166,
            8.322856664657593,
            8.392831802368164,
            8.371337175369263,
            8.614472389221191,
            8.750767230987549,
            8.641923904418945,
            8.509568452835083,
            8.676172971725464,
            8.620312213897705,
            8.804780006408691,
            8.6794114112854,
            8.765809774398804,
            8.732722282409668,
            8.830542087554932,
            8.806134939193726,
            8.85261845588684,
            9.012484550476074,
            8.951059579849243,
            9.108091592788696,
            9.093337535858154,
            9.181466341018677,
            9.247400999069214,
            9.208054542541504,
            9.297388553619385,
            9.33614444732666,
            9.41288709640503,
            9.311960458755493,
            9.491164207458496,
            9.483421087265015,
            9.502912998199463,
            9.477010488510132,
            9.499096632003784,
            9.557818412780762,
            9.489477157592773,
            9.61860966682434,
            9.617900371551514,
            9.776618480682373,
            9.882380962371826,
            9.734363555908203,
            9.740607261657715,
            9.73477053642273,
            9.840272426605225,
            9.714708089828491,
            9.69790244102478,
            9.7904953956604,
            9.879760980606079,
            9.837929964065552,
            9.933840274810791,
            10.005901098251343,
            10.023651838302612,
            9.960315942764282,
            10.014457702636719,
            9.966946125030518,
            10.02484655380249,
            10.075316667556763,
            10.103739261627197,
            10.281096935272217,
            10.211721658706665,
            10.282107830047607,
            10.309049844741821,
            10.42858338356018,
            10.329713106155396,
            10.40220332145691,
            10.426940441131592,
            10.430701732635498,
            10.491831541061401,
            10.453196287155151,
            10.567657232284546,
            10.453046798706055,
            10.458462238311768,
            10.658868074417114,
            10.548337459564209,
            10.614665508270264,
            10.566812753677368,
            10.642026662826538,
            10.66370677947998,
            10.735731601715088,
            10.829800367355347,
            10.818822383880615,
            10.848496913909912,
            10.814472913742065,
            10.85653305053711,
            10.929963827133179,
            10.97913932800293
        ],
        "output_image_path": "/model_deploy_execution_attack_for_pipeline/outputs/emotion_ferplus_mnn_122481_ttba_attack/adversarial_image.png"
    }
}