{
    "status": "BUDGET_EXHAUSTED",
    "config": {
        "executable": "resources/execution_files/emotion_ferplus_mnn",
        "benign_image": "/img_align_celeba/047557.jpg",
        "initial_adv_image": "/img_align_celeba/045354.jpg",
        "l2_epsilon_goal": 0.05,
        "linf_epsilon_goal": 0.06274509803921569,
        "query_budget": 40000,
        "max_iterations": 1000,
        "initial_queries": 50,
        "dimension_reduction": 1.0
    },
    "results": {
        "total_queries": 40217,
        "final_l2_distance": 10.526313781738281,
        "final_linf_distance": 0.14304286241531372,
        "total_duration_seconds": 1024.1552302837372,
        "iteration_times_seconds": [
            6.548495769500732,
            6.756490707397461,
            7.020262002944946,
            7.077045679092407,
            7.092899799346924,
            7.275369167327881,
            7.448164224624634,
            7.514902353286743,
            7.661777496337891,
            7.694060325622559,
            7.7817769050598145,
            7.834669589996338,
            7.975225925445557,
            8.01788854598999,
            8.128080606460571,
            8.243400573730469,
            8.282861948013306,
            8.245231628417969,
            8.310024738311768,
            8.324302673339844,
            8.471559047698975,
            8.517624139785767,
            8.491728782653809,
            8.637808084487915,
            8.551982641220093,
            8.675451755523682,
            8.860592365264893,
            8.912260293960571,
            8.871331930160522,
            8.913209676742554,
            8.994155645370483,
            9.025019407272339,
            9.001514434814453,
            9.144965887069702,
            9.204244136810303,
            9.126689195632935,
            9.16410207748413,
            9.2432382106781,
            9.4043128490448,
            9.154470205307007,
            9.250233888626099,
            9.32572865486145,
            9.377561330795288,
            9.471170425415039,
            9.50488829612732,
            9.466013193130493,
            9.467972040176392,
            9.576446056365967,
            9.59325361251831,
            9.487263679504395,
            9.63770580291748,
            9.721845149993896,
            9.703231573104858,
            9.695512294769287,
            9.777312278747559,
            9.905083417892456,
            9.87350082397461,
            9.867715835571289,
            9.876607894897461,
            10.129926443099976,
            10.093911409378052,
            10.116263389587402,
            10.062131881713867,
            10.240731000900269,
            10.299400329589844,
            10.207300662994385,
            10.21938943862915,
            10.274767398834229,
            10.203130960464478,
            10.197076797485352,
            10.367370367050171,
            10.526050806045532,
            10.445862054824829,
            10.542115688323975,
            10.488677501678467,
            10.25452470779419,
            10.312730550765991,
            10.227587938308716,
            10.375572204589844,
            10.30144190788269,
            10.40565037727356,
            10.50546669960022,
            10.546750783920288,
            10.594207525253296,
            10.57834267616272,
            10.588746070861816,
            10.624719142913818,
            10.630878448486328,
            10.738667011260986,
            10.749984741210938,
            10.70800232887268,
            10.778845310211182,
            10.775952577590942,
            10.835027694702148,
            10.630024671554565,
            10.621610164642334,
            10.825377702713013,
            10.72421646118164,
            10.728652238845825,
            10.808079719543457,
            10.777141809463501,
            10.818459272384644,
            10.884070634841919,
            10.80150318145752,
            10.865381002426147,
            10.961994647979736,
            11.025574207305908
        ],
        "output_image_path": "/model_deploy_execution_attack_for_pipeline/outputs/emotion_ferplus_mnn_047557_ttba_attack/adversarial_image.png"
    }
}