{
    "status": "SUCCESS",
    "config": {
        "executable": "resources/execution_files/gender_googlenet_mnn",
        "benign_image": "/img_align_celeba/032692.jpg",
        "initial_adv_image": "/img_align_celeba/003301.jpg",
        "l2_epsilon_goal": 0.05,
        "linf_epsilon_goal": 0.06274509803921569,
        "query_budget": 40000,
        "max_iterations": 1000,
        "initial_queries": 50,
        "dimension_reduction": 1.0
    },
    "results": {
        "total_queries": 1056,
        "final_l2_distance": 4.103592872619629,
        "final_linf_distance": 0.05586928129196167,
        "total_duration_seconds": 54.38239908218384,
        "iteration_times_seconds": [
            5.9169299602508545,
            6.294963121414185,
            6.324925184249878,
            6.362534999847412,
            6.235469818115234,
            6.182648181915283,
            6.362789869308472,
            6.394755601882935
        ],
        "output_image_path": "/model_deploy_execution_attack_for_pipeline/outputs/gender_googlenet_mnn_032692_ttba_attack/adversarial_image.png"
    }
}