{
    "status": "BUDGET_EXHAUSTED",
    "config": {
        "executable": "resources/execution_files/emotion_ferplus_mnn",
        "benign_image": "/img_align_celeba/085616.jpg",
        "initial_adv_image": "/img_align_celeba/074189.jpg",
        "l2_epsilon_goal": 0.05,
        "linf_epsilon_goal": 0.06274509803921569,
        "query_budget": 40000,
        "max_iterations": 1000,
        "initial_queries": 50,
        "dimension_reduction": 1.0
    },
    "results": {
        "total_queries": 40138,
        "final_l2_distance": 7.435753345489502,
        "final_linf_distance": 0.12944823503494263,
        "total_duration_seconds": 1008.316463470459,
        "iteration_times_seconds": [
            6.285326242446899,
            6.626393556594849,
            6.866934537887573,
            6.876277208328247,
            6.977062225341797,
            7.1401450634002686,
            7.3186726570129395,
            7.40738844871521,
            7.394430637359619,
            7.4103100299835205,
            7.629194736480713,
            7.696037292480469,
            7.6950623989105225,
            7.755654573440552,
            7.931022882461548,
            8.068182229995728,
            8.06226110458374,
            8.046458721160889,
            8.067995548248291,
            8.196553230285645,
            8.316612482070923,
            8.274018049240112,
            8.361672401428223,
            8.380181550979614,
            8.445631980895996,
            8.500134706497192,
            8.573642015457153,
            8.669563293457031,
            8.673693656921387,
            8.721539497375488,
            8.816456317901611,
            8.91240382194519,
            8.897244453430176,
            8.8475022315979,
            9.009891033172607,
            8.972908735275269,
            8.977641820907593,
            9.107216596603394,
            9.106660842895508,
            9.137697219848633,
            9.221690654754639,
            9.278517007827759,
            9.409632921218872,
            9.361340284347534,
            9.438663005828857,
            9.453252792358398,
            9.548871994018555,
            9.534933090209961,
            9.506347894668579,
            9.635250329971313,
            9.69722604751587,
            9.729668378829956,
            9.55190896987915,
            9.56630802154541,
            9.467910528182983,
            9.584635734558105,
            9.5911865234375,
            9.75478482246399,
            9.703975677490234,
            9.886467218399048,
            9.870864391326904,
            9.87739896774292,
            9.840518474578857,
            9.912704467773438,
            10.004183530807495,
            10.00220513343811,
            9.97676157951355,
            9.94939136505127,
            10.092888116836548,
            10.050019264221191,
            10.154432535171509,
            10.264592170715332,
            10.229754447937012,
            10.203635215759277,
            10.116043090820312,
            10.238831043243408,
            10.424830675125122,
            10.09720754623413,
            10.115177392959595,
            10.270300149917603,
            10.227599620819092,
            10.381312131881714,
            10.369832754135132,
            10.356115579605103,
            10.33177900314331,
            10.409731149673462,
            10.550088167190552,
            10.529007196426392,
            10.55513620376587,
            10.504646062850952,
            10.52299189567566,
            10.555255889892578,
            10.614352703094482,
            10.597261190414429,
            10.680405616760254,
            10.622405052185059,
            10.67171311378479,
            10.684841394424438,
            10.723379850387573,
            10.877326965332031,
            10.819911003112793,
            10.822868347167969,
            10.815491199493408,
            10.93817687034607,
            11.036831140518188,
            10.89406156539917,
            10.954607486724854
        ],
        "output_image_path": "/model_deploy_execution_attack_for_pipeline/outputs/emotion_ferplus_mnn_085616_ttba_attack/adversarial_image.png"
    }
}