{
    "status": "SUCCESS",
    "config": {
        "executable": "./resources/execution_files/emotion_ferplus_mnn",
        "benign_image": "/img_align_celeba/014641.jpg",
        "initial_adv_image": "/img_align_celeba/151453.jpg",
        "l2_epsilon_goal": 0.05,
        "linf_epsilon_goal": 0.06274509803921569,
        "query_budget": 40000,
        "max_iterations": 1000,
        "initial_queries": 50,
        "dimension_reduction": 1.0
    },
    "results": {
        "total_queries": 26751,
        "final_l2_distance": 4.25701379776001,
        "final_linf_distance": 0.06102365255355835,
        "total_duration_seconds": 713.8718373775482,
        "iteration_times_seconds": [
            6.387160778045654,
            6.762186288833618,
            6.852121829986572,
            6.989294052124023,
            7.105268716812134,
            7.233884811401367,
            7.516367435455322,
            7.49394416809082,
            7.547059535980225,
            7.599280118942261,
            7.6848249435424805,
            7.713261604309082,
            7.782272815704346,
            7.872901201248169,
            8.120656251907349,
            8.13402247428894,
            8.014890909194946,
            8.154230117797852,
            8.161550045013428,
            8.120964288711548,
            8.149044036865234,
            8.270986795425415,
            8.31010890007019,
            8.386771440505981,
            8.40999150276184,
            8.52263069152832,
            8.551841020584106,
            8.635770082473755,
            8.660425662994385,
            8.512006998062134,
            8.661866188049316,
            8.677830934524536,
            8.623416662216187,
            8.722876071929932,
            8.727692365646362,
            8.75514006614685,
            8.571872234344482,
            8.672583818435669,
            8.677322387695312,
            8.706470966339111,
            8.74078917503357,
            8.936344146728516,
            8.92306137084961,
            8.979318380355835,
            8.861034154891968,
            8.990023374557495,
            9.131414651870728,
            9.0630521774292,
            9.116449356079102,
            9.19095516204834,
            9.217840194702148,
            9.220659017562866,
            9.229192018508911,
            9.264049291610718,
            9.269405126571655,
            9.361412763595581,
            9.405590295791626,
            9.250694274902344,
            9.196873188018799,
            9.428807258605957,
            9.458652019500732,
            9.465892553329468,
            9.575426816940308,
            9.619628429412842,
            9.538032293319702,
            9.608379125595093,
            9.513447523117065,
            9.581449270248413,
            9.695648908615112,
            9.613139629364014,
            9.708057403564453,
            9.839414834976196,
            9.754024267196655,
            9.72865343093872,
            9.85090970993042,
            9.793301820755005,
            9.900163412094116,
            9.854706764221191,
            9.959884643554688,
            10.015101194381714,
            10.050633907318115
        ],
        "output_image_path": "/model_deploy_execution_attack_for_pipeline/outputs/emotion_ferplus_mnn_014641_ttba_attack/adversarial_image.png"
    }
}