{
    "status": "BUDGET_EXHAUSTED",
    "config": {
        "executable": "./resources/execution_files/age_googlenet_mnn",
        "benign_image": "/img_align_celeba/184508.jpg",
        "initial_adv_image": "/img_align_celeba/00000016.png",
        "l2_epsilon_goal": 0.05,
        "linf_epsilon_goal": 0.06274509803921569,
        "query_budget": 40000,
        "max_iterations": 1000,
        "initial_queries": 50,
        "dimension_reduction": 1.0
    },
    "results": {
        "total_queries": 40312,
        "final_l2_distance": 47.76771926879883,
        "final_linf_distance": 0.6411277651786804,
        "total_duration_seconds": 1137.2028703689575,
        "iteration_times_seconds": [
            7.511861085891724,
            7.806493282318115,
            7.9447784423828125,
            8.083455324172974,
            8.144238948822021,
            8.287805318832397,
            8.42829442024231,
            8.576635599136353,
            8.690901041030884,
            8.690748453140259,
            8.728960990905762,
            8.837950944900513,
            8.818220138549805,
            8.926358938217163,
            9.102752685546875,
            9.113226413726807,
            9.131989479064941,
            9.206661224365234,
            9.237975597381592,
            9.30878472328186,
            9.396220445632935,
            9.353914499282837,
            9.479750633239746,
            9.539270639419556,
            9.637871980667114,
            9.559350728988647,
            9.690227270126343,
            9.830581188201904,
            9.840594291687012,
            9.882293224334717,
            9.949600219726562,
            9.910567998886108,
            10.073944091796875,
            10.080265522003174,
            10.011460781097412,
            10.161556243896484,
            10.138550996780396,
            10.175469636917114,
            10.136332273483276,
            10.206860542297363,
            10.281245946884155,
            10.4559166431427,
            10.434179544448853,
            10.466485738754272,
            10.605399131774902,
            10.56022047996521,
            10.659055709838867,
            10.702754497528076,
            10.601819276809692,
            10.718136310577393,
            10.635344743728638,
            10.755522966384888,
            10.801191091537476,
            10.848119497299194,
            10.897366762161255,
            10.932083129882812,
            11.031475305557251,
            10.979710578918457,
            10.985580205917358,
            11.06690239906311,
            11.166261672973633,
            11.118403911590576,
            11.173528909683228,
            11.237278938293457,
            11.21815538406372,
            11.177241325378418,
            11.26728868484497,
            11.393567085266113,
            11.315083026885986,
            11.333594799041748,
            11.347908735275269,
            11.35149097442627,
            11.442524671554565,
            11.43872857093811,
            11.527436256408691,
            11.532876014709473,
            11.521725177764893,
            11.69206166267395,
            11.56690502166748,
            11.56288194656372,
            11.66396975517273,
            11.690068006515503,
            11.855506181716919,
            11.76964259147644,
            11.788414478302002,
            11.858762264251709,
            11.858502626419067,
            11.866263151168823,
            11.89354920387268,
            11.972846269607544,
            11.778452157974243,
            11.714468479156494,
            11.694063901901245,
            11.809638500213623,
            11.829113483428955,
            11.810240983963013,
            11.837497472763062,
            11.868742942810059,
            11.828420639038086,
            11.85453176498413,
            11.953457117080688,
            12.005475044250488,
            12.03916621208191,
            12.022276163101196,
            12.033000469207764,
            12.105896234512329,
            12.188014030456543
        ],
        "output_image_path": "/model_deploy_execution_attack_for_pipeline/outputs/age_googlenet_mnn_184508_ttba_attack/adversarial_image.png"
    }
}