{
    "status": "SUCCESS",
    "config": {
        "executable": "./resources/execution_files/ssrnet_age_mnn",
        "benign_image": "/img_align_celeba/093074.jpg",
        "initial_adv_image": "/img_align_celeba/201551.jpg",
        "l2_epsilon_goal": 0.05,
        "linf_epsilon_goal": 0.06274509803921569,
        "query_budget": 40000,
        "max_iterations": 1000,
        "initial_queries": 50,
        "dimension_reduction": 1.0
    },
    "results": {
        "total_queries": 4994,
        "final_l2_distance": 4.3867082595825195,
        "final_linf_distance": 0.057176247239112854,
        "total_duration_seconds": 62.77005982398987,
        "iteration_times_seconds": [
            2.3429505825042725,
            2.429861068725586,
            2.4079525470733643,
            2.3049402236938477,
            2.4176783561706543,
            2.431955099105835,
            2.5485267639160156,
            2.57718825340271,
            2.435681104660034,
            2.3809549808502197,
            2.3421730995178223,
            2.4301810264587402,
            2.442763566970825,
            2.4830238819122314,
            2.287099838256836,
            2.4822442531585693,
            2.457620143890381,
            2.5420610904693604,
            2.5145606994628906,
            2.356257677078247,
            2.4975435733795166,
            2.4795196056365967,
            2.5794122219085693,
            2.647120475769043,
            2.530961036682129
        ],
        "output_image_path": "/model_deploy_execution_attack_for_pipeline/outputs/ssrnet_age_mnn_093074_ttba_attack/adversarial_image.png"
    }
}