{
    "status": "BUDGET_EXHAUSTED",
    "config": {
        "executable": "./resources/execution_files/age_googlenet_mnn",
        "benign_image": "/img_align_celeba/003467.jpg",
        "initial_adv_image": "/img_align_celeba/00000011.png",
        "l2_epsilon_goal": 0.05,
        "linf_epsilon_goal": 0.06274509803921569,
        "query_budget": 40000,
        "max_iterations": 1000,
        "initial_queries": 50,
        "dimension_reduction": 1.0
    },
    "results": {
        "total_queries": 40318,
        "final_l2_distance": 42.78056335449219,
        "final_linf_distance": 0.5683782696723938,
        "total_duration_seconds": 1137.975591659546,
        "iteration_times_seconds": [
            7.77423095703125,
            8.034682512283325,
            8.198296070098877,
            8.396043062210083,
            8.402345418930054,
            8.557084798812866,
            8.65717077255249,
            8.735159873962402,
            8.809293270111084,
            8.843935489654541,
            8.944177627563477,
            8.964256048202515,
            9.083291292190552,
            9.112064599990845,
            9.375692129135132,
            9.436060428619385,
            9.4129159450531,
            9.447874546051025,
            9.242200374603271,
            9.303444623947144,
            9.426243305206299,
            9.40752100944519,
            9.483461380004883,
            9.548350811004639,
            9.544715166091919,
            9.65618348121643,
            9.872812509536743,
            9.864870071411133,
            9.839750289916992,
            9.852258682250977,
            9.984778642654419,
            9.957977771759033,
            9.98405146598816,
            10.07166314125061,
            10.128424882888794,
            10.065057039260864,
            10.225632667541504,
            10.267930030822754,
            10.250247955322266,
            10.220435857772827,
            10.25825023651123,
            10.497475862503052,
            10.45206332206726,
            10.513131618499756,
            10.580735445022583,
            10.596044301986694,
            10.575488567352295,
            10.588814973831177,
            10.667656660079956,
            10.720739364624023,
            10.631292343139648,
            10.647989273071289,
            10.729732036590576,
            10.739709377288818,
            10.797272205352783,
            10.935055255889893,
            10.953180313110352,
            10.912017822265625,
            11.012959480285645,
            11.160330772399902,
            11.211131811141968,
            11.119306802749634,
            11.078128099441528,
            11.273826599121094,
            11.193376302719116,
            11.199262380599976,
            11.207711696624756,
            11.28044319152832,
            11.249847650527954,
            11.30384349822998,
            11.379151582717896,
            11.349956274032593,
            11.451117992401123,
            11.527945280075073,
            11.541839361190796,
            11.488123416900635,
            11.414976358413696,
            11.330101251602173,
            11.39546251296997,
            11.364330053329468,
            11.405965566635132,
            11.667182683944702,
            11.524609327316284,
            11.529819965362549,
            11.52830958366394,
            11.596751689910889,
            11.584654808044434,
            11.611931324005127,
            11.693141222000122,
            11.71655797958374,
            11.744328737258911,
            11.672362327575684,
            11.751714944839478,
            11.697142362594604,
            11.747514486312866,
            11.739042520523071,
            11.923713684082031,
            11.810949802398682,
            11.838095903396606,
            11.935064792633057,
            11.996225833892822,
            11.95858359336853,
            11.986500024795532,
            11.96852731704712,
            12.016119480133057,
            12.101524114608765,
            12.07167935371399
        ],
        "output_image_path": "/model_deploy_execution_attack_for_pipeline/outputs/age_googlenet_mnn_003467_ttba_attack/adversarial_image.png"
    }
}