{
    "status": "BUDGET_EXHAUSTED",
    "config": {
        "executable": "./resources/execution_files/ssrnet_age_mnn",
        "benign_image": "/img_align_celeba/150995.jpg",
        "initial_adv_image": "/img_align_celeba/134208.jpg",
        "l2_epsilon_goal": 0.05,
        "linf_epsilon_goal": 0.06274509803921569,
        "query_budget": 40000,
        "max_iterations": 1000,
        "initial_queries": 50,
        "dimension_reduction": 1.0
    },
    "results": {
        "total_queries": 40052,
        "final_l2_distance": 5.121587753295898,
        "final_linf_distance": 0.07980078458786011,
        "total_duration_seconds": 307.4484887123108,
        "iteration_times_seconds": [
            2.319521903991699,
            2.381223201751709,
            2.4194090366363525,
            2.4027552604675293,
            2.4074079990386963,
            2.5134432315826416,
            2.502225160598755,
            2.3992104530334473,
            2.4895546436309814,
            2.5428614616394043,
            2.45849871635437,
            2.4492268562316895,
            2.544613838195801,
            2.505819320678711,
            2.624217987060547,
            2.584982395172119,
            2.722831964492798,
            2.613142728805542,
            2.651369333267212,
            2.600856304168701,
            2.6483283042907715,
            2.5451791286468506,
            2.601341724395752,
            2.644883632659912,
            2.6505496501922607,
            2.6624538898468018,
            2.683598279953003,
            2.6727163791656494,
            2.6831276416778564,
            2.6599161624908447,
            2.668480396270752,
            2.722111225128174,
            2.7224974632263184,
            2.7411091327667236,
            2.8028488159179688,
            2.6777396202087402,
            2.8033623695373535,
            2.7005858421325684,
            2.735386371612549,
            2.765373468399048,
            2.7369751930236816,
            2.8594415187835693,
            2.811718225479126,
            2.81083607673645,
            2.704357862472534,
            2.8519794940948486,
            2.861851692199707,
            2.850149154663086,
            2.8486058712005615,
            2.7918155193328857,
            2.8285765647888184,
            2.9072532653808594,
            2.8067831993103027,
            2.8136703968048096,
            2.947627544403076,
            2.8779335021972656,
            2.8381354808807373,
            2.867849349975586,
            2.95495343208313,
            2.8940846920013428,
            2.8713746070861816,
            2.9714481830596924,
            2.9226040840148926,
            2.9453012943267822,
            3.0542171001434326,
            3.004209280014038,
            3.0406293869018555,
            3.039954423904419,
            3.1077401638031006,
            3.0331075191497803,
            3.0560269355773926,
            3.0185444355010986,
            2.93595290184021,
            3.043045997619629,
            2.989809513092041,
            3.1807289123535156,
            3.120225429534912,
            3.036172866821289,
            3.134796142578125,
            3.1327335834503174,
            3.2221438884735107,
            3.095949411392212,
            3.166205883026123,
            3.024392604827881,
            3.011958122253418,
            2.9959375858306885,
            2.981689453125,
            3.035125732421875,
            3.080613851547241,
            3.203394889831543,
            3.156071901321411,
            3.154557228088379,
            3.1763041019439697,
            2.9956727027893066,
            3.0533664226531982,
            3.0895209312438965,
            3.2539756298065186,
            3.0873732566833496,
            3.0976836681365967,
            3.2137160301208496,
            3.1306209564208984,
            3.16729474067688,
            3.230731248855591,
            3.203295946121216,
            3.1925251483917236,
            3.2022864818573,
            3.2773423194885254
        ],
        "output_image_path": "/model_deploy_execution_attack_for_pipeline/outputs/ssrnet_age_mnn_150995_ttba_attack/adversarial_image.png"
    }
}