{
    "status": "SUCCESS",
    "config": {
        "executable": "./resources/execution_files/fsanet_headpose_mnn",
        "benign_image": "/img_align_celeba/041126.jpg",
        "initial_adv_image": "/img_align_celeba/088332.jpg",
        "l2_epsilon_goal": 0.05,
        "linf_epsilon_goal": 0.06274509803921569,
        "query_budget": 40000,
        "max_iterations": 1000,
        "initial_queries": 50,
        "dimension_reduction": 1.0
    },
    "results": {
        "total_queries": 582,
        "final_l2_distance": 3.9464783668518066,
        "final_linf_distance": 0.05658414959907532,
        "total_duration_seconds": 14.546051740646362,
        "iteration_times_seconds": [
            2.6588079929351807,
            2.6267495155334473,
            2.625824213027954,
            2.488741159439087,
            2.429198980331421
        ],
        "output_image_path": "/model_deploy_execution_attack_for_pipeline/outputs/fsanet_headpose_mnn_041126_ttba_attack/adversarial_image.png"
    }
}