{
    "status": "SUCCESS",
    "config": {
        "executable": "resources/execution_files/emotion_ferplus_mnn",
        "benign_image": "/img_align_celeba/093074.jpg",
        "initial_adv_image": "/img_align_celeba/195377.jpg",
        "l2_epsilon_goal": 0.05,
        "linf_epsilon_goal": 0.06274509803921569,
        "query_budget": 40000,
        "max_iterations": 1000,
        "initial_queries": 50,
        "dimension_reduction": 1.0
    },
    "results": {
        "total_queries": 3701,
        "final_l2_distance": 3.8717730045318604,
        "final_linf_distance": 0.051191430538892746,
        "total_duration_seconds": 157.35976576805115,
        "iteration_times_seconds": [
            6.761075496673584,
            6.981011867523193,
            7.071278095245361,
            7.219674110412598,
            7.341871976852417,
            7.506861686706543,
            7.545335054397583,
            7.714621067047119,
            7.8594887256622314,
            7.784358263015747,
            7.90514063835144,
            8.047675609588623,
            8.156320571899414,
            7.840020179748535,
            8.067361831665039,
            8.169827699661255,
            8.004987239837646,
            7.6467368602752686,
            7.5481116771698,
            7.603481769561768
        ],
        "output_image_path": "/model_deploy_execution_attack_for_pipeline/outputs/emotion_ferplus_mnn_093074_ttba_attack/adversarial_image.png"
    }
}