{
    "status": "BUDGET_EXHAUSTED",
    "config": {
        "executable": "./resources/execution_files/gender_googlenet_mnn",
        "benign_image": "/img_align_celeba/177494.jpg",
        "initial_adv_image": "/img_align_celeba/098121.jpg",
        "l2_epsilon_goal": 0.05,
        "linf_epsilon_goal": 0.06274509803921569,
        "query_budget": 40000,
        "max_iterations": 1000,
        "initial_queries": 50,
        "dimension_reduction": 1.0
    },
    "results": {
        "total_queries": 40144,
        "final_l2_distance": 10.908707618713379,
        "final_linf_distance": 0.14667493104934692,
        "total_duration_seconds": 934.1138217449188,
        "iteration_times_seconds": [
            6.046849489212036,
            6.283677816390991,
            6.384978294372559,
            6.5158092975616455,
            6.580724477767944,
            6.738767385482788,
            6.91774582862854,
            7.057023048400879,
            7.068011522293091,
            7.096111536026001,
            7.176490306854248,
            7.241385459899902,
            7.3087005615234375,
            7.4056994915008545,
            7.383516550064087,
            7.403473138809204,
            7.479260444641113,
            7.539505958557129,
            7.514417409896851,
            7.542474031448364,
            7.61229681968689,
            7.594731330871582,
            7.6576151847839355,
            7.720701456069946,
            7.894429445266724,
            7.906297206878662,
            8.08772349357605,
            8.101466178894043,
            8.059321403503418,
            8.042223930358887,
            8.127267122268677,
            8.170182943344116,
            8.183132410049438,
            8.170379400253296,
            8.22452449798584,
            8.340716361999512,
            8.329983234405518,
            8.433557271957397,
            8.514953851699829,
            8.550058841705322,
            8.603771209716797,
            8.49690055847168,
            8.543439149856567,
            8.491530895233154,
            8.580675601959229,
            8.607616662979126,
            8.642544984817505,
            8.63803219795227,
            8.66334581375122,
            8.642391443252563,
            8.705181121826172,
            8.741594076156616,
            8.76133942604065,
            8.745960712432861,
            8.86679482460022,
            8.911224842071533,
            9.066252708435059,
            9.018309831619263,
            9.102620601654053,
            9.181341648101807,
            9.121449947357178,
            9.251245021820068,
            9.193639993667603,
            9.255857944488525,
            9.240112543106079,
            9.270764112472534,
            9.20015835762024,
            9.339221239089966,
            9.45142149925232,
            9.39272952079773,
            9.390806436538696,
            9.365247964859009,
            9.391021251678467,
            9.461211442947388,
            9.472607612609863,
            9.44820523262024,
            9.565322399139404,
            9.492104768753052,
            9.622615814208984,
            9.579625844955444,
            9.699426412582397,
            9.685827255249023,
            9.605474710464478,
            9.523375272750854,
            9.61345911026001,
            9.66218638420105,
            9.600903034210205,
            9.627809286117554,
            9.55805230140686,
            9.735432863235474,
            9.759209871292114,
            9.734108209609985,
            9.82569432258606,
            9.701327562332153,
            9.906826257705688,
            9.82735538482666,
            9.86666226387024,
            9.9381844997406,
            9.88597822189331,
            9.943912506103516,
            9.923250675201416,
            10.007074117660522,
            10.094147205352783,
            10.1369469165802,
            10.104596853256226,
            10.048047542572021,
            10.202723503112793
        ],
        "output_image_path": "/model_deploy_execution_attack_for_pipeline/outputs/gender_googlenet_mnn_177494_ttba_attack/adversarial_image.png"
    }
}