{
    "status": "BUDGET_EXHAUSTED",
    "config": {
        "executable": "./resources/execution_files/gender_googlenet_mnn",
        "benign_image": "/img_align_celeba/158463.jpg",
        "initial_adv_image": "/img_align_celeba/195377.jpg",
        "l2_epsilon_goal": 0.05,
        "linf_epsilon_goal": 0.06274509803921569,
        "query_budget": 40000,
        "max_iterations": 1000,
        "initial_queries": 50,
        "dimension_reduction": 1.0
    },
    "results": {
        "total_queries": 40154,
        "final_l2_distance": 11.85414981842041,
        "final_linf_distance": 0.16422052681446075,
        "total_duration_seconds": 936.877063035965,
        "iteration_times_seconds": [
            6.122776508331299,
            6.350434303283691,
            6.4790778160095215,
            6.4967145919799805,
            6.665827751159668,
            6.883641242980957,
            7.074579238891602,
            7.069121599197388,
            7.032948970794678,
            7.104516506195068,
            7.138128042221069,
            7.084290266036987,
            7.166380167007446,
            7.193307638168335,
            7.427640676498413,
            7.395272731781006,
            7.475146293640137,
            7.458782434463501,
            7.4480881690979,
            7.614070653915405,
            7.609952211380005,
            7.6142284870147705,
            7.7515175342559814,
            7.822658538818359,
            7.841641664505005,
            7.9458112716674805,
            8.058572769165039,
            8.053771734237671,
            8.042478799819946,
            8.1141517162323,
            8.180223941802979,
            8.176298141479492,
            8.212009191513062,
            8.192959547042847,
            8.301385164260864,
            8.319025993347168,
            8.440798282623291,
            8.426680326461792,
            8.48054027557373,
            8.640902042388916,
            8.386115550994873,
            8.479154109954834,
            8.508827447891235,
            8.579515933990479,
            8.607229948043823,
            8.55415678024292,
            8.608889818191528,
            8.662601470947266,
            8.737992525100708,
            8.72323727607727,
            8.795532941818237,
            8.713295936584473,
            8.789730548858643,
            8.777812719345093,
            8.80469560623169,
            8.861467123031616,
            8.883765459060669,
            8.998718023300171,
            9.013046741485596,
            9.119995594024658,
            9.107697486877441,
            9.077425718307495,
            9.186050653457642,
            9.144658327102661,
            9.199024200439453,
            9.236153364181519,
            9.266933917999268,
            9.322357416152954,
            9.42153286933899,
            9.289588451385498,
            9.338054656982422,
            9.369492292404175,
            9.389495372772217,
            9.470606565475464,
            9.430325984954834,
            9.503539085388184,
            9.60320782661438,
            9.506456136703491,
            9.623050451278687,
            9.528607606887817,
            9.753860473632812,
            9.709768056869507,
            9.762199401855469,
            9.753810167312622,
            9.766001462936401,
            9.79433274269104,
            9.951794385910034,
            9.86380672454834,
            9.869676351547241,
            9.9111647605896,
            10.088971614837646,
            9.865935802459717,
            9.92135214805603,
            9.816673278808594,
            9.76836371421814,
            9.88913607597351,
            10.036619424819946,
            10.02003264427185,
            9.914918661117554,
            10.045359134674072,
            9.883127212524414,
            9.94684910774231,
            10.112850189208984,
            10.111462354660034,
            10.10496973991394,
            10.221355438232422,
            10.271979808807373
        ],
        "output_image_path": "/model_deploy_execution_attack_for_pipeline/outputs/gender_googlenet_mnn_158463_ttba_attack/adversarial_image.png"
    }
}