{
    "status": "SUCCESS",
    "config": {
        "executable": "./resources/execution_files/ssrnet_age_mnn",
        "benign_image": "/img_align_celeba/095411.jpg",
        "initial_adv_image": "/img_align_celeba/026181.jpg",
        "l2_epsilon_goal": 0.05,
        "linf_epsilon_goal": 0.06274509803921569,
        "query_budget": 40000,
        "max_iterations": 1000,
        "initial_queries": 50,
        "dimension_reduction": 1.0
    },
    "results": {
        "total_queries": 4171,
        "final_l2_distance": 4.773138523101807,
        "final_linf_distance": 0.05705860257148743,
        "total_duration_seconds": 53.235679149627686,
        "iteration_times_seconds": [
            2.307025194168091,
            2.254939556121826,
            2.274585485458374,
            2.272327423095703,
            2.2698676586151123,
            2.346653699874878,
            2.38600492477417,
            2.361861228942871,
            2.284729242324829,
            2.3229384422302246,
            2.3568663597106934,
            2.248539447784424,
            2.3470983505249023,
            2.334174156188965,
            2.3254308700561523,
            2.4536402225494385,
            2.409238338470459,
            2.368562698364258,
            2.451359272003174,
            2.4517767429351807,
            2.5157439708709717,
            2.4478182792663574
        ],
        "output_image_path": "/model_deploy_execution_attack_for_pipeline/outputs/ssrnet_age_mnn_095411_ttba_attack/adversarial_image.png"
    }
}