{
    "status": "BUDGET_EXHAUSTED",
    "config": {
        "executable": "resources/execution_files/emotion_ferplus_mnn",
        "benign_image": "/img_align_celeba/181464.jpg",
        "initial_adv_image": "/img_align_celeba/076946.jpg",
        "l2_epsilon_goal": 0.05,
        "linf_epsilon_goal": 0.06274509803921569,
        "query_budget": 40000,
        "max_iterations": 1000,
        "initial_queries": 50,
        "dimension_reduction": 1.0
    },
    "results": {
        "total_queries": 40544,
        "final_l2_distance": 3.5659115314483643,
        "final_linf_distance": 0.09392660856246948,
        "total_duration_seconds": 992.9331743717194,
        "iteration_times_seconds": [
            6.475885391235352,
            6.677783966064453,
            6.8906543254852295,
            7.060797929763794,
            7.21263313293457,
            7.255767583847046,
            7.466060638427734,
            7.512038469314575,
            7.5950329303741455,
            7.502631187438965,
            7.5610857009887695,
            7.431043386459351,
            7.520440101623535,
            7.659918308258057,
            7.769904851913452,
            7.816225528717041,
            7.797528505325317,
            7.986345529556274,
            7.941580772399902,
            7.994286775588989,
            8.031744956970215,
            8.094512462615967,
            8.181905031204224,
            8.258353233337402,
            8.144114255905151,
            8.149619579315186,
            8.320391178131104,
            8.362566232681274,
            8.352945804595947,
            8.363239049911499,
            8.368091344833374,
            8.494499683380127,
            8.498556137084961,
            8.518269538879395,
            8.549939632415771,
            8.658411979675293,
            8.626213312149048,
            8.786482572555542,
            8.6918044090271,
            8.846964836120605,
            8.686411619186401,
            9.04400897026062,
            8.880919218063354,
            9.066620111465454,
            9.056249856948853,
            9.071592092514038,
            9.08231496810913,
            9.142712831497192,
            9.28907585144043,
            9.278525352478027,
            9.22408938407898,
            9.269243001937866,
            9.321945428848267,
            9.338454723358154,
            9.206890344619751,
            9.200727701187134,
            9.284602880477905,
            9.267478227615356,
            9.349210739135742,
            9.456138849258423,
            9.430941581726074,
            9.48357629776001,
            9.596165657043457,
            9.582576274871826,
            9.632554292678833,
            9.609111785888672,
            9.640605688095093,
            9.718167781829834,
            9.725155591964722,
            9.690986156463623,
            9.760642528533936,
            9.75972843170166,
            9.742728471755981,
            9.846161842346191,
            9.871732473373413,
            9.803812503814697,
            9.94755506515503,
            9.967719078063965,
            10.029375791549683,
            10.016025304794312,
            10.020627975463867,
            10.121817350387573,
            10.19987440109253,
            10.15466833114624,
            10.24441909790039,
            10.18850040435791,
            10.167678833007812,
            10.279368877410889,
            10.348759174346924,
            10.397387027740479,
            10.354898929595947,
            10.31867265701294,
            10.358199119567871,
            10.535730361938477,
            10.463281393051147,
            10.453484296798706,
            10.497127056121826,
            10.487735033035278,
            10.636124610900879,
            10.574203252792358,
            10.601304769515991,
            10.6318039894104,
            10.675739049911499,
            10.776108264923096,
            10.79621148109436,
            10.916800260543823,
            10.794628143310547,
            10.790424823760986
        ],
        "output_image_path": "/model_deploy_execution_attack_for_pipeline/outputs/emotion_ferplus_mnn_181464_ttba_attack/adversarial_image.png"
    }
}