{
    "status": "BUDGET_EXHAUSTED",
    "config": {
        "executable": "./resources/execution_files/age_googlenet_mnn",
        "benign_image": "/img_align_celeba/060856.jpg",
        "initial_adv_image": "/img_align_celeba/00000007.png",
        "l2_epsilon_goal": 0.05,
        "linf_epsilon_goal": 0.06274509803921569,
        "query_budget": 40000,
        "max_iterations": 1000,
        "initial_queries": 50,
        "dimension_reduction": 1.0
    },
    "results": {
        "total_queries": 40300,
        "final_l2_distance": 40.637359619140625,
        "final_linf_distance": 0.5331582427024841,
        "total_duration_seconds": 1134.8902807235718,
        "iteration_times_seconds": [
            7.5083394050598145,
            7.787662506103516,
            7.898782253265381,
            8.03974437713623,
            8.146936655044556,
            8.345484018325806,
            8.484957695007324,
            8.592459678649902,
            8.662107467651367,
            8.648714542388916,
            8.705403089523315,
            8.757882833480835,
            8.968781232833862,
            9.07372784614563,
            9.09091854095459,
            9.23404335975647,
            9.186458826065063,
            9.34438681602478,
            9.324424505233765,
            9.300087451934814,
            9.402191877365112,
            9.400381565093994,
            9.493113279342651,
            9.520836114883423,
            9.572548627853394,
            9.610394477844238,
            9.747492790222168,
            9.782458782196045,
            9.863943815231323,
            9.88899302482605,
            9.84605884552002,
            9.929867029190063,
            9.93277907371521,
            10.04294466972351,
            10.133654356002808,
            10.112606287002563,
            10.091266393661499,
            10.083902835845947,
            10.235726118087769,
            10.15686845779419,
            10.36563491821289,
            10.490161895751953,
            10.58180570602417,
            10.618166208267212,
            10.497138500213623,
            10.550965309143066,
            10.5191068649292,
            10.69204068183899,
            10.61534070968628,
            10.657209157943726,
            10.83998417854309,
            10.663154363632202,
            10.759342670440674,
            10.808321237564087,
            10.933226346969604,
            10.830724000930786,
            10.892634153366089,
            10.869166135787964,
            10.966812372207642,
            11.078388929367065,
            11.038118839263916,
            11.209893465042114,
            11.208784103393555,
            11.229236125946045,
            11.250335454940796,
            11.162155151367188,
            11.243687391281128,
            11.286257982254028,
            11.29978322982788,
            11.362632989883423,
            11.367050647735596,
            11.355011224746704,
            11.39737868309021,
            11.502800941467285,
            11.406680822372437,
            11.393768310546875,
            11.450603008270264,
            11.336124658584595,
            11.408304691314697,
            11.467249393463135,
            11.508503198623657,
            11.489138841629028,
            11.568791151046753,
            11.645900249481201,
            11.58146333694458,
            11.569896221160889,
            11.68272614479065,
            11.64349889755249,
            11.69273042678833,
            11.739170789718628,
            11.828473329544067,
            11.782938957214355,
            11.774013757705688,
            11.739437103271484,
            11.77266001701355,
            11.752824544906616,
            11.884588479995728,
            11.81296181678772,
            11.87876296043396,
            12.016157388687134,
            12.024078845977783,
            11.943141460418701,
            12.012849807739258,
            12.050065755844116,
            12.087414979934692,
            12.214412927627563,
            12.214808940887451
        ],
        "output_image_path": "/model_deploy_execution_attack_for_pipeline/outputs/age_googlenet_mnn_060856_ttba_attack/adversarial_image.png"
    }
}