{
    "status": "BUDGET_EXHAUSTED",
    "config": {
        "executable": "./resources/execution_files/emotion_ferplus_mnn",
        "benign_image": "/img_align_celeba/076952.jpg",
        "initial_adv_image": "/img_align_celeba/046885.jpg",
        "l2_epsilon_goal": 0.05,
        "linf_epsilon_goal": 0.06274509803921569,
        "query_budget": 40000,
        "max_iterations": 1000,
        "initial_queries": 50,
        "dimension_reduction": 1.0
    },
    "results": {
        "total_queries": 40034,
        "final_l2_distance": 4.52227258682251,
        "final_linf_distance": 0.20392318069934845,
        "total_duration_seconds": 981.2192122936249,
        "iteration_times_seconds": [
            6.2297444343566895,
            6.5679709911346436,
            6.605487585067749,
            6.78688645362854,
            6.907641887664795,
            7.065411329269409,
            7.255091667175293,
            7.362649917602539,
            7.444329261779785,
            7.408712863922119,
            7.483525514602661,
            7.5605034828186035,
            7.645910263061523,
            7.691688299179077,
            7.8726966381073,
            7.944531440734863,
            7.843923091888428,
            7.860552072525024,
            7.968506336212158,
            7.959386825561523,
            7.907564878463745,
            8.027661085128784,
            8.10666561126709,
            8.104866743087769,
            8.135024309158325,
            8.245956420898438,
            8.253227949142456,
            8.48436427116394,
            8.472413063049316,
            8.50541067123413,
            8.604256629943848,
            8.641269207000732,
            8.604053497314453,
            8.723914384841919,
            8.777426719665527,
            8.71962571144104,
            8.782109260559082,
            8.79928469657898,
            8.918733835220337,
            8.846352577209473,
            8.908527374267578,
            9.116286993026733,
            9.039462327957153,
            9.082576990127563,
            8.967641830444336,
            8.994049549102783,
            9.100070238113403,
            9.189954280853271,
            9.133669376373291,
            9.025851726531982,
            9.27501916885376,
            9.220275163650513,
            9.205678462982178,
            9.239392757415771,
            9.20112657546997,
            9.331295728683472,
            9.352014064788818,
            9.383254051208496,
            9.44090223312378,
            9.635030746459961,
            9.599685668945312,
            9.674913883209229,
            9.66849160194397,
            9.668084383010864,
            9.723628520965576,
            9.757359981536865,
            9.887420892715454,
            9.778902530670166,
            9.882457256317139,
            9.814439535140991,
            9.817573308944702,
            9.874499797821045,
            9.931261539459229,
            9.746443271636963,
            9.877551078796387,
            9.9083833694458,
            9.878993511199951,
            9.8990797996521,
            9.93561601638794,
            9.990262269973755,
            10.052196979522705,
            10.119363784790039,
            10.039061307907104,
            10.154727697372437,
            10.126524448394775,
            10.152577877044678,
            10.149885654449463,
            10.196346044540405,
            10.265206098556519,
            10.246723651885986,
            10.245622396469116,
            10.238094568252563,
            10.345537900924683,
            10.277445793151855,
            10.432191610336304,
            10.397051095962524,
            10.392570972442627,
            10.413879156112671,
            10.441024541854858,
            10.446156978607178,
            10.570317506790161,
            10.521691083908081,
            10.521284580230713,
            10.58220386505127,
            10.636595010757446,
            10.749364852905273,
            10.664499044418335
        ],
        "output_image_path": "/model_deploy_execution_attack_for_pipeline/outputs/emotion_ferplus_mnn_076952_ttba_attack/adversarial_image.png"
    }
}