{
    "status": "SUCCESS",
    "config": {
        "executable": "./resources/execution_files/fsanet_headpose_mnn",
        "benign_image": "/img_align_celeba/096118.jpg",
        "initial_adv_image": "/img_align_celeba/038397.jpg",
        "l2_epsilon_goal": 0.05,
        "linf_epsilon_goal": 0.06274509803921569,
        "query_budget": 40000,
        "max_iterations": 1000,
        "initial_queries": 50,
        "dimension_reduction": 1.0
    },
    "results": {
        "total_queries": 22526,
        "final_l2_distance": 4.755964756011963,
        "final_linf_distance": 0.06151697039604187,
        "total_duration_seconds": 227.64324426651,
        "iteration_times_seconds": [
            2.7319743633270264,
            2.785037040710449,
            2.7955892086029053,
            2.8237152099609375,
            2.9323506355285645,
            3.0278491973876953,
            2.8612802028656006,
            2.8643293380737305,
            2.760808229446411,
            2.9593665599823,
            2.9101860523223877,
            2.911834478378296,
            2.9670095443725586,
            2.8568971157073975,
            2.894563913345337,
            2.9199883937835693,
            3.0480377674102783,
            2.988515615463257,
            2.885045289993286,
            2.949873924255371,
            3.0895256996154785,
            3.0191240310668945,
            2.9778661727905273,
            3.0324766635894775,
            3.056313991546631,
            2.9982330799102783,
            3.021099328994751,
            2.965977430343628,
            3.060739040374756,
            2.9888906478881836,
            3.120159864425659,
            3.1136474609375,
            3.1179516315460205,
            3.1021032333374023,
            3.092344284057617,
            3.0807318687438965,
            3.1081252098083496,
            3.197415828704834,
            3.2575104236602783,
            3.3258438110351562,
            3.2708630561828613,
            3.1297106742858887,
            3.3142738342285156,
            3.2928645610809326,
            3.32354736328125,
            3.2528812885284424,
            3.2476658821105957,
            3.295258045196533,
            3.216769218444824,
            3.2817459106445312,
            3.3221027851104736,
            3.207422971725464,
            3.1763360500335693,
            3.248785972595215,
            3.1828105449676514,
            3.224517345428467,
            3.273681879043579,
            3.3694474697113037,
            3.2232677936553955,
            3.3550963401794434,
            3.334639072418213,
            3.3138065338134766,
            3.399343729019165,
            3.453277587890625,
            3.43456768989563,
            3.403010129928589,
            3.344496011734009,
            3.3942644596099854,
            3.437525510787964,
            3.462921619415283,
            3.530271053314209,
            3.5578978061676025
        ],
        "output_image_path": "/model_deploy_execution_attack_for_pipeline/outputs/fsanet_headpose_mnn_096118_ttba_attack/adversarial_image.png"
    }
}