{
    "status": "BUDGET_EXHAUSTED",
    "config": {
        "executable": "resources/execution_files/emotion_ferplus_mnn",
        "benign_image": "/img_align_celeba/004452.jpg",
        "initial_adv_image": "/img_align_celeba/151453.jpg",
        "l2_epsilon_goal": 0.05,
        "linf_epsilon_goal": 0.06274509803921569,
        "query_budget": 40000,
        "max_iterations": 1000,
        "initial_queries": 50,
        "dimension_reduction": 1.0
    },
    "results": {
        "total_queries": 40128,
        "final_l2_distance": 8.557267189025879,
        "final_linf_distance": 0.18302816152572632,
        "total_duration_seconds": 1004.9102506637573,
        "iteration_times_seconds": [
            6.50681734085083,
            6.7521655559539795,
            6.917723655700684,
            7.0446319580078125,
            7.178781270980835,
            7.26203727722168,
            7.459364175796509,
            7.50710129737854,
            7.613043546676636,
            7.688883543014526,
            7.709290504455566,
            7.878640651702881,
            7.7865729331970215,
            7.841023206710815,
            7.933077096939087,
            8.024919986724854,
            8.103643655776978,
            8.138207912445068,
            8.055006504058838,
            8.138068914413452,
            8.215575456619263,
            8.326941967010498,
            8.390138387680054,
            8.279103517532349,
            8.447757720947266,
            8.555130243301392,
            8.579661130905151,
            8.736078977584839,
            8.783190488815308,
            8.772986888885498,
            8.827231407165527,
            8.817031383514404,
            8.851069450378418,
            8.963560104370117,
            8.91893219947815,
            9.039438724517822,
            8.736722946166992,
            8.809865951538086,
            8.90458607673645,
            8.898751258850098,
            9.029540538787842,
            9.095596551895142,
            9.23087739944458,
            9.203505516052246,
            9.205811262130737,
            9.289824724197388,
            9.314187049865723,
            9.303183794021606,
            9.35564923286438,
            9.421409845352173,
            9.45533013343811,
            9.455490350723267,
            9.476596355438232,
            9.547031164169312,
            9.608228921890259,
            9.566094160079956,
            9.57486343383789,
            9.599841356277466,
            9.701638460159302,
            9.73352575302124,
            9.794951915740967,
            9.834185361862183,
            9.92615556716919,
            9.817671298980713,
            10.01553726196289,
            9.998664140701294,
            9.98522686958313,
            9.956427097320557,
            9.969179630279541,
            10.052005767822266,
            10.112041711807251,
            9.90136194229126,
            10.017830848693848,
            10.01475977897644,
            10.00847339630127,
            9.989038705825806,
            10.067867994308472,
            10.09752869606018,
            10.083364725112915,
            10.282198190689087,
            10.24534821510315,
            10.294822454452515,
            10.390279293060303,
            10.325481653213501,
            10.396273612976074,
            10.333820343017578,
            10.434915781021118,
            10.500654458999634,
            10.540721654891968,
            10.487850666046143,
            10.627558708190918,
            10.619972467422485,
            10.675807237625122,
            10.634763240814209,
            10.653295993804932,
            10.637680530548096,
            10.666706562042236,
            10.693449258804321,
            10.75884747505188,
            10.825163125991821,
            10.82735276222229,
            10.891552448272705,
            10.79522705078125,
            10.866662740707397,
            10.884588718414307,
            10.926223754882812,
            11.002878427505493
        ],
        "output_image_path": "/model_deploy_execution_attack_for_pipeline/outputs/emotion_ferplus_mnn_004452_ttba_attack/adversarial_image.png"
    }
}