{
    "status": "BUDGET_EXHAUSTED",
    "config": {
        "executable": "./resources/execution_files/age_googlenet_mnn",
        "benign_image": "/img_align_celeba/032862.jpg",
        "initial_adv_image": "/img_align_celeba/00000020.png",
        "l2_epsilon_goal": 0.05,
        "linf_epsilon_goal": 0.06274509803921569,
        "query_budget": 40000,
        "max_iterations": 1000,
        "initial_queries": 50,
        "dimension_reduction": 1.0
    },
    "results": {
        "total_queries": 40340,
        "final_l2_distance": 41.54750442504883,
        "final_linf_distance": 0.5230954885482788,
        "total_duration_seconds": 1147.4422566890717,
        "iteration_times_seconds": [
            7.865360975265503,
            8.07566213607788,
            8.179883480072021,
            8.36901593208313,
            8.496843338012695,
            8.533447027206421,
            8.7667818069458,
            8.729040622711182,
            8.977683544158936,
            8.96330976486206,
            9.022616863250732,
            9.054567098617554,
            9.094375371932983,
            9.265285968780518,
            9.379293441772461,
            9.388685703277588,
            9.454875707626343,
            9.55513882637024,
            9.592693567276001,
            9.527688980102539,
            9.614148616790771,
            9.621725797653198,
            9.787861585617065,
            9.803614139556885,
            9.802204847335815,
            9.882824897766113,
            10.149514436721802,
            10.184724807739258,
            10.039850950241089,
            10.064961910247803,
            10.138174772262573,
            10.24121904373169,
            9.994826078414917,
            10.017369508743286,
            10.13535475730896,
            10.22548508644104,
            10.245450973510742,
            10.213218212127686,
            10.22002625465393,
            10.342648983001709,
            10.37299919128418,
            10.505036354064941,
            10.464546918869019,
            10.51558542251587,
            10.529337644577026,
            10.623132944107056,
            10.636716365814209,
            10.593962669372559,
            10.717360258102417,
            10.60346794128418,
            10.703012704849243,
            10.693491220474243,
            10.820854425430298,
            10.846480131149292,
            10.87381386756897,
            10.992767810821533,
            10.92095136642456,
            10.967850685119629,
            10.974275350570679,
            11.17745065689087,
            11.14723539352417,
            11.210431098937988,
            11.195964813232422,
            11.199436902999878,
            11.297350645065308,
            11.278015375137329,
            11.368465662002563,
            11.337810277938843,
            11.322274684906006,
            11.315721035003662,
            11.378374099731445,
            11.439300298690796,
            11.525569677352905,
            11.461368799209595,
            11.479445695877075,
            11.48306679725647,
            11.636645317077637,
            11.649191617965698,
            11.614610195159912,
            11.665230751037598,
            11.741188526153564,
            11.841922283172607,
            11.859503269195557,
            11.931293964385986,
            11.821658849716187,
            11.713015079498291,
            11.645024061203003,
            11.65199899673462,
            11.643418312072754,
            11.697092533111572,
            11.735615730285645,
            11.732012271881104,
            11.778429746627808,
            11.764940023422241,
            11.785306453704834,
            11.871697902679443,
            11.870623350143433,
            11.932584524154663,
            11.98379635810852,
            11.977339267730713,
            11.905874252319336,
            11.931350231170654,
            12.080504417419434,
            12.027746438980103,
            12.018157005310059,
            12.12380337715149,
            12.299493312835693
        ],
        "output_image_path": "/model_deploy_execution_attack_for_pipeline/outputs/age_googlenet_mnn_032862_ttba_attack/adversarial_image.png"
    }
}