{
    "status": "BUDGET_EXHAUSTED",
    "config": {
        "executable": "./resources/execution_files/age_googlenet_mnn",
        "benign_image": "/img_align_celeba/047231.jpg",
        "initial_adv_image": "/img_align_celeba/00000019.png",
        "l2_epsilon_goal": 0.05,
        "linf_epsilon_goal": 0.06274509803921569,
        "query_budget": 40000,
        "max_iterations": 1000,
        "initial_queries": 50,
        "dimension_reduction": 1.0
    },
    "results": {
        "total_queries": 40326,
        "final_l2_distance": 41.851802825927734,
        "final_linf_distance": 0.5752542018890381,
        "total_duration_seconds": 1139.5427465438843,
        "iteration_times_seconds": [
            7.7141077518463135,
            8.0308198928833,
            8.160693645477295,
            8.266387701034546,
            8.36944055557251,
            8.456817626953125,
            8.727198362350464,
            8.76179313659668,
            8.863153219223022,
            8.81242036819458,
            8.965605020523071,
            9.031872034072876,
            9.13477611541748,
            9.221652507781982,
            9.345722675323486,
            9.39708662033081,
            9.523552417755127,
            9.473795175552368,
            9.530652523040771,
            9.482802629470825,
            9.537135124206543,
            9.576411485671997,
            9.610780477523804,
            9.76685643196106,
            9.76310110092163,
            9.840694427490234,
            9.736580610275269,
            9.730340242385864,
            9.85437822341919,
            9.937295913696289,
            9.970812559127808,
            9.949031352996826,
            9.987935304641724,
            10.072827339172363,
            10.006551742553711,
            10.0889310836792,
            10.062024354934692,
            10.137381553649902,
            10.198018789291382,
            10.278550624847412,
            10.2823326587677,
            10.45237684249878,
            10.42130184173584,
            10.454718828201294,
            10.518044471740723,
            10.609429836273193,
            10.665608644485474,
            10.665678262710571,
            10.707356452941895,
            10.678576707839966,
            10.727980613708496,
            10.660236358642578,
            10.774296522140503,
            10.821007251739502,
            10.811682939529419,
            10.856690645217896,
            10.930344343185425,
            10.960643768310547,
            11.001307249069214,
            11.136759281158447,
            11.112785577774048,
            11.16361141204834,
            11.303102731704712,
            11.213955163955688,
            11.233588457107544,
            11.209376811981201,
            11.275476455688477,
            11.249992609024048,
            11.335797786712646,
            11.32637882232666,
            11.267648935317993,
            11.422205924987793,
            11.421306371688843,
            11.447105884552002,
            11.434848308563232,
            11.404037714004517,
            11.52406907081604,
            11.219194173812866,
            11.316520929336548,
            11.451553344726562,
            11.470241785049438,
            11.499105215072632,
            11.652365922927856,
            11.541140079498291,
            11.573054790496826,
            11.642883062362671,
            11.608986377716064,
            11.696237802505493,
            11.665286302566528,
            11.717779636383057,
            11.670016288757324,
            11.649131536483765,
            11.718011856079102,
            11.746684551239014,
            11.86133861541748,
            11.755517482757568,
            11.860829830169678,
            11.863770484924316,
            11.819456815719604,
            11.91736888885498,
            11.960142850875854,
            11.915617227554321,
            12.024534702301025,
            11.985594749450684,
            12.084092617034912,
            12.181770324707031,
            12.195735931396484
        ],
        "output_image_path": "/model_deploy_execution_attack_for_pipeline/outputs/age_googlenet_mnn_047231_ttba_attack/adversarial_image.png"
    }
}