{
    "status": "BUDGET_EXHAUSTED",
    "config": {
        "executable": "resources/execution_files/emotion_ferplus_mnn",
        "benign_image": "/img_align_celeba/200840.jpg",
        "initial_adv_image": "/img_align_celeba/011705.jpg",
        "l2_epsilon_goal": 0.05,
        "linf_epsilon_goal": 0.06274509803921569,
        "query_budget": 40000,
        "max_iterations": 1000,
        "initial_queries": 50,
        "dimension_reduction": 1.0
    },
    "results": {
        "total_queries": 40035,
        "final_l2_distance": 4.557372093200684,
        "final_linf_distance": 0.06762644648551941,
        "total_duration_seconds": 989.222482919693,
        "iteration_times_seconds": [
            6.570216417312622,
            6.758122444152832,
            6.909857988357544,
            7.135540246963501,
            7.083885192871094,
            7.152928590774536,
            7.499449014663696,
            7.393476724624634,
            7.478567123413086,
            7.446710109710693,
            7.585809946060181,
            7.656328916549683,
            7.80781626701355,
            7.809371471405029,
            7.950967311859131,
            7.991094350814819,
            8.128697395324707,
            7.903193235397339,
            7.947447776794434,
            7.97059440612793,
            8.09212040901184,
            8.105416774749756,
            8.093687534332275,
            8.148242235183716,
            8.244292259216309,
            8.386908769607544,
            8.489446640014648,
            8.499177694320679,
            8.590537786483765,
            8.639207363128662,
            8.655940532684326,
            8.717424392700195,
            8.498484134674072,
            8.46765661239624,
            8.50915813446045,
            8.579869747161865,
            8.69633960723877,
            8.700531482696533,
            8.718829154968262,
            9.00289249420166,
            8.838447093963623,
            8.89845871925354,
            9.067677974700928,
            9.003632545471191,
            8.963782548904419,
            9.137372493743896,
            9.19654107093811,
            9.176761865615845,
            9.112312316894531,
            9.219149827957153,
            9.20015549659729,
            9.232715845108032,
            9.286548137664795,
            9.42261552810669,
            9.52604055404663,
            9.461225986480713,
            9.38762879371643,
            9.50944709777832,
            9.510160684585571,
            9.573837518692017,
            9.67123794555664,
            9.688589811325073,
            9.75213623046875,
            9.736838817596436,
            9.88942003250122,
            9.855761051177979,
            9.85942530632019,
            9.887810945510864,
            9.957372903823853,
            9.907177925109863,
            10.017165184020996,
            9.971430540084839,
            9.924696207046509,
            10.032844066619873,
            9.931661128997803,
            10.11353588104248,
            10.169152736663818,
            9.890650510787964,
            9.947836637496948,
            10.025629043579102,
            10.053972482681274,
            10.206064462661743,
            10.239503860473633,
            10.185767412185669,
            10.267229318618774,
            10.239054441452026,
            10.256765842437744,
            10.325563907623291,
            10.28792691230774,
            10.26734972000122,
            10.339287996292114,
            10.27427625656128,
            10.465865850448608,
            10.399240732192993,
            10.450509786605835,
            10.459971904754639,
            10.441818475723267,
            10.49972128868103,
            10.588271379470825,
            10.55971384048462,
            10.666575908660889,
            10.60960078239441,
            10.624366283416748,
            10.718328714370728,
            10.709873914718628,
            10.749722480773926,
            10.859729290008545
        ],
        "output_image_path": "/model_deploy_execution_attack_for_pipeline/outputs/emotion_ferplus_mnn_200840_ttba_attack/adversarial_image.png"
    }
}