{
    "status": "BUDGET_EXHAUSTED",
    "config": {
        "executable": "resources/execution_files/emotion_ferplus_mnn",
        "benign_image": "/img_align_celeba/013648.jpg",
        "initial_adv_image": "/img_align_celeba/005770.jpg",
        "l2_epsilon_goal": 0.05,
        "linf_epsilon_goal": 0.06274509803921569,
        "query_budget": 40000,
        "max_iterations": 1000,
        "initial_queries": 50,
        "dimension_reduction": 1.0
    },
    "results": {
        "total_queries": 40192,
        "final_l2_distance": 12.196639060974121,
        "final_linf_distance": 0.20158499479293823,
        "total_duration_seconds": 1019.4746923446655,
        "iteration_times_seconds": [
            6.649075269699097,
            6.778388500213623,
            6.851624488830566,
            7.124127149581909,
            7.189396381378174,
            7.288486480712891,
            7.445910930633545,
            7.616100549697876,
            7.698282241821289,
            7.8067851066589355,
            7.71431040763855,
            7.8427734375,
            7.95248556137085,
            7.9065845012664795,
            8.09000301361084,
            8.226169347763062,
            8.227935791015625,
            8.319055318832397,
            8.323160886764526,
            8.389526128768921,
            8.487122058868408,
            8.399759531021118,
            8.616690635681152,
            8.51392388343811,
            8.686686515808105,
            8.743295669555664,
            8.905344486236572,
            8.62935471534729,
            8.675194025039673,
            8.786518812179565,
            8.80359435081482,
            8.922821760177612,
            8.914568424224854,
            8.95796799659729,
            8.926493167877197,
            8.972920656204224,
            9.024090051651001,
            9.149177551269531,
            9.064468383789062,
            9.133298397064209,
            9.138092994689941,
            9.383669137954712,
            9.461158275604248,
            9.484514951705933,
            9.525470972061157,
            9.4464693069458,
            9.426374197006226,
            9.53142762184143,
            9.559231996536255,
            9.688480615615845,
            9.626341819763184,
            9.63071084022522,
            9.71890664100647,
            9.858577489852905,
            9.750765323638916,
            9.660004138946533,
            9.625998973846436,
            9.678395748138428,
            9.676911354064941,
            9.868349552154541,
            9.852770805358887,
            9.910573482513428,
            9.968249082565308,
            9.908586502075195,
            9.97688102722168,
            9.922655820846558,
            9.889845371246338,
            10.101317167282104,
            10.091133117675781,
            10.086487770080566,
            10.226399421691895,
            10.181624412536621,
            10.341066837310791,
            10.16396975517273,
            10.226963520050049,
            10.328564882278442,
            10.24398422241211,
            10.242998361587524,
            10.393468618392944,
            10.412639617919922,
            10.561179637908936,
            10.595718383789062,
            10.485544443130493,
            10.550780534744263,
            10.684836864471436,
            10.575042486190796,
            10.678229808807373,
            10.717292070388794,
            10.632493495941162,
            10.713395833969116,
            10.742894172668457,
            10.77424168586731,
            10.748204708099365,
            10.762777090072632,
            10.77313232421875,
            10.80641484260559,
            10.950517416000366,
            10.851218461990356,
            10.908116340637207,
            10.943981409072876,
            11.009560108184814,
            10.74714183807373,
            10.878914833068848,
            10.883384227752686,
            10.938287258148193,
            10.988899230957031,
            10.999232292175293
        ],
        "output_image_path": "/model_deploy_execution_attack_for_pipeline/outputs/emotion_ferplus_mnn_013648_ttba_attack/adversarial_image.png"
    }
}