{
    "status": "SUCCESS",
    "config": {
        "executable": "./resources/execution_files/fsanet_headpose_mnn",
        "benign_image": "/img_align_celeba/089038.jpg",
        "initial_adv_image": "/img_align_celeba/151453.jpg",
        "l2_epsilon_goal": 0.05,
        "linf_epsilon_goal": 0.06274509803921569,
        "query_budget": 40000,
        "max_iterations": 1000,
        "initial_queries": 50,
        "dimension_reduction": 1.0
    },
    "results": {
        "total_queries": 38393,
        "final_l2_distance": 4.471442222595215,
        "final_linf_distance": 0.06159859895706177,
        "total_duration_seconds": 343.25450563430786,
        "iteration_times_seconds": [
            2.531802177429199,
            2.6002514362335205,
            2.623363494873047,
            2.6936795711517334,
            2.7670063972473145,
            2.686876058578491,
            2.791496992111206,
            2.7587573528289795,
            2.8718175888061523,
            3.035114049911499,
            2.897881507873535,
            2.9120378494262695,
            2.965012311935425,
            2.9608640670776367,
            3.0137622356414795,
            2.8899762630462646,
            2.9588375091552734,
            2.8963112831115723,
            2.9925169944763184,
            3.011953115463257,
            2.8602492809295654,
            2.9468448162078857,
            3.045614242553711,
            3.1697652339935303,
            2.9180145263671875,
            3.1657657623291016,
            3.111952066421509,
            3.0986735820770264,
            3.1445436477661133,
            3.0686299800872803,
            3.065678358078003,
            3.1615638732910156,
            3.1120903491973877,
            3.1129462718963623,
            3.231321334838867,
            3.083523988723755,
            3.0881919860839844,
            3.1747190952301025,
            3.1407153606414795,
            3.1940627098083496,
            3.094705820083618,
            3.2432987689971924,
            3.213193416595459,
            3.276439666748047,
            3.233839511871338,
            3.2559502124786377,
            3.211280345916748,
            3.2602853775024414,
            3.253835439682007,
            3.20803165435791,
            3.277069091796875,
            3.325042486190796,
            3.387221097946167,
            3.3700149059295654,
            3.333494186401367,
            3.355633497238159,
            3.4393999576568604,
            3.4410746097564697,
            3.34139347076416,
            3.5049166679382324,
            3.3415639400482178,
            3.419811964035034,
            3.35683536529541,
            3.4082040786743164,
            3.3528084754943848,
            3.4713633060455322,
            3.432645559310913,
            3.5045969486236572,
            3.5603108406066895,
            3.4881863594055176,
            3.4916605949401855,
            3.519181966781616,
            3.365483045578003,
            3.4192185401916504,
            3.4997081756591797,
            3.3921053409576416,
            3.4046754837036133,
            3.5415844917297363,
            3.5495827198028564,
            3.411964178085327,
            3.5607662200927734,
            3.521544933319092,
            3.5394880771636963,
            3.6212260723114014,
            3.548658609390259,
            3.6941635608673096,
            3.743757724761963,
            3.4857375621795654,
            3.6335716247558594,
            3.6658706665039062,
            3.6549203395843506,
            3.7329654693603516,
            3.62990665435791,
            3.672726631164551,
            3.633971929550171,
            3.6447560787200928,
            3.8375933170318604,
            3.5975089073181152,
            3.6853690147399902,
            3.691568613052368,
            3.6628360748291016,
            3.6949141025543213,
            3.727018356323242,
            3.8023521900177
        ],
        "output_image_path": "/model_deploy_execution_attack_for_pipeline/outputs/fsanet_headpose_mnn_089038_ttba_attack/adversarial_image.png"
    }
}