{
    "status": "BUDGET_EXHAUSTED",
    "config": {
        "executable": "./resources/execution_files/age_googlenet_mnn",
        "benign_image": "/img_align_celeba/107167.jpg",
        "initial_adv_image": "/img_align_celeba/00000007.png",
        "l2_epsilon_goal": 0.05,
        "linf_epsilon_goal": 0.06274509803921569,
        "query_budget": 40000,
        "max_iterations": 1000,
        "initial_queries": 50,
        "dimension_reduction": 1.0
    },
    "results": {
        "total_queries": 40291,
        "final_l2_distance": 29.807889938354492,
        "final_linf_distance": 0.3798629343509674,
        "total_duration_seconds": 1140.7465085983276,
        "iteration_times_seconds": [
            7.9216296672821045,
            8.19640851020813,
            8.268550395965576,
            8.389296770095825,
            8.198566913604736,
            8.403472185134888,
            8.66094422340393,
            8.679997444152832,
            8.612914800643921,
            8.65626072883606,
            8.838225603103638,
            8.878538131713867,
            8.881251335144043,
            8.99435567855835,
            9.176725149154663,
            9.23336410522461,
            9.220203638076782,
            9.295736074447632,
            9.353926420211792,
            9.493706941604614,
            9.414628267288208,
            9.590380430221558,
            9.587970495223999,
            9.633912324905396,
            9.622271299362183,
            9.774745464324951,
            9.827431201934814,
            9.860065937042236,
            9.907992124557495,
            9.947170495986938,
            9.98933458328247,
            9.963959455490112,
            10.08891773223877,
            10.12839937210083,
            10.129554748535156,
            10.227843046188354,
            10.215003490447998,
            10.261075019836426,
            10.259083271026611,
            10.291749954223633,
            10.304482698440552,
            10.545413970947266,
            10.5503511428833,
            10.511134147644043,
            10.648643255233765,
            10.689236879348755,
            10.627152681350708,
            10.725175857543945,
            10.67389965057373,
            10.709655046463013,
            10.775182962417603,
            10.765000581741333,
            10.807566165924072,
            10.92642593383789,
            10.912784576416016,
            10.847852230072021,
            10.897206783294678,
            10.989747047424316,
            11.060911178588867,
            11.184529066085815,
            11.184074401855469,
            11.1985445022583,
            11.29265809059143,
            11.286682367324829,
            11.039084196090698,
            11.146245956420898,
            11.098601818084717,
            11.213573217391968,
            11.17938756942749,
            11.195270299911499,
            11.212218523025513,
            11.30525016784668,
            11.313995599746704,
            11.258142471313477,
            11.312230110168457,
            11.41165018081665,
            11.368042469024658,
            11.42959189414978,
            11.497117280960083,
            11.505320310592651,
            11.57291841506958,
            11.602679967880249,
            11.639455080032349,
            11.626527547836304,
            11.691378355026245,
            11.660994052886963,
            11.713205337524414,
            11.703895092010498,
            11.789948225021362,
            11.731647729873657,
            11.786736249923706,
            11.868617057800293,
            11.80965542793274,
            11.903000831604004,
            11.879632472991943,
            11.843809366226196,
            11.930521249771118,
            11.91916012763977,
            11.943309307098389,
            11.983673572540283,
            12.071109056472778,
            12.031312227249146,
            12.088746070861816,
            12.171017169952393,
            12.100038528442383,
            12.274183988571167,
            12.228095293045044
        ],
        "output_image_path": "/model_deploy_execution_attack_for_pipeline/outputs/age_googlenet_mnn_107167_ttba_attack/adversarial_image.png"
    }
}