{
    "status": "SUCCESS",
    "config": {
        "executable": "./resources/execution_files/fsanet_headpose_mnn",
        "benign_image": "/img_align_celeba/082179.jpg",
        "initial_adv_image": "/img_align_celeba/153536.jpg",
        "l2_epsilon_goal": 0.05,
        "linf_epsilon_goal": 0.06274509803921569,
        "query_budget": 40000,
        "max_iterations": 1000,
        "initial_queries": 50,
        "dimension_reduction": 1.0
    },
    "results": {
        "total_queries": 4440,
        "final_l2_distance": 4.789938926696777,
        "final_linf_distance": 0.061653465032577515,
        "total_duration_seconds": 66.50370144844055,
        "iteration_times_seconds": [
            2.6102561950683594,
            2.622631311416626,
            2.749873399734497,
            2.9128055572509766,
            2.7829205989837646,
            2.7223470211029053,
            2.734187126159668,
            2.740295648574829,
            2.799605369567871,
            2.7773849964141846,
            2.8973071575164795,
            2.8592333793640137,
            2.8354060649871826,
            2.820787191390991,
            2.8317711353302,
            2.961869716644287,
            2.8303940296173096,
            2.977095603942871,
            2.8481578826904297,
            2.8268680572509766,
            2.8666563034057617,
            2.836341381072998,
            2.842926025390625
        ],
        "output_image_path": "/model_deploy_execution_attack_for_pipeline/outputs/fsanet_headpose_mnn_082179_ttba_attack/adversarial_image.png"
    }
}