{
    "status": "SUCCESS",
    "config": {
        "executable": "./resources/execution_files/fsanet_headpose_mnn",
        "benign_image": "/img_align_celeba/115577.jpg",
        "initial_adv_image": "/img_align_celeba/092418.jpg",
        "l2_epsilon_goal": 0.05,
        "linf_epsilon_goal": 0.06274509803921569,
        "query_budget": 40000,
        "max_iterations": 1000,
        "initial_queries": 50,
        "dimension_reduction": 1.0
    },
    "results": {
        "total_queries": 2945,
        "final_l2_distance": 3.9334683418273926,
        "final_linf_distance": 0.050403863191604614,
        "total_duration_seconds": 50.244415521621704,
        "iteration_times_seconds": [
            2.532144546508789,
            2.6946637630462646,
            2.7261531352996826,
            2.802542209625244,
            2.8568153381347656,
            2.7990529537200928,
            2.8557939529418945,
            3.0588459968566895,
            3.0347282886505127,
            2.909836769104004,
            2.9996070861816406,
            2.928166627883911,
            2.88670015335083,
            2.8606441020965576,
            2.99617862701416,
            2.8498342037200928,
            2.7994577884674072
        ],
        "output_image_path": "/model_deploy_execution_attack_for_pipeline/outputs/fsanet_headpose_mnn_115577_ttba_attack/adversarial_image.png"
    }
}