{
    "status": "BUDGET_EXHAUSTED",
    "config": {
        "executable": "./resources/execution_files/age_googlenet_mnn",
        "benign_image": "/img_align_celeba/071797.jpg",
        "initial_adv_image": "/img_align_celeba/00000006.png",
        "l2_epsilon_goal": 0.05,
        "linf_epsilon_goal": 0.06274509803921569,
        "query_budget": 40000,
        "max_iterations": 1000,
        "initial_queries": 50,
        "dimension_reduction": 1.0
    },
    "results": {
        "total_queries": 40272,
        "final_l2_distance": 23.347007751464844,
        "final_linf_distance": 0.4348510205745697,
        "total_duration_seconds": 1133.6918547153473,
        "iteration_times_seconds": [
            7.843405485153198,
            8.157106399536133,
            8.32724380493164,
            8.441786527633667,
            8.491104364395142,
            8.534899711608887,
            8.855571746826172,
            8.841621160507202,
            8.893792390823364,
            8.875366449356079,
            9.07396936416626,
            8.798754930496216,
            8.909168720245361,
            8.90200924873352,
            9.185027122497559,
            9.103044271469116,
            9.27479338645935,
            9.299713611602783,
            9.311298608779907,
            9.386945486068726,
            9.361709117889404,
            9.435020923614502,
            9.548181772232056,
            9.550283908843994,
            9.590435028076172,
            9.609997987747192,
            9.90128493309021,
            9.995198965072632,
            9.930439710617065,
            9.921900987625122,
            9.994800806045532,
            9.977356195449829,
            10.005057096481323,
            9.991034507751465,
            10.17058801651001,
            10.21137547492981,
            10.26737928390503,
            10.248607635498047,
            10.323314189910889,
            10.357418537139893,
            10.309200525283813,
            10.53471040725708,
            10.595420122146606,
            10.52368450164795,
            10.4961576461792,
            10.555554866790771,
            10.642394542694092,
            10.621008396148682,
            10.429905891418457,
            10.435611009597778,
            10.495668411254883,
            10.509325742721558,
            10.670483827590942,
            10.713631868362427,
            10.636793375015259,
            10.739139795303345,
            10.770357847213745,
            10.710167407989502,
            10.707319974899292,
            10.955240726470947,
            11.02786135673523,
            10.979211807250977,
            11.01460886001587,
            11.107213497161865,
            11.03000259399414,
            11.031788349151611,
            11.060946226119995,
            11.113195419311523,
            11.180883646011353,
            11.170853853225708,
            11.148595809936523,
            11.25577163696289,
            11.214112758636475,
            11.233891248703003,
            11.344290971755981,
            11.412202596664429,
            11.369688272476196,
            11.469604969024658,
            11.339800596237183,
            11.466044425964355,
            11.561466217041016,
            11.594655275344849,
            11.587958097457886,
            11.680382490158081,
            11.75383186340332,
            11.620989561080933,
            11.603869438171387,
            11.678879976272583,
            11.698357820510864,
            11.758604288101196,
            11.785569906234741,
            11.804444074630737,
            11.823662519454956,
            11.698742151260376,
            11.818763017654419,
            11.811860799789429,
            11.925598382949829,
            11.643736362457275,
            11.714226961135864,
            11.669073343276978,
            11.689599514007568,
            11.757688283920288,
            11.795281648635864,
            11.843258142471313,
            11.841893434524536,
            12.070103168487549,
            12.002148389816284
        ],
        "output_image_path": "/model_deploy_execution_attack_for_pipeline/outputs/age_googlenet_mnn_071797_ttba_attack/adversarial_image.png"
    }
}