{
    "status": "BUDGET_EXHAUSTED",
    "config": {
        "executable": "./resources/execution_files/age_googlenet_mnn",
        "benign_image": "/img_align_celeba/103315.jpg",
        "initial_adv_image": "/img_align_celeba/00000011.png",
        "l2_epsilon_goal": 0.05,
        "linf_epsilon_goal": 0.06274509803921569,
        "query_budget": 40000,
        "max_iterations": 1000,
        "initial_queries": 50,
        "dimension_reduction": 1.0
    },
    "results": {
        "total_queries": 40386,
        "final_l2_distance": 53.71371078491211,
        "final_linf_distance": 0.7941665053367615,
        "total_duration_seconds": 1152.9490282535553,
        "iteration_times_seconds": [
            7.812998056411743,
            8.050643682479858,
            8.153898000717163,
            8.264701128005981,
            8.351344585418701,
            8.480231761932373,
            8.730599403381348,
            8.83005952835083,
            8.869763135910034,
            8.944937467575073,
            8.992376804351807,
            8.999765396118164,
            9.106512069702148,
            9.263846158981323,
            9.358268976211548,
            9.335561752319336,
            9.429618120193481,
            9.534250736236572,
            9.51150107383728,
            9.61036229133606,
            9.65243911743164,
            9.620757818222046,
            9.696223497390747,
            9.67803168296814,
            9.825227975845337,
            9.944023132324219,
            9.987029075622559,
            10.004497766494751,
            10.067968845367432,
            10.102173805236816,
            10.10257863998413,
            10.1162850856781,
            10.164117813110352,
            10.191696643829346,
            10.294541120529175,
            10.301517009735107,
            10.387884855270386,
            10.455550909042358,
            10.482698202133179,
            10.424404621124268,
            10.559392213821411,
            10.697640657424927,
            10.660609245300293,
            10.719228744506836,
            10.691908836364746,
            10.738038063049316,
            10.883865594863892,
            10.810994148254395,
            10.922491312026978,
            10.848804950714111,
            10.895143747329712,
            10.963841438293457,
            10.917479276657104,
            10.985351085662842,
            11.007798194885254,
            11.092833518981934,
            10.830651998519897,
            10.952292680740356,
            10.916765451431274,
            11.03812289237976,
            11.161292791366577,
            11.134214878082275,
            11.142705917358398,
            11.141960620880127,
            11.172566175460815,
            11.190783739089966,
            11.225459814071655,
            11.279862403869629,
            11.304128885269165,
            11.253683090209961,
            11.410025596618652,
            11.310193300247192,
            11.355923175811768,
            11.361480236053467,
            11.453080177307129,
            11.436869144439697,
            11.458015441894531,
            11.506771802902222,
            11.533174514770508,
            11.664273023605347,
            11.697327136993408,
            11.736908197402954,
            11.850734233856201,
            11.862651824951172,
            11.868661165237427,
            11.81705355644226,
            11.853072881698608,
            11.852877855300903,
            11.920667171478271,
            11.86747932434082,
            11.94327974319458,
            11.94269347190857,
            11.909466028213501,
            11.976017713546753,
            12.126015663146973,
            12.09445858001709,
            11.957905054092407,
            12.127773761749268,
            12.10856556892395,
            12.202720165252686,
            12.102000951766968,
            12.220801830291748,
            12.235613107681274,
            12.2724769115448,
            12.34379243850708,
            12.452087879180908,
            12.415746688842773
        ],
        "output_image_path": "/model_deploy_execution_attack_for_pipeline/outputs/age_googlenet_mnn_103315_ttba_attack/adversarial_image.png"
    }
}