{
    "status": "BUDGET_EXHAUSTED",
    "config": {
        "executable": "./resources/execution_files/gender_googlenet_mnn",
        "benign_image": "/img_align_celeba/065906.jpg",
        "initial_adv_image": "/img_align_celeba/183515.jpg",
        "l2_epsilon_goal": 0.05,
        "linf_epsilon_goal": 0.06274509803921569,
        "query_budget": 40000,
        "max_iterations": 1000,
        "initial_queries": 50,
        "dimension_reduction": 1.0
    },
    "results": {
        "total_queries": 40018,
        "final_l2_distance": 4.589712619781494,
        "final_linf_distance": 0.06340371817350388,
        "total_duration_seconds": 913.6773734092712,
        "iteration_times_seconds": [
            6.266750335693359,
            6.31061863899231,
            6.395758152008057,
            6.542304515838623,
            6.596468925476074,
            6.517100095748901,
            6.810506582260132,
            6.875243425369263,
            6.896769762039185,
            6.973192453384399,
            6.97654914855957,
            7.090936660766602,
            7.197847604751587,
            7.288491725921631,
            7.193555593490601,
            7.263010025024414,
            7.309994697570801,
            7.433681011199951,
            7.344456434249878,
            7.387652635574341,
            7.405440330505371,
            7.50755500793457,
            7.617644548416138,
            7.603390216827393,
            7.699034214019775,
            7.749051332473755,
            7.819637775421143,
            7.878670930862427,
            7.9564454555511475,
            7.748362302780151,
            7.801653146743774,
            7.8851988315582275,
            7.917101860046387,
            7.916737794876099,
            8.020426988601685,
            8.020724773406982,
            8.053247213363647,
            8.12355899810791,
            8.133057117462158,
            8.192370891571045,
            8.223812580108643,
            8.36273741722107,
            8.355506181716919,
            8.404951333999634,
            8.373494148254395,
            8.403382301330566,
            8.378618001937866,
            8.416805744171143,
            8.490898609161377,
            8.532700777053833,
            8.616509199142456,
            8.56129264831543,
            8.668972492218018,
            8.661823511123657,
            8.678243637084961,
            8.69025468826294,
            8.7219557762146,
            8.845850467681885,
            8.959842920303345,
            8.918734788894653,
            8.969022989273071,
            8.951051473617554,
            9.07227373123169,
            9.036307334899902,
            9.027897834777832,
            9.058206796646118,
            9.151718139648438,
            8.912520408630371,
            9.044067859649658,
            9.103517293930054,
            9.11259913444519,
            9.005763530731201,
            9.003573894500732,
            9.046221256256104,
            9.165213823318481,
            9.140237092971802,
            9.170907974243164,
            9.24120569229126,
            9.339051961898804,
            9.332309007644653,
            9.394497871398926,
            9.46101999282837,
            9.464061737060547,
            9.484804630279541,
            9.347617149353027,
            9.46137523651123,
            9.515127897262573,
            9.588865280151367,
            9.478246927261353,
            9.484221935272217,
            9.654195785522461,
            9.663347244262695,
            9.681251287460327,
            9.602033853530884,
            9.597184419631958,
            9.721986055374146,
            9.627130508422852,
            9.678739070892334,
            9.709107398986816,
            9.804094552993774,
            9.783947229385376,
            9.728643655776978,
            9.83796739578247,
            9.772075891494751,
            9.884168148040771,
            10.045687675476074,
            10.05552363395691
        ],
        "output_image_path": "/model_deploy_execution_attack_for_pipeline/outputs/gender_googlenet_mnn_065906_ttba_attack/adversarial_image.png"
    }
}