{
    "status": "BUDGET_EXHAUSTED",
    "config": {
        "executable": "./resources/execution_files/emotion_ferplus_mnn",
        "benign_image": "/img_align_celeba/145432.jpg",
        "initial_adv_image": "/img_align_celeba/190569.jpg",
        "l2_epsilon_goal": 0.05,
        "linf_epsilon_goal": 0.06274509803921569,
        "query_budget": 40000,
        "max_iterations": 1000,
        "initial_queries": 50,
        "dimension_reduction": 1.0
    },
    "results": {
        "total_queries": 40504,
        "final_l2_distance": 4.2220354080200195,
        "final_linf_distance": 0.0657498836517334,
        "total_duration_seconds": 978.7359945774078,
        "iteration_times_seconds": [
            6.281434535980225,
            6.638547897338867,
            6.471185207366943,
            6.65577244758606,
            6.744264364242554,
            6.838075160980225,
            7.028871059417725,
            7.117490530014038,
            7.213842153549194,
            7.223922252655029,
            7.192224740982056,
            7.553437232971191,
            7.415752649307251,
            7.526638507843018,
            7.405531883239746,
            7.494882822036743,
            7.552226305007935,
            7.597106218338013,
            7.727028846740723,
            7.818259000778198,
            7.839207887649536,
            7.804010629653931,
            7.891841173171997,
            7.908930540084839,
            8.038451910018921,
            8.065807104110718,
            8.168875694274902,
            8.324680805206299,
            8.274178981781006,
            8.413926601409912,
            8.346744060516357,
            8.437656164169312,
            8.556387424468994,
            8.483532428741455,
            8.532389879226685,
            8.632791519165039,
            8.610350131988525,
            8.665467023849487,
            8.74646258354187,
            8.808646440505981,
            8.738943099975586,
            8.680271863937378,
            8.712525367736816,
            8.785552978515625,
            8.844675302505493,
            8.838300704956055,
            8.792893171310425,
            8.92201042175293,
            8.864797115325928,
            8.931190252304077,
            8.996761798858643,
            9.07841682434082,
            9.068719148635864,
            9.136088371276855,
            9.192092657089233,
            9.170461177825928,
            9.222687244415283,
            9.197547674179077,
            9.24280071258545,
            9.374981880187988,
            9.412229061126709,
            9.522424936294556,
            9.544813632965088,
            9.554087400436401,
            9.531586647033691,
            9.667881727218628,
            9.554615020751953,
            9.604544639587402,
            9.565099000930786,
            9.635596752166748,
            9.658499956130981,
            9.619018316268921,
            9.82453966140747,
            9.732094049453735,
            9.827522039413452,
            9.765751838684082,
            9.87220287322998,
            9.827733755111694,
            10.013144731521606,
            9.905415534973145,
            10.042419195175171,
            10.021636486053467,
            9.99346137046814,
            10.043994665145874,
            10.15939450263977,
            10.205644607543945,
            10.194627046585083,
            10.304385662078857,
            10.231171607971191,
            10.325228214263916,
            10.338341474533081,
            10.398165941238403,
            10.28584909439087,
            10.428970575332642,
            10.334338426589966,
            10.394785165786743,
            10.423283576965332,
            10.437739133834839,
            10.525688171386719,
            10.500828981399536,
            10.510802268981934,
            10.566466808319092,
            10.58793830871582,
            10.63099217414856,
            10.663933038711548,
            10.751685857772827,
            10.77734661102295,
            10.735725402832031
        ],
        "output_image_path": "/model_deploy_execution_attack_for_pipeline/outputs/emotion_ferplus_mnn_145432_ttba_attack/adversarial_image.png"
    }
}