{
    "status": "SUCCESS",
    "config": {
        "executable": "resources/execution_files/gender_googlenet_mnn",
        "benign_image": "/img_align_celeba/181458.jpg",
        "initial_adv_image": "/img_align_celeba/005770.jpg",
        "l2_epsilon_goal": 0.05,
        "linf_epsilon_goal": 0.06274509803921569,
        "query_budget": 40000,
        "max_iterations": 1000,
        "initial_queries": 50,
        "dimension_reduction": 1.0
    },
    "results": {
        "total_queries": 10360,
        "final_l2_distance": 4.789214134216309,
        "final_linf_distance": 0.06217271089553833,
        "total_duration_seconds": 314.6600880622864,
        "iteration_times_seconds": [
            5.816698789596558,
            6.123153448104858,
            6.2012646198272705,
            6.224222183227539,
            6.346004486083984,
            6.5786943435668945,
            6.696943998336792,
            6.685923337936401,
            6.691742420196533,
            6.7624123096466064,
            6.829838991165161,
            6.763160705566406,
            6.970142841339111,
            6.993971109390259,
            7.227385520935059,
            7.264928340911865,
            7.334353923797607,
            7.373059272766113,
            7.350989103317261,
            7.468682050704956,
            7.50139856338501,
            7.575690507888794,
            7.5567498207092285,
            7.576190948486328,
            7.720747470855713,
            7.710860252380371,
            7.899893760681152,
            7.967097520828247,
            7.9463725090026855,
            7.9359259605407715,
            7.977445840835571,
            7.964930772781372,
            7.882495880126953,
            7.911235094070435,
            7.955076694488525,
            8.01100754737854,
            8.16177749633789,
            8.226818799972534,
            8.218600273132324,
            8.341885805130005,
            8.267441034317017,
            8.432617902755737
        ],
        "output_image_path": "/model_deploy_execution_attack_for_pipeline/outputs/gender_googlenet_mnn_181458_ttba_attack/adversarial_image.png"
    }
}