{
    "status": "BUDGET_EXHAUSTED",
    "config": {
        "executable": "./resources/execution_files/emotion_ferplus_mnn",
        "benign_image": "/img_align_celeba/053244.jpg",
        "initial_adv_image": "/img_align_celeba/114669.jpg",
        "l2_epsilon_goal": 0.05,
        "linf_epsilon_goal": 0.06274509803921569,
        "query_budget": 40000,
        "max_iterations": 1000,
        "initial_queries": 50,
        "dimension_reduction": 1.0
    },
    "results": {
        "total_queries": 40214,
        "final_l2_distance": 15.712645530700684,
        "final_linf_distance": 0.23230385780334473,
        "total_duration_seconds": 1014.8317987918854,
        "iteration_times_seconds": [
            6.672802686691284,
            6.878398895263672,
            7.060307502746582,
            7.163417100906372,
            7.246606826782227,
            7.283990383148193,
            7.319855451583862,
            7.504065275192261,
            7.546475887298584,
            7.5890796184539795,
            7.614505767822266,
            7.783217191696167,
            7.830067873001099,
            7.783732891082764,
            8.133010387420654,
            8.125710248947144,
            8.112740278244019,
            8.209878921508789,
            8.304640293121338,
            8.327893733978271,
            8.34910774230957,
            8.409369945526123,
            8.498210191726685,
            8.461008071899414,
            8.631671905517578,
            8.628387928009033,
            8.802044153213501,
            8.70809555053711,
            8.781815528869629,
            8.91791319847107,
            8.884042501449585,
            8.845044612884521,
            8.94070553779602,
            8.921125650405884,
            8.871336936950684,
            9.096551179885864,
            9.043687343597412,
            9.057429313659668,
            9.048179388046265,
            9.134139060974121,
            9.098291635513306,
            9.230142831802368,
            9.340333700180054,
            9.398913860321045,
            9.327030658721924,
            9.4331693649292,
            9.454154253005981,
            9.503971099853516,
            9.494453430175781,
            9.554391622543335,
            9.54591965675354,
            9.628637075424194,
            9.610064506530762,
            9.657335758209229,
            9.63984990119934,
            9.850643396377563,
            9.70906949043274,
            9.693103551864624,
            9.791048765182495,
            9.840811491012573,
            9.817233562469482,
            9.924395561218262,
            9.86046314239502,
            9.773904800415039,
            9.89920687675476,
            9.942113637924194,
            9.9312105178833,
            9.966687440872192,
            9.996255874633789,
            10.042780876159668,
            10.006025552749634,
            10.057748317718506,
            10.133756399154663,
            10.124213218688965,
            10.187963008880615,
            10.148118495941162,
            10.204368591308594,
            10.223005771636963,
            10.222419738769531,
            10.309700965881348,
            10.30857539176941,
            10.41412353515625,
            10.486546039581299,
            10.459782123565674,
            10.57215666770935,
            10.56461787223816,
            10.669312238693237,
            10.657265186309814,
            10.645546436309814,
            10.66582703590393,
            10.695451974868774,
            10.699699878692627,
            10.782614469528198,
            10.813272714614868,
            10.774543046951294,
            10.683270931243896,
            10.80351710319519,
            10.838608980178833,
            10.811708688735962,
            10.938328266143799,
            10.893321514129639,
            10.912376642227173,
            10.970407485961914,
            10.99575161933899,
            11.02594780921936,
            11.14017105102539,
            11.061434984207153
        ],
        "output_image_path": "/model_deploy_execution_attack_for_pipeline/outputs/emotion_ferplus_mnn_053244_ttba_attack/adversarial_image.png"
    }
}