{
    "status": "SUCCESS",
    "config": {
        "executable": "./resources/execution_files/ssrnet_age_mnn",
        "benign_image": "/img_align_celeba/063344.jpg",
        "initial_adv_image": "/img_align_celeba/003301.jpg",
        "l2_epsilon_goal": 0.05,
        "linf_epsilon_goal": 0.06274509803921569,
        "query_budget": 40000,
        "max_iterations": 1000,
        "initial_queries": 50,
        "dimension_reduction": 1.0
    },
    "results": {
        "total_queries": 8984,
        "final_l2_distance": 4.78900671005249,
        "final_linf_distance": 0.06265920400619507,
        "total_duration_seconds": 96.09572553634644,
        "iteration_times_seconds": [
            2.152636766433716,
            2.3001391887664795,
            2.245666742324829,
            2.2429800033569336,
            2.34226131439209,
            2.3309333324432373,
            2.3064277172088623,
            2.357869863510132,
            2.4454257488250732,
            2.4440696239471436,
            2.471771240234375,
            2.4178149700164795,
            2.4910359382629395,
            2.447841167449951,
            2.3995039463043213,
            2.4918198585510254,
            2.462033987045288,
            2.525637149810791,
            2.5187432765960693,
            2.5701560974121094,
            2.5990676879882812,
            2.532104015350342,
            2.4623191356658936,
            2.526801347732544,
            2.581491470336914,
            2.5513510704040527,
            2.618983030319214,
            2.5336320400238037,
            2.5437607765197754,
            2.6061484813690186,
            2.700653314590454,
            2.526792049407959,
            2.5938658714294434,
            2.605813980102539,
            2.6443612575531006,
            2.665356159210205,
            2.7119245529174805,
            2.6554393768310547
        ],
        "output_image_path": "/model_deploy_execution_attack_for_pipeline/outputs/ssrnet_age_mnn_063344_ttba_attack/adversarial_image.png"
    }
}