{
    "status": "BUDGET_EXHAUSTED",
    "config": {
        "executable": "./resources/execution_files/gender_googlenet_mnn",
        "benign_image": "/img_align_celeba/180008.jpg",
        "initial_adv_image": "/img_align_celeba/158311.jpg",
        "l2_epsilon_goal": 0.05,
        "linf_epsilon_goal": 0.06274509803921569,
        "query_budget": 40000,
        "max_iterations": 1000,
        "initial_queries": 50,
        "dimension_reduction": 1.0
    },
    "results": {
        "total_queries": 40097,
        "final_l2_distance": 7.497421741485596,
        "final_linf_distance": 0.09586939215660095,
        "total_duration_seconds": 928.5825908184052,
        "iteration_times_seconds": [
            6.097638130187988,
            6.347866535186768,
            6.403939723968506,
            6.499563455581665,
            6.640759706497192,
            6.7463157176971436,
            6.982673645019531,
            7.005599021911621,
            7.0704662799835205,
            7.072024822235107,
            7.1989521980285645,
            7.095010280609131,
            7.1537089347839355,
            7.21685791015625,
            7.335596561431885,
            7.443871021270752,
            7.5273778438568115,
            7.569404602050781,
            7.546961545944214,
            7.5942702293396,
            7.837348699569702,
            7.769483327865601,
            7.709335803985596,
            7.747338533401489,
            7.86113166809082,
            7.71136999130249,
            7.946848154067993,
            7.857622861862183,
            7.9268388748168945,
            7.976427793502808,
            8.082208395004272,
            8.029354572296143,
            8.100047826766968,
            8.10796046257019,
            8.077275514602661,
            8.10456895828247,
            8.157453060150146,
            8.247105598449707,
            8.36727523803711,
            8.345905065536499,
            8.397138357162476,
            8.508734464645386,
            8.540614128112793,
            8.497180461883545,
            8.557250022888184,
            8.693130731582642,
            8.629308700561523,
            8.65704870223999,
            8.687820434570312,
            8.726656436920166,
            8.697253942489624,
            8.742550134658813,
            8.606295347213745,
            8.661194562911987,
            8.754392385482788,
            8.789450407028198,
            8.728191375732422,
            8.824690103530884,
            8.942304611206055,
            9.014652967453003,
            8.991248846054077,
            9.03509259223938,
            9.021618366241455,
            9.003841161727905,
            9.097091436386108,
            9.09837818145752,
            9.109253406524658,
            9.144595384597778,
            9.126487970352173,
            9.138293504714966,
            9.173951625823975,
            9.259824275970459,
            9.218806266784668,
            9.20786452293396,
            9.232494354248047,
            9.322975158691406,
            9.288646936416626,
            9.398817539215088,
            9.388664245605469,
            9.527572393417358,
            9.584993124008179,
            9.600770473480225,
            9.599547386169434,
            9.685592889785767,
            9.715751886367798,
            9.750595092773438,
            9.727361679077148,
            9.694096565246582,
            9.698507070541382,
            9.881879091262817,
            9.714324951171875,
            9.724664688110352,
            9.876340389251709,
            9.837523221969604,
            9.80567479133606,
            9.959701299667358,
            9.802930355072021,
            9.98471713066101,
            9.923159837722778,
            10.096625566482544,
            9.985876083374023,
            9.986695051193237,
            10.075409889221191,
            10.078502178192139,
            10.105264902114868,
            10.217591285705566,
            10.24521780014038
        ],
        "output_image_path": "/model_deploy_execution_attack_for_pipeline/outputs/gender_googlenet_mnn_180008_ttba_attack/adversarial_image.png"
    }
}