{
    "status": "SUCCESS",
    "config": {
        "executable": "./resources/execution_files/gender_googlenet_mnn",
        "benign_image": "/img_align_celeba/152166.jpg",
        "initial_adv_image": "/img_align_celeba/005770.jpg",
        "l2_epsilon_goal": 0.05,
        "linf_epsilon_goal": 0.06274509803921569,
        "query_budget": 40000,
        "max_iterations": 1000,
        "initial_queries": 50,
        "dimension_reduction": 1.0
    },
    "results": {
        "total_queries": 21197,
        "final_l2_distance": 4.78798246383667,
        "final_linf_distance": 0.06236258149147034,
        "total_duration_seconds": 550.6642954349518,
        "iteration_times_seconds": [
            6.033239126205444,
            6.390562057495117,
            6.413969278335571,
            6.515328884124756,
            6.62200140953064,
            6.859325647354126,
            6.971246957778931,
            7.057746410369873,
            7.068291902542114,
            7.180058240890503,
            7.143711566925049,
            7.329526901245117,
            7.301874160766602,
            7.473489046096802,
            7.357410907745361,
            7.453946113586426,
            7.481299877166748,
            7.614791631698608,
            7.3994457721710205,
            7.474588632583618,
            7.591928005218506,
            7.538835763931274,
            7.440688133239746,
            7.630499839782715,
            7.694664478302002,
            7.535995006561279,
            7.698132276535034,
            7.877490520477295,
            7.883008241653442,
            7.8365702629089355,
            7.88419771194458,
            7.8452630043029785,
            7.9218010902404785,
            7.8839428424835205,
            7.998183727264404,
            8.039187908172607,
            7.956708669662476,
            8.064795732498169,
            8.05688738822937,
            8.20112657546997,
            8.264919757843018,
            8.274419069290161,
            8.355900764465332,
            8.421775102615356,
            8.403780221939087,
            8.364199161529541,
            8.446195602416992,
            8.24683928489685,
            8.331050157546997,
            8.348999500274658,
            8.395755290985107,
            8.37710189819336,
            8.469449758529663,
            8.53074598312378,
            8.498156785964966,
            8.58714509010315,
            8.57785177230835,
            8.586074113845825,
            8.616890668869019,
            8.766562223434448,
            8.793214082717896,
            8.776804685592651,
            8.859447002410889,
            8.835093021392822,
            8.829237461090088,
            8.876509428024292,
            8.920116662979126,
            8.915351867675781,
            8.997325897216797
        ],
        "output_image_path": "/model_deploy_execution_attack_for_pipeline/outputs/gender_googlenet_mnn_152166_ttba_attack/adversarial_image.png"
    }
}