{
    "status": "BUDGET_EXHAUSTED",
    "config": {
        "executable": "./resources/execution_files/age_googlenet_mnn",
        "benign_image": "/img_align_celeba/057988.jpg",
        "initial_adv_image": "/img_align_celeba/00000001.png",
        "l2_epsilon_goal": 0.05,
        "linf_epsilon_goal": 0.06274509803921569,
        "query_budget": 40000,
        "max_iterations": 1000,
        "initial_queries": 50,
        "dimension_reduction": 1.0
    },
    "results": {
        "total_queries": 40379,
        "final_l2_distance": 66.99971771240234,
        "final_linf_distance": 0.8684371113777161,
        "total_duration_seconds": 1156.7210836410522,
        "iteration_times_seconds": [
            7.812260866165161,
            8.093703031539917,
            8.168829202651978,
            8.399523496627808,
            8.446095943450928,
            8.534486293792725,
            8.77231502532959,
            8.762556552886963,
            8.853840112686157,
            8.901176691055298,
            8.972098350524902,
            9.027208805084229,
            9.18217420578003,
            9.158625602722168,
            9.322091341018677,
            9.53455901145935,
            9.522340059280396,
            9.539685010910034,
            9.535807609558105,
            9.593760251998901,
            9.670769929885864,
            9.676676034927368,
            9.737103700637817,
            9.827068090438843,
            9.811779499053955,
            9.993281841278076,
            10.07408595085144,
            10.05742859840393,
            10.147858619689941,
            10.099493980407715,
            10.155116319656372,
            10.252721786499023,
            10.266926288604736,
            10.239895343780518,
            10.354082584381104,
            10.2943434715271,
            10.47041368484497,
            10.470358848571777,
            10.477882623672485,
            10.58143949508667,
            10.54512882232666,
            10.77991771697998,
            10.665107727050781,
            10.73671579360962,
            10.899461030960083,
            10.806633949279785,
            10.854062557220459,
            10.825122594833374,
            10.907791137695312,
            10.66091775894165,
            10.753639698028564,
            10.82598090171814,
            10.82484221458435,
            10.804110050201416,
            10.825965404510498,
            10.849968433380127,
            10.872963190078735,
            10.985617637634277,
            11.100208282470703,
            11.136226892471313,
            11.166707754135132,
            11.102350950241089,
            11.181419610977173,
            11.2684645652771,
            11.314352989196777,
            11.332818746566772,
            11.359347105026245,
            11.237611293792725,
            11.354146718978882,
            11.35030484199524,
            11.455368280410767,
            11.503629446029663,
            11.385603904724121,
            11.498246192932129,
            11.531474351882935,
            11.553200721740723,
            11.548467874526978,
            11.619005680084229,
            11.575826406478882,
            11.685877799987793,
            11.769822835922241,
            11.784618854522705,
            11.85877537727356,
            11.815809488296509,
            11.867469310760498,
            11.954405784606934,
            11.91126012802124,
            11.931490182876587,
            11.90313720703125,
            11.968888998031616,
            11.944608449935913,
            12.052570581436157,
            11.972607612609863,
            12.006739854812622,
            12.097501039505005,
            12.113807678222656,
            12.221711874008179,
            12.065573692321777,
            12.234564304351807,
            12.146454811096191,
            12.194917917251587,
            12.249426126480103,
            12.23719048500061,
            12.3118577003479,
            12.238128423690796,
            12.44331955909729,
            12.491381168365479
        ],
        "output_image_path": "/model_deploy_execution_attack_for_pipeline/outputs/age_googlenet_mnn_057988_ttba_attack/adversarial_image.png"
    }
}