{
    "status": "SUCCESS",
    "config": {
        "executable": "./resources/execution_files/ssrnet_age_mnn",
        "benign_image": "/img_align_celeba/132862.jpg",
        "initial_adv_image": "/img_align_celeba/134208.jpg",
        "l2_epsilon_goal": 0.05,
        "linf_epsilon_goal": 0.06274509803921569,
        "query_budget": 40000,
        "max_iterations": 1000,
        "initial_queries": 50,
        "dimension_reduction": 1.0
    },
    "results": {
        "total_queries": 3429,
        "final_l2_distance": 4.985998153686523,
        "final_linf_distance": 0.061517514288425446,
        "total_duration_seconds": 48.63906979560852,
        "iteration_times_seconds": [
            2.292910575866699,
            2.309683084487915,
            2.533950090408325,
            2.504591941833496,
            2.4865410327911377,
            2.538357734680176,
            2.6065821647644043,
            2.6705563068389893,
            2.6423535346984863,
            2.4690346717834473,
            2.4761149883270264,
            2.357591390609741,
            2.4195737838745117,
            2.4738352298736572,
            2.546816110610962,
            2.562645196914673,
            2.4682841300964355,
            2.4149041175842285,
            2.4300220012664795
        ],
        "output_image_path": "/model_deploy_execution_attack_for_pipeline/outputs/ssrnet_age_mnn_132862_ttba_attack/adversarial_image.png"
    }
}