{
    "status": "SUCCESS",
    "config": {
        "executable": "./resources/execution_files/fsanet_headpose_mnn",
        "benign_image": "/img_align_celeba/098121.jpg",
        "initial_adv_image": "/img_align_celeba/117360.jpg",
        "l2_epsilon_goal": 0.05,
        "linf_epsilon_goal": 0.06274509803921569,
        "query_budget": 40000,
        "max_iterations": 1000,
        "initial_queries": 50,
        "dimension_reduction": 1.0
    },
    "results": {
        "total_queries": 11460,
        "final_l2_distance": 4.814699649810791,
        "final_linf_distance": 0.05861988663673401,
        "total_duration_seconds": 136.24346661567688,
        "iteration_times_seconds": [
            2.709239959716797,
            2.711127758026123,
            2.7319581508636475,
            2.8339431285858154,
            2.6601407527923584,
            2.8193626403808594,
            2.782660722732544,
            2.9883248805999756,
            2.85113525390625,
            2.7902309894561768,
            2.7345800399780273,
            2.921004056930542,
            2.8101449012756348,
            2.823242425918579,
            2.8568549156188965,
            2.8604846000671387,
            2.9414756298065186,
            2.8480613231658936,
            2.902031898498535,
            2.9478399753570557,
            3.127471685409546,
            3.014913320541382,
            3.031177282333374,
            2.995649814605713,
            3.1268067359924316,
            3.095958948135376,
            2.9913880825042725,
            3.094022035598755,
            3.11421799659729,
            3.104909896850586,
            3.0248656272888184,
            3.1318166255950928,
            3.036029577255249,
            3.2295804023742676,
            3.2429184913635254,
            3.156334400177002,
            3.181983232498169,
            3.0680150985717773,
            2.9515256881713867,
            3.078801155090332,
            3.2293570041656494,
            3.288813352584839,
            3.098647356033325,
            3.2182610034942627,
            3.3403918743133545
        ],
        "output_image_path": "/model_deploy_execution_attack_for_pipeline/outputs/fsanet_headpose_mnn_098121_ttba_attack/adversarial_image.png"
    }
}