{
    "status": "BUDGET_EXHAUSTED",
    "config": {
        "executable": "resources/execution_files/emotion_ferplus_mnn",
        "benign_image": "/img_align_celeba/107601.jpg",
        "initial_adv_image": "/img_align_celeba/148102.jpg",
        "l2_epsilon_goal": 0.05,
        "linf_epsilon_goal": 0.06274509803921569,
        "query_budget": 40000,
        "max_iterations": 1000,
        "initial_queries": 50,
        "dimension_reduction": 1.0
    },
    "results": {
        "total_queries": 40223,
        "final_l2_distance": 6.418349742889404,
        "final_linf_distance": 0.09944093227386475,
        "total_duration_seconds": 1023.2811222076416,
        "iteration_times_seconds": [
            6.592917203903198,
            7.0197434425354,
            7.189619302749634,
            7.28810453414917,
            7.314074993133545,
            7.427089214324951,
            7.641317129135132,
            7.658248424530029,
            7.612859010696411,
            7.603667736053467,
            7.673786163330078,
            7.795754909515381,
            7.931711912155151,
            8.043991565704346,
            8.13026738166809,
            8.20938515663147,
            8.197852849960327,
            8.287684440612793,
            8.304646968841553,
            8.480117797851562,
            8.418932437896729,
            8.429053544998169,
            8.49382472038269,
            8.640172481536865,
            8.580542802810669,
            8.792912483215332,
            8.821029901504517,
            8.876803874969482,
            8.855009317398071,
            8.936674118041992,
            8.968345403671265,
            9.094877004623413,
            9.083869218826294,
            9.076740026473999,
            9.105002641677856,
            9.206401824951172,
            9.154612302780151,
            9.252994060516357,
            9.292296171188354,
            9.296153545379639,
            9.350892305374146,
            9.482189893722534,
            9.56306004524231,
            9.58419394493103,
            9.58093786239624,
            9.683886051177979,
            9.785954713821411,
            9.768182039260864,
            9.746333122253418,
            9.725593090057373,
            9.77782940864563,
            9.617970943450928,
            9.632214069366455,
            9.615502834320068,
            9.81356930732727,
            9.910766363143921,
            9.8323392868042,
            9.809205055236816,
            9.890336036682129,
            9.938204050064087,
            10.040195941925049,
            9.990324020385742,
            10.104117393493652,
            10.020044326782227,
            10.063175916671753,
            10.108196020126343,
            10.172617673873901,
            10.178211212158203,
            10.08821988105774,
            10.078040838241577,
            10.15869927406311,
            10.1754629611969,
            10.106470823287964,
            10.181450128555298,
            10.206255912780762,
            10.1842679977417,
            10.409876823425293,
            10.268484115600586,
            10.3156418800354,
            10.485783100128174,
            10.513019800186157,
            10.466005563735962,
            10.540583372116089,
            10.651911973953247,
            10.637705326080322,
            10.65812349319458,
            10.66711711883545,
            10.510834455490112,
            10.53939962387085,
            10.554508686065674,
            10.572948217391968,
            10.656464099884033,
            10.572448253631592,
            10.6608726978302,
            10.752862215042114,
            10.61843752861023,
            10.59225058555603,
            10.724679708480835,
            10.713939666748047,
            10.884072303771973,
            10.713874578475952,
            10.741214275360107,
            10.91448974609375,
            10.811691999435425,
            10.889320611953735,
            10.932497262954712,
            10.984131813049316
        ],
        "output_image_path": "/model_deploy_execution_attack_for_pipeline/outputs/emotion_ferplus_mnn_107601_ttba_attack/adversarial_image.png"
    }
}