{
    "status": "BUDGET_EXHAUSTED",
    "config": {
        "executable": "./resources/execution_files/fsanet_headpose_mnn",
        "benign_image": "/img_align_celeba/038383.jpg",
        "initial_adv_image": "/img_align_celeba/151447.jpg",
        "l2_epsilon_goal": 0.05,
        "linf_epsilon_goal": 0.06274509803921569,
        "query_budget": 40000,
        "max_iterations": 1000,
        "initial_queries": 50,
        "dimension_reduction": 1.0
    },
    "results": {
        "total_queries": 40031,
        "final_l2_distance": 5.855106353759766,
        "final_linf_distance": 0.08270883560180664,
        "total_duration_seconds": 356.7296533584595,
        "iteration_times_seconds": [
            2.682612657546997,
            2.788626194000244,
            2.717682123184204,
            2.7287309169769287,
            2.7256863117218018,
            2.7748141288757324,
            2.772820472717285,
            2.8096296787261963,
            2.876039505004883,
            2.8392205238342285,
            2.9430274963378906,
            2.869080066680908,
            2.8411688804626465,
            2.9170124530792236,
            3.044732093811035,
            2.91326642036438,
            2.9801032543182373,
            3.0460660457611084,
            3.008162260055542,
            2.9671144485473633,
            2.9902002811431885,
            2.8717970848083496,
            3.11079740524292,
            3.1428210735321045,
            3.158046245574951,
            3.0429184436798096,
            3.1615192890167236,
            3.0869181156158447,
            3.1275973320007324,
            3.0907769203186035,
            3.0366504192352295,
            3.148594379425049,
            3.098106622695923,
            3.0725924968719482,
            3.022435188293457,
            3.241610050201416,
            3.0931756496429443,
            3.206507682800293,
            3.1231820583343506,
            3.2577426433563232,
            3.25126314163208,
            3.19520902633667,
            3.1601028442382812,
            3.3372504711151123,
            3.2396202087402344,
            3.244232654571533,
            3.236132860183716,
            3.3894641399383545,
            3.2936623096466064,
            3.241673707962036,
            3.232616901397705,
            3.3440980911254883,
            3.2739157676696777,
            3.417975425720215,
            3.291653633117676,
            3.4217689037323,
            3.3979480266571045,
            3.3615262508392334,
            3.477128505706787,
            3.4134984016418457,
            3.3952651023864746,
            3.371328115463257,
            3.454529047012329,
            3.497485876083374,
            3.460632085800171,
            3.6123480796813965,
            3.5704288482666016,
            3.4612016677856445,
            3.489837884902954,
            3.478208541870117,
            3.48295521736145,
            3.44277024269104,
            3.6541519165039062,
            3.598278284072876,
            3.636587619781494,
            3.6514477729797363,
            3.654172420501709,
            3.623588800430298,
            3.6602704524993896,
            3.4487321376800537,
            3.6140904426574707,
            3.5636141300201416,
            3.601933002471924,
            3.6277146339416504,
            3.6068546772003174,
            3.5342185497283936,
            3.565896987915039,
            3.6427831649780273,
            3.698418378829956,
            3.6649413108825684,
            3.5667388439178467,
            3.6356828212738037,
            3.7348251342773438,
            3.706111431121826,
            3.6741886138916016,
            3.648573160171509,
            3.5551440715789795,
            3.593099594116211,
            3.706315040588379,
            3.7429373264312744,
            3.701256513595581,
            3.6749818325042725,
            3.7472493648529053,
            3.7222044467926025,
            3.6855549812316895,
            3.7989416122436523,
            3.8287856578826904
        ],
        "output_image_path": "/model_deploy_execution_attack_for_pipeline/outputs/fsanet_headpose_mnn_038383_ttba_attack/adversarial_image.png"
    }
}