{
    "status": "BUDGET_EXHAUSTED",
    "config": {
        "executable": "./resources/execution_files/ssrnet_age_mnn",
        "benign_image": "/img_align_celeba/003467.jpg",
        "initial_adv_image": "/img_align_celeba/078957.jpg",
        "l2_epsilon_goal": 0.05,
        "linf_epsilon_goal": 0.06274509803921569,
        "query_budget": 40000,
        "max_iterations": 1000,
        "initial_queries": 50,
        "dimension_reduction": 1.0
    },
    "results": {
        "total_queries": 40097,
        "final_l2_distance": 7.267583847045898,
        "final_linf_distance": 0.09188187122344971,
        "total_duration_seconds": 311.4946835041046,
        "iteration_times_seconds": [
            2.2283213138580322,
            2.3438973426818848,
            2.4156227111816406,
            2.413559913635254,
            2.4870312213897705,
            2.501749038696289,
            2.4875683784484863,
            2.5615739822387695,
            2.332468032836914,
            2.505861282348633,
            2.468981981277466,
            2.48769474029541,
            2.592747926712036,
            2.5548086166381836,
            2.6073358058929443,
            2.6377737522125244,
            2.566509962081909,
            2.786667823791504,
            2.5948030948638916,
            2.672457218170166,
            2.759915828704834,
            2.7329297065734863,
            2.6615233421325684,
            2.707720994949341,
            2.740255832672119,
            2.6479649543762207,
            2.705528497695923,
            2.7517616748809814,
            2.7422773838043213,
            2.687534809112549,
            2.7732467651367188,
            2.690319061279297,
            2.7122020721435547,
            2.6647019386291504,
            2.7344353199005127,
            2.746950149536133,
            2.790743350982666,
            2.8177311420440674,
            2.830310106277466,
            2.7981150150299072,
            2.957200765609741,
            2.8943538665771484,
            2.967233180999756,
            2.9451143741607666,
            2.8063149452209473,
            2.8975393772125244,
            2.8462817668914795,
            2.8026297092437744,
            2.854982852935791,
            2.9671781063079834,
            2.9719882011413574,
            2.9415838718414307,
            2.903722047805786,
            2.9162495136260986,
            3.012906074523926,
            3.1522789001464844,
            2.872244119644165,
            2.8679497241973877,
            2.8733339309692383,
            2.977311611175537,
            2.9665367603302,
            3.0192506313323975,
            2.9915332794189453,
            2.9539577960968018,
            2.9727623462677,
            3.125830888748169,
            3.0218944549560547,
            3.066577911376953,
            3.0101048946380615,
            2.9464051723480225,
            3.0708580017089844,
            3.092151165008545,
            2.982910394668579,
            3.0066404342651367,
            3.0704057216644287,
            3.0366623401641846,
            3.070876359939575,
            3.0422818660736084,
            3.033421516418457,
            3.131826639175415,
            3.1576716899871826,
            3.126107692718506,
            3.0940163135528564,
            3.052286148071289,
            3.0641255378723145,
            3.078134775161743,
            3.2246580123901367,
            3.200810194015503,
            3.24267840385437,
            3.254798412322998,
            3.0850722789764404,
            3.1867146492004395,
            3.074786901473999,
            3.1906020641326904,
            3.1831259727478027,
            3.3730578422546387,
            3.1679775714874268,
            3.155470609664917,
            3.113278865814209,
            3.2518703937530518,
            3.1639204025268555,
            3.2926647663116455,
            3.2596328258514404,
            3.218568801879883,
            3.2884509563446045,
            3.276972532272339,
            3.2650113105773926
        ],
        "output_image_path": "/model_deploy_execution_attack_for_pipeline/outputs/ssrnet_age_mnn_003467_ttba_attack/adversarial_image.png"
    }
}