{
    "status": "BUDGET_EXHAUSTED",
    "config": {
        "executable": "./resources/execution_files/age_googlenet_mnn",
        "benign_image": "/img_align_celeba/017374.jpg",
        "initial_adv_image": "/img_align_celeba/00000009.png",
        "l2_epsilon_goal": 0.05,
        "linf_epsilon_goal": 0.06274509803921569,
        "query_budget": 40000,
        "max_iterations": 1000,
        "initial_queries": 50,
        "dimension_reduction": 1.0
    },
    "results": {
        "total_queries": 40314,
        "final_l2_distance": 37.605316162109375,
        "final_linf_distance": 0.5114113092422485,
        "total_duration_seconds": 1137.854156255722,
        "iteration_times_seconds": [
            7.7071545124053955,
            8.021212816238403,
            8.24232530593872,
            8.259466886520386,
            8.40756607055664,
            8.520624876022339,
            8.729360818862915,
            8.740243911743164,
            8.787108182907104,
            8.916730165481567,
            8.943199872970581,
            8.744174003601074,
            8.92030954360962,
            8.874064207077026,
            9.155072689056396,
            9.26675033569336,
            9.199793577194214,
            9.238603591918945,
            9.280396223068237,
            9.356208086013794,
            9.445531845092773,
            9.428209066390991,
            9.450157880783081,
            9.466615438461304,
            9.677722215652466,
            9.672513246536255,
            9.777737379074097,
            9.74133849143982,
            9.895568132400513,
            9.867643594741821,
            9.954276323318481,
            9.968245267868042,
            9.944196939468384,
            9.99636960029602,
            10.099310159683228,
            10.054680824279785,
            10.070230722427368,
            10.188361883163452,
            10.426575899124146,
            10.254455804824829,
            10.183679103851318,
            10.576141357421875,
            10.568864822387695,
            10.45779299736023,
            10.573233127593994,
            10.625261545181274,
            10.593411445617676,
            10.529747724533081,
            10.663257360458374,
            10.5772545337677,
            10.716882228851318,
            10.73306131362915,
            10.829182386398315,
            10.719480514526367,
            10.82783555984497,
            10.89279580116272,
            10.84643292427063,
            11.01606035232544,
            10.92384147644043,
            11.060502290725708,
            11.136612892150879,
            11.07489013671875,
            11.07397198677063,
            11.293561697006226,
            11.239042043685913,
            11.243827104568481,
            11.182350158691406,
            11.354161977767944,
            11.362784624099731,
            11.375036001205444,
            11.328856706619263,
            11.409936904907227,
            11.37956690788269,
            11.54941177368164,
            11.449387311935425,
            11.441425561904907,
            11.494410037994385,
            11.609344482421875,
            11.578535318374634,
            11.63602900505066,
            11.453324794769287,
            11.597460508346558,
            11.609598636627197,
            11.567890167236328,
            11.539390325546265,
            11.584817886352539,
            11.654709577560425,
            11.620004892349243,
            11.68055272102356,
            11.72342324256897,
            11.710083484649658,
            11.747548341751099,
            11.795758962631226,
            11.770202398300171,
            11.841919660568237,
            11.867141485214233,
            11.923261880874634,
            11.914495706558228,
            11.88245701789856,
            11.9790620803833,
            11.994489192962646,
            11.907593250274658,
            11.976768016815186,
            11.965474605560303,
            12.01651120185852,
            12.139562368392944,
            12.130047082901001
        ],
        "output_image_path": "/model_deploy_execution_attack_for_pipeline/outputs/age_googlenet_mnn_017374_ttba_attack/adversarial_image.png"
    }
}