{
    "status": "BUDGET_EXHAUSTED",
    "config": {
        "executable": "resources/execution_files/emotion_ferplus_mnn",
        "benign_image": "/img_align_celeba/098121.jpg",
        "initial_adv_image": "/img_align_celeba/074189.jpg",
        "l2_epsilon_goal": 0.05,
        "linf_epsilon_goal": 0.06274509803921569,
        "query_budget": 40000,
        "max_iterations": 1000,
        "initial_queries": 50,
        "dimension_reduction": 1.0
    },
    "results": {
        "total_queries": 40183,
        "final_l2_distance": 14.609603881835938,
        "final_linf_distance": 0.2578126788139343,
        "total_duration_seconds": 1014.9970941543579,
        "iteration_times_seconds": [
            6.551949739456177,
            6.787816524505615,
            6.87078595161438,
            7.08932089805603,
            7.166873216629028,
            7.281578063964844,
            7.470418691635132,
            7.507347822189331,
            7.350764751434326,
            7.479904651641846,
            7.503955125808716,
            7.522587776184082,
            7.693577527999878,
            7.786911725997925,
            7.8425116539001465,
            7.959841251373291,
            8.025631189346313,
            8.059810876846313,
            8.137240409851074,
            8.120133638381958,
            8.24222469329834,
            8.30245304107666,
            8.33975625038147,
            8.420815467834473,
            8.349162578582764,
            8.47993516921997,
            8.654655456542969,
            8.63784122467041,
            8.705582618713379,
            8.754644393920898,
            8.845067024230957,
            8.783118724822998,
            8.763107061386108,
            8.837644815444946,
            9.08105993270874,
            9.054294109344482,
            9.092576503753662,
            8.983540296554565,
            9.133083820343018,
            9.14497184753418,
            9.18624472618103,
            9.34821605682373,
            9.4285888671875,
            9.426108837127686,
            9.396646499633789,
            9.413423299789429,
            9.429263353347778,
            9.446874856948853,
            9.541099309921265,
            9.573991298675537,
            9.571657419204712,
            9.641062021255493,
            9.649957180023193,
            9.91137433052063,
            9.826773166656494,
            9.900900840759277,
            9.800564527511597,
            9.85460376739502,
            9.847079515457153,
            9.931695222854614,
            9.837934017181396,
            9.883047580718994,
            9.904536724090576,
            9.875632286071777,
            9.930774450302124,
            9.967026710510254,
            10.071298360824585,
            10.081922769546509,
            10.029452800750732,
            10.05474066734314,
            10.125723361968994,
            10.14635157585144,
            10.197081804275513,
            10.12839412689209,
            10.237125635147095,
            10.195955514907837,
            10.313726663589478,
            10.311960935592651,
            10.433910846710205,
            10.313452243804932,
            10.512440204620361,
            10.477708339691162,
            10.565356016159058,
            10.667351007461548,
            10.545665979385376,
            10.569034099578857,
            10.738731384277344,
            10.601619482040405,
            10.664560794830322,
            10.648027420043945,
            10.838039875030518,
            10.752910852432251,
            10.744075059890747,
            10.836492538452148,
            10.777173519134521,
            10.826956987380981,
            10.840622186660767,
            10.774631261825562,
            10.79727840423584,
            10.940210103988647,
            11.001567840576172,
            11.026004791259766,
            10.958685874938965,
            11.020028829574585,
            11.095011234283447,
            11.175474405288696,
            11.262494087219238
        ],
        "output_image_path": "/model_deploy_execution_attack_for_pipeline/outputs/emotion_ferplus_mnn_098121_ttba_attack/adversarial_image.png"
    }
}