{
    "status": "SUCCESS",
    "config": {
        "executable": "./resources/execution_files/ssrnet_age_mnn",
        "benign_image": "/img_align_celeba/050759.jpg",
        "initial_adv_image": "/img_align_celeba/134208.jpg",
        "l2_epsilon_goal": 0.05,
        "linf_epsilon_goal": 0.06274509803921569,
        "query_budget": 40000,
        "max_iterations": 1000,
        "initial_queries": 50,
        "dimension_reduction": 1.0
    },
    "results": {
        "total_queries": 37940,
        "final_l2_distance": 4.879611015319824,
        "final_linf_distance": 0.0625067949295044,
        "total_duration_seconds": 298.4423599243164,
        "iteration_times_seconds": [
            2.418087959289551,
            2.4477319717407227,
            2.3784823417663574,
            2.5448405742645264,
            2.5574798583984375,
            2.4878149032592773,
            2.6098287105560303,
            2.5636844635009766,
            2.5121171474456787,
            2.5875072479248047,
            2.5921831130981445,
            2.7036008834838867,
            2.6297969818115234,
            2.688556671142578,
            2.5283613204956055,
            2.6255431175231934,
            2.6164028644561768,
            2.751831293106079,
            2.641064405441284,
            2.800053358078003,
            2.8565566539764404,
            2.7715742588043213,
            2.686640977859497,
            2.74904727935791,
            2.782348155975342,
            2.8319382667541504,
            2.84704852104187,
            2.8696935176849365,
            2.808833599090576,
            2.8378021717071533,
            2.877364158630371,
            2.7574665546417236,
            2.791856288909912,
            2.7837395668029785,
            2.8721532821655273,
            2.7284348011016846,
            2.7563185691833496,
            2.882042646408081,
            2.9039714336395264,
            2.773292064666748,
            2.9263110160827637,
            2.7799980640411377,
            2.7927117347717285,
            2.84517502784729,
            2.90693736076355,
            2.8356382846832275,
            2.8736155033111572,
            2.886141538619995,
            2.709599256515503,
            2.9419736862182617,
            2.7714576721191406,
            2.846132278442383,
            2.9782626628875732,
            2.8503291606903076,
            2.895598888397217,
            3.000049591064453,
            2.954270124435425,
            2.922292947769165,
            2.835038423538208,
            2.8842544555664062,
            2.9357898235321045,
            2.9563775062561035,
            2.9002349376678467,
            2.923952341079712,
            2.938965082168579,
            2.840622901916504,
            2.91314435005188,
            3.048161029815674,
            3.00887393951416,
            3.0241219997406006,
            3.0163934230804443,
            3.0189411640167236,
            3.072263479232788,
            3.1518986225128174,
            3.0444588661193848,
            3.0121560096740723,
            3.0210750102996826,
            3.0598032474517822,
            3.1457087993621826,
            3.073619842529297,
            3.0987586975097656,
            2.9715092182159424,
            3.0521914958953857,
            3.1139471530914307,
            3.041809320449829,
            3.007689952850342,
            3.0772740840911865,
            3.042616605758667,
            3.095846652984619,
            3.004625082015991,
            3.1284470558166504,
            3.151207447052002,
            3.2078638076782227,
            3.217292308807373,
            3.051375389099121,
            3.17620849609375,
            3.1234986782073975,
            3.156989574432373,
            3.1888513565063477,
            3.133491277694702,
            3.2379672527313232,
            3.132056713104248,
            3.176501750946045
        ],
        "output_image_path": "/model_deploy_execution_attack_for_pipeline/outputs/ssrnet_age_mnn_050759_ttba_attack/adversarial_image.png"
    }
}