{
    "status": "SUCCESS",
    "config": {
        "executable": "resources/execution_files/emotion_ferplus_mnn",
        "benign_image": "/img_align_celeba/162933.jpg",
        "initial_adv_image": "/img_align_celeba/197560.jpg",
        "l2_epsilon_goal": 0.05,
        "linf_epsilon_goal": 0.06274509803921569,
        "query_budget": 40000,
        "max_iterations": 1000,
        "initial_queries": 50,
        "dimension_reduction": 1.0
    },
    "results": {
        "total_queries": 20403,
        "final_l2_distance": 4.865988731384277,
        "final_linf_distance": 0.060457371175289154,
        "total_duration_seconds": 590.5051946640015,
        "iteration_times_seconds": [
            6.523592233657837,
            6.942636728286743,
            7.006462335586548,
            7.0653417110443115,
            7.151714086532593,
            7.2990803718566895,
            7.604334354400635,
            7.5325939655303955,
            7.595113754272461,
            7.715325117111206,
            7.579153299331665,
            7.667008399963379,
            7.696508169174194,
            7.730693101882935,
            8.02386999130249,
            7.93485689163208,
            8.008184432983398,
            8.081563472747803,
            8.123092889785767,
            8.284247159957886,
            8.222748756408691,
            8.33948540687561,
            8.34180235862732,
            8.370728254318237,
            8.543356657028198,
            8.584471225738525,
            8.765547275543213,
            8.656975507736206,
            8.673645734786987,
            8.77367091178894,
            8.863244533538818,
            8.891545534133911,
            8.886109590530396,
            8.97851824760437,
            8.935726881027222,
            9.04439902305603,
            9.114315032958984,
            9.118316173553467,
            9.102158546447754,
            9.173437118530273,
            9.278579473495483,
            9.333709001541138,
            9.416518688201904,
            9.390581130981445,
            9.361741542816162,
            9.4674654006958,
            9.531580686569214,
            9.487210273742676,
            9.502772569656372,
            9.578479766845703,
            9.609526872634888,
            9.653513193130493,
            9.637895584106445,
            9.755010604858398,
            9.574724197387695,
            9.568374156951904,
            9.598851442337036,
            9.686692237854004,
            9.796544790267944,
            9.838885068893433,
            9.86261773109436,
            9.739826440811157,
            9.74394679069519,
            9.784690618515015,
            9.773311376571655,
            9.630965232849121,
            9.645249128341675
        ],
        "output_image_path": "/model_deploy_execution_attack_for_pipeline/outputs/emotion_ferplus_mnn_162933_ttba_attack/adversarial_image.png"
    }
}