{
    "status": "SUCCESS",
    "config": {
        "executable": "./resources/execution_files/fsanet_headpose_mnn",
        "benign_image": "/img_align_celeba/055147.jpg",
        "initial_adv_image": "/img_align_celeba/118047.jpg",
        "l2_epsilon_goal": 0.05,
        "linf_epsilon_goal": 0.06274509803921569,
        "query_budget": 40000,
        "max_iterations": 1000,
        "initial_queries": 50,
        "dimension_reduction": 1.0
    },
    "results": {
        "total_queries": 10033,
        "final_l2_distance": 5.0338358879089355,
        "final_linf_distance": 0.06130528450012207,
        "total_duration_seconds": 122.8694715499878,
        "iteration_times_seconds": [
            2.723048686981201,
            2.885091781616211,
            2.8992161750793457,
            2.714428424835205,
            2.913444757461548,
            2.811103582382202,
            2.94555926322937,
            2.9921376705169678,
            2.9118614196777344,
            2.858205795288086,
            2.8022260665893555,
            2.9106903076171875,
            2.815662145614624,
            2.854982852935791,
            2.8250174522399902,
            2.884554147720337,
            3.011166572570801,
            2.842665195465088,
            2.955352544784546,
            2.9137678146362305,
            2.992985486984253,
            2.882384777069092,
            2.9717376232147217,
            2.997523307800293,
            2.922408103942871,
            3.0950164794921875,
            2.963212251663208,
            3.0555412769317627,
            3.1095805168151855,
            3.006908416748047,
            3.033798933029175,
            2.932803153991699,
            3.047485589981079,
            2.993570327758789,
            3.0069923400878906,
            3.1235058307647705,
            3.068859100341797,
            3.138029098510742,
            3.0100629329681396,
            3.105196475982666,
            3.143490791320801
        ],
        "output_image_path": "/model_deploy_execution_attack_for_pipeline/outputs/fsanet_headpose_mnn_055147_ttba_attack/adversarial_image.png"
    }
}