{
    "status": "SUCCESS",
    "config": {
        "executable": "resources/execution_files/emotion_ferplus_mnn",
        "benign_image": "/img_align_celeba/200868.jpg",
        "initial_adv_image": "/img_align_celeba/058463.jpg",
        "l2_epsilon_goal": 0.05,
        "linf_epsilon_goal": 0.06274509803921569,
        "query_budget": 40000,
        "max_iterations": 1000,
        "initial_queries": 50,
        "dimension_reduction": 1.0
    },
    "results": {
        "total_queries": 1808,
        "final_l2_distance": 4.105618953704834,
        "final_linf_distance": 0.057709574699401855,
        "total_duration_seconds": 85.75667190551758,
        "iteration_times_seconds": [
            6.49482274055481,
            6.813659429550171,
            6.579046726226807,
            6.482701063156128,
            6.600549221038818,
            6.795172691345215,
            6.894570350646973,
            6.941347599029541,
            6.874354362487793,
            6.937866687774658,
            6.987320423126221,
            7.031888961791992
        ],
        "output_image_path": "/model_deploy_execution_attack_for_pipeline/outputs/emotion_ferplus_mnn_200868_ttba_attack/adversarial_image.png"
    }
}