{
    "status": "BUDGET_EXHAUSTED",
    "config": {
        "executable": "resources/execution_files/emotion_ferplus_mnn",
        "benign_image": "/img_align_celeba/185164.jpg",
        "initial_adv_image": "/img_align_celeba/091663.jpg",
        "l2_epsilon_goal": 0.05,
        "linf_epsilon_goal": 0.06274509803921569,
        "query_budget": 40000,
        "max_iterations": 1000,
        "initial_queries": 50,
        "dimension_reduction": 1.0
    },
    "results": {
        "total_queries": 40198,
        "final_l2_distance": 12.937424659729004,
        "final_linf_distance": 0.19774532318115234,
        "total_duration_seconds": 1018.4311137199402,
        "iteration_times_seconds": [
            6.67783784866333,
            7.032195329666138,
            7.14546275138855,
            7.188043117523193,
            7.396099090576172,
            7.515734434127808,
            7.558396577835083,
            7.704675674438477,
            7.873725652694702,
            7.806899309158325,
            7.863957643508911,
            7.989908695220947,
            8.073298215866089,
            7.961522340774536,
            8.078102350234985,
            8.210474014282227,
            8.187180757522583,
            8.25918984413147,
            8.351992845535278,
            8.210119009017944,
            8.505785465240479,
            8.445783615112305,
            8.473320960998535,
            8.449732303619385,
            8.698588609695435,
            8.532363891601562,
            8.595189332962036,
            8.67266058921814,
            8.623786449432373,
            8.825893878936768,
            8.748109579086304,
            8.828209400177002,
            8.824508428573608,
            8.91492772102356,
            9.044434785842896,
            8.989096403121948,
            8.96500539779663,
            9.150538682937622,
            9.23710012435913,
            9.14522671699524,
            9.13078236579895,
            9.268354654312134,
            9.383357048034668,
            9.391635656356812,
            9.535223007202148,
            9.177979946136475,
            9.243553400039673,
            9.357279300689697,
            9.450392007827759,
            9.358937501907349,
            9.40934157371521,
            9.38430142402649,
            9.440684795379639,
            9.424286365509033,
            9.492129564285278,
            9.582433223724365,
            9.70563006401062,
            9.60153603553772,
            9.746414184570312,
            9.89945363998413,
            9.946322679519653,
            9.888969421386719,
            9.870960235595703,
            9.955183744430542,
            9.953665018081665,
            10.004709720611572,
            10.058154821395874,
            10.134220838546753,
            9.955852031707764,
            10.123827934265137,
            10.157890319824219,
            10.18272852897644,
            10.203022956848145,
            10.0548255443573,
            10.112526655197144,
            10.226324081420898,
            10.302960872650146,
            10.266084432601929,
            10.39440655708313,
            10.396612405776978,
            10.465508460998535,
            10.519840240478516,
            10.554104328155518,
            10.494848012924194,
            10.60617733001709,
            10.691091537475586,
            10.70259690284729,
            10.60561466217041,
            10.649670124053955,
            10.74028992652893,
            10.858370304107666,
            10.792611360549927,
            10.737110614776611,
            10.757415533065796,
            10.792945146560669,
            10.881183624267578,
            10.857629537582397,
            10.829232215881348,
            10.868999481201172,
            10.96660327911377,
            11.008344650268555,
            11.061700344085693,
            10.996188640594482,
            11.073010921478271,
            11.173155307769775,
            11.23749041557312,
            11.063669204711914
        ],
        "output_image_path": "/model_deploy_execution_attack_for_pipeline/outputs/emotion_ferplus_mnn_185164_ttba_attack/adversarial_image.png"
    }
}