{
    "status": "BUDGET_EXHAUSTED",
    "config": {
        "executable": "./resources/execution_files/age_googlenet_mnn",
        "benign_image": "/img_align_celeba/107601.jpg",
        "initial_adv_image": "/img_align_celeba/00000009.png",
        "l2_epsilon_goal": 0.05,
        "linf_epsilon_goal": 0.06274509803921569,
        "query_budget": 40000,
        "max_iterations": 1000,
        "initial_queries": 50,
        "dimension_reduction": 1.0
    },
    "results": {
        "total_queries": 40366,
        "final_l2_distance": 61.15408706665039,
        "final_linf_distance": 0.9164846539497375,
        "total_duration_seconds": 1152.8899276256561,
        "iteration_times_seconds": [
            7.771325349807739,
            8.104740142822266,
            8.2704176902771,
            8.383025884628296,
            8.373111248016357,
            8.541320323944092,
            8.665814876556396,
            8.841963768005371,
            8.826003789901733,
            8.835507869720459,
            9.005173444747925,
            9.110710144042969,
            9.112184524536133,
            9.182559967041016,
            9.377622842788696,
            9.405497550964355,
            9.50437331199646,
            9.516867399215698,
            9.571309328079224,
            9.557463884353638,
            9.68904972076416,
            9.681811094284058,
            9.732702493667603,
            9.801677703857422,
            9.81880497932434,
            9.790454149246216,
            9.968637704849243,
            10.085977554321289,
            10.152588605880737,
            10.109954833984375,
            10.179820775985718,
            10.231946229934692,
            10.390341997146606,
            10.219006538391113,
            10.274571418762207,
            10.303457021713257,
            10.165333271026611,
            10.194984912872314,
            10.129338026046753,
            10.303245306015015,
            10.378477811813354,
            10.539185762405396,
            10.637069940567017,
            10.602888345718384,
            10.572731971740723,
            10.562674045562744,
            10.600241661071777,
            10.643870830535889,
            10.725414276123047,
            10.641861915588379,
            10.712455749511719,
            10.72497820854187,
            10.764598846435547,
            10.875222444534302,
            10.894242525100708,
            10.892595291137695,
            10.913665294647217,
            10.96064805984497,
            11.064947605133057,
            11.206497430801392,
            11.160515308380127,
            11.248325824737549,
            11.253111124038696,
            11.24100923538208,
            11.301005840301514,
            11.231286764144897,
            11.28062653541565,
            11.329637050628662,
            11.372631072998047,
            11.429203987121582,
            11.49657678604126,
            11.332576513290405,
            11.474940061569214,
            11.465764999389648,
            11.505144357681274,
            11.559098243713379,
            11.550964832305908,
            11.55983281135559,
            11.5366530418396,
            11.592394590377808,
            11.732229709625244,
            11.877716541290283,
            11.824134826660156,
            11.881035804748535,
            11.961151123046875,
            11.818243980407715,
            11.847875356674194,
            11.902714490890503,
            11.897289991378784,
            11.975282669067383,
            11.97537899017334,
            12.036033153533936,
            11.932486295700073,
            11.956445693969727,
            12.00843358039856,
            11.993458271026611,
            12.04806923866272,
            12.172280550003052,
            12.141305208206177,
            12.117738246917725,
            12.20129108428955,
            12.18255877494812,
            12.25320553779602,
            12.303118467330933,
            12.468508243560791,
            12.432228803634644,
            12.503737926483154
        ],
        "output_image_path": "/model_deploy_execution_attack_for_pipeline/outputs/age_googlenet_mnn_107601_ttba_attack/adversarial_image.png"
    }
}