{
    "status": "BUDGET_EXHAUSTED",
    "config": {
        "executable": "resources/execution_files/emotion_ferplus_mnn",
        "benign_image": "/img_align_celeba/088440.jpg",
        "initial_adv_image": "/img_align_celeba/076946.jpg",
        "l2_epsilon_goal": 0.05,
        "linf_epsilon_goal": 0.06274509803921569,
        "query_budget": 40000,
        "max_iterations": 1000,
        "initial_queries": 50,
        "dimension_reduction": 1.0
    },
    "results": {
        "total_queries": 40086,
        "final_l2_distance": 5.024597644805908,
        "final_linf_distance": 0.06460565328598022,
        "total_duration_seconds": 997.8079304695129,
        "iteration_times_seconds": [
            6.4042205810546875,
            6.782184839248657,
            6.9324116706848145,
            7.083904981613159,
            7.148308277130127,
            7.4366044998168945,
            7.447868824005127,
            7.462824106216431,
            7.641423940658569,
            7.688857793807983,
            7.756579399108887,
            7.709993839263916,
            7.76200795173645,
            7.726771831512451,
            7.92424201965332,
            8.036874532699585,
            8.0654296875,
            8.083589315414429,
            8.165001392364502,
            8.204816818237305,
            8.266300678253174,
            8.319199800491333,
            8.43000864982605,
            8.326604127883911,
            8.49242615699768,
            8.571006298065186,
            8.600780487060547,
            8.630826950073242,
            8.687964916229248,
            8.68042778968811,
            8.84119987487793,
            8.774226427078247,
            8.874334812164307,
            8.942035913467407,
            8.960039854049683,
            9.016331434249878,
            8.936339378356934,
            8.888097047805786,
            8.876419305801392,
            9.019673824310303,
            9.027952909469604,
            9.290843725204468,
            9.131369352340698,
            9.133461475372314,
            9.361427307128906,
            9.314592123031616,
            9.319626092910767,
            9.279208421707153,
            9.30457091331482,
            9.466774940490723,
            9.384984254837036,
            9.497582197189331,
            9.477177858352661,
            9.550071716308594,
            9.519143342971802,
            9.497268438339233,
            9.437901735305786,
            9.406041145324707,
            9.422239780426025,
            9.55915904045105,
            9.633333206176758,
            9.67477560043335,
            9.679695844650269,
            9.685378074645996,
            9.776424407958984,
            9.879376411437988,
            9.90592646598816,
            9.896948099136353,
            9.857397317886353,
            9.865479946136475,
            9.937729597091675,
            9.963385581970215,
            10.017499923706055,
            9.95825719833374,
            9.996070384979248,
            10.048890352249146,
            10.16346549987793,
            10.074954986572266,
            10.201379299163818,
            10.127012252807617,
            10.24229907989502,
            10.309120416641235,
            10.331058263778687,
            10.171921968460083,
            10.17343521118164,
            10.320685386657715,
            10.270928382873535,
            10.375305652618408,
            10.315898895263672,
            10.38355565071106,
            10.226211547851562,
            10.332794427871704,
            10.501957654953003,
            10.454874753952026,
            10.482661008834839,
            10.48159146308899,
            10.392103910446167,
            10.528157711029053,
            10.48677396774292,
            10.567562341690063,
            10.61540174484253,
            10.610428810119629,
            10.637987613677979,
            10.692649126052856,
            10.669934272766113,
            10.805079698562622,
            10.71443510055542
        ],
        "output_image_path": "/model_deploy_execution_attack_for_pipeline/outputs/emotion_ferplus_mnn_088440_ttba_attack/adversarial_image.png"
    }
}