{
    "status": "BUDGET_EXHAUSTED",
    "config": {
        "executable": "./resources/execution_files/fsanet_headpose_mnn",
        "benign_image": "/img_align_celeba/067693.jpg",
        "initial_adv_image": "/img_align_celeba/082179.jpg",
        "l2_epsilon_goal": 0.05,
        "linf_epsilon_goal": 0.06274509803921569,
        "query_budget": 40000,
        "max_iterations": 1000,
        "initial_queries": 50,
        "dimension_reduction": 1.0
    },
    "results": {
        "total_queries": 40065,
        "final_l2_distance": 6.415215492248535,
        "final_linf_distance": 0.08195728063583374,
        "total_duration_seconds": 359.4283940792084,
        "iteration_times_seconds": [
            2.636380672454834,
            2.5415897369384766,
            2.635033369064331,
            2.8033154010772705,
            2.678745985031128,
            2.9128189086914062,
            2.775141954421997,
            2.7772936820983887,
            3.0267276763916016,
            2.990499496459961,
            2.962122917175293,
            3.0148813724517822,
            2.906715154647827,
            3.0267999172210693,
            3.001863956451416,
            2.952289581298828,
            2.920335531234741,
            2.9096598625183105,
            3.113173007965088,
            2.8970906734466553,
            2.9807958602905273,
            2.9389097690582275,
            3.1323704719543457,
            3.050969362258911,
            3.1861724853515625,
            3.2056217193603516,
            3.107015609741211,
            3.097205400466919,
            3.1580212116241455,
            3.184736967086792,
            3.195791482925415,
            3.262814998626709,
            3.229501247406006,
            3.2570912837982178,
            3.167876720428467,
            3.243058681488037,
            3.2851414680480957,
            3.191375494003296,
            3.3074398040771484,
            3.2033910751342773,
            3.330427408218384,
            3.3099124431610107,
            3.415198564529419,
            3.249183177947998,
            3.2544538974761963,
            3.3355445861816406,
            3.235950469970703,
            3.398437023162842,
            3.347322702407837,
            3.3690099716186523,
            3.3942153453826904,
            3.3259401321411133,
            3.361433982849121,
            3.3700320720672607,
            3.413958787918091,
            3.403489589691162,
            3.4486289024353027,
            3.4007837772369385,
            3.4273033142089844,
            3.4581079483032227,
            3.4945569038391113,
            3.381110906600952,
            3.3718576431274414,
            3.440930128097534,
            3.3849315643310547,
            3.5525436401367188,
            3.598845958709717,
            3.5148890018463135,
            3.4982247352600098,
            3.5901412963867188,
            3.581543207168579,
            3.4222140312194824,
            3.4558262825012207,
            3.4357006549835205,
            3.554180383682251,
            3.6339712142944336,
            3.554394483566284,
            3.5271365642547607,
            3.5442802906036377,
            3.540456771850586,
            3.616274833679199,
            3.5705506801605225,
            3.554746150970459,
            3.552751064300537,
            3.6942033767700195,
            3.6965279579162598,
            3.583425760269165,
            3.5762856006622314,
            3.690652370452881,
            3.626929521560669,
            3.65874981880188,
            3.7174184322357178,
            3.7095775604248047,
            3.784846782684326,
            3.7178425788879395,
            3.6496102809906006,
            3.7046401500701904,
            3.680198907852173,
            3.7940871715545654,
            3.739759922027588,
            3.6351070404052734,
            3.6513638496398926,
            3.781379222869873,
            3.68753719329834,
            3.7751288414001465,
            3.7762279510498047,
            3.88362193107605
        ],
        "output_image_path": "/model_deploy_execution_attack_for_pipeline/outputs/fsanet_headpose_mnn_067693_ttba_attack/adversarial_image.png"
    }
}