{
    "status": "BUDGET_EXHAUSTED",
    "config": {
        "executable": "./resources/execution_files/gender_googlenet_mnn",
        "benign_image": "/img_align_celeba/056328.jpg",
        "initial_adv_image": "/img_align_celeba/046885.jpg",
        "l2_epsilon_goal": 0.05,
        "linf_epsilon_goal": 0.06274509803921569,
        "query_budget": 40000,
        "max_iterations": 1000,
        "initial_queries": 50,
        "dimension_reduction": 1.0
    },
    "results": {
        "total_queries": 40226,
        "final_l2_distance": 19.568937301635742,
        "final_linf_distance": 0.2470632642507553,
        "total_duration_seconds": 949.7773270606995,
        "iteration_times_seconds": [
            6.156047821044922,
            6.381598234176636,
            6.5140721797943115,
            6.491949081420898,
            6.718587160110474,
            6.762462615966797,
            6.90982723236084,
            6.967812776565552,
            7.032895565032959,
            7.091273784637451,
            7.269618272781372,
            7.1581597328186035,
            7.290551424026489,
            7.425089597702026,
            7.520031929016113,
            7.635353088378906,
            7.614830017089844,
            7.659246921539307,
            7.665793180465698,
            7.818406343460083,
            7.777308225631714,
            7.804986238479614,
            7.845977067947388,
            8.09367060661316,
            8.046815633773804,
            8.060947179794312,
            8.26859974861145,
            8.224381446838379,
            8.292393922805786,
            8.34000563621521,
            8.373288869857788,
            8.42960238456726,
            8.354143142700195,
            8.248263835906982,
            8.177931308746338,
            8.30075478553772,
            8.511760950088501,
            8.420409440994263,
            8.444268703460693,
            8.571298360824585,
            8.57144284248352,
            8.666259765625,
            8.658082246780396,
            8.655268430709839,
            8.606295347213745,
            8.856968402862549,
            8.795952796936035,
            8.761822700500488,
            8.813527584075928,
            8.843860626220703,
            8.922289848327637,
            8.88083028793335,
            9.022964000701904,
            8.985525369644165,
            9.041163921356201,
            9.084266901016235,
            9.17638111114502,
            9.2291419506073,
            9.19274616241455,
            9.333227396011353,
            9.175140857696533,
            9.368228912353516,
            9.263071298599243,
            9.498575210571289,
            9.385440111160278,
            9.373310804367065,
            9.443537473678589,
            9.54018235206604,
            9.522531747817993,
            9.51148533821106,
            9.497186660766602,
            9.617024421691895,
            9.53224492073059,
            9.54582953453064,
            9.689078092575073,
            9.674821138381958,
            9.64263391494751,
            9.570729732513428,
            9.565918445587158,
            9.55138897895813,
            9.740664005279541,
            9.749932050704956,
            9.81168007850647,
            9.921797752380371,
            9.829904794692993,
            9.866846799850464,
            9.90681266784668,
            9.851248741149902,
            9.907549619674683,
            10.00199842453003,
            9.924651384353638,
            10.001132488250732,
            9.956391096115112,
            9.963362455368042,
            9.949976444244385,
            9.927820205688477,
            10.155134677886963,
            9.993580102920532,
            10.139753341674805,
            10.175650596618652,
            10.271886348724365,
            10.316446781158447,
            10.237229824066162,
            10.19864821434021,
            10.262571334838867,
            10.401221752166748,
            10.344086647033691
        ],
        "output_image_path": "/model_deploy_execution_attack_for_pipeline/outputs/gender_googlenet_mnn_056328_ttba_attack/adversarial_image.png"
    }
}