{
    "status": "BUDGET_EXHAUSTED",
    "config": {
        "executable": "./resources/execution_files/age_googlenet_mnn",
        "benign_image": "/img_align_celeba/080008.jpg",
        "initial_adv_image": "/img_align_celeba/00000019.png",
        "l2_epsilon_goal": 0.05,
        "linf_epsilon_goal": 0.06274509803921569,
        "query_budget": 40000,
        "max_iterations": 1000,
        "initial_queries": 50,
        "dimension_reduction": 1.0
    },
    "results": {
        "total_queries": 40335,
        "final_l2_distance": 32.476497650146484,
        "final_linf_distance": 0.43186700344085693,
        "total_duration_seconds": 1146.7533705234528,
        "iteration_times_seconds": [
            7.7975475788116455,
            8.087779760360718,
            8.16956090927124,
            8.459731817245483,
            8.447410583496094,
            8.513171434402466,
            8.658113718032837,
            8.792706727981567,
            8.82106876373291,
            8.950720071792603,
            9.007023811340332,
            9.11541199684143,
            9.209038972854614,
            9.30839467048645,
            9.389413118362427,
            9.495770454406738,
            9.467721939086914,
            9.536578893661499,
            9.552301406860352,
            9.672221422195435,
            9.638295650482178,
            9.655701398849487,
            9.698531150817871,
            9.716404676437378,
            9.913761854171753,
            9.847296237945557,
            10.04418659210205,
            10.18258261680603,
            10.070356369018555,
            10.160393238067627,
            10.176042556762695,
            10.228970527648926,
            10.29089093208313,
            10.30967116355896,
            10.371273279190063,
            10.129290103912354,
            10.197564363479614,
            10.283267259597778,
            10.22847580909729,
            10.223618984222412,
            10.313554763793945,
            10.619511365890503,
            10.521855115890503,
            10.49708342552185,
            10.582213878631592,
            10.635754585266113,
            10.718807935714722,
            10.711078882217407,
            10.681983232498169,
            10.825773239135742,
            10.827078104019165,
            10.837647438049316,
            10.769406795501709,
            10.829035997390747,
            10.906284093856812,
            10.866546869277954,
            10.85503101348877,
            10.958932161331177,
            10.985171794891357,
            11.080089807510376,
            11.099411249160767,
            11.134761333465576,
            11.178370714187622,
            11.197495222091675,
            11.217201709747314,
            11.315802097320557,
            11.33238410949707,
            11.34513521194458,
            11.358999967575073,
            11.3790602684021,
            11.386328935623169,
            11.395570039749146,
            11.574389934539795,
            11.472387790679932,
            11.492739915847778,
            11.547088623046875,
            11.550884008407593,
            11.379504203796387,
            11.322337627410889,
            11.391162157058716,
            11.528062105178833,
            11.571435451507568,
            11.633628845214844,
            11.605218887329102,
            11.54800271987915,
            11.674170732498169,
            11.641105651855469,
            11.658643960952759,
            11.72996973991394,
            11.720120429992676,
            11.68807601928711,
            11.753846645355225,
            11.82053542137146,
            11.806486129760742,
            11.738839626312256,
            11.827708005905151,
            11.911168813705444,
            11.939281940460205,
            11.910353183746338,
            12.015889406204224,
            11.992629051208496,
            12.070061206817627,
            11.99860692024231,
            12.05586314201355,
            12.058621883392334,
            12.154280662536621,
            12.291051149368286
        ],
        "output_image_path": "/model_deploy_execution_attack_for_pipeline/outputs/age_googlenet_mnn_080008_ttba_attack/adversarial_image.png"
    }
}