{
    "status": "SUCCESS",
    "config": {
        "executable": "./resources/execution_files/fsanet_headpose_mnn",
        "benign_image": "/img_align_celeba/015577.jpg",
        "initial_adv_image": "/img_align_celeba/103473.jpg",
        "l2_epsilon_goal": 0.05,
        "linf_epsilon_goal": 0.06274509803921569,
        "query_budget": 40000,
        "max_iterations": 1000,
        "initial_queries": 50,
        "dimension_reduction": 1.0
    },
    "results": {
        "total_queries": 40035,
        "final_l2_distance": 4.70890998840332,
        "final_linf_distance": 0.0626574456691742,
        "total_duration_seconds": 356.6953649520874,
        "iteration_times_seconds": [
            2.7531821727752686,
            2.807368278503418,
            2.8927841186523438,
            2.785493850708008,
            2.713829278945923,
            2.8255786895751953,
            2.9439640045166016,
            2.8663294315338135,
            2.8482513427734375,
            2.865117311477661,
            2.9427244663238525,
            3.0136640071868896,
            2.9860174655914307,
            2.9131810665130615,
            2.965111017227173,
            3.016474962234497,
            2.897495746612549,
            3.0490169525146484,
            2.936128616333008,
            2.980954170227051,
            2.950383424758911,
            3.0152289867401123,
            3.038435459136963,
            3.0696377754211426,
            3.139615297317505,
            3.1795506477355957,
            3.1784446239471436,
            3.1556646823883057,
            3.119884967803955,
            3.2162106037139893,
            3.1248345375061035,
            3.2270753383636475,
            3.166041135787964,
            3.223367214202881,
            3.1919281482696533,
            3.2352535724639893,
            3.248584508895874,
            3.221614122390747,
            3.0651490688323975,
            3.2598891258239746,
            3.2550270557403564,
            3.244554042816162,
            3.174067258834839,
            3.1311087608337402,
            3.1524887084960938,
            3.177233934402466,
            3.3874359130859375,
            3.2388267517089844,
            3.270954132080078,
            3.2463223934173584,
            3.319507598876953,
            3.263190984725952,
            3.3914999961853027,
            3.343543529510498,
            3.3944365978240967,
            3.4884238243103027,
            3.320190906524658,
            3.2964086532592773,
            3.4152448177337646,
            3.5278160572052,
            3.4411709308624268,
            3.4205431938171387,
            3.523646831512451,
            3.5402495861053467,
            3.4968035221099854,
            3.4296913146972656,
            3.44103741645813,
            3.422717571258545,
            3.5357284545898438,
            3.439805507659912,
            3.6691462993621826,
            3.4500644207000732,
            3.590653657913208,
            3.5645601749420166,
            3.5389132499694824,
            3.4847171306610107,
            3.52009654045105,
            3.400266647338867,
            3.4936506748199463,
            3.5090482234954834,
            3.430806875228882,
            3.577415943145752,
            3.4930777549743652,
            3.54744029045105,
            3.5053791999816895,
            3.554206132888794,
            3.653563976287842,
            3.6297614574432373,
            3.4993770122528076,
            3.735140323638916,
            3.6297171115875244,
            3.5768113136291504,
            3.6793272495269775,
            3.6430115699768066,
            3.59749698638916,
            3.5087578296661377,
            3.6175477504730225,
            3.594188928604126,
            3.6917197704315186,
            3.685286283493042,
            3.6761348247528076,
            3.696181535720825,
            3.716756582260132,
            3.739833354949951,
            3.7380576133728027,
            3.812066078186035,
            3.7486793994903564
        ],
        "output_image_path": "/model_deploy_execution_attack_for_pipeline/outputs/fsanet_headpose_mnn_015577_ttba_attack/adversarial_image.png"
    }
}