{
    "status": "BUDGET_EXHAUSTED",
    "config": {
        "executable": "./resources/execution_files/age_googlenet_mnn",
        "benign_image": "/img_align_celeba/144738.jpg",
        "initial_adv_image": "/img_align_celeba/00000019.png",
        "l2_epsilon_goal": 0.05,
        "linf_epsilon_goal": 0.06274509803921569,
        "query_budget": 40000,
        "max_iterations": 1000,
        "initial_queries": 50,
        "dimension_reduction": 1.0
    },
    "results": {
        "total_queries": 40320,
        "final_l2_distance": 29.39637565612793,
        "final_linf_distance": 0.39690282940864563,
        "total_duration_seconds": 1138.0861411094666,
        "iteration_times_seconds": [
            7.724982738494873,
            8.063302278518677,
            8.22169542312622,
            8.222824573516846,
            8.356451511383057,
            8.423019409179688,
            8.6858069896698,
            8.821799039840698,
            8.854495763778687,
            8.860016822814941,
            9.03606104850769,
            9.035967826843262,
            9.025163412094116,
            9.131565809249878,
            9.397586107254028,
            9.509980201721191,
            9.405657768249512,
            9.427571773529053,
            9.5821213722229,
            9.543687105178833,
            9.570595026016235,
            9.6027352809906,
            9.627508640289307,
            9.728879451751709,
            9.752037525177002,
            9.786309957504272,
            10.009275913238525,
            10.079452991485596,
            10.08099102973938,
            10.092657089233398,
            10.232422590255737,
            10.132482528686523,
            10.198720455169678,
            10.085200309753418,
            10.102393388748169,
            10.129459142684937,
            10.1369469165802,
            10.181289434432983,
            10.297204971313477,
            10.230854272842407,
            10.30021357536316,
            10.462416172027588,
            10.436679363250732,
            10.467202186584473,
            10.54543137550354,
            10.607386350631714,
            10.6079843044281,
            10.587626934051514,
            10.590497255325317,
            10.702210187911987,
            10.782650709152222,
            10.599821090698242,
            10.695049524307251,
            10.80141568183899,
            10.83429741859436,
            10.850849866867065,
            10.846633672714233,
            10.916932106018066,
            10.875693559646606,
            11.143226861953735,
            11.225542068481445,
            11.160764455795288,
            11.119817972183228,
            11.183500528335571,
            11.073425531387329,
            11.02516508102417,
            11.057219982147217,
            11.076999187469482,
            11.040555477142334,
            11.106695652008057,
            11.066003799438477,
            11.157757043838501,
            11.200952529907227,
            11.092196226119995,
            11.171655178070068,
            11.345790147781372,
            11.333075761795044,
            11.323021411895752,
            11.318123579025269,
            11.3644118309021,
            11.477247714996338,
            11.556629657745361,
            11.473809957504272,
            11.518038034439087,
            11.556027173995972,
            11.702460527420044,
            11.681325912475586,
            11.672479629516602,
            11.672279119491577,
            11.670445442199707,
            11.755080223083496,
            11.761393070220947,
            11.792861700057983,
            11.751821517944336,
            11.797720909118652,
            11.905601024627686,
            11.901115655899048,
            11.785598993301392,
            11.829902648925781,
            11.921302795410156,
            11.918747186660767,
            11.874732494354248,
            11.988084554672241,
            11.950661182403564,
            12.059996604919434,
            12.069364070892334,
            12.12986969947815
        ],
        "output_image_path": "/model_deploy_execution_attack_for_pipeline/outputs/age_googlenet_mnn_144738_ttba_attack/adversarial_image.png"
    }
}