{
    "status": "BUDGET_EXHAUSTED",
    "config": {
        "executable": "resources/execution_files/gender_googlenet_mnn",
        "benign_image": "/img_align_celeba/195388.jpg",
        "initial_adv_image": "/img_align_celeba/098121.jpg",
        "l2_epsilon_goal": 0.05,
        "linf_epsilon_goal": 0.06274509803921569,
        "query_budget": 40000,
        "max_iterations": 1000,
        "initial_queries": 50,
        "dimension_reduction": 1.0
    },
    "results": {
        "total_queries": 40110,
        "final_l2_distance": 8.723048210144043,
        "final_linf_distance": 0.11386866867542267,
        "total_duration_seconds": 961.9719197750092,
        "iteration_times_seconds": [
            6.220904111862183,
            6.411464691162109,
            6.523845434188843,
            6.744275093078613,
            6.724781274795532,
            6.867658615112305,
            7.044137001037598,
            7.089300632476807,
            7.033979892730713,
            7.2209765911102295,
            7.137678384780884,
            7.299775838851929,
            7.216285228729248,
            7.364016056060791,
            7.5962233543396,
            7.5928661823272705,
            7.7163002490997314,
            7.78792405128479,
            7.644996643066406,
            7.7974584102630615,
            7.824794292449951,
            7.96483588218689,
            7.954259634017944,
            7.946744203567505,
            8.047454357147217,
            8.017129898071289,
            8.070290565490723,
            8.090354919433594,
            8.180274248123169,
            8.279280424118042,
            8.261550426483154,
            8.223351240158081,
            8.262073516845703,
            8.305052518844604,
            8.426717758178711,
            8.469356536865234,
            8.474591255187988,
            8.527857542037964,
            8.573335886001587,
            8.627510786056519,
            8.68262505531311,
            8.762335538864136,
            8.804683923721313,
            8.837442874908447,
            8.867627143859863,
            8.889930009841919,
            8.907192707061768,
            8.92018985748291,
            8.955514430999756,
            8.979830265045166,
            9.011258125305176,
            9.043231964111328,
            9.155707359313965,
            9.089515686035156,
            9.128850936889648,
            9.169244527816772,
            9.17354130744934,
            9.288272619247437,
            9.465269804000854,
            9.559472560882568,
            9.568349599838257,
            9.456660270690918,
            9.493924856185913,
            9.562758922576904,
            9.610393285751343,
            9.6426260471344,
            9.622780799865723,
            9.577361822128296,
            9.447509765625,
            9.62657880783081,
            9.64035677909851,
            9.610410690307617,
            9.628468751907349,
            9.607964754104614,
            9.689064979553223,
            9.690371751785278,
            9.702728033065796,
            9.766084909439087,
            9.825883150100708,
            9.98228907585144,
            9.827749967575073,
            9.969600677490234,
            9.956787109375,
            10.00404977798462,
            10.02230191230774,
            10.059893369674683,
            10.091222763061523,
            10.097100973129272,
            10.156639099121094,
            10.218792200088501,
            10.176801204681396,
            10.15960431098938,
            10.174874067306519,
            10.18964171409607,
            10.234010219573975,
            10.238836526870728,
            10.296881914138794,
            10.285681009292603,
            10.30163025856018,
            10.379191637039185,
            10.41952896118164,
            10.480635643005371,
            10.549616575241089,
            10.528910160064697,
            10.552276372909546,
            10.54879903793335,
            10.763765335083008
        ],
        "output_image_path": "/model_deploy_execution_attack_for_pipeline/outputs/gender_googlenet_mnn_195388_ttba_attack/adversarial_image.png"
    }
}