{
    "status": "BUDGET_EXHAUSTED",
    "config": {
        "executable": "./resources/execution_files/emotion_ferplus_mnn",
        "benign_image": "/img_align_celeba/059999.jpg",
        "initial_adv_image": "/img_align_celeba/148102.jpg",
        "l2_epsilon_goal": 0.05,
        "linf_epsilon_goal": 0.06274509803921569,
        "query_budget": 40000,
        "max_iterations": 1000,
        "initial_queries": 50,
        "dimension_reduction": 1.0
    },
    "results": {
        "total_queries": 40163,
        "final_l2_distance": 11.75589370727539,
        "final_linf_distance": 0.29581448435783386,
        "total_duration_seconds": 1008.8959174156189,
        "iteration_times_seconds": [
            6.5220348834991455,
            6.756965398788452,
            6.824865818023682,
            7.005335330963135,
            7.090923070907593,
            7.259465932846069,
            7.452150344848633,
            7.539596080780029,
            7.554173707962036,
            7.691599369049072,
            7.662705659866333,
            7.84918999671936,
            7.849157810211182,
            7.7278101444244385,
            7.852269172668457,
            7.997551918029785,
            7.991588115692139,
            8.129964351654053,
            8.08395004272461,
            8.131813287734985,
            8.147922992706299,
            8.235599994659424,
            8.258216381072998,
            8.427231550216675,
            8.378138303756714,
            8.431283235549927,
            8.616179704666138,
            8.657644271850586,
            8.691892385482788,
            8.707010984420776,
            8.696952104568481,
            8.86802864074707,
            8.798469305038452,
            8.854640007019043,
            8.929609060287476,
            9.065579414367676,
            8.946101903915405,
            9.057504415512085,
            9.134508848190308,
            9.213600635528564,
            9.173756837844849,
            9.26360011100769,
            9.331079006195068,
            9.338830947875977,
            9.324260234832764,
            9.473555326461792,
            9.45537257194519,
            9.288852214813232,
            9.35712718963623,
            9.428268194198608,
            9.412712574005127,
            9.456585884094238,
            9.34974455833435,
            9.506665229797363,
            9.57345175743103,
            9.667857646942139,
            9.545236825942993,
            9.551972150802612,
            9.617356777191162,
            9.820515394210815,
            9.811058282852173,
            9.850049495697021,
            9.889681339263916,
            9.908630847930908,
            9.976494550704956,
            9.958055973052979,
            10.001384258270264,
            9.947289943695068,
            10.079551935195923,
            10.055621147155762,
            10.047374963760376,
            10.10923719406128,
            10.213429927825928,
            10.129141569137573,
            10.197649955749512,
            10.265675067901611,
            10.185120105743408,
            10.30917239189148,
            10.317883729934692,
            10.384026288986206,
            10.313792943954468,
            10.494904041290283,
            10.408985614776611,
            10.523320436477661,
            10.546516180038452,
            10.686689615249634,
            10.637897968292236,
            10.583168268203735,
            10.767035722732544,
            10.762558460235596,
            10.688233613967896,
            10.714833736419678,
            10.83083176612854,
            10.724773406982422,
            10.87693738937378,
            10.66013240814209,
            10.627748250961304,
            10.704010486602783,
            10.637423276901245,
            10.66223406791687,
            10.72456431388855,
            10.84880518913269,
            10.89833664894104,
            10.826464176177979,
            10.792995691299438,
            10.953672409057617,
            10.994213819503784
        ],
        "output_image_path": "/model_deploy_execution_attack_for_pipeline/outputs/emotion_ferplus_mnn_059999_ttba_attack/adversarial_image.png"
    }
}