{
    "status": "BUDGET_EXHAUSTED",
    "config": {
        "executable": "resources/execution_files/emotion_ferplus_mnn",
        "benign_image": "/img_align_celeba/010369.jpg",
        "initial_adv_image": "/img_align_celeba/076946.jpg",
        "l2_epsilon_goal": 0.05,
        "linf_epsilon_goal": 0.06274509803921569,
        "query_budget": 40000,
        "max_iterations": 1000,
        "initial_queries": 50,
        "dimension_reduction": 1.0
    },
    "results": {
        "total_queries": 40191,
        "final_l2_distance": 15.801920890808105,
        "final_linf_distance": 0.32068103551864624,
        "total_duration_seconds": 1018.87091755867,
        "iteration_times_seconds": [
            6.580768346786499,
            6.8211989402771,
            6.906865835189819,
            6.9871978759765625,
            7.1935858726501465,
            7.246797323226929,
            7.450213432312012,
            7.486571788787842,
            7.5961785316467285,
            7.676735877990723,
            7.686887979507446,
            7.7879486083984375,
            7.901646852493286,
            7.990796089172363,
            8.118837594985962,
            8.182195663452148,
            8.274245977401733,
            8.299120426177979,
            8.380415439605713,
            8.126288175582886,
            8.263330221176147,
            8.236063718795776,
            8.296987295150757,
            8.405128717422485,
            8.372013807296753,
            8.521683692932129,
            8.491367101669312,
            8.607229709625244,
            8.712461948394775,
            8.762467384338379,
            8.773375511169434,
            8.793406963348389,
            8.8163423538208,
            8.91593623161316,
            8.996771097183228,
            9.0385422706604,
            9.023852109909058,
            9.054467916488647,
            9.094961404800415,
            9.143296480178833,
            9.1820969581604,
            9.432876348495483,
            9.315921545028687,
            9.481442928314209,
            9.48283839225769,
            9.475155353546143,
            9.512832403182983,
            9.584859848022461,
            9.629135847091675,
            9.681369543075562,
            9.679051637649536,
            9.64776062965393,
            9.822890520095825,
            9.749675273895264,
            9.782923698425293,
            9.722849607467651,
            9.770596981048584,
            9.732044696807861,
            9.742537021636963,
            9.840392112731934,
            9.808403491973877,
            9.771055221557617,
            9.860097646713257,
            10.053492307662964,
            10.033192873001099,
            10.0048246383667,
            9.987024784088135,
            10.073185920715332,
            10.103708744049072,
            10.11184287071228,
            10.192537546157837,
            10.163188695907593,
            10.167993307113647,
            10.333946228027344,
            10.279797315597534,
            10.377573251724243,
            10.277703523635864,
            10.351774454116821,
            10.395309448242188,
            10.507678270339966,
            10.448400259017944,
            10.558074474334717,
            10.642598628997803,
            10.525460243225098,
            10.612522602081299,
            10.70313835144043,
            10.648947954177856,
            10.607010126113892,
            10.738916873931885,
            10.713632106781006,
            10.845143556594849,
            10.82020092010498,
            10.764509916305542,
            10.767396926879883,
            10.887803554534912,
            10.85304880142212,
            10.896583557128906,
            10.853329181671143,
            10.99289083480835,
            10.937455415725708,
            11.044180870056152,
            11.0619478225708,
            11.044132471084595,
            11.04294753074646,
            11.071128845214844,
            11.150488138198853,
            11.197479009628296
        ],
        "output_image_path": "/model_deploy_execution_attack_for_pipeline/outputs/emotion_ferplus_mnn_010369_ttba_attack/adversarial_image.png"
    }
}