{
    "status": "BUDGET_EXHAUSTED",
    "config": {
        "executable": "./resources/execution_files/age_googlenet_mnn",
        "benign_image": "/img_align_celeba/150995.jpg",
        "initial_adv_image": "/img_align_celeba/00000006.png",
        "l2_epsilon_goal": 0.05,
        "linf_epsilon_goal": 0.06274509803921569,
        "query_budget": 40000,
        "max_iterations": 1000,
        "initial_queries": 50,
        "dimension_reduction": 1.0
    },
    "results": {
        "total_queries": 40262,
        "final_l2_distance": 27.8166561126709,
        "final_linf_distance": 0.39434441924095154,
        "total_duration_seconds": 1123.3843383789062,
        "iteration_times_seconds": [
            7.497251987457275,
            7.823626756668091,
            7.9193198680877686,
            8.072126626968384,
            8.16741156578064,
            8.274672985076904,
            8.405482053756714,
            8.446715831756592,
            8.518507957458496,
            8.575470924377441,
            8.721083402633667,
            8.795255422592163,
            8.841294527053833,
            8.828995943069458,
            9.098322629928589,
            9.08263373374939,
            9.127976179122925,
            9.181515216827393,
            9.207869291305542,
            9.362754583358765,
            9.366084337234497,
            9.391257047653198,
            9.485495328903198,
            9.591200590133667,
            9.499778747558594,
            9.617790937423706,
            9.709781169891357,
            9.776057004928589,
            9.844015836715698,
            9.866622924804688,
            9.914974212646484,
            9.865074634552002,
            9.87488603591919,
            10.064675331115723,
            10.071460008621216,
            10.080620765686035,
            10.09894061088562,
            10.137351751327515,
            10.167827844619751,
            10.155073642730713,
            9.989161729812622,
            10.26145076751709,
            10.236783266067505,
            10.230067014694214,
            10.26892614364624,
            10.277657747268677,
            10.366937637329102,
            10.341275453567505,
            10.42142367362976,
            10.461278438568115,
            10.439296007156372,
            10.446762800216675,
            10.496957540512085,
            10.627249717712402,
            10.607025146484375,
            10.582815885543823,
            10.552986145019531,
            10.672795534133911,
            10.79584789276123,
            10.844371795654297,
            10.844269275665283,
            10.989071130752563,
            11.000380039215088,
            11.010556936264038,
            11.020307540893555,
            10.97701382637024,
            10.943799495697021,
            11.065124750137329,
            11.134128093719482,
            11.168917417526245,
            11.08780813217163,
            11.184914350509644,
            11.097407817840576,
            11.151800632476807,
            11.334416389465332,
            11.261919260025024,
            11.28984522819519,
            11.33722186088562,
            11.271064758300781,
            11.284948110580444,
            11.436620235443115,
            11.511296510696411,
            11.542237281799316,
            11.558935165405273,
            11.561297416687012,
            11.56542706489563,
            11.60722279548645,
            11.68385362625122,
            11.696951389312744,
            11.717745780944824,
            11.74084186553955,
            11.721296787261963,
            11.683033466339111,
            11.714962482452393,
            11.88270354270935,
            11.851287841796875,
            11.880283832550049,
            11.94745135307312,
            11.85672378540039,
            11.950871706008911,
            12.023346424102783,
            11.980757713317871,
            11.919464349746704,
            11.907432794570923,
            11.99108600616455,
            12.099868774414062,
            12.280147314071655
        ],
        "output_image_path": "/model_deploy_execution_attack_for_pipeline/outputs/age_googlenet_mnn_150995_ttba_attack/adversarial_image.png"
    }
}