{
    "status": "SUCCESS",
    "config": {
        "executable": "./resources/execution_files/ssrnet_age_mnn",
        "benign_image": "/img_align_celeba/065084.jpg",
        "initial_adv_image": "/img_align_celeba/167863.jpg",
        "l2_epsilon_goal": 0.05,
        "linf_epsilon_goal": 0.06274509803921569,
        "query_budget": 40000,
        "max_iterations": 1000,
        "initial_queries": 50,
        "dimension_reduction": 1.0
    },
    "results": {
        "total_queries": 30151,
        "final_l2_distance": 4.3243584632873535,
        "final_linf_distance": 0.062422871589660645,
        "total_duration_seconds": 247.2892665863037,
        "iteration_times_seconds": [
            2.2447643280029297,
            2.2311201095581055,
            2.2890965938568115,
            2.386970043182373,
            2.3611371517181396,
            2.5114662647247314,
            2.5197112560272217,
            2.515481948852539,
            2.5474541187286377,
            2.675961971282959,
            2.4804680347442627,
            2.4905009269714355,
            2.601262331008911,
            2.6427268981933594,
            2.6375153064727783,
            2.579486846923828,
            2.56882381439209,
            2.5984582901000977,
            2.572065830230713,
            2.651777744293213,
            2.731353521347046,
            2.6421501636505127,
            2.672306537628174,
            2.5894997119903564,
            2.5969223976135254,
            2.784290075302124,
            2.670166254043579,
            2.784677505493164,
            2.6569576263427734,
            2.7272961139678955,
            2.720707654953003,
            2.6431891918182373,
            2.731370687484741,
            2.7749884128570557,
            2.7320926189422607,
            2.739044666290283,
            2.684481620788574,
            2.860231876373291,
            2.798858404159546,
            2.806086540222168,
            2.745450973510742,
            2.733384132385254,
            2.734147548675537,
            2.7457077503204346,
            2.7542126178741455,
            2.725429058074951,
            2.786620855331421,
            2.8745193481445312,
            2.818512439727783,
            2.8046321868896484,
            2.980339527130127,
            2.9751944541931152,
            2.8151566982269287,
            2.877340078353882,
            3.026247262954712,
            2.8788180351257324,
            2.9006881713867188,
            3.05187726020813,
            2.8929789066314697,
            2.994893789291382,
            2.884434461593628,
            3.0560882091522217,
            2.9137816429138184,
            2.913679361343384,
            2.899139881134033,
            2.8907761573791504,
            2.8907651901245117,
            2.8628358840942383,
            2.9247710704803467,
            2.9934542179107666,
            2.926340341567993,
            3.066532611846924,
            2.974515199661255,
            3.100738048553467,
            3.0397486686706543,
            3.0326061248779297,
            2.92564058303833,
            3.1120223999023438,
            3.0281662940979004,
            3.265321731567383,
            2.953037738800049,
            3.0461840629577637,
            2.987940788269043,
            3.034393787384033,
            3.074728488922119,
            3.166046142578125,
            3.143040895462036,
            3.061659574508667
        ],
        "output_image_path": "/model_deploy_execution_attack_for_pipeline/outputs/ssrnet_age_mnn_065084_ttba_attack/adversarial_image.png"
    }
}