{
    "status": "BUDGET_EXHAUSTED",
    "config": {
        "executable": "./resources/execution_files/gender_googlenet_mnn",
        "benign_image": "/img_align_celeba/006245.jpg",
        "initial_adv_image": "/img_align_celeba/142349.jpg",
        "l2_epsilon_goal": 0.05,
        "linf_epsilon_goal": 0.06274509803921569,
        "query_budget": 40000,
        "max_iterations": 1000,
        "initial_queries": 50,
        "dimension_reduction": 1.0
    },
    "results": {
        "total_queries": 40185,
        "final_l2_distance": 13.550307273864746,
        "final_linf_distance": 0.1885518729686737,
        "total_duration_seconds": 942.8405463695526,
        "iteration_times_seconds": [
            6.0206687450408936,
            6.365578651428223,
            6.46059250831604,
            6.540356636047363,
            6.626755952835083,
            6.822610139846802,
            7.026154518127441,
            6.9927825927734375,
            7.074203729629517,
            7.122035980224609,
            7.162973642349243,
            7.287285804748535,
            7.30316948890686,
            7.437581539154053,
            7.479228258132935,
            7.645449876785278,
            7.70512580871582,
            7.709847450256348,
            7.77036452293396,
            7.756354331970215,
            7.821237087249756,
            7.742801666259766,
            7.657509803771973,
            7.764423608779907,
            7.858683109283447,
            7.782320261001587,
            8.123151063919067,
            8.01588749885559,
            8.06615662574768,
            8.1231210231781,
            8.176288604736328,
            8.230296850204468,
            8.21365237236023,
            8.239827156066895,
            8.310560464859009,
            8.355548620223999,
            8.44848370552063,
            8.357414245605469,
            8.507353782653809,
            8.533950328826904,
            8.569115161895752,
            8.67694616317749,
            8.722142457962036,
            8.660252571105957,
            8.74858021736145,
            8.73203730583191,
            8.76547646522522,
            8.858328342437744,
            8.663366317749023,
            8.738307476043701,
            8.708748579025269,
            8.699830770492554,
            8.798115968704224,
            8.845259428024292,
            8.777124643325806,
            8.94114065170288,
            9.001623630523682,
            8.881664037704468,
            9.035990238189697,
            9.144898414611816,
            9.137824296951294,
            9.117069721221924,
            9.267738580703735,
            9.207166194915771,
            9.291123390197754,
            9.31070876121521,
            9.265431880950928,
            9.36748194694519,
            9.371813297271729,
            9.405958414077759,
            9.424270868301392,
            9.411567449569702,
            9.375725507736206,
            9.46023154258728,
            9.544321298599243,
            9.475586652755737,
            9.52071762084961,
            9.536381959915161,
            9.456600666046143,
            9.659583806991577,
            9.757981777191162,
            9.653450727462769,
            9.84791898727417,
            9.819985151290894,
            9.87563967704773,
            9.866642475128174,
            9.860929489135742,
            9.845102310180664,
            9.905433654785156,
            9.927834510803223,
            9.915107011795044,
            9.963120937347412,
            10.029321908950806,
            10.036900043487549,
            9.963874340057373,
            9.942949771881104,
            10.073720455169678,
            9.952783107757568,
            10.183446884155273,
            10.171863555908203,
            10.271130084991455,
            10.084874153137207,
            10.196768522262573,
            10.164501905441284,
            10.377947330474854,
            10.292850017547607,
            10.356248140335083
        ],
        "output_image_path": "/model_deploy_execution_attack_for_pipeline/outputs/gender_googlenet_mnn_006245_ttba_attack/adversarial_image.png"
    }
}