{
    "status": "BUDGET_EXHAUSTED",
    "config": {
        "executable": "./resources/execution_files/fsanet_headpose_mnn",
        "benign_image": "/img_align_celeba/017360.jpg",
        "initial_adv_image": "/img_align_celeba/001516.jpg",
        "l2_epsilon_goal": 0.05,
        "linf_epsilon_goal": 0.06274509803921569,
        "query_budget": 40000,
        "max_iterations": 1000,
        "initial_queries": 50,
        "dimension_reduction": 1.0
    },
    "results": {
        "total_queries": 40191,
        "final_l2_distance": 12.734469413757324,
        "final_linf_distance": 0.1625341773033142,
        "total_duration_seconds": 367.8824303150177,
        "iteration_times_seconds": [
            2.6536996364593506,
            2.7633814811706543,
            2.917661666870117,
            2.8535449504852295,
            2.7998697757720947,
            2.9051692485809326,
            2.9578375816345215,
            2.9370200634002686,
            2.9081525802612305,
            2.9287757873535156,
            3.125469207763672,
            2.884981155395508,
            3.045675754547119,
            3.002403736114502,
            3.0393643379211426,
            3.0650904178619385,
            3.106260061264038,
            3.129408121109009,
            3.157834768295288,
            3.146804094314575,
            3.316833019256592,
            3.2678210735321045,
            3.254014253616333,
            3.191267967224121,
            3.1232540607452393,
            3.133390426635742,
            3.287104845046997,
            3.209057569503784,
            3.1612038612365723,
            3.2016191482543945,
            3.2220308780670166,
            3.1477794647216797,
            3.222733736038208,
            3.189701557159424,
            3.174665927886963,
            3.351316452026367,
            3.275480270385742,
            3.560962438583374,
            3.4495694637298584,
            3.2982869148254395,
            3.376915216445923,
            3.3134562969207764,
            3.346086263656616,
            3.3074400424957275,
            3.3808655738830566,
            3.360727071762085,
            3.4544951915740967,
            3.4122543334960938,
            3.3673765659332275,
            3.435974359512329,
            3.4326202869415283,
            3.4577009677886963,
            3.529392957687378,
            3.5388710498809814,
            3.4877963066101074,
            3.4891955852508545,
            3.450587511062622,
            3.5566811561584473,
            3.39365553855896,
            3.570892095565796,
            3.413825035095215,
            3.3916494846343994,
            3.43001651763916,
            3.489786148071289,
            3.5673999786376953,
            3.436718463897705,
            3.5923218727111816,
            3.4806265830993652,
            3.553961753845215,
            3.6144299507141113,
            3.651566743850708,
            3.4970812797546387,
            3.563906669616699,
            3.5436272621154785,
            3.6631577014923096,
            3.5896873474121094,
            3.6585655212402344,
            3.64782452583313,
            3.6956429481506348,
            3.7732093334198,
            3.795351266860962,
            3.762476921081543,
            3.7276461124420166,
            3.6969552040100098,
            3.7517712116241455,
            3.6835615634918213,
            3.7217650413513184,
            3.6733217239379883,
            3.7406277656555176,
            3.859975576400757,
            3.7495648860931396,
            3.74277925491333,
            3.809002161026001,
            3.984703779220581,
            3.7941040992736816,
            3.7611634731292725,
            3.8809421062469482,
            3.843461513519287,
            3.780210494995117,
            3.798414707183838,
            3.7065773010253906,
            3.6750974655151367,
            3.7684037685394287,
            3.757425308227539,
            3.7364654541015625,
            3.91011643409729,
            3.8129031658172607
        ],
        "output_image_path": "/model_deploy_execution_attack_for_pipeline/outputs/fsanet_headpose_mnn_017360_ttba_attack/adversarial_image.png"
    }
}