{
    "status": "SUCCESS",
    "config": {
        "executable": "./resources/execution_files/ssrnet_age_mnn",
        "benign_image": "/img_align_celeba/086337.jpg",
        "initial_adv_image": "/img_align_celeba/108526.jpg",
        "l2_epsilon_goal": 0.05,
        "linf_epsilon_goal": 0.06274509803921569,
        "query_budget": 40000,
        "max_iterations": 1000,
        "initial_queries": 50,
        "dimension_reduction": 1.0
    },
    "results": {
        "total_queries": 3655,
        "final_l2_distance": 3.4731178283691406,
        "final_linf_distance": 0.045975685119628906,
        "total_duration_seconds": 49.545350790023804,
        "iteration_times_seconds": [
            2.333719253540039,
            2.31512188911438,
            2.3455629348754883,
            2.4193003177642822,
            2.385469436645508,
            2.4443936347961426,
            2.440518617630005,
            2.397488594055176,
            2.279484748840332,
            2.3261799812316895,
            2.469761371612549,
            2.396775007247925,
            2.486121416091919,
            2.3421242237091064,
            2.461289644241333,
            2.3982150554656982,
            2.3609302043914795,
            2.4226233959198,
            2.5901012420654297,
            2.4165689945220947
        ],
        "output_image_path": "/model_deploy_execution_attack_for_pipeline/outputs/ssrnet_age_mnn_086337_ttba_attack/adversarial_image.png"
    }
}