{
    "status": "SUCCESS",
    "config": {
        "executable": "./resources/execution_files/ssrnet_age_mnn",
        "benign_image": "/img_align_celeba/162728.jpg",
        "initial_adv_image": "/img_align_celeba/158311.jpg",
        "l2_epsilon_goal": 0.05,
        "linf_epsilon_goal": 0.06274509803921569,
        "query_budget": 40000,
        "max_iterations": 1000,
        "initial_queries": 50,
        "dimension_reduction": 1.0
    },
    "results": {
        "total_queries": 9007,
        "final_l2_distance": 4.721942901611328,
        "final_linf_distance": 0.06190335750579834,
        "total_duration_seconds": 97.45851755142212,
        "iteration_times_seconds": [
            2.1754305362701416,
            2.3516452312469482,
            2.2752270698547363,
            2.2996184825897217,
            2.3465263843536377,
            2.350911855697632,
            2.3504793643951416,
            2.3935210704803467,
            2.374258041381836,
            2.4111173152923584,
            2.48888897895813,
            2.389782667160034,
            2.4003164768218994,
            2.5343754291534424,
            2.577953815460205,
            2.6232850551605225,
            2.529423475265503,
            2.596435070037842,
            2.573263168334961,
            2.5175726413726807,
            2.6305065155029297,
            2.4528074264526367,
            2.6270954608917236,
            2.5272574424743652,
            2.528870105743408,
            2.7328453063964844,
            2.670607805252075,
            2.5725650787353516,
            2.566080093383789,
            2.67230486869812,
            2.642509698867798,
            2.6198039054870605,
            2.6098473072052,
            2.66668963432312,
            2.651925563812256,
            2.7717931270599365,
            2.596184253692627,
            2.7808034420013428
        ],
        "output_image_path": "/model_deploy_execution_attack_for_pipeline/outputs/ssrnet_age_mnn_162728_ttba_attack/adversarial_image.png"
    }
}