{
    "status": "BUDGET_EXHAUSTED",
    "config": {
        "executable": "./resources/execution_files/gender_googlenet_mnn",
        "benign_image": "/img_align_celeba/182637.jpg",
        "initial_adv_image": "/img_align_celeba/139923.jpg",
        "l2_epsilon_goal": 0.05,
        "linf_epsilon_goal": 0.06274509803921569,
        "query_budget": 40000,
        "max_iterations": 1000,
        "initial_queries": 50,
        "dimension_reduction": 1.0
    },
    "results": {
        "total_queries": 40201,
        "final_l2_distance": 12.596792221069336,
        "final_linf_distance": 0.17142637073993683,
        "total_duration_seconds": 945.9103741645813,
        "iteration_times_seconds": [
            6.3408589363098145,
            6.5113489627838135,
            6.542650938034058,
            6.701681613922119,
            6.786798715591431,
            6.894820928573608,
            7.1790385246276855,
            7.156422138214111,
            7.293721914291382,
            7.142407655715942,
            7.171441316604614,
            7.257768392562866,
            7.349000692367554,
            7.410980701446533,
            7.5944952964782715,
            7.552085876464844,
            7.749748229980469,
            7.719843864440918,
            7.711572885513306,
            7.760547637939453,
            7.953268051147461,
            7.819517612457275,
            7.925231218338013,
            7.97917628288269,
            7.946845531463623,
            8.082160949707031,
            8.331299781799316,
            8.02368688583374,
            8.123783349990845,
            8.145485877990723,
            8.15356159210205,
            8.16940450668335,
            8.17298173904419,
            8.241970300674438,
            8.337456226348877,
            8.301680326461792,
            8.419442415237427,
            8.406066179275513,
            8.45039987564087,
            8.500981330871582,
            8.523273229598999,
            8.695515394210815,
            8.582220077514648,
            8.740635395050049,
            8.75583815574646,
            8.844608783721924,
            8.921648979187012,
            8.81274127960205,
            8.857247352600098,
            8.771276235580444,
            8.940840244293213,
            8.918429136276245,
            8.777629137039185,
            8.85514235496521,
            8.903455257415771,
            8.952473163604736,
            8.919625520706177,
            8.914623260498047,
            8.976058721542358,
            9.093557596206665,
            9.14305830001831,
            9.249806642532349,
            9.300515174865723,
            9.220485210418701,
            9.18856692314148,
            9.28357195854187,
            9.288644552230835,
            9.31924319267273,
            9.295495748519897,
            9.331702709197998,
            9.418365240097046,
            9.422449827194214,
            9.445005893707275,
            9.447517395019531,
            9.442870616912842,
            9.429778575897217,
            9.451197624206543,
            9.580077648162842,
            9.655370473861694,
            9.59399938583374,
            9.699788570404053,
            9.68840742111206,
            9.760814189910889,
            9.827136754989624,
            9.953502893447876,
            9.782247543334961,
            9.87136697769165,
            9.865221738815308,
            9.923194169998169,
            9.948756456375122,
            10.008037090301514,
            10.029261589050293,
            10.106297016143799,
            9.938121795654297,
            10.038930416107178,
            10.058420658111572,
            10.12206220626831,
            10.06689715385437,
            10.136874198913574,
            10.164818048477173,
            10.15676999092102,
            10.127861976623535,
            10.09908390045166,
            10.170968055725098,
            10.09848928451538,
            10.21753478050232,
            10.267690896987915
        ],
        "output_image_path": "/model_deploy_execution_attack_for_pipeline/outputs/gender_googlenet_mnn_182637_ttba_attack/adversarial_image.png"
    }
}