{
    "status": "SUCCESS",
    "config": {
        "executable": "./resources/execution_files/emotion_ferplus_mnn",
        "benign_image": "/img_align_celeba/062099.jpg",
        "initial_adv_image": "/img_align_celeba/111077.jpg",
        "l2_epsilon_goal": 0.05,
        "linf_epsilon_goal": 0.06274509803921569,
        "query_budget": 40000,
        "max_iterations": 1000,
        "initial_queries": 50,
        "dimension_reduction": 1.0
    },
    "results": {
        "total_queries": 7363,
        "final_l2_distance": 4.442269802093506,
        "final_linf_distance": 0.059548258781433105,
        "total_duration_seconds": 253.64893341064453,
        "iteration_times_seconds": [
            6.297158479690552,
            6.642914533615112,
            6.7127978801727295,
            6.698170185089111,
            6.7337188720703125,
            6.941946268081665,
            7.090757369995117,
            7.133330345153809,
            7.1955718994140625,
            7.305509328842163,
            7.333279848098755,
            7.398740768432617,
            7.490878343582153,
            7.513522386550903,
            7.612962245941162,
            7.714285135269165,
            7.713854789733887,
            7.772223711013794,
            7.724182605743408,
            7.810909271240234,
            7.837867259979248,
            7.8480165004730225,
            7.936045408248901,
            7.886901617050171,
            7.82672381401062,
            7.846855640411377,
            8.039344549179077,
            8.107489824295044,
            8.155466079711914,
            8.162993669509888,
            8.186049461364746,
            8.209013938903809,
            8.270322322845459
        ],
        "output_image_path": "/model_deploy_execution_attack_for_pipeline/outputs/emotion_ferplus_mnn_062099_ttba_attack/adversarial_image.png"
    }
}