{
    "status": "BUDGET_EXHAUSTED",
    "config": {
        "executable": "./resources/execution_files/fsanet_headpose_mnn",
        "benign_image": "/img_align_celeba/103301.jpg",
        "initial_adv_image": "/img_align_celeba/181302.jpg",
        "l2_epsilon_goal": 0.05,
        "linf_epsilon_goal": 0.06274509803921569,
        "query_budget": 40000,
        "max_iterations": 1000,
        "initial_queries": 50,
        "dimension_reduction": 1.0
    },
    "results": {
        "total_queries": 40147,
        "final_l2_distance": 11.102657318115234,
        "final_linf_distance": 0.14651721715927124,
        "total_duration_seconds": 364.71551489830017,
        "iteration_times_seconds": [
            2.8467631340026855,
            2.704272985458374,
            2.8781003952026367,
            2.815031051635742,
            2.752124071121216,
            2.765007257461548,
            3.0050642490386963,
            2.8753886222839355,
            2.8992888927459717,
            2.8119053840637207,
            2.9347050189971924,
            2.864436626434326,
            3.010584831237793,
            3.066005229949951,
            3.0856382846832275,
            3.011979579925537,
            2.8670902252197266,
            3.0586163997650146,
            2.993189573287964,
            3.0386111736297607,
            3.018522024154663,
            3.177518844604492,
            3.083146333694458,
            3.1541178226470947,
            3.215604066848755,
            3.1664161682128906,
            3.187012195587158,
            3.2966549396514893,
            3.1829023361206055,
            3.085184335708618,
            3.2340736389160156,
            3.2974071502685547,
            3.4032325744628906,
            3.277634382247925,
            3.2675251960754395,
            3.242988348007202,
            3.2727344036102295,
            3.240022897720337,
            3.3831140995025635,
            3.2790279388427734,
            3.3684563636779785,
            3.392793655395508,
            3.263676404953003,
            3.4260685443878174,
            3.2790439128875732,
            3.270684242248535,
            3.303041696548462,
            3.234865427017212,
            3.3636839389801025,
            3.410391092300415,
            3.3056344985961914,
            3.359262704849243,
            3.3657066822052,
            3.480445146560669,
            3.578968048095703,
            3.4564473628997803,
            3.465503692626953,
            3.467205047607422,
            3.498314380645752,
            3.4188218116760254,
            3.514749050140381,
            3.4738943576812744,
            3.5022237300872803,
            3.516913890838623,
            3.428757429122925,
            3.623633623123169,
            3.5258285999298096,
            3.43677020072937,
            3.5553627014160156,
            3.4465065002441406,
            3.4592292308807373,
            3.593529224395752,
            3.6467719078063965,
            3.643763542175293,
            3.6931650638580322,
            3.645420551300049,
            3.6857447624206543,
            3.644475221633911,
            3.676295042037964,
            3.7558937072753906,
            3.7890591621398926,
            3.726757526397705,
            3.7350528240203857,
            3.6708178520202637,
            3.784377098083496,
            3.7611448764801025,
            3.7221860885620117,
            3.704791784286499,
            3.8151936531066895,
            3.702833652496338,
            3.749265670776367,
            3.623502254486084,
            3.686460018157959,
            3.624985933303833,
            3.7948970794677734,
            3.7232961654663086,
            3.8202943801879883,
            3.6938235759735107,
            3.613377809524536,
            3.7887227535247803,
            3.818513870239258,
            3.63153076171875,
            3.812323570251465,
            3.7271170616149902,
            3.6937577724456787,
            3.968987464904785,
            3.836069107055664
        ],
        "output_image_path": "/model_deploy_execution_attack_for_pipeline/outputs/fsanet_headpose_mnn_103301_ttba_attack/adversarial_image.png"
    }
}