{
    "status": "BUDGET_EXHAUSTED",
    "config": {
        "executable": "./resources/execution_files/fsanet_headpose_mnn",
        "benign_image": "/img_align_celeba/018735.jpg",
        "initial_adv_image": "/img_align_celeba/092418.jpg",
        "l2_epsilon_goal": 0.05,
        "linf_epsilon_goal": 0.06274509803921569,
        "query_budget": 40000,
        "max_iterations": 1000,
        "initial_queries": 50,
        "dimension_reduction": 1.0
    },
    "results": {
        "total_queries": 40099,
        "final_l2_distance": 6.019282817840576,
        "final_linf_distance": 0.08115367591381073,
        "total_duration_seconds": 360.25032901763916,
        "iteration_times_seconds": [
            2.732442855834961,
            2.6401991844177246,
            2.6936843395233154,
            2.6991772651672363,
            2.877000331878662,
            2.7898759841918945,
            2.8575868606567383,
            2.986098051071167,
            2.9722344875335693,
            3.0422987937927246,
            2.9444425106048584,
            2.8223586082458496,
            3.0431015491485596,
            3.0620410442352295,
            2.948451042175293,
            2.925823211669922,
            3.027247905731201,
            3.0243606567382812,
            3.052086114883423,
            3.1560442447662354,
            3.0078141689300537,
            3.1357052326202393,
            3.088764190673828,
            3.1320974826812744,
            3.160001277923584,
            3.253574848175049,
            3.151381015777588,
            3.2052032947540283,
            3.186718463897705,
            3.2452011108398438,
            3.1819024085998535,
            3.2005655765533447,
            3.291048049926758,
            3.1376473903656006,
            3.166614294052124,
            3.271066904067993,
            3.215676784515381,
            3.338374614715576,
            3.2496023178100586,
            3.331820487976074,
            3.3294360637664795,
            3.224806070327759,
            3.257744073867798,
            3.3701539039611816,
            3.2881412506103516,
            3.274629592895508,
            3.3390719890594482,
            3.367652177810669,
            3.3897407054901123,
            3.304936408996582,
            3.349018096923828,
            3.354097604751587,
            3.4609296321868896,
            3.366330623626709,
            3.361797332763672,
            3.5152058601379395,
            3.395469903945923,
            3.3958704471588135,
            3.3968231678009033,
            3.5150866508483887,
            3.3910346031188965,
            3.4821462631225586,
            3.4887752532958984,
            3.4271230697631836,
            3.5139875411987305,
            3.4120547771453857,
            3.3109283447265625,
            3.459430456161499,
            3.5034732818603516,
            3.6310906410217285,
            3.483022451400757,
            3.6015923023223877,
            3.43261981010437,
            3.5433812141418457,
            3.6516025066375732,
            3.63842511177063,
            3.5998857021331787,
            3.7392375469207764,
            3.492187738418579,
            3.6366660594940186,
            3.473449230194092,
            3.5767064094543457,
            3.620222330093384,
            3.564284563064575,
            3.643453598022461,
            3.6333324909210205,
            3.69590163230896,
            3.613807439804077,
            3.508673906326294,
            3.691868305206299,
            3.7614402770996094,
            3.705249071121216,
            3.6864259243011475,
            3.7260262966156006,
            3.7144622802734375,
            3.6514551639556885,
            3.722109794616699,
            3.836580991744995,
            3.6745128631591797,
            3.6632745265960693,
            3.5436275005340576,
            3.6729860305786133,
            3.652364492416382,
            3.6425626277923584,
            3.6378142833709717,
            3.694516658782959,
            3.643038034439087
        ],
        "output_image_path": "/model_deploy_execution_attack_for_pipeline/outputs/fsanet_headpose_mnn_018735_ttba_attack/adversarial_image.png"
    }
}