{
    "status": "SUCCESS",
    "config": {
        "executable": "./resources/execution_files/fsanet_headpose_mnn",
        "benign_image": "/img_align_celeba/088468.jpg",
        "initial_adv_image": "/img_align_celeba/158311.jpg",
        "l2_epsilon_goal": 0.05,
        "linf_epsilon_goal": 0.06274509803921569,
        "query_budget": 40000,
        "max_iterations": 1000,
        "initial_queries": 50,
        "dimension_reduction": 1.0
    },
    "results": {
        "total_queries": 14480,
        "final_l2_distance": 3.9880259037017822,
        "final_linf_distance": 0.05875343084335327,
        "total_duration_seconds": 161.52535152435303,
        "iteration_times_seconds": [
            2.575173854827881,
            2.762026309967041,
            2.7088449001312256,
            2.7934958934783936,
            2.8309760093688965,
            2.668121337890625,
            2.8607120513916016,
            2.8893349170684814,
            2.8880743980407715,
            2.774172306060791,
            2.9019575119018555,
            2.862529754638672,
            2.879943370819092,
            2.9191842079162598,
            2.8981809616088867,
            2.9813389778137207,
            2.8760907649993896,
            2.9955594539642334,
            2.8983402252197266,
            2.8720245361328125,
            2.9745113849639893,
            3.0045175552368164,
            3.0625202655792236,
            2.977886438369751,
            2.940901279449463,
            3.1708743572235107,
            3.023754835128784,
            3.055236577987671,
            3.1587846279144287,
            3.07592511177063,
            3.018507957458496,
            3.0727851390838623,
            3.0929605960845947,
            3.0697414875030518,
            3.0681891441345215,
            3.110858917236328,
            3.1045727729797363,
            3.2169604301452637,
            3.055347442626953,
            3.0873825550079346,
            3.234311580657959,
            3.0873661041259766,
            3.1323013305664062,
            3.1301286220550537,
            3.090951681137085,
            3.201582670211792,
            3.2833070755004883,
            3.215549945831299,
            3.125148057937622,
            3.2473785877227783,
            3.3449909687042236,
            3.269388437271118,
            3.225639820098877
        ],
        "output_image_path": "/model_deploy_execution_attack_for_pipeline/outputs/fsanet_headpose_mnn_088468_ttba_attack/adversarial_image.png"
    }
}