{
    "status": "SUCCESS",
    "config": {
        "executable": "./resources/execution_files/ssrnet_age_mnn",
        "benign_image": "/img_align_celeba/109162.jpg",
        "initial_adv_image": "/img_align_celeba/158311.jpg",
        "l2_epsilon_goal": 0.05,
        "linf_epsilon_goal": 0.06274509803921569,
        "query_budget": 40000,
        "max_iterations": 1000,
        "initial_queries": 50,
        "dimension_reduction": 1.0
    },
    "results": {
        "total_queries": 13744,
        "final_l2_distance": 5.002590656280518,
        "final_linf_distance": 0.06132206320762634,
        "total_duration_seconds": 136.1508560180664,
        "iteration_times_seconds": [
            2.3107001781463623,
            2.398277997970581,
            2.399010419845581,
            2.577375888824463,
            2.5216801166534424,
            2.5787649154663086,
            2.630079984664917,
            2.600769519805908,
            2.590418815612793,
            2.5051472187042236,
            2.6603550910949707,
            2.489436626434326,
            2.5597825050354004,
            2.6429293155670166,
            2.579810619354248,
            2.652155876159668,
            2.571624755859375,
            2.680241107940674,
            2.4900760650634766,
            2.5375399589538574,
            2.5793514251708984,
            2.601201295852661,
            2.6769633293151855,
            2.583726167678833,
            2.6114134788513184,
            2.6557974815368652,
            2.694502115249634,
            2.617642879486084,
            2.702913761138916,
            2.6522116661071777,
            2.6218409538269043,
            2.643812417984009,
            2.649906635284424,
            2.6219820976257324,
            2.74253511428833,
            2.731895685195923,
            2.7068862915039062,
            2.7919516563415527,
            2.8247861862182617,
            2.69868540763855,
            2.6789987087249756,
            2.75173020362854,
            2.7265985012054443,
            2.7837045192718506,
            2.8027708530426025,
            2.683180093765259,
            2.7735698223114014,
            2.727343797683716,
            2.792495012283325,
            2.690951108932495,
            2.814321756362915
        ],
        "output_image_path": "/model_deploy_execution_attack_for_pipeline/outputs/ssrnet_age_mnn_109162_ttba_attack/adversarial_image.png"
    }
}