{
    "status": "BUDGET_EXHAUSTED",
    "config": {
        "executable": "./resources/execution_files/fsanet_headpose_mnn",
        "benign_image": "/img_align_celeba/108240.jpg",
        "initial_adv_image": "/img_align_celeba/062099.jpg",
        "l2_epsilon_goal": 0.05,
        "linf_epsilon_goal": 0.06274509803921569,
        "query_budget": 40000,
        "max_iterations": 1000,
        "initial_queries": 50,
        "dimension_reduction": 1.0
    },
    "results": {
        "total_queries": 40043,
        "final_l2_distance": 8.923295021057129,
        "final_linf_distance": 0.13732057809829712,
        "total_duration_seconds": 357.2684106826782,
        "iteration_times_seconds": [
            2.703214406967163,
            2.781236171722412,
            2.729020118713379,
            2.9083633422851562,
            2.8487396240234375,
            2.7614526748657227,
            2.8186233043670654,
            2.8883543014526367,
            2.871596097946167,
            2.8364875316619873,
            2.8812856674194336,
            2.759687900543213,
            2.917471408843994,
            2.9806487560272217,
            2.8680624961853027,
            2.9353103637695312,
            2.874701738357544,
            3.029848337173462,
            2.8879058361053467,
            3.0532991886138916,
            2.8432059288024902,
            3.094639778137207,
            3.0579946041107178,
            3.063035726547241,
            3.0286431312561035,
            3.0431525707244873,
            2.999729633331299,
            3.0774521827697754,
            3.003401279449463,
            2.9725871086120605,
            3.1218862533569336,
            3.002432107925415,
            3.081820011138916,
            3.1668784618377686,
            3.159297466278076,
            3.1034703254699707,
            3.119464874267578,
            3.108070135116577,
            3.148752212524414,
            3.168882131576538,
            3.163658618927002,
            3.1278557777404785,
            3.2365341186523438,
            3.359807014465332,
            3.1786699295043945,
            3.3084566593170166,
            3.3929224014282227,
            3.3294084072113037,
            3.261690139770508,
            3.3317618370056152,
            3.343655586242676,
            3.291254997253418,
            3.3375580310821533,
            3.2886972427368164,
            3.498739004135132,
            3.3957786560058594,
            3.360994577407837,
            3.3084311485290527,
            3.3196423053741455,
            3.3921456336975098,
            3.3825011253356934,
            3.3876912593841553,
            3.318857431411743,
            3.440856456756592,
            3.4712934494018555,
            3.4033424854278564,
            3.5971906185150146,
            3.5645828247070312,
            3.6235790252685547,
            3.532162666320801,
            3.4004271030426025,
            3.437070608139038,
            3.5130038261413574,
            3.5212624073028564,
            3.656419515609741,
            3.6098272800445557,
            3.5926246643066406,
            3.6683294773101807,
            3.513998508453369,
            3.5273525714874268,
            3.540752649307251,
            3.587034225463867,
            3.5821173191070557,
            3.598297119140625,
            3.5350661277770996,
            3.715695858001709,
            3.7999184131622314,
            3.6200850009918213,
            3.6903769969940186,
            3.7440707683563232,
            3.6877851486206055,
            3.7668092250823975,
            3.8125627040863037,
            3.7443137168884277,
            3.7039871215820312,
            3.7605249881744385,
            3.770845651626587,
            3.850166082382202,
            3.7907192707061768,
            3.7742409706115723,
            3.8062806129455566,
            3.8265185356140137,
            3.6867127418518066,
            3.7375481128692627,
            3.6646556854248047,
            3.7809019088745117,
            3.8072903156280518
        ],
        "output_image_path": "/model_deploy_execution_attack_for_pipeline/outputs/fsanet_headpose_mnn_108240_ttba_attack/adversarial_image.png"
    }
}