{
    "status": "SUCCESS",
    "config": {
        "executable": "./resources/execution_files/fsanet_headpose_mnn",
        "benign_image": "/img_align_celeba/080008.jpg",
        "initial_adv_image": "/img_align_celeba/011705.jpg",
        "l2_epsilon_goal": 0.05,
        "linf_epsilon_goal": 0.06274509803921569,
        "query_budget": 40000,
        "max_iterations": 1000,
        "initial_queries": 50,
        "dimension_reduction": 1.0
    },
    "results": {
        "total_queries": 4157,
        "final_l2_distance": 4.1264166831970215,
        "final_linf_distance": 0.059240520000457764,
        "total_duration_seconds": 62.1437406539917,
        "iteration_times_seconds": [
            2.564533233642578,
            2.549354314804077,
            2.583819627761841,
            2.7279067039489746,
            2.633739709854126,
            2.6934518814086914,
            2.7247440814971924,
            2.694345474243164,
            2.5508503913879395,
            2.6408488750457764,
            2.7289071083068848,
            2.8633224964141846,
            2.898287773132324,
            2.8087031841278076,
            2.81888747215271,
            2.723507881164551,
            2.8767447471618652,
            2.896373987197876,
            2.8288040161132812,
            2.805217742919922,
            2.8444983959198,
            2.8656909465789795
        ],
        "output_image_path": "/model_deploy_execution_attack_for_pipeline/outputs/fsanet_headpose_mnn_080008_ttba_attack/adversarial_image.png"
    }
}