{
    "status": "BUDGET_EXHAUSTED",
    "config": {
        "executable": "./resources/execution_files/age_googlenet_mnn",
        "benign_image": "/img_align_celeba/190569.jpg",
        "initial_adv_image": "/img_align_celeba/00000004.png",
        "l2_epsilon_goal": 0.05,
        "linf_epsilon_goal": 0.06274509803921569,
        "query_budget": 40000,
        "max_iterations": 1000,
        "initial_queries": 50,
        "dimension_reduction": 1.0
    },
    "results": {
        "total_queries": 40319,
        "final_l2_distance": 41.563846588134766,
        "final_linf_distance": 0.5221083760261536,
        "total_duration_seconds": 1138.9058072566986,
        "iteration_times_seconds": [
            7.726219892501831,
            8.043842077255249,
            8.115509271621704,
            8.296420812606812,
            8.341424942016602,
            8.465420246124268,
            8.761899948120117,
            8.752177953720093,
            8.829949140548706,
            8.849009990692139,
            8.747689962387085,
            8.819366216659546,
            8.922286987304688,
            8.931607961654663,
            9.132498264312744,
            9.121074438095093,
            9.232255697250366,
            9.339512348175049,
            9.265425205230713,
            9.37312936782837,
            9.392770767211914,
            9.370641946792603,
            9.497109651565552,
            9.50651502609253,
            9.658624172210693,
            9.604703664779663,
            9.766316175460815,
            9.839804887771606,
            9.904582262039185,
            9.867290258407593,
            10.041025161743164,
            10.044955015182495,
            10.049327373504639,
            10.112971305847168,
            10.115448474884033,
            10.097832441329956,
            10.102405309677124,
            10.214619159698486,
            10.292354822158813,
            10.270912885665894,
            10.245119094848633,
            10.441005945205688,
            10.528934001922607,
            10.53599214553833,
            10.496962070465088,
            10.531250238418579,
            10.529444694519043,
            10.55210566520691,
            10.595189571380615,
            10.661011695861816,
            10.689068078994751,
            10.742471933364868,
            10.754758358001709,
            10.86441683769226,
            10.902759075164795,
            10.807335138320923,
            10.886489152908325,
            10.9043607711792,
            10.910660743713379,
            11.084083080291748,
            11.0855872631073,
            11.129678010940552,
            11.138659000396729,
            11.185782670974731,
            11.181203842163086,
            11.306039094924927,
            11.23736834526062,
            11.241354703903198,
            11.384756326675415,
            11.442670106887817,
            11.39386773109436,
            11.30105710029602,
            11.430638074874878,
            11.437784194946289,
            11.453349828720093,
            11.433146238327026,
            11.444023370742798,
            11.509495496749878,
            11.55038070678711,
            11.644519567489624,
            11.746058940887451,
            11.753830194473267,
            11.79500937461853,
            11.842928886413574,
            11.878766536712646,
            11.817975521087646,
            11.61611270904541,
            11.755291223526001,
            11.613133430480957,
            11.73200249671936,
            11.670345306396484,
            11.709057092666626,
            11.735338687896729,
            11.76539397239685,
            11.79809045791626,
            11.748457908630371,
            11.839349508285522,
            11.862904071807861,
            11.933295965194702,
            12.0153968334198,
            12.054824829101562,
            11.946924448013306,
            12.065633773803711,
            11.962494611740112,
            12.043951511383057,
            12.225778341293335,
            12.17401671409607
        ],
        "output_image_path": "/model_deploy_execution_attack_for_pipeline/outputs/age_googlenet_mnn_190569_ttba_attack/adversarial_image.png"
    }
}