{
    "status": "BUDGET_EXHAUSTED",
    "config": {
        "executable": "./resources/execution_files/age_googlenet_mnn",
        "benign_image": "/img_align_celeba/085170.jpg",
        "initial_adv_image": "/img_align_celeba/00000020.png",
        "l2_epsilon_goal": 0.05,
        "linf_epsilon_goal": 0.06274509803921569,
        "query_budget": 40000,
        "max_iterations": 1000,
        "initial_queries": 50,
        "dimension_reduction": 1.0
    },
    "results": {
        "total_queries": 40324,
        "final_l2_distance": 30.811344146728516,
        "final_linf_distance": 0.4179016053676605,
        "total_duration_seconds": 1140.1520373821259,
        "iteration_times_seconds": [
            7.810828685760498,
            8.099977016448975,
            8.14466118812561,
            8.299259662628174,
            8.353068590164185,
            8.440134286880493,
            8.675305843353271,
            8.824117183685303,
            8.927955389022827,
            8.973946332931519,
            8.923331022262573,
            9.003690719604492,
            9.060874938964844,
            9.166784048080444,
            9.374732732772827,
            9.417119264602661,
            9.57677412033081,
            9.50491213798523,
            9.557883262634277,
            9.58323049545288,
            9.65253233909607,
            9.609594106674194,
            9.66016674041748,
            9.781383514404297,
            9.84083890914917,
            9.821960210800171,
            10.065274953842163,
            9.802297115325928,
            9.833987474441528,
            9.948878526687622,
            10.016302824020386,
            10.01857590675354,
            9.948046684265137,
            9.950491666793823,
            9.9891517162323,
            10.140407800674438,
            10.121026754379272,
            10.210688352584839,
            10.19603180885315,
            10.320590496063232,
            10.199739933013916,
            10.421890258789062,
            10.504894256591797,
            10.47012710571289,
            10.518431901931763,
            10.644962787628174,
            10.630675554275513,
            10.542577266693115,
            10.637989282608032,
            10.657196521759033,
            10.658488035202026,
            10.70774221420288,
            10.803846597671509,
            10.7548668384552,
            10.808309316635132,
            10.95954966545105,
            10.892123460769653,
            10.852627277374268,
            11.022351026535034,
            11.073326349258423,
            11.14740538597107,
            11.075998067855835,
            11.212806701660156,
            11.1149263381958,
            11.193310737609863,
            11.272388935089111,
            11.218012571334839,
            11.31805682182312,
            11.238917827606201,
            11.382094860076904,
            11.383105754852295,
            11.366752862930298,
            11.503650903701782,
            11.383756637573242,
            11.185261249542236,
            11.227519750595093,
            11.230390548706055,
            11.388964891433716,
            11.312049150466919,
            11.439417362213135,
            11.575616121292114,
            11.585901260375977,
            11.506223201751709,
            11.54328465461731,
            11.559957504272461,
            11.734916687011719,
            11.67007565498352,
            11.625272274017334,
            11.624484062194824,
            11.706636905670166,
            11.664150714874268,
            11.67597508430481,
            11.87249231338501,
            11.753273963928223,
            11.793735265731812,
            11.830172777175903,
            11.866491794586182,
            11.922481775283813,
            11.841429710388184,
            11.94453477859497,
            11.952903032302856,
            12.07384991645813,
            11.978270530700684,
            12.014506340026855,
            12.007771968841553,
            12.217967748641968,
            12.12246036529541
        ],
        "output_image_path": "/model_deploy_execution_attack_for_pipeline/outputs/age_googlenet_mnn_085170_ttba_attack/adversarial_image.png"
    }
}