{
    "status": "SUCCESS",
    "config": {
        "executable": "./resources/execution_files/ssrnet_age_mnn",
        "benign_image": "/img_align_celeba/106537.jpg",
        "initial_adv_image": "/img_align_celeba/108526.jpg",
        "l2_epsilon_goal": 0.05,
        "linf_epsilon_goal": 0.06274509803921569,
        "query_budget": 40000,
        "max_iterations": 1000,
        "initial_queries": 50,
        "dimension_reduction": 1.0
    },
    "results": {
        "total_queries": 1436,
        "final_l2_distance": 2.1540238857269287,
        "final_linf_distance": 0.028499573469161987,
        "total_duration_seconds": 25.012162923812866,
        "iteration_times_seconds": [
            2.2251741886138916,
            2.2817978858947754,
            2.2929201126098633,
            2.3584794998168945,
            2.3446297645568848,
            2.383561372756958,
            2.4602112770080566,
            2.368384599685669,
            2.516490936279297,
            2.355991840362549
        ],
        "output_image_path": "/model_deploy_execution_attack_for_pipeline/outputs/ssrnet_age_mnn_106537_ttba_attack/adversarial_image.png"
    }
}