{
    "status": "SUCCESS",
    "config": {
        "executable": "./resources/execution_files/gender_googlenet_mnn",
        "benign_image": "/img_align_celeba/094069.jpg",
        "initial_adv_image": "/img_align_celeba/084508.jpg",
        "l2_epsilon_goal": 0.05,
        "linf_epsilon_goal": 0.06274509803921569,
        "query_budget": 40000,
        "max_iterations": 1000,
        "initial_queries": 50,
        "dimension_reduction": 1.0
    },
    "results": {
        "total_queries": 15290,
        "final_l2_distance": 4.7367167472839355,
        "final_linf_distance": 0.06151452660560608,
        "total_duration_seconds": 424.42301774024963,
        "iteration_times_seconds": [
            6.2826173305511475,
            6.535592317581177,
            6.628579616546631,
            6.512389421463013,
            6.64694881439209,
            6.778463125228882,
            6.957831144332886,
            7.043613910675049,
            7.074141502380371,
            6.8810718059539795,
            6.995747089385986,
            7.059335470199585,
            7.139379262924194,
            7.210480451583862,
            7.265893220901489,
            7.425366640090942,
            7.315195798873901,
            7.395656108856201,
            7.398548603057861,
            7.440515995025635,
            7.450494289398193,
            7.431362867355347,
            7.579866886138916,
            7.547333717346191,
            7.562354564666748,
            7.6070287227630615,
            7.7203123569488525,
            7.723041296005249,
            7.8069844245910645,
            7.725310802459717,
            7.845730304718018,
            7.862286806106567,
            7.937212228775024,
            7.876550674438477,
            7.777564764022827,
            7.9270782470703125,
            8.07090139389038,
            7.918927907943726,
            8.031533002853394,
            7.949454307556152,
            8.071503162384033,
            8.167978286743164,
            8.168458938598633,
            8.249011993408203,
            8.16128396987915,
            8.268348693847656,
            8.301034927368164,
            8.370633363723755,
            8.379385948181152,
            8.417771339416504,
            8.372896432876587,
            8.386815786361694,
            8.444689750671387,
            8.449168682098389,
            8.6365065574646
        ],
        "output_image_path": "/model_deploy_execution_attack_for_pipeline/outputs/gender_googlenet_mnn_094069_ttba_attack/adversarial_image.png"
    }
}