{
    "status": "SUCCESS",
    "config": {
        "executable": "resources/execution_files/gender_googlenet_mnn",
        "benign_image": "/img_align_celeba/048658.jpg",
        "initial_adv_image": "/img_align_celeba/045354.jpg",
        "l2_epsilon_goal": 0.05,
        "linf_epsilon_goal": 0.06274509803921569,
        "query_budget": 40000,
        "max_iterations": 1000,
        "initial_queries": 50,
        "dimension_reduction": 1.0
    },
    "results": {
        "total_queries": 1801,
        "final_l2_distance": 4.403318881988525,
        "final_linf_distance": 0.057904087007045746,
        "total_duration_seconds": 79.52351808547974,
        "iteration_times_seconds": [
            5.800228118896484,
            5.977275848388672,
            5.975626230239868,
            6.097748756408691,
            6.233608722686768,
            6.3491058349609375,
            6.317074775695801,
            6.391798257827759,
            6.467807292938232,
            6.524235010147095,
            6.607131004333496,
            6.7287917137146
        ],
        "output_image_path": "/model_deploy_execution_attack_for_pipeline/outputs/gender_googlenet_mnn_048658_ttba_attack/adversarial_image.png"
    }
}