{
    "status": "SUCCESS",
    "config": {
        "executable": "./resources/execution_files/ssrnet_age_mnn",
        "benign_image": "/img_align_celeba/118047.jpg",
        "initial_adv_image": "/img_align_celeba/105002.jpg",
        "l2_epsilon_goal": 0.05,
        "linf_epsilon_goal": 0.06274509803921569,
        "query_budget": 40000,
        "max_iterations": 1000,
        "initial_queries": 50,
        "dimension_reduction": 1.0
    },
    "results": {
        "total_queries": 4171,
        "final_l2_distance": 4.32619047164917,
        "final_linf_distance": 0.05751741677522659,
        "total_duration_seconds": 54.58891940116882,
        "iteration_times_seconds": [
            2.2451171875,
            2.315885305404663,
            2.353585958480835,
            2.2594892978668213,
            2.380831003189087,
            2.3374505043029785,
            2.3293240070343018,
            2.3252785205841064,
            2.367558240890503,
            2.403099536895752,
            2.473443031311035,
            2.513050079345703,
            2.5436463356018066,
            2.494105815887451,
            2.406315803527832,
            2.4441418647766113,
            2.5166141986846924,
            2.375005006790161,
            2.607985019683838,
            2.391113758087158,
            2.5403149127960205,
            2.4581565856933594
        ],
        "output_image_path": "/model_deploy_execution_attack_for_pipeline/outputs/ssrnet_age_mnn_118047_ttba_attack/adversarial_image.png"
    }
}