{
    "status": "BUDGET_EXHAUSTED",
    "config": {
        "executable": "./resources/execution_files/fsanet_headpose_mnn",
        "benign_image": "/img_align_celeba/147225.jpg",
        "initial_adv_image": "/img_align_celeba/117360.jpg",
        "l2_epsilon_goal": 0.05,
        "linf_epsilon_goal": 0.06274509803921569,
        "query_budget": 40000,
        "max_iterations": 1000,
        "initial_queries": 50,
        "dimension_reduction": 1.0
    },
    "results": {
        "total_queries": 40085,
        "final_l2_distance": 6.169705867767334,
        "final_linf_distance": 0.08303146064281464,
        "total_duration_seconds": 360.50846457481384,
        "iteration_times_seconds": [
            2.584909439086914,
            2.622075319290161,
            2.7225534915924072,
            2.808558225631714,
            2.790138006210327,
            2.8856048583984375,
            3.0146656036376953,
            2.9719715118408203,
            2.950309991836548,
            3.0166068077087402,
            3.064432144165039,
            3.004894733428955,
            2.9183292388916016,
            3.0125560760498047,
            3.0953369140625,
            2.992215394973755,
            2.986020803451538,
            3.0423502922058105,
            3.1137173175811768,
            3.1021230220794678,
            3.234893321990967,
            3.377270221710205,
            3.175687074661255,
            3.1185052394866943,
            3.1279451847076416,
            3.183854103088379,
            3.3459224700927734,
            3.0917768478393555,
            3.188704252243042,
            3.2059178352355957,
            3.083958148956299,
            3.165757179260254,
            3.278546094894409,
            3.1273889541625977,
            3.235574960708618,
            3.134366273880005,
            3.0661985874176025,
            3.2556560039520264,
            3.2445015907287598,
            3.4502103328704834,
            3.2778730392456055,
            3.3958637714385986,
            3.3089380264282227,
            3.352137327194214,
            3.228703260421753,
            3.322669267654419,
            3.371758222579956,
            3.237992286682129,
            3.310155153274536,
            3.2568933963775635,
            3.3176963329315186,
            3.312286376953125,
            3.4551610946655273,
            3.372020721435547,
            3.4091882705688477,
            3.2811684608459473,
            3.317817211151123,
            3.462158203125,
            3.3754711151123047,
            3.3229427337646484,
            3.3364017009735107,
            3.3673434257507324,
            3.4502017498016357,
            3.5552616119384766,
            3.498852491378784,
            3.4740545749664307,
            3.390587329864502,
            3.4242963790893555,
            3.4740958213806152,
            3.537996530532837,
            3.3703956604003906,
            3.503889322280884,
            3.53163480758667,
            3.422185182571411,
            3.5535924434661865,
            3.6136486530303955,
            3.529183864593506,
            3.526456117630005,
            3.5809848308563232,
            3.5853705406188965,
            3.759932041168213,
            3.4639675617218018,
            3.6289563179016113,
            3.707439422607422,
            3.6263821125030518,
            3.7511277198791504,
            3.632032632827759,
            3.8288309574127197,
            3.682037830352783,
            3.619865655899048,
            3.6668808460235596,
            3.6192541122436523,
            3.769329071044922,
            3.7404820919036865,
            3.631736993789673,
            3.749296188354492,
            3.6918866634368896,
            3.698181629180908,
            3.7207016944885254,
            3.6766793727874756,
            3.6773152351379395,
            3.7381503582000732,
            3.7010605335235596,
            3.691246747970581,
            3.694410800933838,
            3.7240161895751953,
            3.6312785148620605
        ],
        "output_image_path": "/model_deploy_execution_attack_for_pipeline/outputs/fsanet_headpose_mnn_147225_ttba_attack/adversarial_image.png"
    }
}