{
    "status": "BUDGET_EXHAUSTED",
    "config": {
        "executable": "./resources/execution_files/ssrnet_age_mnn",
        "benign_image": "/img_align_celeba/162933.jpg",
        "initial_adv_image": "/img_align_celeba/041126.jpg",
        "l2_epsilon_goal": 0.05,
        "linf_epsilon_goal": 0.06274509803921569,
        "query_budget": 40000,
        "max_iterations": 1000,
        "initial_queries": 50,
        "dimension_reduction": 1.0
    },
    "results": {
        "total_queries": 40135,
        "final_l2_distance": 8.41378116607666,
        "final_linf_distance": 0.11427714675664902,
        "total_duration_seconds": 314.04516220092773,
        "iteration_times_seconds": [
            2.3509769439697266,
            2.389491558074951,
            2.2844929695129395,
            2.4077866077423096,
            2.496689796447754,
            2.570176362991333,
            2.574171781539917,
            2.5808863639831543,
            2.6347861289978027,
            2.5829379558563232,
            2.558074474334717,
            2.6090714931488037,
            2.605440378189087,
            2.598475933074951,
            2.5498275756835938,
            2.618382692337036,
            2.6582741737365723,
            2.7050564289093018,
            2.6771132946014404,
            2.7038118839263916,
            2.607081890106201,
            2.5872960090637207,
            2.617853879928589,
            2.6551856994628906,
            2.718639373779297,
            2.7126920223236084,
            2.853787660598755,
            2.8380625247955322,
            2.8622210025787354,
            2.788656234741211,
            2.797079563140869,
            2.7568211555480957,
            2.8583333492279053,
            2.7372806072235107,
            2.7651350498199463,
            2.7754812240600586,
            2.912034034729004,
            2.761852741241455,
            2.767608880996704,
            2.872457981109619,
            2.82301926612854,
            2.8389599323272705,
            2.8622260093688965,
            2.814068555831909,
            2.7874093055725098,
            2.953584909439087,
            2.9616940021514893,
            2.9370956420898438,
            2.968090295791626,
            2.966982841491699,
            2.9349851608276367,
            2.9689671993255615,
            2.929069757461548,
            2.9441287517547607,
            2.9839415550231934,
            2.8912782669067383,
            3.0071349143981934,
            3.048213481903076,
            2.986778974533081,
            2.9847233295440674,
            3.045828104019165,
            2.9667892456054688,
            3.094789743423462,
            3.0195863246917725,
            3.01751446723938,
            3.128492593765259,
            3.108358860015869,
            3.092621326446533,
            3.0831422805786133,
            3.0814785957336426,
            3.0927486419677734,
            3.066925287246704,
            3.1143317222595215,
            3.0772788524627686,
            3.0699987411499023,
            3.1585261821746826,
            3.039304494857788,
            3.111950397491455,
            3.0765013694763184,
            3.1195292472839355,
            3.1143388748168945,
            3.064068555831909,
            3.0668954849243164,
            3.0207417011260986,
            3.0895469188690186,
            3.157078266143799,
            3.1290218830108643,
            3.1126372814178467,
            3.1594908237457275,
            3.140367031097412,
            3.1610143184661865,
            3.2233223915100098,
            3.2589125633239746,
            3.22299861907959,
            3.2027695178985596,
            3.221529960632324,
            3.192950963973999,
            3.1420161724090576,
            3.1997225284576416,
            3.3538296222686768,
            3.2165656089782715,
            3.1506223678588867,
            3.224041700363159,
            3.307732582092285,
            3.2978153228759766,
            3.217392921447754,
            3.2480881214141846
        ],
        "output_image_path": "/model_deploy_execution_attack_for_pipeline/outputs/ssrnet_age_mnn_162933_ttba_attack/adversarial_image.png"
    }
}