{
    "status": "BUDGET_EXHAUSTED",
    "config": {
        "executable": "./resources/execution_files/fsanet_headpose_mnn",
        "benign_image": "/img_align_celeba/045432.jpg",
        "initial_adv_image": "/img_align_celeba/001516.jpg",
        "l2_epsilon_goal": 0.05,
        "linf_epsilon_goal": 0.06274509803921569,
        "query_budget": 40000,
        "max_iterations": 1000,
        "initial_queries": 50,
        "dimension_reduction": 1.0
    },
    "results": {
        "total_queries": 40107,
        "final_l2_distance": 9.210317611694336,
        "final_linf_distance": 0.12816229462623596,
        "total_duration_seconds": 362.01924777030945,
        "iteration_times_seconds": [
            2.6886398792266846,
            2.7442004680633545,
            2.777073383331299,
            2.8918368816375732,
            2.8424925804138184,
            2.971186637878418,
            3.0532188415527344,
            2.7816691398620605,
            2.9093213081359863,
            2.923469305038452,
            2.919067621231079,
            2.8870623111724854,
            2.9263761043548584,
            2.9243674278259277,
            2.980649709701538,
            2.9894521236419678,
            3.0288901329040527,
            3.076474905014038,
            3.00342059135437,
            3.192072629928589,
            3.177293062210083,
            3.1360433101654053,
            3.107120990753174,
            3.1705362796783447,
            3.105661392211914,
            3.1159234046936035,
            3.2418711185455322,
            3.314751386642456,
            3.255723714828491,
            3.3228838443756104,
            3.120985746383667,
            3.13254714012146,
            3.1780292987823486,
            3.112745761871338,
            3.165924549102783,
            3.389343738555908,
            3.22343373298645,
            3.2125937938690186,
            3.231571674346924,
            3.1768240928649902,
            3.3734238147735596,
            3.2718191146850586,
            3.2486722469329834,
            3.249274969100952,
            3.3136630058288574,
            3.326906681060791,
            3.4154303073883057,
            3.289496898651123,
            3.3035407066345215,
            3.4755003452301025,
            3.330777883529663,
            3.4388957023620605,
            3.4251043796539307,
            3.369567394256592,
            3.3979384899139404,
            3.467658042907715,
            3.5398976802825928,
            3.458667516708374,
            3.5821218490600586,
            3.517812967300415,
            3.310082197189331,
            3.434690237045288,
            3.4777867794036865,
            3.5354385375976562,
            3.504786252975464,
            3.504210948944092,
            3.554236650466919,
            3.4898529052734375,
            3.4426369667053223,
            3.469216823577881,
            3.45892071723938,
            3.474583148956299,
            3.5340404510498047,
            3.4634664058685303,
            3.541961193084717,
            3.414498805999756,
            3.4786276817321777,
            3.546757698059082,
            3.5128562450408936,
            3.581608533859253,
            3.637387275695801,
            3.620262622833252,
            3.6332106590270996,
            3.5890557765960693,
            3.7144503593444824,
            3.706204891204834,
            3.668417453765869,
            3.741543769836426,
            3.647362232208252,
            3.6128478050231934,
            3.6826138496398926,
            3.8318569660186768,
            3.6958694458007812,
            3.768796443939209,
            3.7290782928466797,
            3.854950428009033,
            3.6717443466186523,
            3.7828152179718018,
            3.673211097717285,
            3.725341320037842,
            3.6769981384277344,
            3.749546527862549,
            3.8429341316223145,
            3.80121111869812,
            3.878899097442627,
            3.7109227180480957,
            3.741610527038574
        ],
        "output_image_path": "/model_deploy_execution_attack_for_pipeline/outputs/fsanet_headpose_mnn_045432_ttba_attack/adversarial_image.png"
    }
}