{
    "status": "SUCCESS",
    "config": {
        "executable": "./resources/execution_files/gender_googlenet_mnn",
        "benign_image": "/img_align_celeba/148670.jpg",
        "initial_adv_image": "/img_align_celeba/183515.jpg",
        "l2_epsilon_goal": 0.05,
        "linf_epsilon_goal": 0.06274509803921569,
        "query_budget": 40000,
        "max_iterations": 1000,
        "initial_queries": 50,
        "dimension_reduction": 1.0
    },
    "results": {
        "total_queries": 37357,
        "final_l2_distance": 4.724996089935303,
        "final_linf_distance": 0.06198525428771973,
        "total_duration_seconds": 867.7747042179108,
        "iteration_times_seconds": [
            6.3141467571258545,
            6.529312610626221,
            6.665695667266846,
            6.679048538208008,
            6.828567743301392,
            6.923368692398071,
            7.138081073760986,
            7.229371070861816,
            7.076096057891846,
            7.098446846008301,
            7.127279996871948,
            7.263654947280884,
            7.273391008377075,
            7.367557048797607,
            7.295565843582153,
            7.519861221313477,
            7.469953298568726,
            7.520262002944946,
            7.561756134033203,
            7.451340198516846,
            7.4264256954193115,
            7.518262147903442,
            7.5146942138671875,
            7.503059148788452,
            7.688188314437866,
            7.671246290206909,
            7.8329102993011475,
            7.851689577102661,
            7.9558234214782715,
            7.870174407958984,
            7.988309621810913,
            8.000941276550293,
            8.02774167060852,
            8.09778380393982,
            8.09427809715271,
            8.257791519165039,
            7.9541497230529785,
            8.032300233840942,
            8.147931098937988,
            8.148395299911499,
            8.224402904510498,
            8.308594703674316,
            8.256412029266357,
            8.306946754455566,
            8.332475900650024,
            8.464454174041748,
            8.544827938079834,
            8.581234216690063,
            8.541255235671997,
            8.566579580307007,
            8.617093086242676,
            8.67173457145691,
            8.644148349761963,
            8.704722166061401,
            8.658054113388062,
            8.74210524559021,
            8.75626254081726,
            8.738070964813232,
            8.740173101425171,
            8.972094774246216,
            8.943716049194336,
            8.977287292480469,
            9.074198007583618,
            9.060068130493164,
            9.021652460098267,
            9.121545553207397,
            9.115664720535278,
            8.924840450286865,
            8.967465162277222,
            8.992621421813965,
            8.997225284576416,
            9.091125965118408,
            9.004506587982178,
            9.092214822769165,
            9.04298210144043,
            9.097517967224121,
            9.192326068878174,
            9.244333028793335,
            9.222440719604492,
            9.317641258239746,
            9.423837661743164,
            9.444584369659424,
            9.469970941543579,
            9.45598316192627,
            9.475764513015747,
            9.477819681167603,
            9.514707565307617,
            9.521779537200928,
            9.492201805114746,
            9.576738357543945,
            9.550658464431763,
            9.57295036315918,
            9.592440605163574,
            9.641420125961304,
            9.589146375656128,
            9.684107303619385,
            9.666122198104858,
            9.627993106842041,
            9.689987897872925,
            9.76148796081543,
            9.753047704696655,
            9.797662734985352
        ],
        "output_image_path": "/model_deploy_execution_attack_for_pipeline/outputs/gender_googlenet_mnn_148670_ttba_attack/adversarial_image.png"
    }
}