{
    "status": "BUDGET_EXHAUSTED",
    "config": {
        "executable": "./resources/execution_files/emotion_ferplus_mnn",
        "benign_image": "/img_align_celeba/106537.jpg",
        "initial_adv_image": "/img_align_celeba/111077.jpg",
        "l2_epsilon_goal": 0.05,
        "linf_epsilon_goal": 0.06274509803921569,
        "query_budget": 40000,
        "max_iterations": 1000,
        "initial_queries": 50,
        "dimension_reduction": 1.0
    },
    "results": {
        "total_queries": 40169,
        "final_l2_distance": 8.10132884979248,
        "final_linf_distance": 0.11112870275974274,
        "total_duration_seconds": 1002.1373689174652,
        "iteration_times_seconds": [
            6.610923767089844,
            6.937849044799805,
            7.063202857971191,
            7.230645418167114,
            7.227403163909912,
            7.446520805358887,
            7.459015607833862,
            7.6391637325286865,
            7.781399250030518,
            7.696458101272583,
            7.717562675476074,
            7.7090160846710205,
            7.885646343231201,
            7.927596569061279,
            7.970914602279663,
            8.071858882904053,
            8.186670303344727,
            8.152883052825928,
            8.244407176971436,
            8.203031539916992,
            8.355170488357544,
            8.474867820739746,
            8.361994981765747,
            8.485029697418213,
            8.557799577713013,
            8.537146091461182,
            8.7466459274292,
            8.80094027519226,
            8.868574857711792,
            8.97696304321289,
            8.932709217071533,
            9.038313627243042,
            9.002255201339722,
            8.799193143844604,
            8.8437340259552,
            8.829708337783813,
            8.973736763000488,
            8.967023849487305,
            9.086180925369263,
            9.008235216140747,
            9.056792736053467,
            9.149802684783936,
            9.317655563354492,
            9.163018226623535,
            9.070360898971558,
            9.172991275787354,
            9.141148567199707,
            9.172338724136353,
            9.279088020324707,
            9.381596803665161,
            9.336034536361694,
            9.380663871765137,
            9.397362470626831,
            9.397780179977417,
            9.493548393249512,
            9.543102979660034,
            9.493017673492432,
            9.483113765716553,
            9.719563007354736,
            9.548503160476685,
            9.698649883270264,
            9.789269208908081,
            9.785915851593018,
            9.830330610275269,
            9.834720849990845,
            9.916388988494873,
            9.872276306152344,
            9.932366371154785,
            9.94273853302002,
            9.952269077301025,
            10.022591829299927,
            10.074485301971436,
            10.037489175796509,
            10.121049165725708,
            9.80635952949524,
            9.861775875091553,
            9.96353793144226,
            10.080917358398438,
            10.037042140960693,
            10.014356136322021,
            10.151061058044434,
            10.269551515579224,
            10.271636962890625,
            10.230189800262451,
            10.289453029632568,
            10.304039716720581,
            10.350098609924316,
            10.405692338943481,
            10.454190254211426,
            10.435072898864746,
            10.455951690673828,
            10.446502923965454,
            10.441036224365234,
            10.452382564544678,
            10.4635751247406,
            10.489652872085571,
            10.643545389175415,
            10.495387554168701,
            10.674800395965576,
            10.685674667358398,
            10.66039776802063,
            10.630363702774048,
            10.70395302772522,
            10.770689964294434,
            10.715006589889526,
            10.835400819778442,
            10.88854694366455
        ],
        "output_image_path": "/model_deploy_execution_attack_for_pipeline/outputs/emotion_ferplus_mnn_106537_ttba_attack/adversarial_image.png"
    }
}