{
    "status": "SUCCESS",
    "config": {
        "executable": "./resources/execution_files/fsanet_headpose_mnn",
        "benign_image": "/img_align_celeba/103473.jpg",
        "initial_adv_image": "/img_align_celeba/038397.jpg",
        "l2_epsilon_goal": 0.05,
        "linf_epsilon_goal": 0.06274509803921569,
        "query_budget": 40000,
        "max_iterations": 1000,
        "initial_queries": 50,
        "dimension_reduction": 1.0
    },
    "results": {
        "total_queries": 1229,
        "final_l2_distance": 4.638289451599121,
        "final_linf_distance": 0.0624617338180542,
        "total_duration_seconds": 24.826579570770264,
        "iteration_times_seconds": [
            2.47005033493042,
            2.613612174987793,
            2.578587293624878,
            2.6245055198669434,
            2.540942907333374,
            2.5944111347198486,
            2.5347299575805664,
            2.576690673828125,
            2.6198248863220215
        ],
        "output_image_path": "/model_deploy_execution_attack_for_pipeline/outputs/fsanet_headpose_mnn_103473_ttba_attack/adversarial_image.png"
    }
}