{
    "status": "SUCCESS",
    "config": {
        "executable": "./resources/execution_files/fsanet_headpose_mnn",
        "benign_image": "/img_align_celeba/148664.jpg",
        "initial_adv_image": "/img_align_celeba/105002.jpg",
        "l2_epsilon_goal": 0.05,
        "linf_epsilon_goal": 0.06274509803921569,
        "query_budget": 40000,
        "max_iterations": 1000,
        "initial_queries": 50,
        "dimension_reduction": 1.0
    },
    "results": {
        "total_queries": 11438,
        "final_l2_distance": 4.968631744384766,
        "final_linf_distance": 0.0609649121761322,
        "total_duration_seconds": 133.61560249328613,
        "iteration_times_seconds": [
            2.6122424602508545,
            2.560450792312622,
            2.6431455612182617,
            2.6422035694122314,
            2.7275102138519287,
            2.7734293937683105,
            2.6414008140563965,
            2.7219650745391846,
            2.7352135181427,
            2.819478750228882,
            2.881847858428955,
            2.756448268890381,
            2.7344629764556885,
            2.90427827835083,
            3.03806209564209,
            2.8411972522735596,
            2.9095892906188965,
            2.9151062965393066,
            2.9000372886657715,
            2.931818723678589,
            2.977677583694458,
            2.9160585403442383,
            2.9519457817077637,
            2.94283127784729,
            2.9617748260498047,
            3.063828468322754,
            3.000685214996338,
            2.9660251140594482,
            3.144742250442505,
            3.0854504108428955,
            3.0470528602600098,
            2.929910898208618,
            2.9454097747802734,
            3.109936237335205,
            3.1271376609802246,
            3.0598459243774414,
            3.1061465740203857,
            3.0230822563171387,
            3.079803943634033,
            3.071795701980591,
            3.113037109375,
            3.086878538131714,
            3.1948938369750977,
            3.1420652866363525,
            3.175384521484375
        ],
        "output_image_path": "/model_deploy_execution_attack_for_pipeline/outputs/fsanet_headpose_mnn_148664_ttba_attack/adversarial_image.png"
    }
}