{
    "status": "SUCCESS",
    "config": {
        "executable": "./resources/execution_files/gender_googlenet_mnn",
        "benign_image": "/img_align_celeba/087983.jpg",
        "initial_adv_image": "/img_align_celeba/173194.jpg",
        "l2_epsilon_goal": 0.05,
        "linf_epsilon_goal": 0.06274509803921569,
        "query_budget": 40000,
        "max_iterations": 1000,
        "initial_queries": 50,
        "dimension_reduction": 1.0
    },
    "results": {
        "total_queries": 16072,
        "final_l2_distance": 4.654735088348389,
        "final_linf_distance": 0.06169182434678078,
        "total_duration_seconds": 437.344717502594,
        "iteration_times_seconds": [
            6.110768556594849,
            6.4202024936676025,
            6.234770059585571,
            6.388136863708496,
            6.421715974807739,
            6.678524017333984,
            6.755047082901001,
            6.855409145355225,
            6.7996604442596436,
            6.770185708999634,
            6.849522352218628,
            6.9818408489227295,
            7.006860256195068,
            7.014600038528442,
            7.202517032623291,
            7.2293291091918945,
            7.249815225601196,
            7.334381341934204,
            7.2037413120269775,
            7.242027521133423,
            7.272908926010132,
            7.318905830383301,
            7.408092498779297,
            7.415327072143555,
            7.5033040046691895,
            7.508437633514404,
            7.703959226608276,
            7.609358310699463,
            7.800155401229858,
            7.763329029083252,
            7.8100666999816895,
            7.809791326522827,
            7.863439559936523,
            7.9022345542907715,
            7.879039764404297,
            8.008175373077393,
            8.027886867523193,
            8.073894500732422,
            8.021182298660278,
            8.001013994216919,
            8.10412883758545,
            8.105991840362549,
            8.141142129898071,
            8.235218286514282,
            8.194580554962158,
            8.202689170837402,
            8.287753820419312,
            8.32798981666565,
            8.351938247680664,
            8.325621843338013,
            8.39457392692566,
            8.488399267196655,
            8.439284563064575,
            8.481630563735962,
            8.507810831069946,
            8.549417972564697,
            8.532535314559937
        ],
        "output_image_path": "/model_deploy_execution_attack_for_pipeline/outputs/gender_googlenet_mnn_087983_ttba_attack/adversarial_image.png"
    }
}