{
    "status": "BUDGET_EXHAUSTED",
    "config": {
        "executable": "./resources/execution_files/age_googlenet_mnn",
        "benign_image": "/img_align_celeba/119359.jpg",
        "initial_adv_image": "/img_align_celeba/00000018.png",
        "l2_epsilon_goal": 0.05,
        "linf_epsilon_goal": 0.06274509803921569,
        "query_budget": 40000,
        "max_iterations": 1000,
        "initial_queries": 50,
        "dimension_reduction": 1.0
    },
    "results": {
        "total_queries": 40295,
        "final_l2_distance": 34.642818450927734,
        "final_linf_distance": 0.4440339505672455,
        "total_duration_seconds": 1142.3714623451233,
        "iteration_times_seconds": [
            7.866410493850708,
            8.152191877365112,
            8.242196559906006,
            8.391315460205078,
            8.484076738357544,
            8.621430397033691,
            8.867384910583496,
            8.903469324111938,
            8.908548831939697,
            8.986411809921265,
            9.084014892578125,
            8.872272253036499,
            9.033931970596313,
            9.059991836547852,
            9.221432447433472,
            9.321006059646606,
            9.338510990142822,
            9.260170698165894,
            9.331791400909424,
            9.362806797027588,
            9.51887583732605,
            9.597939491271973,
            9.611789226531982,
            9.539774417877197,
            9.637938976287842,
            9.633024454116821,
            9.798644542694092,
            9.872450590133667,
            9.97287106513977,
            9.96870231628418,
            9.94324779510498,
            10.06225061416626,
            10.079126596450806,
            10.144706010818481,
            10.075541496276855,
            10.101748704910278,
            10.169537782669067,
            10.354034900665283,
            10.447911024093628,
            10.315674304962158,
            10.379356145858765,
            10.535306215286255,
            10.534718036651611,
            10.570326805114746,
            10.656923532485962,
            10.706014394760132,
            10.65511965751648,
            10.607818603515625,
            10.727694511413574,
            10.70341944694519,
            10.682054042816162,
            10.805120468139648,
            10.851653099060059,
            10.84291124343872,
            10.965481042861938,
            10.933819055557251,
            11.082277774810791,
            10.909066438674927,
            11.040268898010254,
            11.209687232971191,
            11.27997088432312,
            10.977051973342896,
            11.088764190673828,
            11.053488492965698,
            11.082981586456299,
            11.109850645065308,
            10.990069150924683,
            11.15187692642212,
            11.100396871566772,
            11.108929872512817,
            11.233695983886719,
            11.21487283706665,
            11.32016372680664,
            11.307780265808105,
            11.290072679519653,
            11.302800178527832,
            11.353395223617554,
            11.34314751625061,
            11.46793246269226,
            11.515065908432007,
            11.63562822341919,
            11.701074600219727,
            11.721215009689331,
            11.638656616210938,
            11.642152786254883,
            11.749547958374023,
            11.7230544090271,
            11.781200885772705,
            11.743665933609009,
            11.850152969360352,
            11.792520761489868,
            11.861042499542236,
            11.784467697143555,
            11.906317472457886,
            11.84212851524353,
            11.96035361289978,
            11.90478515625,
            11.979162693023682,
            11.911429166793823,
            12.052275657653809,
            11.976776361465454,
            12.095279216766357,
            12.025896072387695,
            12.09821629524231,
            12.124149799346924,
            12.219785928726196,
            12.318250179290771
        ],
        "output_image_path": "/model_deploy_execution_attack_for_pipeline/outputs/age_googlenet_mnn_119359_ttba_attack/adversarial_image.png"
    }
}