{
    "status": "SUCCESS",
    "config": {
        "executable": "resources/execution_files/gender_googlenet_mnn",
        "benign_image": "/img_align_celeba/138383.jpg",
        "initial_adv_image": "/img_align_celeba/055147.jpg",
        "l2_epsilon_goal": 0.05,
        "linf_epsilon_goal": 0.06274509803921569,
        "query_budget": 40000,
        "max_iterations": 1000,
        "initial_queries": 50,
        "dimension_reduction": 1.0
    },
    "results": {
        "total_queries": 30127,
        "final_l2_distance": 5.209164142608643,
        "final_linf_distance": 0.06266516447067261,
        "total_duration_seconds": 751.2418529987335,
        "iteration_times_seconds": [
            6.172021150588989,
            6.355504035949707,
            6.611003160476685,
            6.4467949867248535,
            6.574291944503784,
            6.7642881870269775,
            6.9895851612091064,
            6.954322338104248,
            7.0783305168151855,
            7.111529588699341,
            7.158004999160767,
            7.250464200973511,
            7.086255311965942,
            7.2416672706604,
            7.328434705734253,
            7.445651531219482,
            7.482022762298584,
            7.468588829040527,
            7.5598084926605225,
            7.593668699264526,
            7.6478776931762695,
            7.744959831237793,
            7.707055568695068,
            7.743476390838623,
            8.005935192108154,
            8.10888147354126,
            8.077876091003418,
            8.077125787734985,
            7.9864842891693115,
            8.049373626708984,
            8.071844816207886,
            8.11489486694336,
            8.145431280136108,
            8.18417739868164,
            8.25959587097168,
            8.272836446762085,
            8.14752197265625,
            8.381431102752686,
            8.450334310531616,
            8.423866987228394,
            8.46078634262085,
            8.5586838722229,
            8.571676969528198,
            8.59859848022461,
            8.696177959442139,
            8.727213621139526,
            8.771404504776001,
            8.901756286621094,
            8.825920581817627,
            8.825615167617798,
            8.846919775009155,
            8.901630163192749,
            8.886455059051514,
            8.971189737319946,
            9.026471376419067,
            9.10045051574707,
            9.123938083648682,
            9.09392786026001,
            9.126940727233887,
            9.226207256317139,
            9.240442991256714,
            9.381666660308838,
            9.399614095687866,
            9.414096593856812,
            9.353244066238403,
            9.377991437911987,
            9.308532476425171,
            9.305318593978882,
            9.25912618637085,
            9.293968439102173,
            9.327826023101807,
            9.392598152160645,
            9.37795901298523,
            9.516509056091309,
            9.47254204750061,
            9.505431175231934,
            9.54010796546936,
            9.6563560962677,
            9.701779127120972,
            9.63463282585144,
            9.750813245773315,
            9.710684299468994,
            9.876302480697632,
            9.779015302658081,
            10.048032522201538,
            9.837491273880005,
            9.941743850708008,
            10.027345418930054
        ],
        "output_image_path": "/model_deploy_execution_attack_for_pipeline/outputs/gender_googlenet_mnn_138383_ttba_attack/adversarial_image.png"
    }
}