{
    "status": "SUCCESS",
    "config": {
        "executable": "./resources/execution_files/fsanet_headpose_mnn",
        "benign_image": "/img_align_celeba/007173.jpg",
        "initial_adv_image": "/img_align_celeba/065084.jpg",
        "l2_epsilon_goal": 0.05,
        "linf_epsilon_goal": 0.06274509803921569,
        "query_budget": 40000,
        "max_iterations": 1000,
        "initial_queries": 50,
        "dimension_reduction": 1.0
    },
    "results": {
        "total_queries": 1059,
        "final_l2_distance": 1.8799859285354614,
        "final_linf_distance": 0.024045832455158234,
        "total_duration_seconds": 23.079813480377197,
        "iteration_times_seconds": [
            2.7230286598205566,
            2.7648351192474365,
            2.7002618312835693,
            2.6076395511627197,
            2.659921169281006,
            2.609865665435791,
            2.4859116077423096,
            2.717445135116577
        ],
        "output_image_path": "/model_deploy_execution_attack_for_pipeline/outputs/fsanet_headpose_mnn_007173_ttba_attack/adversarial_image.png"
    }
}