{
    "status": "SUCCESS",
    "config": {
        "executable": "./resources/execution_files/fsanet_headpose_mnn",
        "benign_image": "/img_align_celeba/102751.jpg",
        "initial_adv_image": "/img_align_celeba/001516.jpg",
        "l2_epsilon_goal": 0.05,
        "linf_epsilon_goal": 0.06274509803921569,
        "query_budget": 40000,
        "max_iterations": 1000,
        "initial_queries": 50,
        "dimension_reduction": 1.0
    },
    "results": {
        "total_queries": 4425,
        "final_l2_distance": 4.7607879638671875,
        "final_linf_distance": 0.06094956398010254,
        "total_duration_seconds": 65.66023230552673,
        "iteration_times_seconds": [
            2.4510843753814697,
            2.5252182483673096,
            2.6191599369049072,
            2.6101768016815186,
            2.5700523853302,
            2.545457124710083,
            2.7920353412628174,
            2.7268869876861572,
            2.7387266159057617,
            2.722036361694336,
            2.7877986431121826,
            2.7790584564208984,
            2.8122451305389404,
            2.8666281700134277,
            2.9615185260772705,
            3.00089693069458,
            2.933250904083252,
            2.873335361480713,
            2.947889804840088,
            2.966925621032715,
            2.8476040363311768,
            2.9310948848724365,
            2.859651803970337
        ],
        "output_image_path": "/model_deploy_execution_attack_for_pipeline/outputs/fsanet_headpose_mnn_102751_ttba_attack/adversarial_image.png"
    }
}