{
    "status": "BUDGET_EXHAUSTED",
    "config": {
        "executable": "./resources/execution_files/age_googlenet_mnn",
        "benign_image": "/img_align_celeba/041126.jpg",
        "initial_adv_image": "/img_align_celeba/00000001.png",
        "l2_epsilon_goal": 0.05,
        "linf_epsilon_goal": 0.06274509803921569,
        "query_budget": 40000,
        "max_iterations": 1000,
        "initial_queries": 50,
        "dimension_reduction": 1.0
    },
    "results": {
        "total_queries": 40298,
        "final_l2_distance": 24.086551666259766,
        "final_linf_distance": 0.33765286207199097,
        "total_duration_seconds": 1138.5416724681854,
        "iteration_times_seconds": [
            7.785890579223633,
            8.102065563201904,
            8.293279886245728,
            8.362562656402588,
            8.493825435638428,
            8.498735427856445,
            8.682126760482788,
            8.846979141235352,
            8.883798599243164,
            8.939458847045898,
            9.016475915908813,
            9.055951833724976,
            8.999631881713867,
            9.19950246810913,
            9.395887851715088,
            9.448614120483398,
            9.467660427093506,
            9.562896966934204,
            9.490638256072998,
            9.55751371383667,
            9.645606279373169,
            9.649812698364258,
            9.6986563205719,
            9.5182044506073,
            9.609061479568481,
            9.577543258666992,
            9.82802700996399,
            9.854357481002808,
            9.939396619796753,
            9.924964904785156,
            9.915287256240845,
            9.902749061584473,
            10.091060161590576,
            10.14634394645691,
            10.077067375183105,
            10.170312881469727,
            10.180838108062744,
            10.145705938339233,
            10.30855393409729,
            10.413844347000122,
            10.272079706192017,
            10.472699880599976,
            10.580543756484985,
            10.479319334030151,
            10.509907245635986,
            10.561301946640015,
            10.651602506637573,
            10.741361379623413,
            10.68568730354309,
            10.663280725479126,
            10.685685157775879,
            10.84143853187561,
            10.801216840744019,
            10.852198123931885,
            10.961538314819336,
            10.950494289398193,
            11.004879474639893,
            10.915772914886475,
            10.838939189910889,
            10.915536403656006,
            10.923031568527222,
            11.001056671142578,
            10.96928882598877,
            10.94959282875061,
            10.996055603027344,
            11.046194791793823,
            11.107295751571655,
            11.08681058883667,
            11.033873319625854,
            11.046208620071411,
            11.260584592819214,
            11.238300800323486,
            11.172838687896729,
            11.216770648956299,
            11.286956787109375,
            11.341409921646118,
            11.449588060379028,
            11.346039056777954,
            11.468022108078003,
            11.419529676437378,
            11.59919548034668,
            11.577771663665771,
            11.573140144348145,
            11.677273750305176,
            11.729581832885742,
            11.594000339508057,
            11.648945331573486,
            11.749054193496704,
            11.763109922409058,
            11.761832475662231,
            11.860446453094482,
            11.726188898086548,
            11.787595987319946,
            11.852563381195068,
            11.76647663116455,
            11.783736228942871,
            11.885478973388672,
            11.91526484489441,
            11.975533246994019,
            11.888661623001099,
            12.009585618972778,
            11.958420515060425,
            11.792451858520508,
            11.902643918991089,
            11.908484697341919,
            11.958802461624146,
            12.008109092712402
        ],
        "output_image_path": "/model_deploy_execution_attack_for_pipeline/outputs/age_googlenet_mnn_041126_ttba_attack/adversarial_image.png"
    }
}