{
    "status": "BUDGET_EXHAUSTED",
    "config": {
        "executable": "./resources/execution_files/age_googlenet_mnn",
        "benign_image": "/img_align_celeba/007173.jpg",
        "initial_adv_image": "/img_align_celeba/00000013.png",
        "l2_epsilon_goal": 0.05,
        "linf_epsilon_goal": 0.06274509803921569,
        "query_budget": 40000,
        "max_iterations": 1000,
        "initial_queries": 50,
        "dimension_reduction": 1.0
    },
    "results": {
        "total_queries": 40303,
        "final_l2_distance": 39.2531852722168,
        "final_linf_distance": 0.528841495513916,
        "total_duration_seconds": 1133.8398418426514,
        "iteration_times_seconds": [
            7.82254695892334,
            8.166802406311035,
            8.138778448104858,
            8.297879934310913,
            8.335368633270264,
            8.178597450256348,
            8.550317525863647,
            8.519586563110352,
            8.558655738830566,
            8.57639765739441,
            8.703366756439209,
            8.815335512161255,
            8.889340162277222,
            9.012165307998657,
            9.168354272842407,
            9.213702917098999,
            9.160937547683716,
            9.269592761993408,
            9.371788740158081,
            9.284702062606812,
            9.401308059692383,
            9.472726106643677,
            9.500216960906982,
            9.516149759292603,
            9.535855054855347,
            9.6737539768219,
            9.835367441177368,
            9.829845905303955,
            9.915621519088745,
            9.824500799179077,
            9.933281898498535,
            9.876346588134766,
            10.033780097961426,
            10.103503227233887,
            10.00648283958435,
            10.000777006149292,
            10.210866928100586,
            10.162830829620361,
            10.206929922103882,
            10.196179151535034,
            10.250820875167847,
            10.394068002700806,
            10.395969152450562,
            10.465625047683716,
            10.553906679153442,
            10.569232702255249,
            10.639516830444336,
            10.566171407699585,
            10.578945875167847,
            10.605410814285278,
            10.70942211151123,
            10.730899810791016,
            10.780104398727417,
            10.842488527297974,
            10.77705717086792,
            10.777626991271973,
            10.832385778427124,
            10.875118255615234,
            10.917286396026611,
            11.049962759017944,
            11.05827784538269,
            11.147950649261475,
            11.168056011199951,
            11.173308849334717,
            11.215785503387451,
            11.181128740310669,
            11.205725193023682,
            11.324042797088623,
            11.258812427520752,
            11.288397073745728,
            11.304105758666992,
            11.46049952507019,
            11.459663152694702,
            11.410664081573486,
            11.439537286758423,
            11.379980564117432,
            11.222383975982666,
            11.34693193435669,
            11.421148300170898,
            11.40837025642395,
            11.528632640838623,
            11.496533155441284,
            11.48236083984375,
            11.513517141342163,
            11.595901489257812,
            11.627150774002075,
            11.646251916885376,
            11.60176706314087,
            11.637995481491089,
            11.637865543365479,
            11.667835235595703,
            11.648983478546143,
            11.718299388885498,
            11.65985918045044,
            11.79489803314209,
            11.837490320205688,
            11.790871858596802,
            11.833904504776001,
            11.946154832839966,
            11.935208082199097,
            11.94615912437439,
            11.970368385314941,
            11.949829339981079,
            12.082904815673828,
            12.13887095451355,
            12.143255710601807,
            12.135515213012695
        ],
        "output_image_path": "/model_deploy_execution_attack_for_pipeline/outputs/age_googlenet_mnn_007173_ttba_attack/adversarial_image.png"
    }
}