{
    "status": "SUCCESS",
    "config": {
        "executable": "resources/execution_files/gender_googlenet_mnn",
        "benign_image": "/img_align_celeba/179320.jpg",
        "initial_adv_image": "/img_align_celeba/097212.jpg",
        "l2_epsilon_goal": 0.05,
        "linf_epsilon_goal": 0.06274509803921569,
        "query_budget": 40000,
        "max_iterations": 1000,
        "initial_queries": 50,
        "dimension_reduction": 1.0
    },
    "results": {
        "total_queries": 3896,
        "final_l2_distance": 4.716108798980713,
        "final_linf_distance": 0.06070171296596527,
        "total_duration_seconds": 146.4869155883789,
        "iteration_times_seconds": [
            5.78259015083313,
            6.142119646072388,
            6.200090408325195,
            6.232610702514648,
            6.43300724029541,
            6.37067174911499,
            6.592313051223755,
            6.627990007400513,
            6.582737922668457,
            6.8094940185546875,
            6.7647175788879395,
            6.885653018951416,
            6.97666597366333,
            7.034148931503296,
            7.281143665313721,
            7.279781341552734,
            7.137225866317749,
            7.2171313762664795,
            7.252156734466553,
            7.267271518707275,
            7.334277391433716
        ],
        "output_image_path": "/model_deploy_execution_attack_for_pipeline/outputs/gender_googlenet_mnn_179320_ttba_attack/adversarial_image.png"
    }
}