{
    "status": "SUCCESS",
    "config": {
        "executable": "./resources/execution_files/gender_googlenet_mnn",
        "benign_image": "/img_align_celeba/114669.jpg",
        "initial_adv_image": "/img_align_celeba/007167.jpg",
        "l2_epsilon_goal": 0.05,
        "linf_epsilon_goal": 0.06274509803921569,
        "query_budget": 40000,
        "max_iterations": 1000,
        "initial_queries": 50,
        "dimension_reduction": 1.0
    },
    "results": {
        "total_queries": 4425,
        "final_l2_distance": 4.70156192779541,
        "final_linf_distance": 0.06177287548780441,
        "total_duration_seconds": 157.20950937271118,
        "iteration_times_seconds": [
            5.779672622680664,
            6.138366937637329,
            6.082764625549316,
            6.151516437530518,
            6.2318150997161865,
            6.399121284484863,
            6.536280632019043,
            6.383598804473877,
            6.498213052749634,
            6.53916072845459,
            6.623816728591919,
            6.659505128860474,
            6.891436815261841,
            6.913301944732666,
            6.90623140335083,
            7.066633701324463,
            6.913531303405762,
            6.996231555938721,
            6.994366645812988,
            7.0142505168914795,
            7.0705225467681885,
            7.122417449951172,
            7.084273099899292
        ],
        "output_image_path": "/model_deploy_execution_attack_for_pipeline/outputs/gender_googlenet_mnn_114669_ttba_attack/adversarial_image.png"
    }
}