{
    "status": "SUCCESS",
    "config": {
        "executable": "./resources/execution_files/ssrnet_age_mnn",
        "benign_image": "/img_align_celeba/016724.jpg",
        "initial_adv_image": "/img_align_celeba/047543.jpg",
        "l2_epsilon_goal": 0.05,
        "linf_epsilon_goal": 0.06274509803921569,
        "query_budget": 40000,
        "max_iterations": 1000,
        "initial_queries": 50,
        "dimension_reduction": 1.0
    },
    "results": {
        "total_queries": 1231,
        "final_l2_distance": 4.040801525115967,
        "final_linf_distance": 0.05240100622177124,
        "total_duration_seconds": 21.72566270828247,
        "iteration_times_seconds": [
            2.3165156841278076,
            2.1190595626831055,
            2.1955373287200928,
            2.120103597640991,
            2.191667318344116,
            2.32260799407959,
            2.330397129058838,
            2.374354600906372,
            2.2223143577575684
        ],
        "output_image_path": "/model_deploy_execution_attack_for_pipeline/outputs/ssrnet_age_mnn_016724_ttba_attack/adversarial_image.png"
    }
}