{
    "status": "SUCCESS",
    "config": {
        "executable": "./resources/execution_files/fsanet_headpose_mnn",
        "benign_image": "/img_align_celeba/019365.jpg",
        "initial_adv_image": "/img_align_celeba/017406.jpg",
        "l2_epsilon_goal": 0.05,
        "linf_epsilon_goal": 0.06274509803921569,
        "query_budget": 40000,
        "max_iterations": 1000,
        "initial_queries": 50,
        "dimension_reduction": 1.0
    },
    "results": {
        "total_queries": 3154,
        "final_l2_distance": 4.87821626663208,
        "final_linf_distance": 0.060193032026290894,
        "total_duration_seconds": 50.84326410293579,
        "iteration_times_seconds": [
            2.604640245437622,
            2.735823392868042,
            2.701752185821533,
            2.565711259841919,
            2.606907844543457,
            2.633429527282715,
            2.66213321685791,
            2.841567277908325,
            2.831005573272705,
            2.7653305530548096,
            2.6783690452575684,
            2.707939386367798,
            2.7849538326263428,
            2.791137218475342,
            2.800565242767334,
            2.780242443084717,
            2.86840558052063,
            2.762538194656372
        ],
        "output_image_path": "/model_deploy_execution_attack_for_pipeline/outputs/fsanet_headpose_mnn_019365_ttba_attack/adversarial_image.png"
    }
}