{
    "status": "BUDGET_EXHAUSTED",
    "config": {
        "executable": "resources/execution_files/gender_googlenet_mnn",
        "benign_image": "/img_align_celeba/174638.jpg",
        "initial_adv_image": "/img_align_celeba/045354.jpg",
        "l2_epsilon_goal": 0.05,
        "linf_epsilon_goal": 0.06274509803921569,
        "query_budget": 40000,
        "max_iterations": 1000,
        "initial_queries": 50,
        "dimension_reduction": 1.0
    },
    "results": {
        "total_queries": 40147,
        "final_l2_distance": 10.549521446228027,
        "final_linf_distance": 0.14137238264083862,
        "total_duration_seconds": 967.7992222309113,
        "iteration_times_seconds": [
            6.171643018722534,
            6.444536924362183,
            6.626450300216675,
            6.681495904922485,
            6.778821706771851,
            6.935950756072998,
            7.064006805419922,
            7.140993595123291,
            7.251345872879028,
            7.331103801727295,
            7.325056552886963,
            7.392938613891602,
            7.473905324935913,
            7.599092245101929,
            7.52498459815979,
            7.679100513458252,
            7.635215997695923,
            7.742237567901611,
            7.731424331665039,
            7.701264142990112,
            7.843215703964233,
            7.8747100830078125,
            7.889480829238892,
            8.05294156074524,
            8.061160326004028,
            8.100173473358154,
            8.243301153182983,
            8.297912359237671,
            8.34369707107544,
            8.332168102264404,
            8.36925721168518,
            8.43219804763794,
            8.45589542388916,
            8.48304009437561,
            8.449475526809692,
            8.495310306549072,
            8.652491092681885,
            8.658170223236084,
            8.756086349487305,
            8.772292137145996,
            8.824092864990234,
            8.764415264129639,
            8.800619840621948,
            8.852990865707397,
            8.835221529006958,
            8.904663801193237,
            8.972946405410767,
            9.019605159759521,
            8.909864664077759,
            8.965901851654053,
            9.015910148620605,
            8.969081163406372,
            9.09245753288269,
            9.144286870956421,
            9.118355751037598,
            9.255976676940918,
            9.185170412063599,
            9.292054176330566,
            9.215209007263184,
            9.54726767539978,
            9.495636940002441,
            9.474730968475342,
            9.555888414382935,
            9.587828874588013,
            9.629297018051147,
            9.537572860717773,
            9.659920454025269,
            9.700286865234375,
            9.621421337127686,
            9.710793733596802,
            9.721736192703247,
            9.770772218704224,
            9.830941677093506,
            9.90947961807251,
            9.747827768325806,
            9.836492538452148,
            10.004218101501465,
            9.934257745742798,
            9.996757745742798,
            10.11946415901184,
            10.062491655349731,
            10.202627420425415,
            10.169087648391724,
            9.97893214225769,
            10.158353090286255,
            10.142303466796875,
            10.125419855117798,
            10.155281066894531,
            10.196596145629883,
            10.080134153366089,
            10.054671049118042,
            10.131026983261108,
            10.22813367843628,
            10.166948795318604,
            10.215742588043213,
            10.207775831222534,
            10.25795030593872,
            10.310219049453735,
            10.378235340118408,
            10.46166729927063,
            10.371153831481934,
            10.413504123687744,
            10.416574478149414,
            10.534587860107422,
            10.561769008636475,
            10.588230609893799,
            10.673760414123535
        ],
        "output_image_path": "/model_deploy_execution_attack_for_pipeline/outputs/gender_googlenet_mnn_174638_ttba_attack/adversarial_image.png"
    }
}