{
    "status": "SUCCESS",
    "config": {
        "executable": "./resources/execution_files/fsanet_headpose_mnn",
        "benign_image": "/img_align_celeba/105002.jpg",
        "initial_adv_image": "/img_align_celeba/103315.jpg",
        "l2_epsilon_goal": 0.05,
        "linf_epsilon_goal": 0.06274509803921569,
        "query_budget": 40000,
        "max_iterations": 1000,
        "initial_queries": 50,
        "dimension_reduction": 1.0
    },
    "results": {
        "total_queries": 1808,
        "final_l2_distance": 4.815972328186035,
        "final_linf_distance": 0.06264781951904297,
        "total_duration_seconds": 33.60254502296448,
        "iteration_times_seconds": [
            2.572451591491699,
            2.651454210281372,
            2.6168923377990723,
            2.6388769149780273,
            2.643723249435425,
            2.643078565597534,
            2.697079658508301,
            2.750722885131836,
            2.5186288356781006,
            2.672466278076172,
            2.7577476501464844,
            2.763249397277832
        ],
        "output_image_path": "/model_deploy_execution_attack_for_pipeline/outputs/fsanet_headpose_mnn_105002_ttba_attack/adversarial_image.png"
    }
}