{
    "status": "BUDGET_EXHAUSTED",
    "config": {
        "executable": "./resources/execution_files/age_googlenet_mnn",
        "benign_image": "/img_align_celeba/089038.jpg",
        "initial_adv_image": "/img_align_celeba/00000004.png",
        "l2_epsilon_goal": 0.05,
        "linf_epsilon_goal": 0.06274509803921569,
        "query_budget": 40000,
        "max_iterations": 1000,
        "initial_queries": 50,
        "dimension_reduction": 1.0
    },
    "results": {
        "total_queries": 40307,
        "final_l2_distance": 40.72978210449219,
        "final_linf_distance": 0.6187408566474915,
        "total_duration_seconds": 1138.5402429103851,
        "iteration_times_seconds": [
            7.804951190948486,
            8.14071273803711,
            8.168596029281616,
            8.387957096099854,
            8.384977579116821,
            8.526997566223145,
            8.734752893447876,
            8.83636999130249,
            8.625378608703613,
            8.781081914901733,
            8.762352705001831,
            8.819799900054932,
            8.891752004623413,
            8.944168090820312,
            9.162567853927612,
            9.336277961730957,
            9.224519491195679,
            9.3006751537323,
            9.188855648040771,
            9.377535820007324,
            9.411689281463623,
            9.3837308883667,
            9.436546564102173,
            9.486323833465576,
            9.622252464294434,
            9.672190427780151,
            9.805366516113281,
            9.826545715332031,
            9.941212177276611,
            9.957577466964722,
            9.956650733947754,
            9.973405838012695,
            9.953012228012085,
            9.988349676132202,
            10.073851823806763,
            10.127043962478638,
            10.156232357025146,
            10.210349321365356,
            10.237370491027832,
            10.230786085128784,
            10.257020711898804,
            10.548127889633179,
            10.497681379318237,
            10.492501020431519,
            10.52297854423523,
            10.578425645828247,
            10.707539319992065,
            10.648961544036865,
            10.650160551071167,
            10.671040296554565,
            10.629929304122925,
            10.730113983154297,
            10.746867656707764,
            10.764141321182251,
            10.842228651046753,
            10.841918706893921,
            10.900277376174927,
            10.915066719055176,
            11.024117946624756,
            11.113752841949463,
            11.140820741653442,
            11.165919780731201,
            11.107279300689697,
            11.302889585494995,
            11.216735124588013,
            11.274888277053833,
            11.231427192687988,
            11.338133573532104,
            11.337770938873291,
            11.330873727798462,
            11.366374731063843,
            11.459169149398804,
            11.378762483596802,
            11.420199155807495,
            11.458937168121338,
            11.469795942306519,
            11.531867265701294,
            11.412732362747192,
            11.350896120071411,
            11.368615627288818,
            11.512538194656372,
            11.549078702926636,
            11.585282325744629,
            11.582549095153809,
            11.682475090026855,
            11.618411779403687,
            11.69645619392395,
            11.740696907043457,
            11.720341920852661,
            11.69136667251587,
            11.634077310562134,
            11.754608154296875,
            11.833890199661255,
            11.832999229431152,
            11.921234130859375,
            11.835242748260498,
            11.91899061203003,
            11.943572759628296,
            11.910439014434814,
            11.934446811676025,
            11.996046543121338,
            11.95563006401062,
            12.00649380683899,
            12.146059274673462,
            12.056506156921387,
            12.181609392166138,
            12.259575366973877
        ],
        "output_image_path": "/model_deploy_execution_attack_for_pipeline/outputs/age_googlenet_mnn_089038_ttba_attack/adversarial_image.png"
    }
}