{
    "status": "BUDGET_EXHAUSTED",
    "config": {
        "executable": "resources/execution_files/emotion_ferplus_mnn",
        "benign_image": "/img_align_celeba/128812.jpg",
        "initial_adv_image": "/img_align_celeba/067693.jpg",
        "l2_epsilon_goal": 0.05,
        "linf_epsilon_goal": 0.06274509803921569,
        "query_budget": 40000,
        "max_iterations": 1000,
        "initial_queries": 50,
        "dimension_reduction": 1.0
    },
    "results": {
        "total_queries": 40191,
        "final_l2_distance": 9.788344383239746,
        "final_linf_distance": 0.18743464350700378,
        "total_duration_seconds": 1018.2745678424835,
        "iteration_times_seconds": [
            6.837661504745483,
            7.012197256088257,
            7.027879476547241,
            7.182817459106445,
            7.344159126281738,
            7.445349216461182,
            7.699856996536255,
            7.873567342758179,
            7.875417709350586,
            7.804592132568359,
            7.915160179138184,
            8.017954111099243,
            8.113057851791382,
            8.150493621826172,
            8.256472826004028,
            8.40343689918518,
            8.208102941513062,
            8.422348737716675,
            8.343926429748535,
            8.386141538619995,
            8.407821416854858,
            8.430919170379639,
            8.635745763778687,
            8.546941995620728,
            8.596996784210205,
            8.728600025177002,
            8.824127197265625,
            8.837716341018677,
            8.879192113876343,
            8.99951982498169,
            8.988622665405273,
            9.006420850753784,
            9.045161962509155,
            9.148290634155273,
            9.171942710876465,
            9.255185842514038,
            9.386504411697388,
            9.048008918762207,
            9.261503458023071,
            9.09973669052124,
            9.155223846435547,
            9.3545503616333,
            9.303552627563477,
            9.372713565826416,
            9.470593690872192,
            9.502810716629028,
            9.574295997619629,
            9.537609338760376,
            9.607887983322144,
            9.622689962387085,
            9.626160144805908,
            9.618835687637329,
            9.647802114486694,
            9.524946928024292,
            9.473479270935059,
            9.655943155288696,
            9.674324989318848,
            9.688997030258179,
            9.68103289604187,
            9.763179779052734,
            9.817058324813843,
            9.860262155532837,
            9.93228530883789,
            9.917533159255981,
            9.987640857696533,
            10.079759120941162,
            9.963066816329956,
            10.087414026260376,
            10.141623497009277,
            10.107525110244751,
            10.083988428115845,
            10.251622915267944,
            10.095111846923828,
            10.115259170532227,
            10.134691953659058,
            10.253629446029663,
            10.04398512840271,
            10.110596656799316,
            10.243114471435547,
            10.109712839126587,
            10.26562786102295,
            10.280158996582031,
            10.273202896118164,
            10.387430667877197,
            10.37158465385437,
            10.563797950744629,
            10.491339206695557,
            10.540766716003418,
            10.577859878540039,
            10.547037363052368,
            10.50956654548645,
            10.541846990585327,
            10.54973292350769,
            10.634100914001465,
            10.587896585464478,
            10.666455745697021,
            10.672453880310059,
            10.675360918045044,
            10.759491682052612,
            10.763571500778198,
            10.809086322784424,
            10.764185190200806,
            10.929492712020874,
            10.869622230529785,
            10.839229583740234,
            10.97911286354065,
            11.06639051437378
        ],
        "output_image_path": "/model_deploy_execution_attack_for_pipeline/outputs/emotion_ferplus_mnn_128812_ttba_attack/adversarial_image.png"
    }
}