{
    "status": "BUDGET_EXHAUSTED",
    "config": {
        "executable": "./resources/execution_files/age_googlenet_mnn",
        "benign_image": "/img_align_celeba/008240.jpg",
        "initial_adv_image": "/img_align_celeba/00000018.png",
        "l2_epsilon_goal": 0.05,
        "linf_epsilon_goal": 0.06274509803921569,
        "query_budget": 40000,
        "max_iterations": 1000,
        "initial_queries": 50,
        "dimension_reduction": 1.0
    },
    "results": {
        "total_queries": 40114,
        "final_l2_distance": 21.05385971069336,
        "final_linf_distance": 0.08627478778362274,
        "total_duration_seconds": 1091.365609884262,
        "iteration_times_seconds": [
            7.061201572418213,
            7.457440376281738,
            7.52702260017395,
            7.564228534698486,
            7.703287839889526,
            7.8730149269104,
            7.995089292526245,
            8.038228511810303,
            8.055635452270508,
            8.19264006614685,
            8.28044843673706,
            8.347058296203613,
            8.44062852859497,
            8.44946575164795,
            8.638475894927979,
            8.678297519683838,
            8.755068302154541,
            8.86794662475586,
            8.919582843780518,
            8.880760669708252,
            8.877707481384277,
            8.958118915557861,
            8.984719514846802,
            9.001208782196045,
            9.090524435043335,
            9.07454252243042,
            9.433934926986694,
            9.349276065826416,
            9.403212785720825,
            9.431041479110718,
            9.512235879898071,
            9.489224672317505,
            9.452459335327148,
            9.586681604385376,
            9.546318292617798,
            9.682486534118652,
            9.698241949081421,
            9.748206377029419,
            9.805508136749268,
            9.75691533088684,
            9.873040199279785,
            10.098729372024536,
            9.996476173400879,
            10.018267631530762,
            10.06463885307312,
            10.063158512115479,
            10.085654020309448,
            10.144154787063599,
            10.12281060218811,
            10.201481819152832,
            10.332392930984497,
            10.195066452026367,
            10.244282484054565,
            10.295588493347168,
            10.35613751411438,
            10.557641744613647,
            10.42823052406311,
            10.440370559692383,
            10.470454931259155,
            10.714589834213257,
            10.633533954620361,
            10.655452013015747,
            10.725913763046265,
            10.785078287124634,
            10.67592716217041,
            10.777506828308105,
            10.849565505981445,
            10.874366521835327,
            10.890231132507324,
            10.86130404472351,
            10.857200860977173,
            10.902490377426147,
            10.991779565811157,
            11.029483556747437,
            11.04987359046936,
            10.988336086273193,
            10.97027039527893,
            11.064642429351807,
            11.114271640777588,
            11.177881240844727,
            11.292271852493286,
            11.367428302764893,
            11.371113538742065,
            11.287046194076538,
            11.34814453125,
            11.374706983566284,
            11.370556831359863,
            11.446635007858276,
            11.44637680053711,
            11.404501914978027,
            11.548091173171997,
            11.56344747543335,
            11.488813161849976,
            11.543839931488037,
            11.567687749862671,
            11.616158246994019,
            11.698889255523682,
            11.613901615142822,
            11.636233568191528,
            11.611128568649292,
            11.720574140548706,
            11.746145486831665,
            11.750856399536133,
            11.709893703460693,
            11.752907514572144,
            11.909845113754272,
            12.054516077041626
        ],
        "output_image_path": "/model_deploy_execution_attack_for_pipeline/outputs/age_googlenet_mnn_008240_ttba_attack/adversarial_image.png"
    }
}