{
    "status": "SUCCESS",
    "config": {
        "executable": "./resources/execution_files/ssrnet_age_mnn",
        "benign_image": "/img_align_celeba/144738.jpg",
        "initial_adv_image": "/img_align_celeba/026181.jpg",
        "l2_epsilon_goal": 0.05,
        "linf_epsilon_goal": 0.06274509803921569,
        "query_budget": 40000,
        "max_iterations": 1000,
        "initial_queries": 50,
        "dimension_reduction": 1.0
    },
    "results": {
        "total_queries": 1815,
        "final_l2_distance": 4.662445068359375,
        "final_linf_distance": 0.06226456165313721,
        "total_duration_seconds": 29.501487970352173,
        "iteration_times_seconds": [
            2.2805142402648926,
            2.2489168643951416,
            2.224501609802246,
            2.3177378177642822,
            2.3519606590270996,
            2.3175806999206543,
            2.4141132831573486,
            2.3746888637542725,
            2.335801839828491,
            2.396653175354004,
            2.3100080490112305,
            2.4370579719543457
        ],
        "output_image_path": "/model_deploy_execution_attack_for_pipeline/outputs/ssrnet_age_mnn_144738_ttba_attack/adversarial_image.png"
    }
}