{
    "status": "BUDGET_EXHAUSTED",
    "config": {
        "executable": "./resources/execution_files/gender_googlenet_mnn",
        "benign_image": "/img_align_celeba/148664.jpg",
        "initial_adv_image": "/img_align_celeba/116718.jpg",
        "l2_epsilon_goal": 0.05,
        "linf_epsilon_goal": 0.06274509803921569,
        "query_budget": 40000,
        "max_iterations": 1000,
        "initial_queries": 50,
        "dimension_reduction": 1.0
    },
    "results": {
        "total_queries": 40058,
        "final_l2_distance": 6.982903003692627,
        "final_linf_distance": 0.09913957118988037,
        "total_duration_seconds": 918.6533741950989,
        "iteration_times_seconds": [
            5.923836708068848,
            6.1205809116363525,
            6.297157049179077,
            6.324587106704712,
            6.386355638504028,
            6.593368291854858,
            6.768709659576416,
            6.788518905639648,
            6.87235689163208,
            6.944037437438965,
            6.988919973373413,
            7.015469789505005,
            7.013101100921631,
            6.994734764099121,
            7.045738697052002,
            7.292187690734863,
            7.3870556354522705,
            7.382588624954224,
            7.356173753738403,
            7.4353108406066895,
            7.426387071609497,
            7.3794801235198975,
            7.592952728271484,
            7.572069406509399,
            7.634361505508423,
            7.711269378662109,
            7.851608753204346,
            7.92895245552063,
            7.9662766456604,
            7.945082902908325,
            7.954969644546509,
            7.907069683074951,
            7.9777514934539795,
            8.039061307907104,
            8.131154537200928,
            8.085043907165527,
            8.189416408538818,
            8.22117018699646,
            7.9952850341796875,
            8.156704425811768,
            8.20975923538208,
            8.336338758468628,
            8.371041536331177,
            8.359674215316772,
            8.451526165008545,
            8.415126323699951,
            8.529406785964966,
            8.570266962051392,
            8.506810426712036,
            8.471510171890259,
            8.492352962493896,
            8.572162389755249,
            8.632608652114868,
            8.619069814682007,
            8.651044607162476,
            8.788544416427612,
            8.786871910095215,
            8.64740252494812,
            8.814242362976074,
            8.920117378234863,
            8.940011262893677,
            8.89997386932373,
            8.915945529937744,
            9.04370641708374,
            8.992392778396606,
            9.076410293579102,
            9.030200242996216,
            9.150059461593628,
            9.138997077941895,
            9.207428455352783,
            9.160197973251343,
            9.153703451156616,
            9.183671236038208,
            9.243208646774292,
            9.311124563217163,
            9.361258029937744,
            9.340200901031494,
            9.331825256347656,
            9.47366213798523,
            9.445983409881592,
            9.442542552947998,
            9.537842512130737,
            9.634310960769653,
            9.611119985580444,
            9.660667896270752,
            9.625298261642456,
            9.689620018005371,
            9.70918869972229,
            9.686306953430176,
            9.690901517868042,
            9.716245174407959,
            9.692632675170898,
            9.79421353340149,
            9.839331865310669,
            9.791109800338745,
            9.871191024780273,
            9.777566909790039,
            9.924942255020142,
            9.904937505722046,
            9.9947669506073,
            10.000334739685059,
            9.9915452003479,
            10.107680082321167,
            10.112177848815918,
            10.157268762588501,
            10.219654083251953,
            10.301384687423706
        ],
        "output_image_path": "/model_deploy_execution_attack_for_pipeline/outputs/gender_googlenet_mnn_148664_ttba_attack/adversarial_image.png"
    }
}