{
    "status": "BUDGET_EXHAUSTED",
    "config": {
        "executable": "./resources/execution_files/age_googlenet_mnn",
        "benign_image": "/img_align_celeba/057988.jpg",
        "initial_adv_image": "/img_align_celeba/00000018.png",
        "l2_epsilon_goal": 0.05,
        "linf_epsilon_goal": 0.06274509803921569,
        "query_budget": 40000,
        "max_iterations": 1000,
        "initial_queries": 50,
        "dimension_reduction": 1.0
    },
    "results": {
        "total_queries": 40334,
        "final_l2_distance": 46.690826416015625,
        "final_linf_distance": 0.6250471472740173,
        "total_duration_seconds": 1141.0199971199036,
        "iteration_times_seconds": [
            7.817167043685913,
            8.04681921005249,
            8.104644060134888,
            8.221457719802856,
            8.47542405128479,
            8.511531352996826,
            8.676217317581177,
            8.699674606323242,
            8.805086374282837,
            8.872585535049438,
            8.928362131118774,
            9.044406175613403,
            9.087575912475586,
            9.157953977584839,
            9.26668119430542,
            9.456157207489014,
            9.454956531524658,
            9.429887294769287,
            9.238376379013062,
            9.193595886230469,
            9.346099376678467,
            9.379151344299316,
            9.541486740112305,
            9.55031442642212,
            9.588957071304321,
            9.661415100097656,
            9.733124256134033,
            9.8732008934021,
            9.89205527305603,
            9.861665725708008,
            9.923309326171875,
            9.934242486953735,
            10.042214393615723,
            9.925260305404663,
            10.075769662857056,
            10.076340198516846,
            10.200899124145508,
            10.182813167572021,
            10.219544649124146,
            10.229804515838623,
            10.299253940582275,
            10.43684196472168,
            10.48078203201294,
            10.45127534866333,
            10.518308877944946,
            10.533507347106934,
            10.609110593795776,
            10.571573972702026,
            10.649637460708618,
            10.60980749130249,
            10.716272354125977,
            10.810063362121582,
            10.82707667350769,
            10.823673486709595,
            10.790213584899902,
            10.803805351257324,
            10.818568229675293,
            10.832817077636719,
            10.995961427688599,
            11.213592767715454,
            11.12514042854309,
            11.187769889831543,
            11.138916254043579,
            11.268068313598633,
            11.1733980178833,
            11.194584131240845,
            11.33493685722351,
            11.325124979019165,
            11.27534294128418,
            11.303927183151245,
            11.314917802810669,
            11.306996822357178,
            11.350698471069336,
            11.45999813079834,
            11.549945592880249,
            11.512357711791992,
            11.52267861366272,
            11.600689172744751,
            11.631505727767944,
            11.63231635093689,
            11.729557037353516,
            11.802037715911865,
            11.665623426437378,
            11.731021881103516,
            11.855458736419678,
            11.847611904144287,
            11.805814266204834,
            11.754794597625732,
            11.897477149963379,
            11.946788787841797,
            11.976838827133179,
            11.933786392211914,
            11.890285968780518,
            11.736524820327759,
            11.843607664108276,
            11.870238065719604,
            11.855544805526733,
            11.765934228897095,
            11.83713960647583,
            11.896346807479858,
            11.834212064743042,
            11.97291088104248,
            11.96260142326355,
            11.963218212127686,
            12.029988050460815,
            12.230933904647827,
            12.174907445907593
        ],
        "output_image_path": "/model_deploy_execution_attack_for_pipeline/outputs/age_googlenet_mnn_057988_ttba_attack/adversarial_image.png"
    }
}