{
    "status": "BUDGET_EXHAUSTED",
    "config": {
        "executable": "./resources/execution_files/age_googlenet_mnn",
        "benign_image": "/img_align_celeba/177494.jpg",
        "initial_adv_image": "/img_align_celeba/00000011.png",
        "l2_epsilon_goal": 0.05,
        "linf_epsilon_goal": 0.06274509803921569,
        "query_budget": 40000,
        "max_iterations": 1000,
        "initial_queries": 50,
        "dimension_reduction": 1.0
    },
    "results": {
        "total_queries": 40336,
        "final_l2_distance": 49.949058532714844,
        "final_linf_distance": 0.7278395295143127,
        "total_duration_seconds": 1143.3913841247559,
        "iteration_times_seconds": [
            7.754729986190796,
            8.023085117340088,
            8.165223836898804,
            8.36936640739441,
            8.365478992462158,
            8.440484523773193,
            8.751291990280151,
            8.793960332870483,
            8.882716178894043,
            8.874767303466797,
            8.73180079460144,
            8.776294469833374,
            8.914824724197388,
            8.945998668670654,
            9.169629096984863,
            9.134395122528076,
            9.314312219619751,
            9.312804460525513,
            9.394072771072388,
            9.253463745117188,
            9.425642013549805,
            9.422192096710205,
            9.434325218200684,
            9.454179048538208,
            9.60048246383667,
            9.544872522354126,
            9.793030500411987,
            9.74332308769226,
            9.901960134506226,
            9.916373252868652,
            9.946162700653076,
            9.868424415588379,
            10.02970290184021,
            10.085478067398071,
            10.113990306854248,
            10.084993839263916,
            10.09873366355896,
            10.21901249885559,
            10.218024492263794,
            10.294334173202515,
            10.27522897720337,
            10.457298517227173,
            10.467152118682861,
            10.561465501785278,
            10.546731233596802,
            10.578012466430664,
            10.550218343734741,
            10.631458044052124,
            10.741721391677856,
            10.746496677398682,
            10.716654777526855,
            10.82120156288147,
            10.726690292358398,
            10.78578519821167,
            10.743060111999512,
            10.868789434432983,
            10.958769798278809,
            10.965062618255615,
            10.997306108474731,
            11.082118272781372,
            11.170057773590088,
            11.098801374435425,
            11.215235471725464,
            11.229733228683472,
            11.270650863647461,
            11.253808975219727,
            11.27913498878479,
            11.24907898902893,
            11.222596645355225,
            11.236440896987915,
            11.26166319847107,
            11.311354637145996,
            11.355689764022827,
            11.388453960418701,
            11.557554960250854,
            11.482874870300293,
            11.503983736038208,
            11.584915399551392,
            11.541827917098999,
            11.587581634521484,
            11.834951400756836,
            11.709342002868652,
            11.800946712493896,
            11.808939695358276,
            11.869608640670776,
            11.875160217285156,
            11.863133430480957,
            11.905230045318604,
            11.994966506958008,
            11.916889429092407,
            12.044530630111694,
            12.082464218139648,
            12.070956230163574,
            11.928884983062744,
            11.96216106414795,
            12.055451154708862,
            12.086179494857788,
            12.0546236038208,
            12.143319606781006,
            12.282982587814331,
            12.203150749206543,
            12.112913370132446,
            12.244723320007324,
            11.968544006347656,
            12.042320013046265,
            12.220616340637207,
            12.242333889007568
        ],
        "output_image_path": "/model_deploy_execution_attack_for_pipeline/outputs/age_googlenet_mnn_177494_ttba_attack/adversarial_image.png"
    }
}