{
    "status": "SUCCESS",
    "config": {
        "executable": "./resources/execution_files/fsanet_headpose_mnn",
        "benign_image": "/img_align_celeba/173180.jpg",
        "initial_adv_image": "/img_align_celeba/158311.jpg",
        "l2_epsilon_goal": 0.05,
        "linf_epsilon_goal": 0.06274509803921569,
        "query_budget": 40000,
        "max_iterations": 1000,
        "initial_queries": 50,
        "dimension_reduction": 1.0
    },
    "results": {
        "total_queries": 1049,
        "final_l2_distance": 3.219099521636963,
        "final_linf_distance": 0.04839148372411728,
        "total_duration_seconds": 21.789616584777832,
        "iteration_times_seconds": [
            2.4355344772338867,
            2.4758477210998535,
            2.5937187671661377,
            2.4331300258636475,
            2.3873302936553955,
            2.583641290664673,
            2.4771859645843506,
            2.661705493927002
        ],
        "output_image_path": "/model_deploy_execution_attack_for_pipeline/outputs/fsanet_headpose_mnn_173180_ttba_attack/adversarial_image.png"
    }
}