{
    "status": "SUCCESS",
    "config": {
        "executable": "./resources/execution_files/fsanet_headpose_mnn",
        "benign_image": "/img_align_celeba/010369.jpg",
        "initial_adv_image": "/img_align_celeba/082179.jpg",
        "l2_epsilon_goal": 0.05,
        "linf_epsilon_goal": 0.06274509803921569,
        "query_budget": 40000,
        "max_iterations": 1000,
        "initial_queries": 50,
        "dimension_reduction": 1.0
    },
    "results": {
        "total_queries": 578,
        "final_l2_distance": 3.717021942138672,
        "final_linf_distance": 0.049743592739105225,
        "total_duration_seconds": 14.37496542930603,
        "iteration_times_seconds": [
            2.5679385662078857,
            2.5072548389434814,
            2.532193183898926,
            2.4252688884735107,
            2.5984344482421875
        ],
        "output_image_path": "/model_deploy_execution_attack_for_pipeline/outputs/fsanet_headpose_mnn_010369_ttba_attack/adversarial_image.png"
    }
}