{
    "status": "BUDGET_EXHAUSTED",
    "config": {
        "executable": "./resources/execution_files/gender_googlenet_mnn",
        "benign_image": "/img_align_celeba/002779.jpg",
        "initial_adv_image": "/img_align_celeba/195377.jpg",
        "l2_epsilon_goal": 0.05,
        "linf_epsilon_goal": 0.06274509803921569,
        "query_budget": 40000,
        "max_iterations": 1000,
        "initial_queries": 50,
        "dimension_reduction": 1.0
    },
    "results": {
        "total_queries": 40176,
        "final_l2_distance": 12.855609893798828,
        "final_linf_distance": 0.3133588433265686,
        "total_duration_seconds": 938.5777781009674,
        "iteration_times_seconds": [
            6.108629941940308,
            6.362977981567383,
            6.440775632858276,
            6.5322582721710205,
            6.641319513320923,
            6.784362077713013,
            6.9484148025512695,
            6.999826669692993,
            7.077142953872681,
            7.1094136238098145,
            7.146313190460205,
            7.1911940574646,
            7.244594097137451,
            7.233659267425537,
            7.311413288116455,
            7.3754212856292725,
            7.606121063232422,
            7.480932950973511,
            7.7405664920806885,
            7.611059665679932,
            7.641099691390991,
            7.719425201416016,
            7.653963804244995,
            7.800827741622925,
            7.787305116653442,
            7.8696348667144775,
            8.00363802909851,
            8.076599597930908,
            8.05202603340149,
            8.097160577774048,
            8.065783023834229,
            8.13477349281311,
            8.187634706497192,
            8.220466613769531,
            8.290603399276733,
            8.290272235870361,
            8.329282283782959,
            8.43359375,
            8.486948251724243,
            8.462701559066772,
            8.559131622314453,
            8.73967981338501,
            8.737673044204712,
            8.677854776382446,
            8.708953857421875,
            8.771155834197998,
            8.775952577590942,
            8.78989052772522,
            8.913982152938843,
            8.70915937423706,
            8.658733129501343,
            8.686404943466187,
            8.752868890762329,
            8.77445101737976,
            8.867259979248047,
            8.908933877944946,
            8.90559720993042,
            8.904330015182495,
            8.953624486923218,
            8.95296835899353,
            9.089232444763184,
            9.14427900314331,
            9.06618881225586,
            9.257378339767456,
            9.210944414138794,
            9.21558403968811,
            9.3093740940094,
            9.279375791549683,
            9.314901351928711,
            9.306936025619507,
            9.264580249786377,
            9.467809915542603,
            9.422205448150635,
            9.390162706375122,
            9.375936269760132,
            9.484757900238037,
            9.51821517944336,
            9.484506130218506,
            9.537024021148682,
            9.660868167877197,
            9.799800157546997,
            9.698061227798462,
            9.804072141647339,
            9.829800605773926,
            9.754070281982422,
            9.858514547348022,
            9.879369974136353,
            9.817277908325195,
            9.929730415344238,
            9.885555267333984,
            9.911143779754639,
            9.89827847480774,
            9.940523386001587,
            9.90362024307251,
            9.959296703338623,
            9.942108392715454,
            10.017479181289673,
            9.952980279922485,
            10.039722919464111,
            10.191834926605225,
            10.122238636016846,
            10.245608806610107,
            10.255547046661377,
            10.181036233901978,
            10.242949485778809,
            9.990115404129028,
            10.236575841903687
        ],
        "output_image_path": "/model_deploy_execution_attack_for_pipeline/outputs/gender_googlenet_mnn_002779_ttba_attack/adversarial_image.png"
    }
}