{
    "status": "BUDGET_EXHAUSTED",
    "config": {
        "executable": "./resources/execution_files/fsanet_headpose_mnn",
        "benign_image": "/img_align_celeba/156328.jpg",
        "initial_adv_image": "/img_align_celeba/105002.jpg",
        "l2_epsilon_goal": 0.05,
        "linf_epsilon_goal": 0.06274509803921569,
        "query_budget": 40000,
        "max_iterations": 1000,
        "initial_queries": 50,
        "dimension_reduction": 1.0
    },
    "results": {
        "total_queries": 40034,
        "final_l2_distance": 4.855917453765869,
        "final_linf_distance": 0.07373577356338501,
        "total_duration_seconds": 355.5532429218292,
        "iteration_times_seconds": [
            2.695502519607544,
            2.7172739505767822,
            2.7551238536834717,
            2.6577060222625732,
            2.7761118412017822,
            2.9107472896575928,
            2.7831852436065674,
            2.7938458919525146,
            2.9733951091766357,
            2.9024717807769775,
            2.806966781616211,
            2.8645880222320557,
            2.984849452972412,
            3.142732620239258,
            3.102844715118408,
            2.927356481552124,
            2.880612850189209,
            2.983218193054199,
            2.976853370666504,
            3.0553901195526123,
            2.9674265384674072,
            3.143324851989746,
            3.067917823791504,
            2.9797163009643555,
            3.018221855163574,
            3.1454367637634277,
            3.06915283203125,
            3.1133170127868652,
            3.1246399879455566,
            3.1210196018218994,
            3.127098798751831,
            3.134324550628662,
            3.154170036315918,
            3.0175869464874268,
            3.1007492542266846,
            3.1645538806915283,
            3.1522912979125977,
            3.1059410572052,
            3.1757688522338867,
            3.24368953704834,
            3.240508794784546,
            3.2148396968841553,
            3.2167181968688965,
            3.235036849975586,
            3.3254475593566895,
            3.2803120613098145,
            3.2618155479431152,
            3.27834415435791,
            3.327073097229004,
            3.2760274410247803,
            3.2302944660186768,
            3.4144527912139893,
            3.3711166381835938,
            3.2761270999908447,
            3.404773473739624,
            3.438431978225708,
            3.2785263061523438,
            3.350241184234619,
            3.3558907508850098,
            3.426161527633667,
            3.4678165912628174,
            3.43605899810791,
            3.383159875869751,
            3.4758083820343018,
            3.425664186477661,
            3.5072693824768066,
            3.4530155658721924,
            3.5473320484161377,
            3.4809651374816895,
            3.4300272464752197,
            3.500274658203125,
            3.534166097640991,
            3.415595531463623,
            3.674984931945801,
            3.568413734436035,
            3.57747483253479,
            3.546067714691162,
            3.5950124263763428,
            3.7339882850646973,
            3.5265731811523438,
            3.478968858718872,
            3.4738550186157227,
            3.5053415298461914,
            3.608569383621216,
            3.5577123165130615,
            3.4815168380737305,
            3.6570327281951904,
            3.526599645614624,
            3.651926279067993,
            3.555565118789673,
            3.5837717056274414,
            3.519700527191162,
            3.629141092300415,
            3.569389820098877,
            3.5868313312530518,
            3.641509771347046,
            3.6034646034240723,
            3.7511532306671143,
            3.632266044616699,
            3.6117656230926514,
            3.6303460597991943,
            3.628706216812134,
            3.6788432598114014,
            3.7233757972717285,
            3.7975475788116455,
            3.7135820388793945,
            3.7117505073547363
        ],
        "output_image_path": "/model_deploy_execution_attack_for_pipeline/outputs/fsanet_headpose_mnn_156328_ttba_attack/adversarial_image.png"
    }
}