{
    "status": "SUCCESS",
    "config": {
        "executable": "resources/execution_files/gender_googlenet_mnn",
        "benign_image": "/img_align_celeba/103315.jpg",
        "initial_adv_image": "/img_align_celeba/117406.jpg",
        "l2_epsilon_goal": 0.05,
        "linf_epsilon_goal": 0.06274509803921569,
        "query_budget": 40000,
        "max_iterations": 1000,
        "initial_queries": 50,
        "dimension_reduction": 1.0
    },
    "results": {
        "total_queries": 4425,
        "final_l2_distance": 4.561218738555908,
        "final_linf_distance": 0.05911587178707123,
        "total_duration_seconds": 161.50273776054382,
        "iteration_times_seconds": [
            5.67069149017334,
            6.106854438781738,
            6.183473110198975,
            6.417857885360718,
            6.4191272258758545,
            6.610154628753662,
            6.812723875045776,
            6.811519145965576,
            6.874518156051636,
            6.82053279876709,
            6.776733636856079,
            6.879088640213013,
            6.963247537612915,
            7.041642665863037,
            7.157268762588501,
            7.190365791320801,
            7.091867208480835,
            7.167359352111816,
            7.133764743804932,
            7.2179114818573,
            7.250178575515747,
            7.2637646198272705,
            7.3674516677856445
        ],
        "output_image_path": "/model_deploy_execution_attack_for_pipeline/outputs/gender_googlenet_mnn_103315_ttba_attack/adversarial_image.png"
    }
}