{
    "status": "BUDGET_EXHAUSTED",
    "config": {
        "executable": "./resources/execution_files/age_googlenet_mnn",
        "benign_image": "/img_align_celeba/153536.jpg",
        "initial_adv_image": "/img_align_celeba/00000008.png",
        "l2_epsilon_goal": 0.05,
        "linf_epsilon_goal": 0.06274509803921569,
        "query_budget": 40000,
        "max_iterations": 1000,
        "initial_queries": 50,
        "dimension_reduction": 1.0
    },
    "results": {
        "total_queries": 40361,
        "final_l2_distance": 63.772274017333984,
        "final_linf_distance": 0.8615162968635559,
        "total_duration_seconds": 1155.5632424354553,
        "iteration_times_seconds": [
            7.811354398727417,
            8.144728183746338,
            8.184536695480347,
            8.314459323883057,
            8.41612982749939,
            8.542510271072388,
            8.822536706924438,
            8.904494285583496,
            8.842597246170044,
            8.910362243652344,
            9.000211238861084,
            9.066284418106079,
            9.27168345451355,
            9.30703067779541,
            9.390873908996582,
            9.412367105484009,
            9.542098045349121,
            9.481091976165771,
            9.618268013000488,
            9.565277099609375,
            9.716901302337646,
            9.695611476898193,
            9.777396202087402,
            9.768696308135986,
            9.853137969970703,
            9.87201714515686,
            10.048444747924805,
            10.111926078796387,
            10.175470352172852,
            10.149242639541626,
            10.151612281799316,
            9.985577583312988,
            10.084067821502686,
            10.061342239379883,
            10.23515796661377,
            10.063817977905273,
            10.257873058319092,
            10.31091833114624,
            10.293437719345093,
            10.309886455535889,
            10.334287166595459,
            10.520337343215942,
            10.526272773742676,
            10.613277196884155,
            10.548868894577026,
            10.67128849029541,
            10.701871871948242,
            10.647518396377563,
            10.679019212722778,
            10.796269416809082,
            10.771271467208862,
            10.87191915512085,
            10.79307746887207,
            10.816850900650024,
            10.945198774337769,
            10.892598628997803,
            10.914920806884766,
            11.003906726837158,
            11.083305358886719,
            11.150848627090454,
            11.160818099975586,
            11.237396717071533,
            11.269976377487183,
            11.236841678619385,
            11.376466751098633,
            11.329062938690186,
            11.251061916351318,
            11.420555591583252,
            11.338541030883789,
            11.470827102661133,
            11.53017544746399,
            11.442686796188354,
            11.479354858398438,
            11.468595027923584,
            11.481921672821045,
            11.637386322021484,
            11.502238035202026,
            11.558681011199951,
            11.59285020828247,
            11.666829347610474,
            11.89249587059021,
            11.888262033462524,
            11.842667818069458,
            11.869708776473999,
            11.880809545516968,
            11.92134141921997,
            11.912606239318848,
            11.991113662719727,
            12.003264665603638,
            12.049567699432373,
            12.037163734436035,
            12.005624532699585,
            12.099509000778198,
            12.030273675918579,
            11.982101440429688,
            12.147393465042114,
            12.19213581085205,
            12.124088525772095,
            12.181678056716919,
            12.343082189559937,
            12.23524284362793,
            12.288986206054688,
            12.333076000213623,
            12.3120756149292,
            12.34703803062439,
            12.450061798095703,
            12.450367212295532
        ],
        "output_image_path": "/model_deploy_execution_attack_for_pipeline/outputs/age_googlenet_mnn_153536_ttba_attack/adversarial_image.png"
    }
}