{
    "status": "SUCCESS",
    "config": {
        "executable": "resources/execution_files/emotion_ferplus_mnn",
        "benign_image": "/img_align_celeba/109604.jpg",
        "initial_adv_image": "/img_align_celeba/046885.jpg",
        "l2_epsilon_goal": 0.05,
        "linf_epsilon_goal": 0.06274509803921569,
        "query_budget": 40000,
        "max_iterations": 1000,
        "initial_queries": 50,
        "dimension_reduction": 1.0
    },
    "results": {
        "total_queries": 26226,
        "final_l2_distance": 4.542949676513672,
        "final_linf_distance": 0.06112176179885864,
        "total_duration_seconds": 698.6535077095032,
        "iteration_times_seconds": [
            6.291162729263306,
            6.5885326862335205,
            6.806044101715088,
            6.811480283737183,
            6.946639776229858,
            7.118278980255127,
            7.39971661567688,
            7.395269870758057,
            7.412095069885254,
            7.353208541870117,
            7.37493109703064,
            7.51469349861145,
            7.517941236495972,
            7.662755012512207,
            7.719855308532715,
            7.810736656188965,
            7.916140556335449,
            7.990814447402954,
            7.9847235679626465,
            8.00165057182312,
            8.034249305725098,
            8.081873178482056,
            8.080860614776611,
            8.006219863891602,
            8.01006031036377,
            8.070650577545166,
            8.193793296813965,
            8.400480031967163,
            8.363933324813843,
            8.453573226928711,
            8.377641439437866,
            8.432926177978516,
            8.473572015762329,
            8.523531913757324,
            8.555814981460571,
            8.708537578582764,
            8.587959051132202,
            8.763513565063477,
            8.75413703918457,
            8.83513617515564,
            8.896951675415039,
            9.023597478866577,
            8.970797538757324,
            9.026814699172974,
            9.012274026870728,
            9.039416790008545,
            9.184347867965698,
            9.202735662460327,
            9.183244466781616,
            9.177378177642822,
            9.184333324432373,
            9.192817211151123,
            9.214679718017578,
            9.337660789489746,
            9.328250169754028,
            9.486987113952637,
            9.455679893493652,
            9.204800367355347,
            9.3651123046875,
            9.489875078201294,
            9.443933963775635,
            9.541416883468628,
            9.483513832092285,
            9.534003734588623,
            9.608778476715088,
            9.611652374267578,
            9.59128999710083,
            9.707868576049805,
            9.778687238693237,
            9.764177799224854,
            9.739408016204834,
            9.770660877227783,
            9.904881477355957,
            9.889484882354736,
            9.846587896347046,
            9.866443634033203,
            9.914679527282715,
            9.94480586051941,
            9.928844928741455,
            9.97654390335083
        ],
        "output_image_path": "/model_deploy_execution_attack_for_pipeline/outputs/emotion_ferplus_mnn_109604_ttba_attack/adversarial_image.png"
    }
}