{
    "status": "BUDGET_EXHAUSTED",
    "config": {
        "executable": "./resources/execution_files/gender_googlenet_mnn",
        "benign_image": "/img_align_celeba/033598.jpg",
        "initial_adv_image": "/img_align_celeba/142349.jpg",
        "l2_epsilon_goal": 0.05,
        "linf_epsilon_goal": 0.06274509803921569,
        "query_budget": 40000,
        "max_iterations": 1000,
        "initial_queries": 50,
        "dimension_reduction": 1.0
    },
    "results": {
        "total_queries": 40091,
        "final_l2_distance": 6.541652679443359,
        "final_linf_distance": 0.08972880244255066,
        "total_duration_seconds": 927.0300505161285,
        "iteration_times_seconds": [
            6.052733659744263,
            6.362331390380859,
            6.440510988235474,
            6.480538368225098,
            6.627316474914551,
            6.824969291687012,
            6.999981880187988,
            6.9728100299835205,
            7.086726665496826,
            7.0824196338653564,
            7.111286163330078,
            7.073230743408203,
            7.109319448471069,
            7.3899641036987305,
            7.355921030044556,
            7.427064895629883,
            7.468312740325928,
            7.480674982070923,
            7.547872066497803,
            7.652312755584717,
            7.733107566833496,
            7.63052225112915,
            7.736161470413208,
            7.58732271194458,
            7.667924642562866,
            7.6636481285095215,
            7.807049036026001,
            7.899789094924927,
            7.970587491989136,
            8.010042190551758,
            7.996150970458984,
            8.018218040466309,
            8.01303505897522,
            8.093072414398193,
            8.106628894805908,
            8.102564811706543,
            8.168940544128418,
            8.273500680923462,
            8.31021785736084,
            8.458544969558716,
            8.391294717788696,
            8.408722639083862,
            8.548744916915894,
            8.548402309417725,
            8.633177995681763,
            8.63358736038208,
            8.61850094795227,
            8.477583885192871,
            8.477468490600586,
            8.550076723098755,
            8.594519138336182,
            8.547633171081543,
            8.633587121963501,
            8.730950355529785,
            8.691695928573608,
            8.700458526611328,
            8.770729780197144,
            8.810846090316772,
            8.78477931022644,
            8.892062664031982,
            9.020386219024658,
            9.02536678314209,
            9.043616533279419,
            9.006581544876099,
            9.09920334815979,
            9.196717977523804,
            9.099247455596924,
            9.160254001617432,
            9.135172605514526,
            9.206096887588501,
            9.214267015457153,
            9.26759386062622,
            9.369346380233765,
            9.290744066238403,
            9.378052711486816,
            9.285147905349731,
            9.346636772155762,
            9.442872762680054,
            9.41578197479248,
            9.347387790679932,
            9.623333930969238,
            9.618711948394775,
            9.701967239379883,
            9.617906332015991,
            9.65281891822815,
            9.71262502670288,
            9.658805847167969,
            9.737797021865845,
            9.722530364990234,
            9.756207704544067,
            9.722143173217773,
            9.793231964111328,
            9.818193912506104,
            9.925914525985718,
            9.777202606201172,
            9.809052228927612,
            9.87165904045105,
            9.967425346374512,
            10.046365976333618,
            9.966733932495117,
            9.894206523895264,
            10.003111362457275,
            10.034964799880981,
            10.084841966629028,
            10.183954000473022,
            10.168716669082642,
            10.179919719696045
        ],
        "output_image_path": "/model_deploy_execution_attack_for_pipeline/outputs/gender_googlenet_mnn_033598_ttba_attack/adversarial_image.png"
    }
}