{
    "status": "SUCCESS",
    "config": {
        "executable": "./resources/execution_files/ssrnet_age_mnn",
        "benign_image": "/img_align_celeba/184508.jpg",
        "initial_adv_image": "/img_align_celeba/137067.jpg",
        "l2_epsilon_goal": 0.05,
        "linf_epsilon_goal": 0.06274509803921569,
        "query_budget": 40000,
        "max_iterations": 1000,
        "initial_queries": 50,
        "dimension_reduction": 1.0
    },
    "results": {
        "total_queries": 14512,
        "final_l2_distance": 4.536294460296631,
        "final_linf_distance": 0.0590573251247406,
        "total_duration_seconds": 141.2198359966278,
        "iteration_times_seconds": [
            2.1572084426879883,
            2.3811841011047363,
            2.2742226123809814,
            2.3295516967773438,
            2.334714889526367,
            2.3990540504455566,
            2.4274649620056152,
            2.413938283920288,
            2.5277817249298096,
            2.550888776779175,
            2.4671077728271484,
            2.5036075115203857,
            2.5879034996032715,
            2.489647388458252,
            2.5965874195098877,
            2.618412733078003,
            2.6762607097625732,
            2.8415753841400146,
            2.5648128986358643,
            2.649345636367798,
            2.471968173980713,
            2.559056043624878,
            2.717196464538574,
            2.6546356678009033,
            2.6325950622558594,
            2.6757898330688477,
            2.7180581092834473,
            2.7835543155670166,
            2.686429023742676,
            2.635704755783081,
            2.646853446960449,
            2.6295325756073,
            2.622511863708496,
            2.598888874053955,
            2.687656879425049,
            2.661879777908325,
            2.664316415786743,
            2.740894317626953,
            2.793839693069458,
            2.767277717590332,
            2.817476272583008,
            2.8128626346588135,
            2.7520718574523926,
            2.846047878265381,
            2.847372531890869,
            2.851292133331299,
            2.7551379203796387,
            2.780322790145874,
            2.7864131927490234,
            2.846665143966675,
            2.9013869762420654,
            2.790001392364502,
            2.7297956943511963
        ],
        "output_image_path": "/model_deploy_execution_attack_for_pipeline/outputs/ssrnet_age_mnn_184508_ttba_attack/adversarial_image.png"
    }
}