{
    "status": "BUDGET_EXHAUSTED",
    "config": {
        "executable": "./resources/execution_files/age_googlenet_mnn",
        "benign_image": "/img_align_celeba/102779.jpg",
        "initial_adv_image": "/img_align_celeba/00000001.png",
        "l2_epsilon_goal": 0.05,
        "linf_epsilon_goal": 0.06274509803921569,
        "query_budget": 40000,
        "max_iterations": 1000,
        "initial_queries": 50,
        "dimension_reduction": 1.0
    },
    "results": {
        "total_queries": 40373,
        "final_l2_distance": 54.578495025634766,
        "final_linf_distance": 0.7343136668205261,
        "total_duration_seconds": 1158.8787317276,
        "iteration_times_seconds": [
            7.803307294845581,
            8.11459732055664,
            8.22837209701538,
            8.411301612854004,
            8.436004877090454,
            8.479574918746948,
            8.770050287246704,
            8.819923639297485,
            8.9059419631958,
            8.945069313049316,
            8.97329068183899,
            9.081321716308594,
            9.222764015197754,
            9.17929220199585,
            9.347987174987793,
            9.546397924423218,
            9.502092123031616,
            9.571144819259644,
            9.603548526763916,
            9.648670434951782,
            9.718609809875488,
            9.720266342163086,
            9.839745283126831,
            9.763709783554077,
            9.874377012252808,
            9.991995334625244,
            10.053179264068604,
            10.13056468963623,
            10.1495943069458,
            10.249335765838623,
            10.217618942260742,
            10.321624994277954,
            10.339703559875488,
            10.229257345199585,
            10.394077062606812,
            10.378949880599976,
            10.391336679458618,
            10.588593482971191,
            10.488897800445557,
            10.463801145553589,
            10.648958921432495,
            10.72922134399414,
            10.830229997634888,
            10.635914087295532,
            10.604838848114014,
            10.723580360412598,
            10.677026271820068,
            10.682405948638916,
            10.669068574905396,
            10.770541191101074,
            10.760559797286987,
            10.766582489013672,
            10.795233249664307,
            10.828758478164673,
            10.945829629898071,
            10.97171950340271,
            11.041199445724487,
            10.922798871994019,
            10.998729944229126,
            11.191196918487549,
            11.206809043884277,
            11.26437783241272,
            11.309768438339233,
            11.334380865097046,
            11.29251503944397,
            11.317127466201782,
            11.342900276184082,
            11.348235607147217,
            11.426396608352661,
            11.377517461776733,
            11.375325441360474,
            11.469122171401978,
            11.453930377960205,
            11.49393367767334,
            11.556803941726685,
            11.505245685577393,
            11.607823371887207,
            11.672271013259888,
            11.696839570999146,
            11.722541570663452,
            11.844412565231323,
            11.806845426559448,
            11.830475807189941,
            11.840977430343628,
            11.854723691940308,
            11.870365858078003,
            11.991568565368652,
            11.972557544708252,
            11.99759817123413,
            12.030103921890259,
            11.998606204986572,
            11.984996795654297,
            12.132513999938965,
            11.988840103149414,
            12.089123249053955,
            12.13827109336853,
            12.120431184768677,
            12.201164484024048,
            12.211333274841309,
            12.265076398849487,
            12.201380252838135,
            12.34488821029663,
            12.299707174301147,
            12.332189559936523,
            12.302255630493164,
            12.406960248947144,
            12.482967615127563
        ],
        "output_image_path": "/model_deploy_execution_attack_for_pipeline/outputs/age_googlenet_mnn_102779_ttba_attack/adversarial_image.png"
    }
}