{
    "status": "BUDGET_EXHAUSTED",
    "config": {
        "executable": "./resources/execution_files/emotion_ferplus_mnn",
        "benign_image": "/img_align_celeba/156300.jpg",
        "initial_adv_image": "/img_align_celeba/111077.jpg",
        "l2_epsilon_goal": 0.05,
        "linf_epsilon_goal": 0.06274509803921569,
        "query_budget": 40000,
        "max_iterations": 1000,
        "initial_queries": 50,
        "dimension_reduction": 1.0
    },
    "results": {
        "total_queries": 40156,
        "final_l2_distance": 10.52015209197998,
        "final_linf_distance": 0.15093481540679932,
        "total_duration_seconds": 1006.6079626083374,
        "iteration_times_seconds": [
            6.464752197265625,
            6.767340898513794,
            6.821159839630127,
            7.001353025436401,
            7.14045262336731,
            7.28979229927063,
            7.450894594192505,
            7.516534805297852,
            7.544369459152222,
            7.717981815338135,
            7.651719331741333,
            7.716867446899414,
            7.904409646987915,
            7.916376829147339,
            8.038917779922485,
            8.130892992019653,
            8.19712233543396,
            8.235628604888916,
            8.31381344795227,
            8.338444232940674,
            8.254824161529541,
            8.214324951171875,
            8.337425231933594,
            8.307020902633667,
            8.4846031665802,
            8.396235227584839,
            8.585091590881348,
            8.752307653427124,
            8.678081274032593,
            8.76304578781128,
            8.853144645690918,
            8.840673208236694,
            8.87726879119873,
            8.84951639175415,
            8.98277759552002,
            8.962155103683472,
            8.914195775985718,
            9.023765087127686,
            9.124553918838501,
            9.07271122932434,
            9.15577220916748,
            9.346198797225952,
            9.190481662750244,
            9.338857173919678,
            9.074668407440186,
            9.200162887573242,
            9.292557001113892,
            9.323844909667969,
            9.288380146026611,
            9.307237386703491,
            9.428659915924072,
            9.436346054077148,
            9.460973501205444,
            9.502386569976807,
            9.469960451126099,
            9.659103631973267,
            9.639692068099976,
            9.637120962142944,
            9.734167337417603,
            9.795604705810547,
            9.755343914031982,
            9.840164184570312,
            9.85603928565979,
            9.897427320480347,
            9.841755628585815,
            9.884250402450562,
            9.936102151870728,
            9.985443592071533,
            10.018648147583008,
            9.957906723022461,
            10.096371412277222,
            10.116023302078247,
            10.183100461959839,
            10.168019771575928,
            10.153431415557861,
            10.16105318069458,
            10.26416540145874,
            10.340149164199829,
            10.312668323516846,
            10.303257465362549,
            10.416295051574707,
            10.580147981643677,
            10.451668977737427,
            10.392435312271118,
            10.415375709533691,
            10.3955819606781,
            10.43321967124939,
            10.47846508026123,
            10.477060079574585,
            10.482305765151978,
            10.45876955986023,
            10.581623554229736,
            10.538795232772827,
            10.453162908554077,
            10.678675651550293,
            10.523594379425049,
            10.650010824203491,
            10.702314376831055,
            10.666050672531128,
            10.730475664138794,
            10.74207353591919,
            10.760107040405273,
            10.72598910331726,
            10.836626291275024,
            10.919863224029541,
            10.903488874435425,
            10.928449869155884
        ],
        "output_image_path": "/model_deploy_execution_attack_for_pipeline/outputs/emotion_ferplus_mnn_156300_ttba_attack/adversarial_image.png"
    }
}