{
    "status": "SUCCESS",
    "config": {
        "executable": "resources/execution_files/emotion_ferplus_mnn",
        "benign_image": "/img_align_celeba/056328.jpg",
        "initial_adv_image": "/img_align_celeba/045354.jpg",
        "l2_epsilon_goal": 0.05,
        "linf_epsilon_goal": 0.06274509803921569,
        "query_budget": 40000,
        "max_iterations": 1000,
        "initial_queries": 50,
        "dimension_reduction": 1.0
    },
    "results": {
        "total_queries": 12288,
        "final_l2_distance": 4.470930099487305,
        "final_linf_distance": 0.060195326805114746,
        "total_duration_seconds": 397.85214591026306,
        "iteration_times_seconds": [
            6.66620135307312,
            6.956576824188232,
            7.077119827270508,
            7.25913143157959,
            7.333855152130127,
            7.507538795471191,
            7.668844699859619,
            7.726159572601318,
            7.8145341873168945,
            7.864062786102295,
            7.984940767288208,
            8.121593475341797,
            8.26175856590271,
            8.174629926681519,
            8.274019002914429,
            8.37652587890625,
            8.205364227294922,
            8.276727199554443,
            8.370015144348145,
            8.337750434875488,
            8.494052410125732,
            8.466155052185059,
            8.496517896652222,
            8.607595682144165,
            8.735840320587158,
            8.697908401489258,
            8.749294519424438,
            8.816882133483887,
            8.99028205871582,
            8.92889404296875,
            8.778943538665771,
            8.838361501693726,
            8.805912017822266,
            8.924647808074951,
            8.9562087059021,
            8.797205209732056,
            8.592581033706665,
            8.647751092910767,
            8.745397806167603,
            8.846153259277344,
            8.846239805221558,
            8.88821792602539,
            8.958951234817505,
            8.854173183441162,
            8.811298131942749,
            8.971819400787354,
            8.8521089553833
        ],
        "output_image_path": "/model_deploy_execution_attack_for_pipeline/outputs/emotion_ferplus_mnn_056328_ttba_attack/adversarial_image.png"
    }
}