{
    "status": "SUCCESS",
    "config": {
        "executable": "./resources/execution_files/fsanet_headpose_mnn",
        "benign_image": "/img_align_celeba/008532.jpg",
        "initial_adv_image": "/img_align_celeba/189986.jpg",
        "l2_epsilon_goal": 0.05,
        "linf_epsilon_goal": 0.06274509803921569,
        "query_budget": 40000,
        "max_iterations": 1000,
        "initial_queries": 50,
        "dimension_reduction": 1.0
    },
    "results": {
        "total_queries": 18546,
        "final_l2_distance": 4.112207889556885,
        "final_linf_distance": 0.05938732624053955,
        "total_duration_seconds": 193.78260135650635,
        "iteration_times_seconds": [
            2.66849946975708,
            2.799682378768921,
            2.6295127868652344,
            2.6979665756225586,
            2.610893726348877,
            2.6567962169647217,
            2.8018133640289307,
            2.7568039894104004,
            2.8184685707092285,
            2.939610719680786,
            2.8990771770477295,
            2.823725938796997,
            2.890787124633789,
            2.9097959995269775,
            2.8501622676849365,
            2.8306102752685547,
            3.0749566555023193,
            2.856053113937378,
            2.963358163833618,
            2.972635507583618,
            3.045549154281616,
            3.009742498397827,
            2.9363491535186768,
            2.898900270462036,
            3.075068235397339,
            3.107332944869995,
            3.039724111557007,
            3.0237364768981934,
            3.0531516075134277,
            3.1260159015655518,
            3.095938205718994,
            3.083843946456909,
            3.1310245990753174,
            3.2252864837646484,
            2.992064952850342,
            3.035341739654541,
            2.9963839054107666,
            3.1562929153442383,
            3.15972900390625,
            3.0324575901031494,
            3.0962393283843994,
            3.2196192741394043,
            3.152617931365967,
            3.1699514389038086,
            3.220397710800171,
            3.1702377796173096,
            3.1269540786743164,
            3.04417085647583,
            3.3145766258239746,
            3.172510862350464,
            3.258082389831543,
            3.250762701034546,
            3.202194929122925,
            3.2876739501953125,
            3.3501949310302734,
            3.2954719066619873,
            3.215663433074951,
            3.371325969696045,
            3.2947909832000732,
            3.2146918773651123,
            3.2808971405029297,
            3.421833038330078,
            3.2539114952087402
        ],
        "output_image_path": "/model_deploy_execution_attack_for_pipeline/outputs/fsanet_headpose_mnn_008532_ttba_attack/adversarial_image.png"
    }
}