{
    "status": "BUDGET_EXHAUSTED",
    "config": {
        "executable": "./resources/execution_files/fsanet_headpose_mnn",
        "benign_image": "/img_align_celeba/043731.jpg",
        "initial_adv_image": "/img_align_celeba/038397.jpg",
        "l2_epsilon_goal": 0.05,
        "linf_epsilon_goal": 0.06274509803921569,
        "query_budget": 40000,
        "max_iterations": 1000,
        "initial_queries": 50,
        "dimension_reduction": 1.0
    },
    "results": {
        "total_queries": 40118,
        "final_l2_distance": 9.432779312133789,
        "final_linf_distance": 0.12644654512405396,
        "total_duration_seconds": 362.40107250213623,
        "iteration_times_seconds": [
            2.7248411178588867,
            2.7036449909210205,
            2.75954532623291,
            2.7864294052124023,
            2.8588626384735107,
            2.8310673236846924,
            2.886885166168213,
            2.98982572555542,
            2.8752706050872803,
            2.937847852706909,
            2.8335654735565186,
            3.1065611839294434,
            2.9807565212249756,
            3.0439345836639404,
            2.9495184421539307,
            2.948927640914917,
            3.171109676361084,
            2.9920668601989746,
            2.9013872146606445,
            3.1682283878326416,
            3.0749690532684326,
            3.073018789291382,
            3.1118156909942627,
            3.1461944580078125,
            3.1688356399536133,
            3.1627840995788574,
            3.217243194580078,
            3.2664871215820312,
            3.2312710285186768,
            3.0750696659088135,
            3.1174116134643555,
            3.1897950172424316,
            3.120044469833374,
            3.187669515609741,
            3.2125556468963623,
            3.143587827682495,
            3.254383087158203,
            3.320672035217285,
            3.1382904052734375,
            3.2758407592773438,
            3.4106619358062744,
            3.20864200592041,
            3.288454532623291,
            3.390946865081787,
            3.30168080329895,
            3.3628952503204346,
            3.386793375015259,
            3.379380702972412,
            3.449317216873169,
            3.4319403171539307,
            3.340420722961426,
            3.413867235183716,
            3.520430564880371,
            3.4274892807006836,
            3.4832332134246826,
            3.428633689880371,
            3.4279115200042725,
            3.4661877155303955,
            3.4221863746643066,
            3.3702661991119385,
            3.4848132133483887,
            3.481234073638916,
            3.443556070327759,
            3.5733208656311035,
            3.436091423034668,
            3.724897861480713,
            3.6523020267486572,
            3.6621408462524414,
            3.544428825378418,
            3.5594944953918457,
            3.584721565246582,
            3.4965498447418213,
            3.541036367416382,
            3.536473512649536,
            3.5787887573242188,
            3.451719284057617,
            3.5285165309906006,
            3.6565017700195312,
            3.5642189979553223,
            3.5908169746398926,
            3.541555166244507,
            3.608879566192627,
            3.612431049346924,
            3.659785509109497,
            3.598767042160034,
            3.677889108657837,
            3.625568151473999,
            3.642632007598877,
            3.5526750087738037,
            3.6167919635772705,
            3.6540796756744385,
            3.805776834487915,
            3.681938648223877,
            3.6035945415496826,
            3.7594685554504395,
            3.6998250484466553,
            3.798457145690918,
            3.684760093688965,
            3.8016648292541504,
            3.7077152729034424,
            3.706761121749878,
            3.8149523735046387,
            3.634110450744629,
            3.8260819911956787,
            3.80912184715271,
            3.8690762519836426,
            3.8345513343811035
        ],
        "output_image_path": "/model_deploy_execution_attack_for_pipeline/outputs/fsanet_headpose_mnn_043731_ttba_attack/adversarial_image.png"
    }
}