{
    "status": "BUDGET_EXHAUSTED",
    "config": {
        "executable": "./resources/execution_files/emotion_ferplus_mnn",
        "benign_image": "/img_align_celeba/151321.jpg",
        "initial_adv_image": "/img_align_celeba/074189.jpg",
        "l2_epsilon_goal": 0.05,
        "linf_epsilon_goal": 0.06274509803921569,
        "query_budget": 40000,
        "max_iterations": 1000,
        "initial_queries": 50,
        "dimension_reduction": 1.0
    },
    "results": {
        "total_queries": 40084,
        "final_l2_distance": 4.140334606170654,
        "final_linf_distance": 0.13531090319156647,
        "total_duration_seconds": 992.448700428009,
        "iteration_times_seconds": [
            6.4977867603302,
            6.775430202484131,
            6.864778757095337,
            7.010334730148315,
            7.069877624511719,
            7.198092222213745,
            7.417039155960083,
            7.532238006591797,
            7.571012496948242,
            7.592161655426025,
            7.707909107208252,
            7.6758129596710205,
            7.862782716751099,
            7.942638635635376,
            8.09351134300232,
            8.10427737236023,
            8.24280047416687,
            8.288464069366455,
            8.320659160614014,
            8.339268684387207,
            8.365006923675537,
            8.306620121002197,
            8.339932918548584,
            8.340201616287231,
            8.425207376480103,
            8.510581493377686,
            8.638628959655762,
            8.595783948898315,
            8.680697202682495,
            8.789440870285034,
            8.825761795043945,
            8.848488807678223,
            8.934744596481323,
            8.78587007522583,
            8.853472709655762,
            9.01498007774353,
            8.780014038085938,
            8.898645401000977,
            8.909829378128052,
            8.887723922729492,
            8.99295711517334,
            9.092724084854126,
            9.169996976852417,
            9.076800107955933,
            9.219995498657227,
            9.220433235168457,
            9.330103158950806,
            9.309126138687134,
            9.317490816116333,
            9.297226428985596,
            9.366577863693237,
            9.385835647583008,
            9.239702224731445,
            9.33349347114563,
            9.315571308135986,
            9.346590757369995,
            9.422312021255493,
            9.3509681224823,
            9.39707064628601,
            9.691823720932007,
            9.585158824920654,
            9.590687990188599,
            9.601656913757324,
            9.751798629760742,
            9.661013126373291,
            9.705464124679565,
            9.873111963272095,
            9.884617567062378,
            9.822026252746582,
            9.955283403396606,
            9.929380416870117,
            9.886718034744263,
            10.021596670150757,
            9.741306066513062,
            9.791248559951782,
            9.791744709014893,
            9.86897325515747,
            9.944683074951172,
            9.89157247543335,
            9.866071224212646,
            9.973077058792114,
            10.043581008911133,
            10.124436616897583,
            10.167618751525879,
            10.127055644989014,
            10.251322984695435,
            10.160245895385742,
            10.247862815856934,
            10.282018899917603,
            10.208508014678955,
            10.293612241744995,
            10.368854761123657,
            10.33464002609253,
            10.353511810302734,
            10.467234134674072,
            10.436137437820435,
            10.396155595779419,
            10.350040912628174,
            10.48796010017395,
            10.529428005218506,
            10.488241195678711,
            10.520560026168823,
            10.711558103561401,
            10.62639594078064,
            10.670666933059692,
            10.675453424453735,
            10.764602422714233
        ],
        "output_image_path": "/model_deploy_execution_attack_for_pipeline/outputs/emotion_ferplus_mnn_151321_ttba_attack/adversarial_image.png"
    }
}