{
    "status": "BUDGET_EXHAUSTED",
    "config": {
        "executable": "./resources/execution_files/age_googlenet_mnn",
        "benign_image": "/img_align_celeba/155621.jpg",
        "initial_adv_image": "/img_align_celeba/00000015.png",
        "l2_epsilon_goal": 0.05,
        "linf_epsilon_goal": 0.06274509803921569,
        "query_budget": 40000,
        "max_iterations": 1000,
        "initial_queries": 50,
        "dimension_reduction": 1.0
    },
    "results": {
        "total_queries": 40322,
        "final_l2_distance": 49.11927032470703,
        "final_linf_distance": 0.6609867215156555,
        "total_duration_seconds": 1144.1730289459229,
        "iteration_times_seconds": [
            7.562256813049316,
            7.887899875640869,
            7.965046644210815,
            8.068491458892822,
            8.166203498840332,
            8.305028438568115,
            8.5277578830719,
            8.568532228469849,
            8.585988759994507,
            8.607866525650024,
            8.795738458633423,
            8.839745044708252,
            8.89461350440979,
            9.01665472984314,
            9.140933990478516,
            9.391031980514526,
            9.251738786697388,
            9.312958717346191,
            9.268796682357788,
            9.329505681991577,
            9.482421875,
            9.443703651428223,
            9.508993148803711,
            9.508590936660767,
            9.614283800125122,
            9.714573860168457,
            9.851645469665527,
            9.875325441360474,
            9.945661067962646,
            10.01106309890747,
            10.059487104415894,
            10.04029369354248,
            10.027270317077637,
            10.101901769638062,
            10.16933798789978,
            10.268363237380981,
            10.16994595527649,
            10.232857942581177,
            10.248913764953613,
            10.329850912094116,
            10.417196989059448,
            10.500984907150269,
            10.565410852432251,
            10.52711296081543,
            10.507399797439575,
            10.64725661277771,
            10.562037467956543,
            10.583179235458374,
            10.636322736740112,
            10.753936529159546,
            10.682382822036743,
            10.709422826766968,
            10.822783470153809,
            10.894439697265625,
            10.901330471038818,
            10.922630310058594,
            10.872477531433105,
            10.95077395439148,
            10.9055917263031,
            11.063432216644287,
            11.175766706466675,
            11.2011878490448,
            11.217385530471802,
            11.32917594909668,
            11.331172704696655,
            11.301608800888062,
            11.31683611869812,
            11.365753412246704,
            11.380105972290039,
            11.333568334579468,
            11.342814922332764,
            11.411019325256348,
            11.395716667175293,
            11.42048954963684,
            11.463510751724243,
            11.539492845535278,
            11.54573941230774,
            11.662216663360596,
            11.693698406219482,
            11.575279951095581,
            11.839947700500488,
            11.874866485595703,
            11.796916484832764,
            11.886874914169312,
            11.8164701461792,
            11.914434671401978,
            11.987698793411255,
            11.864779472351074,
            11.974135875701904,
            11.961600303649902,
            11.912264585494995,
            12.013345956802368,
            12.069997072219849,
            12.030746459960938,
            12.023698568344116,
            12.11878490447998,
            12.226394653320312,
            12.101254940032959,
            12.242736101150513,
            12.208127498626709,
            12.097082614898682,
            11.95522403717041,
            12.068461418151855,
            12.007849216461182,
            11.980990409851074,
            12.226503610610962,
            12.252542972564697
        ],
        "output_image_path": "/model_deploy_execution_attack_for_pipeline/outputs/age_googlenet_mnn_155621_ttba_attack/adversarial_image.png"
    }
}