{
    "status": "SUCCESS",
    "config": {
        "executable": "./resources/execution_files/ssrnet_age_mnn",
        "benign_image": "/img_align_celeba/119359.jpg",
        "initial_adv_image": "/img_align_celeba/165735.jpg",
        "l2_epsilon_goal": 0.05,
        "linf_epsilon_goal": 0.06274509803921569,
        "query_budget": 40000,
        "max_iterations": 1000,
        "initial_queries": 50,
        "dimension_reduction": 1.0
    },
    "results": {
        "total_queries": 4161,
        "final_l2_distance": 4.288067817687988,
        "final_linf_distance": 0.05309615284204483,
        "total_duration_seconds": 53.77583146095276,
        "iteration_times_seconds": [
            2.2364208698272705,
            2.3310770988464355,
            2.297405242919922,
            2.2022807598114014,
            2.2536299228668213,
            2.3488752841949463,
            2.4251554012298584,
            2.353397846221924,
            2.3125786781311035,
            2.3507206439971924,
            2.337968111038208,
            2.509230613708496,
            2.4053711891174316,
            2.3506088256835938,
            2.3457508087158203,
            2.3655314445495605,
            2.3796463012695312,
            2.53066349029541,
            2.5293614864349365,
            2.394160747528076,
            2.5162315368652344,
            2.4750092029571533
        ],
        "output_image_path": "/model_deploy_execution_attack_for_pipeline/outputs/ssrnet_age_mnn_119359_ttba_attack/adversarial_image.png"
    }
}