{
    "status": "SUCCESS",
    "config": {
        "executable": "./resources/execution_files/fsanet_headpose_mnn",
        "benign_image": "/img_align_celeba/059999.jpg",
        "initial_adv_image": "/img_align_celeba/082179.jpg",
        "l2_epsilon_goal": 0.05,
        "linf_epsilon_goal": 0.06274509803921569,
        "query_budget": 40000,
        "max_iterations": 1000,
        "initial_queries": 50,
        "dimension_reduction": 1.0
    },
    "results": {
        "total_queries": 4971,
        "final_l2_distance": 4.468760967254639,
        "final_linf_distance": 0.05920901894569397,
        "total_duration_seconds": 71.30157899856567,
        "iteration_times_seconds": [
            2.5962791442871094,
            2.5260767936706543,
            2.622236967086792,
            2.6740124225616455,
            2.650411605834961,
            2.7586863040924072,
            2.6404945850372314,
            2.7978053092956543,
            2.6837410926818848,
            2.7736077308654785,
            2.8574771881103516,
            2.8095362186431885,
            2.7111623287200928,
            2.9020628929138184,
            2.845191717147827,
            2.998121738433838,
            2.953064441680908,
            2.814718008041382,
            2.836907386779785,
            2.8232154846191406,
            2.857717990875244,
            2.8335819244384766,
            2.911773443222046,
            2.9583580493927,
            2.827402353286743
        ],
        "output_image_path": "/model_deploy_execution_attack_for_pipeline/outputs/fsanet_headpose_mnn_059999_ttba_attack/adversarial_image.png"
    }
}