{
    "status": "BUDGET_EXHAUSTED",
    "config": {
        "executable": "./resources/execution_files/fsanet_headpose_mnn",
        "benign_image": "/img_align_celeba/018053.jpg",
        "initial_adv_image": "/img_align_celeba/105002.jpg",
        "l2_epsilon_goal": 0.05,
        "linf_epsilon_goal": 0.06274509803921569,
        "query_budget": 40000,
        "max_iterations": 1000,
        "initial_queries": 50,
        "dimension_reduction": 1.0
    },
    "results": {
        "total_queries": 40042,
        "final_l2_distance": 5.268478870391846,
        "final_linf_distance": 0.06548278033733368,
        "total_duration_seconds": 357.48189425468445,
        "iteration_times_seconds": [
            2.8330602645874023,
            2.660973310470581,
            2.7455008029937744,
            2.669938087463379,
            2.823094129562378,
            2.706415891647339,
            2.776243209838867,
            2.8509521484375,
            2.780940055847168,
            2.91994047164917,
            2.91733717918396,
            2.822197914123535,
            2.8581323623657227,
            2.911961317062378,
            3.0700535774230957,
            2.99696946144104,
            3.0602900981903076,
            2.925504207611084,
            3.0560288429260254,
            2.9735593795776367,
            2.9617087841033936,
            3.0597171783447266,
            3.1547906398773193,
            3.0558230876922607,
            3.00876522064209,
            3.1935672760009766,
            3.08801007270813,
            3.2413887977600098,
            3.1667866706848145,
            3.1526637077331543,
            3.072476387023926,
            3.1666414737701416,
            3.1800944805145264,
            3.2329132556915283,
            3.1190860271453857,
            3.278416872024536,
            3.3259778022766113,
            3.212602138519287,
            3.270603656768799,
            3.2617154121398926,
            3.3759992122650146,
            3.1308703422546387,
            3.280365228652954,
            3.2498619556427,
            3.054607629776001,
            3.209437370300293,
            3.2503204345703125,
            3.22141170501709,
            3.2594311237335205,
            3.4843504428863525,
            3.2916135787963867,
            3.3258328437805176,
            3.3121426105499268,
            3.4420318603515625,
            3.388075828552246,
            3.298476457595825,
            3.359081983566284,
            3.4405367374420166,
            3.418895959854126,
            3.4208011627197266,
            3.4321486949920654,
            3.4793787002563477,
            3.4170289039611816,
            3.3924968242645264,
            3.4732401371002197,
            3.3636314868927,
            3.3629674911499023,
            3.517139434814453,
            3.322981357574463,
            3.4728596210479736,
            3.396064519882202,
            3.5384790897369385,
            3.5447945594787598,
            3.567617654800415,
            3.5319771766662598,
            3.5638909339904785,
            3.5363388061523438,
            3.538569211959839,
            3.5720510482788086,
            3.562605142593384,
            3.663074254989624,
            3.634840250015259,
            3.713338613510132,
            3.5704026222229004,
            3.7509548664093018,
            3.675914764404297,
            3.646190881729126,
            3.5957977771759033,
            3.608316421508789,
            3.6111221313476562,
            3.7040634155273438,
            3.661235809326172,
            3.6440677642822266,
            3.681215763092041,
            3.5997567176818848,
            3.634800672531128,
            3.734112501144409,
            3.633894205093384,
            3.6899654865264893,
            3.6964519023895264,
            3.687572479248047,
            3.649991989135742,
            3.733384370803833,
            3.7002644538879395,
            3.8632118701934814,
            3.7449421882629395,
            3.776838541030884
        ],
        "output_image_path": "/model_deploy_execution_attack_for_pipeline/outputs/fsanet_headpose_mnn_018053_ttba_attack/adversarial_image.png"
    }
}