{
    "status": "SUCCESS",
    "config": {
        "executable": "resources/execution_files/gender_googlenet_mnn",
        "benign_image": "/img_align_celeba/180752.jpg",
        "initial_adv_image": "/img_align_celeba/098121.jpg",
        "l2_epsilon_goal": 0.05,
        "linf_epsilon_goal": 0.06274509803921569,
        "query_budget": 40000,
        "max_iterations": 1000,
        "initial_queries": 50,
        "dimension_reduction": 1.0
    },
    "results": {
        "total_queries": 1603,
        "final_l2_distance": 4.507241725921631,
        "final_linf_distance": 0.058263421058654785,
        "total_duration_seconds": 73.23574471473694,
        "iteration_times_seconds": [
            5.644535064697266,
            5.867123126983643,
            6.012057542800903,
            6.027950286865234,
            6.156569957733154,
            6.444677352905273,
            6.568661212921143,
            6.545966625213623,
            6.589523792266846,
            6.528487205505371,
            6.497837543487549
        ],
        "output_image_path": "/model_deploy_execution_attack_for_pipeline/outputs/gender_googlenet_mnn_180752_ttba_attack/adversarial_image.png"
    }
}