{
    "status": "BUDGET_EXHAUSTED",
    "config": {
        "executable": "./resources/execution_files/emotion_ferplus_mnn",
        "benign_image": "/img_align_celeba/009176.jpg",
        "initial_adv_image": "/img_align_celeba/071797.jpg",
        "l2_epsilon_goal": 0.05,
        "linf_epsilon_goal": 0.06274509803921569,
        "query_budget": 40000,
        "max_iterations": 1000,
        "initial_queries": 50,
        "dimension_reduction": 1.0
    },
    "results": {
        "total_queries": 40245,
        "final_l2_distance": 16.854228973388672,
        "final_linf_distance": 0.24144461750984192,
        "total_duration_seconds": 1023.9025871753693,
        "iteration_times_seconds": [
            6.662949562072754,
            7.003069639205933,
            7.062131404876709,
            7.185519695281982,
            7.411676645278931,
            7.440141916275024,
            7.539518594741821,
            7.681119441986084,
            7.740086078643799,
            7.568186521530151,
            7.745410919189453,
            7.754116535186768,
            7.817795515060425,
            7.915221214294434,
            8.067395448684692,
            8.148505449295044,
            8.148423433303833,
            8.226746320724487,
            8.332568645477295,
            8.34394383430481,
            8.423788785934448,
            8.432141065597534,
            8.589266061782837,
            8.628475904464722,
            8.567676544189453,
            8.529943227767944,
            8.766003370285034,
            8.836496591567993,
            8.858155727386475,
            8.97874116897583,
            8.962755680084229,
            9.068029165267944,
            9.139602661132812,
            9.120921611785889,
            9.075533628463745,
            9.206640243530273,
            9.229882001876831,
            9.253081798553467,
            9.271921873092651,
            9.249215602874756,
            9.449816465377808,
            9.481635332107544,
            9.498024702072144,
            9.324854850769043,
            9.334493160247803,
            9.464929580688477,
            9.38841962814331,
            9.489967107772827,
            9.484631776809692,
            9.477841854095459,
            9.593274593353271,
            9.652974843978882,
            9.722942113876343,
            9.60388708114624,
            9.654151201248169,
            9.726958274841309,
            9.764821529388428,
            9.771666526794434,
            9.881076335906982,
            9.960139751434326,
            9.988455057144165,
            10.068613529205322,
            10.065142631530762,
            10.09734296798706,
            10.137409448623657,
            10.228917837142944,
            10.098388671875,
            10.235881567001343,
            10.185983180999756,
            10.26992130279541,
            10.260221242904663,
            10.287060022354126,
            10.335965394973755,
            10.355831861495972,
            10.418717622756958,
            10.409735679626465,
            10.378009796142578,
            10.239646196365356,
            10.291846990585327,
            10.418793201446533,
            10.430368900299072,
            10.416040897369385,
            10.483169555664062,
            10.450741052627563,
            10.576797008514404,
            10.555536985397339,
            10.583021402359009,
            10.570011377334595,
            10.784588098526001,
            10.677462816238403,
            10.65775203704834,
            10.703001976013184,
            10.710620880126953,
            10.70032548904419,
            10.844350576400757,
            10.871312141418457,
            10.874781131744385,
            10.851788520812988,
            10.864149570465088,
            10.85123586654663,
            11.090768098831177,
            11.005488872528076,
            10.967398405075073,
            11.077872514724731,
            11.01229214668274,
            11.08858323097229,
            11.233113527297974
        ],
        "output_image_path": "/model_deploy_execution_attack_for_pipeline/outputs/emotion_ferplus_mnn_009176_ttba_attack/adversarial_image.png"
    }
}