{
    "status": "BUDGET_EXHAUSTED",
    "config": {
        "executable": "./resources/execution_files/emotion_ferplus_mnn",
        "benign_image": "/img_align_celeba/067693.jpg",
        "initial_adv_image": "/img_align_celeba/114669.jpg",
        "l2_epsilon_goal": 0.05,
        "linf_epsilon_goal": 0.06274509803921569,
        "query_budget": 40000,
        "max_iterations": 1000,
        "initial_queries": 50,
        "dimension_reduction": 1.0
    },
    "results": {
        "total_queries": 40518,
        "final_l2_distance": 3.0631306171417236,
        "final_linf_distance": 0.07287377119064331,
        "total_duration_seconds": 977.1986932754517,
        "iteration_times_seconds": [
            6.502223014831543,
            6.635164976119995,
            6.827615976333618,
            6.814798355102539,
            6.903000593185425,
            6.911444187164307,
            7.206545352935791,
            7.269847869873047,
            7.384481906890869,
            7.177665710449219,
            7.315549373626709,
            7.353490352630615,
            7.3044328689575195,
            7.505459547042847,
            7.635605812072754,
            7.633301496505737,
            7.829589366912842,
            7.887735605239868,
            7.648396968841553,
            7.644352436065674,
            7.812945127487183,
            7.794429779052734,
            7.771991729736328,
            7.938022613525391,
            7.997192144393921,
            8.03009295463562,
            8.098832130432129,
            8.252877235412598,
            8.185795068740845,
            8.271503210067749,
            8.25199818611145,
            8.279652118682861,
            8.468031883239746,
            8.489830255508423,
            8.514089584350586,
            8.509331703186035,
            8.570342063903809,
            8.633809328079224,
            8.67257809638977,
            8.657981157302856,
            8.714901685714722,
            8.929676055908203,
            8.842691421508789,
            8.96811842918396,
            8.913515329360962,
            9.006163358688354,
            9.00597620010376,
            9.141640186309814,
            9.130646467208862,
            9.078732013702393,
            9.097277641296387,
            9.214945316314697,
            9.004890203475952,
            8.974755048751831,
            8.990877151489258,
            9.233237504959106,
            9.384519577026367,
            9.130094289779663,
            9.282999515533447,
            9.21343731880188,
            9.34854793548584,
            9.510568380355835,
            9.506784677505493,
            9.544002532958984,
            9.482162952423096,
            9.482691049575806,
            9.574220657348633,
            9.517433404922485,
            9.604906797409058,
            9.539115905761719,
            9.749962091445923,
            9.657199144363403,
            9.819331884384155,
            9.714515686035156,
            9.807714700698853,
            9.721536874771118,
            9.74428677558899,
            9.845198154449463,
            9.846921443939209,
            9.89487099647522,
            10.008104801177979,
            10.014070510864258,
            10.071143388748169,
            10.009114503860474,
            10.130509853363037,
            10.272061347961426,
            10.184001922607422,
            10.200623512268066,
            10.264102697372437,
            10.257761478424072,
            10.215563297271729,
            10.37587571144104,
            10.227153301239014,
            10.316961526870728,
            10.363442182540894,
            10.305665493011475,
            10.39791226387024,
            10.286933183670044,
            10.309799909591675,
            10.365787506103516,
            10.350645303726196,
            10.390891313552856,
            10.335336446762085,
            10.366739749908447,
            10.406573057174683,
            10.476255893707275,
            10.518644571304321,
            10.557401657104492
        ],
        "output_image_path": "/model_deploy_execution_attack_for_pipeline/outputs/emotion_ferplus_mnn_067693_ttba_attack/adversarial_image.png"
    }
}