{
    "status": "BUDGET_EXHAUSTED",
    "config": {
        "executable": "resources/execution_files/gender_googlenet_mnn",
        "benign_image": "/img_align_celeba/114133.jpg",
        "initial_adv_image": "/img_align_celeba/110369.jpg",
        "l2_epsilon_goal": 0.05,
        "linf_epsilon_goal": 0.06274509803921569,
        "query_budget": 40000,
        "max_iterations": 1000,
        "initial_queries": 50,
        "dimension_reduction": 1.0
    },
    "results": {
        "total_queries": 40117,
        "final_l2_distance": 9.1134033203125,
        "final_linf_distance": 0.11687862873077393,
        "total_duration_seconds": 961.3721914291382,
        "iteration_times_seconds": [
            6.06898832321167,
            6.393454313278198,
            6.476897954940796,
            6.574725866317749,
            6.751546382904053,
            6.909548282623291,
            7.094269514083862,
            7.088930130004883,
            7.177847385406494,
            7.196776628494263,
            7.260546684265137,
            7.397065877914429,
            7.319639444351196,
            7.507847547531128,
            7.5418620109558105,
            7.6608827114105225,
            7.613245248794556,
            7.735444784164429,
            7.744172096252441,
            7.725029945373535,
            7.851368188858032,
            7.899813413619995,
            7.923950672149658,
            7.932560920715332,
            8.116170883178711,
            8.024914741516113,
            8.253161907196045,
            8.20515775680542,
            8.325412511825562,
            8.212975978851318,
            8.24543285369873,
            8.259662628173828,
            8.299054145812988,
            8.362223863601685,
            8.291743040084839,
            8.404855012893677,
            8.418760061264038,
            8.395061254501343,
            8.485092163085938,
            8.598151445388794,
            8.657618284225464,
            8.821407318115234,
            8.81082010269165,
            8.74314284324646,
            8.850693702697754,
            8.9190673828125,
            8.993887901306152,
            8.946109056472778,
            8.945403575897217,
            9.08527684211731,
            8.989041328430176,
            9.054314136505127,
            9.201863527297974,
            9.203622341156006,
            9.194558382034302,
            9.200177907943726,
            9.23924732208252,
            9.219578742980957,
            9.283878564834595,
            9.363836765289307,
            9.471105575561523,
            9.44593596458435,
            9.57132601737976,
            9.506879806518555,
            9.565196514129639,
            9.580411672592163,
            9.638026237487793,
            9.32502555847168,
            9.422890186309814,
            9.525168180465698,
            9.527506828308105,
            9.5950026512146,
            9.58406114578247,
            9.666810274124146,
            9.66266918182373,
            9.620834827423096,
            9.765763282775879,
            9.796508312225342,
            9.79853892326355,
            9.85768461227417,
            10.077492952346802,
            9.98405146598816,
            10.040617942810059,
            10.023930072784424,
            10.129838466644287,
            10.063121318817139,
            10.05972933769226,
            10.02187728881836,
            9.92425799369812,
            10.105113983154297,
            10.219100713729858,
            10.202726602554321,
            10.135546207427979,
            10.277440547943115,
            10.319679737091064,
            10.306902408599854,
            10.28338098526001,
            10.219853639602661,
            10.399357795715332,
            10.421511888504028,
            10.386629104614258,
            10.434071779251099,
            10.515923023223877,
            10.549844026565552,
            10.510257482528687,
            10.571707010269165,
            10.53751540184021
        ],
        "output_image_path": "/model_deploy_execution_attack_for_pipeline/outputs/gender_googlenet_mnn_114133_ttba_attack/adversarial_image.png"
    }
}