{
    "status": "SUCCESS",
    "config": {
        "executable": "./resources/execution_files/fsanet_headpose_mnn",
        "benign_image": "/img_align_celeba/109162.jpg",
        "initial_adv_image": "/img_align_celeba/088332.jpg",
        "l2_epsilon_goal": 0.05,
        "linf_epsilon_goal": 0.06274509803921569,
        "query_budget": 40000,
        "max_iterations": 1000,
        "initial_queries": 50,
        "dimension_reduction": 1.0
    },
    "results": {
        "total_queries": 16902,
        "final_l2_distance": 4.312365531921387,
        "final_linf_distance": 0.060638368129730225,
        "total_duration_seconds": 181.48939609527588,
        "iteration_times_seconds": [
            2.650111675262451,
            2.767362356185913,
            2.7621538639068604,
            2.818228006362915,
            2.8127381801605225,
            2.736665964126587,
            2.8748297691345215,
            2.8794150352478027,
            2.896699905395508,
            3.0664422512054443,
            2.9199321269989014,
            2.88395619392395,
            2.8394269943237305,
            2.9306929111480713,
            2.9190449714660645,
            2.873213768005371,
            2.8945987224578857,
            2.919429063796997,
            2.967618942260742,
            2.9423370361328125,
            2.9936861991882324,
            3.158085823059082,
            2.8770556449890137,
            2.946946859359741,
            3.0661227703094482,
            2.9935641288757324,
            3.034604549407959,
            3.116364002227783,
            3.0552165508270264,
            2.9771971702575684,
            3.0314412117004395,
            3.0233633518218994,
            3.158214569091797,
            3.113147497177124,
            3.2157437801361084,
            3.115246295928955,
            3.03662109375,
            3.287187099456787,
            3.3232152462005615,
            3.0952963829040527,
            3.133117437362671,
            3.1324589252471924,
            3.027930974960327,
            3.1619536876678467,
            3.1447653770446777,
            3.14951491355896,
            3.1305606365203857,
            3.269141674041748,
            3.1764864921569824,
            3.3344573974609375,
            3.2756710052490234,
            3.2551169395446777,
            3.153764247894287,
            3.111095428466797,
            3.3310437202453613,
            3.2240712642669678,
            3.2716145515441895,
            3.2306406497955322,
            3.2981598377227783
        ],
        "output_image_path": "/model_deploy_execution_attack_for_pipeline/outputs/fsanet_headpose_mnn_109162_ttba_attack/adversarial_image.png"
    }
}