{
    "status": "BUDGET_EXHAUSTED",
    "config": {
        "executable": "resources/execution_files/gender_googlenet_mnn",
        "benign_image": "/img_align_celeba/150003.jpg",
        "initial_adv_image": "/img_align_celeba/055147.jpg",
        "l2_epsilon_goal": 0.05,
        "linf_epsilon_goal": 0.06274509803921569,
        "query_budget": 40000,
        "max_iterations": 1000,
        "initial_queries": 50,
        "dimension_reduction": 1.0
    },
    "results": {
        "total_queries": 40062,
        "final_l2_distance": 5.844511985778809,
        "final_linf_distance": 0.08538764715194702,
        "total_duration_seconds": 952.880773305893,
        "iteration_times_seconds": [
            6.104849815368652,
            6.449918270111084,
            6.574719190597534,
            6.573311805725098,
            6.804547548294067,
            7.031127214431763,
            7.048112154006958,
            7.119075298309326,
            7.097454309463501,
            7.11859130859375,
            7.236166000366211,
            7.179584264755249,
            7.3092381954193115,
            7.4256672859191895,
            7.495877504348755,
            7.503198623657227,
            7.478651285171509,
            7.6449196338653564,
            7.6964027881622314,
            7.512246608734131,
            7.572555780410767,
            7.689051628112793,
            7.815672397613525,
            7.800360918045044,
            7.770076036453247,
            8.023476600646973,
            8.13708233833313,
            8.089675903320312,
            8.14191484451294,
            8.15473222732544,
            8.243420124053955,
            8.263830661773682,
            8.42573857307434,
            8.31257939338684,
            8.317097663879395,
            8.335323810577393,
            8.460267066955566,
            8.615607500076294,
            8.476882934570312,
            8.64406132698059,
            8.658456802368164,
            8.797768831253052,
            8.68956446647644,
            8.692379236221313,
            8.703563451766968,
            8.689388990402222,
            8.699854373931885,
            8.74161696434021,
            8.768521547317505,
            8.828773975372314,
            8.855831384658813,
            8.835309505462646,
            8.974020957946777,
            8.956361293792725,
            8.881333112716675,
            9.058552980422974,
            9.06548023223877,
            9.10537075996399,
            9.188198328018188,
            9.265636682510376,
            9.332522630691528,
            9.40445852279663,
            9.420857191085815,
            9.389346599578857,
            9.31687068939209,
            9.497993230819702,
            9.47507381439209,
            9.413883924484253,
            9.496467590332031,
            9.449960231781006,
            9.49407410621643,
            9.522953271865845,
            9.644701719284058,
            9.524097442626953,
            9.57706880569458,
            9.691851377487183,
            9.783855676651001,
            9.782353162765503,
            9.776283740997314,
            9.821228265762329,
            9.873207569122314,
            10.009159803390503,
            9.978577136993408,
            10.153092384338379,
            10.009838581085205,
            10.09348177909851,
            10.127446413040161,
            10.108278751373291,
            10.13806939125061,
            10.242368698120117,
            10.174840211868286,
            10.185110807418823,
            10.237479209899902,
            10.306989192962646,
            10.083406686782837,
            10.03666615486145,
            10.134703874588013,
            10.158636569976807,
            10.152869701385498,
            10.273569583892822,
            10.273472309112549,
            10.245374917984009,
            10.157998085021973,
            10.317651510238647,
            10.339885950088501,
            10.3321852684021,
            10.536945581436157
        ],
        "output_image_path": "/model_deploy_execution_attack_for_pipeline/outputs/gender_googlenet_mnn_150003_ttba_attack/adversarial_image.png"
    }
}