{
    "status": "BUDGET_EXHAUSTED",
    "config": {
        "executable": "./resources/execution_files/age_googlenet_mnn",
        "benign_image": "/img_align_celeba/181464.jpg",
        "initial_adv_image": "/img_align_celeba/00000007.png",
        "l2_epsilon_goal": 0.05,
        "linf_epsilon_goal": 0.06274509803921569,
        "query_budget": 40000,
        "max_iterations": 1000,
        "initial_queries": 50,
        "dimension_reduction": 1.0
    },
    "results": {
        "total_queries": 40265,
        "final_l2_distance": 33.25841522216797,
        "final_linf_distance": 0.5353446006774902,
        "total_duration_seconds": 1126.7280685901642,
        "iteration_times_seconds": [
            7.577563524246216,
            7.875309228897095,
            7.879130601882935,
            8.04719591140747,
            8.159460306167603,
            8.217390060424805,
            8.495779752731323,
            8.563501596450806,
            8.643987655639648,
            8.619388341903687,
            8.589327812194824,
            8.754068613052368,
            8.921038150787354,
            8.920072555541992,
            9.106553316116333,
            9.1219961643219,
            9.192428588867188,
            9.198767185211182,
            9.287675142288208,
            9.30470895767212,
            9.474627494812012,
            9.39740800857544,
            9.527167081832886,
            9.504897356033325,
            9.544777870178223,
            9.568785190582275,
            9.777682781219482,
            9.785309076309204,
            9.916568279266357,
            9.906383514404297,
            9.97598934173584,
            9.949712991714478,
            10.087170839309692,
            10.03718614578247,
            10.156411409378052,
            10.032633304595947,
            10.108292579650879,
            10.256141662597656,
            10.329469919204712,
            10.25312852859497,
            10.247095346450806,
            10.4314546585083,
            10.483783483505249,
            10.330448627471924,
            10.335841655731201,
            10.331737041473389,
            10.31676721572876,
            10.309510707855225,
            10.38771677017212,
            10.431992292404175,
            10.464999914169312,
            10.519972085952759,
            10.477920532226562,
            10.635587930679321,
            10.766737937927246,
            10.779045581817627,
            10.714361429214478,
            10.666266441345215,
            10.71183705329895,
            10.860292434692383,
            10.885107278823853,
            10.891525983810425,
            10.935300588607788,
            10.930704593658447,
            11.010489702224731,
            10.984887838363647,
            11.04895305633545,
            11.073672771453857,
            11.188730478286743,
            11.193960189819336,
            11.05964708328247,
            11.145487785339355,
            11.13320803642273,
            11.182166814804077,
            11.209218740463257,
            11.321847438812256,
            11.357518672943115,
            11.329838514328003,
            11.4435555934906,
            11.418131113052368,
            11.492482662200928,
            11.51946496963501,
            11.515496492385864,
            11.578054428100586,
            11.675929546356201,
            11.582985639572144,
            11.688806772232056,
            11.739155292510986,
            11.67220687866211,
            11.831593036651611,
            11.818377017974854,
            11.847804546356201,
            11.69551157951355,
            11.709471940994263,
            11.8166663646698,
            11.803394317626953,
            11.793300867080688,
            11.812398672103882,
            11.840314388275146,
            11.893978357315063,
            11.994710683822632,
            11.916642189025879,
            11.920174360275269,
            11.928150177001953,
            12.05324387550354,
            12.192154884338379,
            12.186119556427002
        ],
        "output_image_path": "/model_deploy_execution_attack_for_pipeline/outputs/age_googlenet_mnn_181464_ttba_attack/adversarial_image.png"
    }
}