{
    "status": "BUDGET_EXHAUSTED",
    "config": {
        "executable": "resources/execution_files/emotion_ferplus_mnn",
        "benign_image": "/img_align_celeba/007173.jpg",
        "initial_adv_image": "/img_align_celeba/111077.jpg",
        "l2_epsilon_goal": 0.05,
        "linf_epsilon_goal": 0.06274509803921569,
        "query_budget": 40000,
        "max_iterations": 1000,
        "initial_queries": 50,
        "dimension_reduction": 1.0
    },
    "results": {
        "total_queries": 40504,
        "final_l2_distance": 3.7077572345733643,
        "final_linf_distance": 0.07307273149490356,
        "total_duration_seconds": 982.863422870636,
        "iteration_times_seconds": [
            6.3745338916778564,
            6.6373090744018555,
            6.66151237487793,
            6.80127739906311,
            7.03580641746521,
            7.068061590194702,
            7.385713815689087,
            7.177464246749878,
            7.233846426010132,
            7.291720867156982,
            7.356827735900879,
            7.448518514633179,
            7.66262412071228,
            7.6430745124816895,
            7.784231185913086,
            7.757270097732544,
            7.875914573669434,
            7.785986661911011,
            7.709126234054565,
            7.72516393661499,
            7.817778825759888,
            7.869356155395508,
            7.9904046058654785,
            7.987353801727295,
            8.013967990875244,
            8.110087156295776,
            8.254369497299194,
            8.24023723602295,
            8.305235624313354,
            8.31630802154541,
            8.316922664642334,
            8.536391258239746,
            8.60431694984436,
            8.287389516830444,
            8.291175603866577,
            8.410041332244873,
            8.465874433517456,
            8.549549579620361,
            8.539789199829102,
            8.559353113174438,
            8.65085744857788,
            8.754600048065186,
            8.771389484405518,
            8.797238826751709,
            8.814204454421997,
            8.84373950958252,
            8.91289734840393,
            8.9422025680542,
            8.997751235961914,
            8.927213668823242,
            9.037513256072998,
            9.037171125411987,
            9.075809955596924,
            9.13626766204834,
            9.183933973312378,
            9.227963924407959,
            9.211489915847778,
            9.242823839187622,
            9.284212827682495,
            9.355504035949707,
            9.361741781234741,
            9.469420909881592,
            9.57160758972168,
            9.465810775756836,
            9.577144145965576,
            9.585984945297241,
            9.607852220535278,
            9.68265175819397,
            9.778247117996216,
            9.683841466903687,
            9.745374917984009,
            9.841384887695312,
            9.871966123580933,
            9.78468370437622,
            9.821645259857178,
            9.932621955871582,
            9.776373863220215,
            9.845414161682129,
            9.927210807800293,
            10.048073768615723,
            9.949784517288208,
            9.997202634811401,
            10.179441452026367,
            10.139315843582153,
            10.15662145614624,
            10.269118547439575,
            10.302422046661377,
            10.291803359985352,
            10.284152746200562,
            10.326109170913696,
            10.253580331802368,
            10.393932819366455,
            10.35290002822876,
            10.432872533798218,
            10.364650964736938,
            10.401653528213501,
            10.588680982589722,
            10.496305227279663,
            10.625585079193115,
            10.642778635025024,
            10.571789979934692,
            10.59846568107605,
            10.621524572372437,
            10.709484815597534,
            10.608593702316284,
            10.729947566986084,
            10.80966329574585,
            10.795245885848999
        ],
        "output_image_path": "/model_deploy_execution_attack_for_pipeline/outputs/emotion_ferplus_mnn_007173_ttba_attack/adversarial_image.png"
    }
}