{
    "status": "SUCCESS",
    "config": {
        "executable": "./resources/execution_files/gender_googlenet_mnn",
        "benign_image": "/img_align_celeba/153536.jpg",
        "initial_adv_image": "/img_align_celeba/173194.jpg",
        "l2_epsilon_goal": 0.05,
        "linf_epsilon_goal": 0.06274509803921569,
        "query_budget": 40000,
        "max_iterations": 1000,
        "initial_queries": 50,
        "dimension_reduction": 1.0
    },
    "results": {
        "total_queries": 15669,
        "final_l2_distance": 4.663754940032959,
        "final_linf_distance": 0.060624539852142334,
        "total_duration_seconds": 428.98387360572815,
        "iteration_times_seconds": [
            6.050518274307251,
            6.331180810928345,
            6.507718324661255,
            6.619256496429443,
            6.412687063217163,
            6.576624393463135,
            6.78998327255249,
            6.840629816055298,
            6.778514862060547,
            6.771759986877441,
            6.845269680023193,
            6.920822620391846,
            6.976408243179321,
            7.014127492904663,
            7.188479423522949,
            7.242593288421631,
            7.104548454284668,
            7.184158086776733,
            7.1846325397491455,
            7.292738437652588,
            7.2784295082092285,
            7.275695323944092,
            7.464656114578247,
            7.42702579498291,
            7.486864328384399,
            7.498668193817139,
            7.690766334533691,
            7.694174289703369,
            7.706526756286621,
            7.823631048202515,
            7.7911601066589355,
            7.869405746459961,
            7.8707685470581055,
            8.069348812103271,
            7.979811906814575,
            8.044887065887451,
            7.950796842575073,
            8.096230745315552,
            7.9651782512664795,
            7.9222540855407715,
            8.013904094696045,
            8.134747505187988,
            8.197903394699097,
            8.246347427368164,
            8.291944026947021,
            8.214567184448242,
            8.268809080123901,
            8.26138424873352,
            8.446665287017822,
            8.309274435043335,
            8.44722604751587,
            8.363663911819458,
            8.380996465682983,
            8.586353063583374,
            8.5474271774292,
            8.527435541152954
        ],
        "output_image_path": "/model_deploy_execution_attack_for_pipeline/outputs/gender_googlenet_mnn_153536_ttba_attack/adversarial_image.png"
    }
}