{
    "status": "SUCCESS",
    "config": {
        "executable": "./resources/execution_files/ssrnet_age_mnn",
        "benign_image": "/img_align_celeba/085164.jpg",
        "initial_adv_image": "/img_align_celeba/074823.jpg",
        "l2_epsilon_goal": 0.05,
        "linf_epsilon_goal": 0.06274509803921569,
        "query_budget": 40000,
        "max_iterations": 1000,
        "initial_queries": 50,
        "dimension_reduction": 1.0
    },
    "results": {
        "total_queries": 21190,
        "final_l2_distance": 4.974522590637207,
        "final_linf_distance": 0.061308786273002625,
        "total_duration_seconds": 188.7769272327423,
        "iteration_times_seconds": [
            2.3559606075286865,
            2.472917318344116,
            2.417208194732666,
            2.3761227130889893,
            2.336550712585449,
            2.4079949855804443,
            2.3283092975616455,
            2.5040080547332764,
            2.4669299125671387,
            2.511906623840332,
            2.481807231903076,
            2.525571584701538,
            2.5603601932525635,
            2.5869922637939453,
            2.399315357208252,
            2.557501792907715,
            2.5672905445098877,
            2.5890414714813232,
            2.5166730880737305,
            2.506028413772583,
            2.6973137855529785,
            2.554457426071167,
            2.6085493564605713,
            2.5367116928100586,
            2.734983205795288,
            2.5869059562683105,
            2.5590667724609375,
            2.67256236076355,
            2.8169891834259033,
            2.6919972896575928,
            2.7644593715667725,
            2.8580527305603027,
            2.7953457832336426,
            2.867558240890503,
            2.9841299057006836,
            2.9572298526763916,
            2.6725800037384033,
            2.794926166534424,
            2.8183724880218506,
            2.6947832107543945,
            2.7910854816436768,
            2.8580617904663086,
            2.70383620262146,
            2.804643154144287,
            2.805924415588379,
            2.8255982398986816,
            2.823258399963379,
            2.8906004428863525,
            2.9271037578582764,
            2.8431501388549805,
            2.90144681930542,
            2.858020544052124,
            2.7977638244628906,
            2.757556676864624,
            2.9219608306884766,
            2.851358652114868,
            2.7939834594726562,
            2.7822470664978027,
            2.9031822681427,
            2.8496382236480713,
            2.827975034713745,
            2.9239532947540283,
            2.9238781929016113,
            3.009232997894287,
            2.819284200668335,
            2.8822684288024902,
            3.0342302322387695,
            2.9505207538604736,
            2.967288017272949
        ],
        "output_image_path": "/model_deploy_execution_attack_for_pipeline/outputs/ssrnet_age_mnn_085164_ttba_attack/adversarial_image.png"
    }
}