{
    "status": "BUDGET_EXHAUSTED",
    "config": {
        "executable": "resources/execution_files/emotion_ferplus_mnn",
        "benign_image": "/img_align_celeba/144738.jpg",
        "initial_adv_image": "/img_align_celeba/105002.jpg",
        "l2_epsilon_goal": 0.05,
        "linf_epsilon_goal": 0.06274509803921569,
        "query_budget": 40000,
        "max_iterations": 1000,
        "initial_queries": 50,
        "dimension_reduction": 1.0
    },
    "results": {
        "total_queries": 40169,
        "final_l2_distance": 9.218894004821777,
        "final_linf_distance": 0.11661401391029358,
        "total_duration_seconds": 1011.040584564209,
        "iteration_times_seconds": [
            6.391869306564331,
            6.808232069015503,
            6.945230007171631,
            7.0987255573272705,
            7.160652160644531,
            7.317808151245117,
            7.406158924102783,
            7.520670652389526,
            7.584070920944214,
            7.739955902099609,
            7.642348289489746,
            7.798705339431763,
            7.790524959564209,
            7.8553056716918945,
            8.096024990081787,
            8.233610153198242,
            8.166143417358398,
            8.31673288345337,
            8.370182275772095,
            8.427334070205688,
            8.389394998550415,
            8.470821857452393,
            8.519785404205322,
            8.616283178329468,
            8.586868047714233,
            8.673041820526123,
            8.782178401947021,
            8.66380262374878,
            8.702674865722656,
            8.758117437362671,
            8.74622893333435,
            8.767180681228638,
            8.83272671699524,
            8.889798879623413,
            8.867985486984253,
            8.953012704849243,
            9.078198194503784,
            9.163318395614624,
            9.191858053207397,
            9.213024616241455,
            9.245476484298706,
            9.242099046707153,
            9.326256275177002,
            9.404584169387817,
            9.38573670387268,
            9.451049327850342,
            9.514063835144043,
            9.416159629821777,
            9.281347513198853,
            9.354475975036621,
            9.38486909866333,
            9.388004064559937,
            9.44670033454895,
            9.495465278625488,
            9.641677618026733,
            9.557554244995117,
            9.488519668579102,
            9.69246768951416,
            9.724111318588257,
            9.755235433578491,
            9.813997268676758,
            9.853120803833008,
            9.90163540840149,
            9.870785236358643,
            9.962371826171875,
            10.00022029876709,
            10.106302976608276,
            9.987632274627686,
            10.03793716430664,
            10.085690021514893,
            10.058393239974976,
            10.236064195632935,
            10.098196744918823,
            10.216729402542114,
            10.213468790054321,
            10.254319429397583,
            10.218801021575928,
            10.21486234664917,
            10.20060110092163,
            10.36536955833435,
            10.382724523544312,
            10.489555358886719,
            10.458277940750122,
            10.512323141098022,
            10.563164234161377,
            10.372653245925903,
            10.449061632156372,
            10.493118286132812,
            10.505929470062256,
            10.554397821426392,
            10.433241128921509,
            10.562417030334473,
            10.579470872879028,
            10.541621446609497,
            10.560227870941162,
            10.606668472290039,
            10.633797407150269,
            10.77046275138855,
            10.709357738494873,
            10.731559038162231,
            10.841228008270264,
            10.833581924438477,
            10.855972290039062,
            10.981069326400757,
            10.84998345375061,
            10.89149522781372,
            10.959405422210693
        ],
        "output_image_path": "/model_deploy_execution_attack_for_pipeline/outputs/emotion_ferplus_mnn_144738_ttba_attack/adversarial_image.png"
    }
}