{
    "status": "BUDGET_EXHAUSTED",
    "config": {
        "executable": "./resources/execution_files/fsanet_headpose_mnn",
        "benign_image": "/img_align_celeba/184508.jpg",
        "initial_adv_image": "/img_align_celeba/105002.jpg",
        "l2_epsilon_goal": 0.05,
        "linf_epsilon_goal": 0.06274509803921569,
        "query_budget": 40000,
        "max_iterations": 1000,
        "initial_queries": 50,
        "dimension_reduction": 1.0
    },
    "results": {
        "total_queries": 40107,
        "final_l2_distance": 10.30053997039795,
        "final_linf_distance": 0.15439477562904358,
        "total_duration_seconds": 363.4305763244629,
        "iteration_times_seconds": [
            2.6583049297332764,
            2.6311981678009033,
            2.7659544944763184,
            2.768038749694824,
            2.8622589111328125,
            2.770383596420288,
            2.8692786693573,
            2.857818365097046,
            2.893890857696533,
            2.8304924964904785,
            2.887662410736084,
            2.9819819927215576,
            2.937276840209961,
            3.0009069442749023,
            3.1553986072540283,
            3.005092144012451,
            3.0600719451904297,
            3.127997875213623,
            3.0717320442199707,
            3.166851282119751,
            3.1786813735961914,
            3.0398921966552734,
            3.019725799560547,
            3.0075438022613525,
            3.1319451332092285,
            3.117464542388916,
            3.1587321758270264,
            3.2884294986724854,
            3.152791976928711,
            3.187190055847168,
            3.14713454246521,
            3.2209889888763428,
            3.175482749938965,
            3.279261827468872,
            3.252854347229004,
            3.282254934310913,
            3.2379658222198486,
            3.3630759716033936,
            3.1929874420166016,
            3.275394916534424,
            3.308581590652466,
            3.2837343215942383,
            3.3251752853393555,
            3.328139066696167,
            3.3197999000549316,
            3.3619892597198486,
            3.370485782623291,
            3.34991455078125,
            3.3555033206939697,
            3.326500177383423,
            3.3109419345855713,
            3.414466142654419,
            3.5744714736938477,
            3.3992974758148193,
            3.5328028202056885,
            3.495617151260376,
            3.5722532272338867,
            3.4807121753692627,
            3.424466371536255,
            3.456998348236084,
            3.6102967262268066,
            3.6578195095062256,
            3.416715145111084,
            3.553490161895752,
            3.500476598739624,
            3.421173095703125,
            3.5682802200317383,
            3.528987169265747,
            3.577415704727173,
            3.5352089405059814,
            3.582902431488037,
            3.599257469177246,
            3.5427396297454834,
            3.5195751190185547,
            3.5027637481689453,
            3.446439266204834,
            3.533601760864258,
            3.5938560962677,
            3.6621932983398438,
            3.6764578819274902,
            3.734281063079834,
            3.584080934524536,
            3.6180336475372314,
            3.6495249271392822,
            3.6342859268188477,
            3.674710273742676,
            3.7082178592681885,
            3.656013250350952,
            3.6936581134796143,
            3.749786615371704,
            3.673654079437256,
            3.7191624641418457,
            3.613264799118042,
            3.7268118858337402,
            3.6978790760040283,
            3.565032958984375,
            3.810436725616455,
            3.8252246379852295,
            3.733473062515259,
            3.822746753692627,
            3.7436845302581787,
            3.8758370876312256,
            3.8711490631103516,
            3.791865825653076,
            3.7675416469573975,
            3.874150037765503,
            3.8006627559661865
        ],
        "output_image_path": "/model_deploy_execution_attack_for_pipeline/outputs/fsanet_headpose_mnn_184508_ttba_attack/adversarial_image.png"
    }
}