{
    "status": "SUCCESS",
    "config": {
        "executable": "./resources/execution_files/fsanet_headpose_mnn",
        "benign_image": "/img_align_celeba/181464.jpg",
        "initial_adv_image": "/img_align_celeba/189986.jpg",
        "l2_epsilon_goal": 0.05,
        "linf_epsilon_goal": 0.06274509803921569,
        "query_budget": 40000,
        "max_iterations": 1000,
        "initial_queries": 50,
        "dimension_reduction": 1.0
    },
    "results": {
        "total_queries": 2910,
        "final_l2_distance": 4.133593559265137,
        "final_linf_distance": 0.05612839758396149,
        "total_duration_seconds": 48.052823066711426,
        "iteration_times_seconds": [
            2.5514140129089355,
            2.578249216079712,
            2.675560712814331,
            2.656163215637207,
            2.7131693363189697,
            2.7713630199432373,
            2.7817203998565674,
            2.738783597946167,
            2.7911837100982666,
            2.7476205825805664,
            2.834965229034424,
            2.7089998722076416,
            2.7138829231262207,
            2.708953619003296,
            2.7577219009399414,
            2.8350470066070557,
            2.7924513816833496
        ],
        "output_image_path": "/model_deploy_execution_attack_for_pipeline/outputs/fsanet_headpose_mnn_181464_ttba_attack/adversarial_image.png"
    }
}