{
    "status": "BUDGET_EXHAUSTED",
    "config": {
        "executable": "./resources/execution_files/age_googlenet_mnn",
        "benign_image": "/img_align_celeba/065084.jpg",
        "initial_adv_image": "/img_align_celeba/00000002.png",
        "l2_epsilon_goal": 0.05,
        "linf_epsilon_goal": 0.06274509803921569,
        "query_budget": 40000,
        "max_iterations": 1000,
        "initial_queries": 50,
        "dimension_reduction": 1.0
    },
    "results": {
        "total_queries": 40378,
        "final_l2_distance": 58.27420425415039,
        "final_linf_distance": 0.805221676826477,
        "total_duration_seconds": 1154.79518699646,
        "iteration_times_seconds": [
            7.774020671844482,
            8.076053142547607,
            8.143062353134155,
            8.334306001663208,
            8.413438081741333,
            8.399508237838745,
            8.75368618965149,
            8.837193489074707,
            8.777503252029419,
            8.858283758163452,
            8.94459581375122,
            9.055726766586304,
            9.048289775848389,
            9.112926483154297,
            9.313153982162476,
            9.458669900894165,
            9.390825510025024,
            9.59597659111023,
            9.510548114776611,
            9.607578992843628,
            9.640071630477905,
            9.570619344711304,
            9.751882791519165,
            9.792551040649414,
            9.819218397140503,
            9.844393253326416,
            10.029258728027344,
            10.091508865356445,
            10.213897228240967,
            10.216565608978271,
            10.198914527893066,
            10.210364580154419,
            10.184471607208252,
            10.280197858810425,
            10.257292747497559,
            10.319350719451904,
            10.371005058288574,
            10.52122449874878,
            10.438315391540527,
            10.578322410583496,
            10.494015216827393,
            10.748405456542969,
            10.679589986801147,
            10.739152193069458,
            10.86331582069397,
            10.825623989105225,
            10.842018365859985,
            10.907389879226685,
            10.671562671661377,
            10.75409722328186,
            10.734151840209961,
            10.737658023834229,
            10.732805728912354,
            10.793406009674072,
            10.829211950302124,
            10.814950942993164,
            10.956726312637329,
            10.975698232650757,
            11.073644161224365,
            11.112777471542358,
            11.24670124053955,
            11.284958600997925,
            11.160764455795288,
            11.120312452316284,
            11.213806629180908,
            11.278155088424683,
            11.353598594665527,
            11.303687810897827,
            11.308314561843872,
            11.370378971099854,
            11.310066938400269,
            11.334075212478638,
            11.402243375778198,
            11.471165895462036,
            11.47172236442566,
            11.470789909362793,
            11.611090898513794,
            11.608992576599121,
            11.632642030715942,
            11.692240953445435,
            11.84952425956726,
            11.75365138053894,
            11.791993379592896,
            11.89749813079834,
            11.909592151641846,
            11.952948093414307,
            11.948153495788574,
            11.893126249313354,
            11.927794218063354,
            11.932104349136353,
            11.904287576675415,
            11.987030506134033,
            12.013177633285522,
            12.0926992893219,
            11.991535425186157,
            12.14647912979126,
            12.028454542160034,
            12.071467638015747,
            12.174357891082764,
            12.279332876205444,
            12.25310492515564,
            12.251775741577148,
            12.156380414962769,
            12.188452959060669,
            12.362923383712769,
            12.44507122039795,
            12.404151916503906
        ],
        "output_image_path": "/model_deploy_execution_attack_for_pipeline/outputs/age_googlenet_mnn_065084_ttba_attack/adversarial_image.png"
    }
}