{
    "status": "BUDGET_EXHAUSTED",
    "config": {
        "executable": "./resources/execution_files/gender_googlenet_mnn",
        "benign_image": "/img_align_celeba/005016.jpg",
        "initial_adv_image": "/img_align_celeba/116718.jpg",
        "l2_epsilon_goal": 0.05,
        "linf_epsilon_goal": 0.06274509803921569,
        "query_budget": 40000,
        "max_iterations": 1000,
        "initial_queries": 50,
        "dimension_reduction": 1.0
    },
    "results": {
        "total_queries": 40135,
        "final_l2_distance": 9.982442855834961,
        "final_linf_distance": 0.13316339254379272,
        "total_duration_seconds": 931.5544748306274,
        "iteration_times_seconds": [
            6.064158201217651,
            6.293239116668701,
            6.404797554016113,
            6.464135408401489,
            6.602978944778442,
            6.7226502895355225,
            6.9538116455078125,
            7.002918720245361,
            7.022205591201782,
            6.956734895706177,
            6.978485107421875,
            7.079974174499512,
            7.226431608200073,
            7.241741180419922,
            7.431317567825317,
            7.479032754898071,
            7.536736249923706,
            7.524554491043091,
            7.559052228927612,
            7.550260543823242,
            7.545795679092407,
            7.7497498989105225,
            7.749366521835327,
            7.703264236450195,
            7.840707778930664,
            7.85823655128479,
            7.98083758354187,
            8.027005195617676,
            8.11152720451355,
            8.08450198173523,
            8.11320447921753,
            8.147612810134888,
            8.251587867736816,
            8.049751281738281,
            8.057887315750122,
            8.134445905685425,
            8.149928092956543,
            8.268016338348389,
            8.2619309425354,
            8.276930093765259,
            8.415416240692139,
            8.36168646812439,
            8.522360563278198,
            8.477128982543945,
            8.538153648376465,
            8.614644050598145,
            8.661977767944336,
            8.584518432617188,
            8.684845685958862,
            8.664259672164917,
            8.70375370979309,
            8.695408344268799,
            8.722177267074585,
            8.71935510635376,
            8.83788800239563,
            8.822169780731201,
            8.744803667068481,
            8.916568994522095,
            9.09757924079895,
            9.030957460403442,
            9.084702253341675,
            9.17315936088562,
            9.226778268814087,
            9.14217734336853,
            9.197727680206299,
            9.239481925964355,
            9.316758394241333,
            9.235770463943481,
            9.27552342414856,
            9.307788372039795,
            9.391145944595337,
            9.501852989196777,
            9.43300747871399,
            9.453317880630493,
            9.36051607131958,
            9.547274827957153,
            9.418231725692749,
            9.654626607894897,
            9.558797121047974,
            9.524397611618042,
            9.66147518157959,
            9.699028968811035,
            9.726181030273438,
            9.810197830200195,
            9.605263233184814,
            9.710350275039673,
            9.71068000793457,
            9.802242994308472,
            9.687569856643677,
            9.755138635635376,
            9.773730516433716,
            9.808761358261108,
            9.80454397201538,
            9.743059396743774,
            9.887805938720703,
            9.825866460800171,
            9.858380317687988,
            9.911798477172852,
            9.906089782714844,
            9.918846607208252,
            10.01608419418335,
            9.980945587158203,
            10.006407260894775,
            10.131855010986328,
            10.060878992080688,
            10.106289863586426,
            10.169260501861572
        ],
        "output_image_path": "/model_deploy_execution_attack_for_pipeline/outputs/gender_googlenet_mnn_005016_ttba_attack/adversarial_image.png"
    }
}