{
    "status": "BUDGET_EXHAUSTED",
    "config": {
        "executable": "./resources/execution_files/age_googlenet_mnn",
        "benign_image": "/img_align_celeba/028184.jpg",
        "initial_adv_image": "/img_align_celeba/00000002.png",
        "l2_epsilon_goal": 0.05,
        "linf_epsilon_goal": 0.06274509803921569,
        "query_budget": 40000,
        "max_iterations": 1000,
        "initial_queries": 50,
        "dimension_reduction": 1.0
    },
    "results": {
        "total_queries": 40330,
        "final_l2_distance": 35.28544998168945,
        "final_linf_distance": 0.43947499990463257,
        "total_duration_seconds": 1145.122129201889,
        "iteration_times_seconds": [
            7.846404314041138,
            8.136427402496338,
            8.204840183258057,
            8.344480991363525,
            8.430094957351685,
            8.511651039123535,
            8.819409847259521,
            8.853033304214478,
            8.85703730583191,
            8.867130517959595,
            9.020068645477295,
            9.04413366317749,
            9.09815764427185,
            9.180983066558838,
            9.350390672683716,
            9.390069484710693,
            9.440308570861816,
            9.623232126235962,
            9.61527705192566,
            9.633347749710083,
            9.609253883361816,
            9.667496919631958,
            9.825786113739014,
            9.760536432266235,
            9.860397577285767,
            9.92709469795227,
            10.012630462646484,
            10.031030416488647,
            10.125376224517822,
            10.229856014251709,
            10.081699848175049,
            9.959976196289062,
            10.005839824676514,
            10.014484643936157,
            10.071301460266113,
            10.190346479415894,
            10.137186765670776,
            10.210235595703125,
            10.249967336654663,
            10.282821893692017,
            10.35092306137085,
            10.448390007019043,
            10.472841739654541,
            10.622255086898804,
            10.58216404914856,
            10.553694009780884,
            10.643361568450928,
            10.631512641906738,
            10.65917682647705,
            10.653552770614624,
            10.735410451889038,
            10.72630500793457,
            10.833962440490723,
            10.784808158874512,
            10.833086729049683,
            10.998348474502563,
            10.997910499572754,
            10.89630675315857,
            10.919120073318481,
            11.166574478149414,
            11.157651901245117,
            11.219194412231445,
            11.250171899795532,
            11.27726125717163,
            11.247418403625488,
            11.352010011672974,
            11.306424379348755,
            11.298609733581543,
            11.343549251556396,
            11.389570713043213,
            11.457022428512573,
            11.390891551971436,
            11.407165288925171,
            11.529641151428223,
            11.45080280303955,
            11.520313739776611,
            11.341381311416626,
            11.351819276809692,
            11.363052368164062,
            11.409021377563477,
            11.553741216659546,
            11.532538652420044,
            11.728745222091675,
            11.687464952468872,
            11.638877391815186,
            11.688290357589722,
            11.597784519195557,
            11.703883171081543,
            11.649444580078125,
            11.691093921661377,
            11.713537693023682,
            11.72083830833435,
            11.861268758773804,
            11.771108627319336,
            11.832212924957275,
            11.852699995040894,
            11.78720211982727,
            11.849822759628296,
            11.97449517250061,
            11.970304250717163,
            11.930140018463135,
            11.995077848434448,
            12.107641696929932,
            11.99875283241272,
            12.049477100372314,
            12.28534722328186,
            12.333698749542236
        ],
        "output_image_path": "/model_deploy_execution_attack_for_pipeline/outputs/age_googlenet_mnn_028184_ttba_attack/adversarial_image.png"
    }
}