{
    "status": "SUCCESS",
    "config": {
        "executable": "./resources/execution_files/ssrnet_age_mnn",
        "benign_image": "/img_align_celeba/093060.jpg",
        "initial_adv_image": "/img_align_celeba/107403.jpg",
        "l2_epsilon_goal": 0.05,
        "linf_epsilon_goal": 0.06274509803921569,
        "query_budget": 40000,
        "max_iterations": 1000,
        "initial_queries": 50,
        "dimension_reduction": 1.0
    },
    "results": {
        "total_queries": 15287,
        "final_l2_distance": 5.040366172790527,
        "final_linf_distance": 0.060988541692495346,
        "total_duration_seconds": 144.90271091461182,
        "iteration_times_seconds": [
            2.2412898540496826,
            2.325450897216797,
            2.524782180786133,
            2.3531317710876465,
            2.3444087505340576,
            2.3748767375946045,
            2.4221510887145996,
            2.5298140048980713,
            2.435821771621704,
            2.5628068447113037,
            2.4180688858032227,
            2.3694961071014404,
            2.5789904594421387,
            2.4043753147125244,
            2.547520160675049,
            2.53084659576416,
            2.5003840923309326,
            2.6749258041381836,
            2.552002429962158,
            2.486666440963745,
            2.5989301204681396,
            2.6512653827667236,
            2.5651769638061523,
            2.622431516647339,
            2.631532907485962,
            2.543269395828247,
            2.583845615386963,
            2.613952159881592,
            2.611741304397583,
            2.58097767829895,
            2.7479779720306396,
            2.66668701171875,
            2.7118024826049805,
            2.6030778884887695,
            2.6191604137420654,
            2.645965814590454,
            2.8180251121520996,
            2.711168050765991,
            2.7301461696624756,
            2.7075374126434326,
            2.674379587173462,
            2.7399814128875732,
            2.7645912170410156,
            2.775015354156494,
            2.704742908477783,
            2.7269093990325928,
            2.7144222259521484,
            2.7860918045043945,
            2.734639883041382,
            2.684840679168701,
            2.7240846157073975,
            2.8053977489471436,
            2.83821702003479,
            2.758134365081787,
            2.852783203125
        ],
        "output_image_path": "/model_deploy_execution_attack_for_pipeline/outputs/ssrnet_age_mnn_093060_ttba_attack/adversarial_image.png"
    }
}