{
    "status": "SUCCESS",
    "config": {
        "executable": "./resources/execution_files/emotion_ferplus_mnn",
        "benign_image": "/img_align_celeba/045432.jpg",
        "initial_adv_image": "/img_align_celeba/005770.jpg",
        "l2_epsilon_goal": 0.05,
        "linf_epsilon_goal": 0.06274509803921569,
        "query_budget": 40000,
        "max_iterations": 1000,
        "initial_queries": 50,
        "dimension_reduction": 1.0
    },
    "results": {
        "total_queries": 7040,
        "final_l2_distance": 4.652453422546387,
        "final_linf_distance": 0.06141715496778488,
        "total_duration_seconds": 241.94624304771423,
        "iteration_times_seconds": [
            6.232317686080933,
            6.53811502456665,
            6.3660454750061035,
            6.509805917739868,
            6.712517738342285,
            6.829663991928101,
            7.036454677581787,
            7.036892652511597,
            6.967198848724365,
            7.042612552642822,
            7.080134153366089,
            7.144404172897339,
            7.299715042114258,
            7.284990549087524,
            7.47170090675354,
            7.418315649032593,
            7.6199586391448975,
            7.663033962249756,
            7.817023992538452,
            7.766627311706543,
            7.918982028961182,
            7.827529430389404,
            7.944237947463989,
            7.786972761154175,
            7.876856088638306,
            7.842508792877197,
            8.056791305541992,
            7.9916675090789795,
            8.146493911743164,
            8.08428144454956,
            8.031386375427246,
            8.16518783569336
        ],
        "output_image_path": "/model_deploy_execution_attack_for_pipeline/outputs/emotion_ferplus_mnn_045432_ttba_attack/adversarial_image.png"
    }
}