{
    "status": "SUCCESS",
    "config": {
        "executable": "./resources/execution_files/fsanet_headpose_mnn",
        "benign_image": "/img_align_celeba/152166.jpg",
        "initial_adv_image": "/img_align_celeba/065084.jpg",
        "l2_epsilon_goal": 0.05,
        "linf_epsilon_goal": 0.06274509803921569,
        "query_budget": 40000,
        "max_iterations": 1000,
        "initial_queries": 50,
        "dimension_reduction": 1.0
    },
    "results": {
        "total_queries": 4430,
        "final_l2_distance": 4.728137493133545,
        "final_linf_distance": 0.05897700786590576,
        "total_duration_seconds": 65.88414025306702,
        "iteration_times_seconds": [
            2.6423072814941406,
            2.5035245418548584,
            2.5529768466949463,
            2.578043222427368,
            2.663741111755371,
            2.763761281967163,
            2.712920665740967,
            2.7540407180786133,
            2.762498378753662,
            2.7470879554748535,
            2.8498666286468506,
            2.926874876022339,
            2.8813412189483643,
            2.780371904373169,
            2.8643717765808105,
            2.872953176498413,
            2.8413078784942627,
            2.8476693630218506,
            2.9059481620788574,
            2.832920551300049,
            2.995743989944458,
            3.0096306800842285,
            2.8428292274475098
        ],
        "output_image_path": "/model_deploy_execution_attack_for_pipeline/outputs/fsanet_headpose_mnn_152166_ttba_attack/adversarial_image.png"
    }
}