{
    "status": "BUDGET_EXHAUSTED",
    "config": {
        "executable": "resources/execution_files/emotion_ferplus_mnn",
        "benign_image": "/img_align_celeba/059999.jpg",
        "initial_adv_image": "/img_align_celeba/105002.jpg",
        "l2_epsilon_goal": 0.05,
        "linf_epsilon_goal": 0.06274509803921569,
        "query_budget": 40000,
        "max_iterations": 1000,
        "initial_queries": 50,
        "dimension_reduction": 1.0
    },
    "results": {
        "total_queries": 40088,
        "final_l2_distance": 8.395696640014648,
        "final_linf_distance": 0.17547160387039185,
        "total_duration_seconds": 999.9768359661102,
        "iteration_times_seconds": [
            6.328183174133301,
            6.6081719398498535,
            6.737664222717285,
            6.876680374145508,
            6.9899163246154785,
            7.049473524093628,
            7.401265382766724,
            7.354082345962524,
            7.542726039886475,
            7.556716442108154,
            7.47722601890564,
            7.751072645187378,
            7.739516735076904,
            7.754475355148315,
            8.020367860794067,
            8.029817581176758,
            8.115756273269653,
            8.11215353012085,
            7.969886541366577,
            8.032909870147705,
            7.997721195220947,
            8.091651916503906,
            8.09255075454712,
            8.26210880279541,
            8.211538076400757,
            8.508426427841187,
            8.385120868682861,
            8.492107391357422,
            8.572034358978271,
            8.649471044540405,
            8.625693798065186,
            8.618489980697632,
            8.774996995925903,
            8.897262811660767,
            8.845447063446045,
            8.905810594558716,
            8.805808544158936,
            8.845687866210938,
            8.908981561660767,
            9.015751123428345,
            9.02339768409729,
            9.13175916671753,
            9.252705097198486,
            9.174771547317505,
            9.31023907661438,
            9.39194107055664,
            9.289432764053345,
            9.35046124458313,
            9.418400764465332,
            9.413917064666748,
            9.369683980941772,
            9.492721796035767,
            9.577794551849365,
            9.558355331420898,
            9.633908987045288,
            9.581862926483154,
            9.68491530418396,
            9.76154088973999,
            9.663673639297485,
            9.755019187927246,
            9.83399510383606,
            9.854881286621094,
            9.798322916030884,
            9.73497724533081,
            9.815464735031128,
            9.842182636260986,
            9.856788873672485,
            9.822566747665405,
            9.887369632720947,
            9.836267709732056,
            9.861140727996826,
            9.988125562667847,
            10.040257453918457,
            10.022030353546143,
            10.051980257034302,
            10.080668687820435,
            10.106914520263672,
            10.188304424285889,
            10.132636070251465,
            10.151304244995117,
            10.348702430725098,
            10.314573049545288,
            10.248397827148438,
            10.351878881454468,
            10.389549970626831,
            10.493073463439941,
            10.565723180770874,
            10.539071083068848,
            10.607081174850464,
            10.530149936676025,
            10.578407049179077,
            10.466527938842773,
            10.619655847549438,
            10.656420469284058,
            10.607637405395508,
            10.61149263381958,
            10.704299211502075,
            10.698822498321533,
            10.766420602798462,
            10.755683183670044,
            10.740535259246826,
            10.79495882987976,
            10.868013381958008,
            10.919410467147827,
            10.826359748840332,
            11.00841760635376,
            10.988266229629517
        ],
        "output_image_path": "/model_deploy_execution_attack_for_pipeline/outputs/emotion_ferplus_mnn_059999_ttba_attack/adversarial_image.png"
    }
}