{
    "status": "SUCCESS",
    "config": {
        "executable": "./resources/execution_files/ssrnet_age_mnn",
        "benign_image": "/img_align_celeba/111077.jpg",
        "initial_adv_image": "/img_align_celeba/135102.jpg",
        "l2_epsilon_goal": 0.05,
        "linf_epsilon_goal": 0.06274509803921569,
        "query_budget": 40000,
        "max_iterations": 1000,
        "initial_queries": 50,
        "dimension_reduction": 1.0
    },
    "results": {
        "total_queries": 2488,
        "final_l2_distance": 4.716869354248047,
        "final_linf_distance": 0.05905640125274658,
        "total_duration_seconds": 38.347503662109375,
        "iteration_times_seconds": [
            2.290534734725952,
            2.4303805828094482,
            2.386915445327759,
            2.3742849826812744,
            2.444460391998291,
            2.508239507675171,
            2.3745877742767334,
            2.476762056350708,
            2.4570977687835693,
            2.5565357208251953,
            2.44018816947937,
            2.442448854446411,
            2.590843439102173,
            2.5635204315185547,
            2.468496561050415
        ],
        "output_image_path": "/model_deploy_execution_attack_for_pipeline/outputs/ssrnet_age_mnn_111077_ttba_attack/adversarial_image.png"
    }
}