{
    "status": "BUDGET_EXHAUSTED",
    "config": {
        "executable": "./resources/execution_files/ssrnet_age_mnn",
        "benign_image": "/img_align_celeba/083501.jpg",
        "initial_adv_image": "/img_align_celeba/107403.jpg",
        "l2_epsilon_goal": 0.05,
        "linf_epsilon_goal": 0.06274509803921569,
        "query_budget": 40000,
        "max_iterations": 1000,
        "initial_queries": 50,
        "dimension_reduction": 1.0
    },
    "results": {
        "total_queries": 40046,
        "final_l2_distance": 3.824754476547241,
        "final_linf_distance": 0.08653467893600464,
        "total_duration_seconds": 308.24949860572815,
        "iteration_times_seconds": [
            2.298448085784912,
            2.426342487335205,
            2.4528281688690186,
            2.4346365928649902,
            2.5582027435302734,
            2.5126326084136963,
            2.4127635955810547,
            2.4918582439422607,
            2.5184009075164795,
            2.560880422592163,
            2.67698073387146,
            2.5565543174743652,
            2.595132350921631,
            2.6106796264648438,
            2.5539586544036865,
            2.630436420440674,
            2.559790849685669,
            2.623959541320801,
            2.744211196899414,
            2.6635444164276123,
            2.734920024871826,
            2.690843105316162,
            2.6959097385406494,
            2.5505456924438477,
            2.7063252925872803,
            2.7609620094299316,
            2.7199699878692627,
            2.637268543243408,
            2.7463295459747314,
            2.70544171333313,
            2.7305519580841064,
            2.6519558429718018,
            2.7268896102905273,
            2.7097795009613037,
            2.7625975608825684,
            2.8002395629882812,
            2.747121572494507,
            2.7518715858459473,
            2.7645492553710938,
            2.757101058959961,
            2.6769216060638428,
            2.8057076930999756,
            2.7278692722320557,
            2.8161160945892334,
            2.7880780696868896,
            2.9490272998809814,
            2.832249879837036,
            2.8082995414733887,
            2.8440768718719482,
            2.8763797283172607,
            2.9632654190063477,
            2.7444324493408203,
            2.9029645919799805,
            2.9205760955810547,
            2.9729163646698,
            2.7793662548065186,
            2.8710243701934814,
            2.937037944793701,
            2.9560725688934326,
            2.9109103679656982,
            2.8310346603393555,
            2.994725227355957,
            2.856375217437744,
            2.9500114917755127,
            2.9902379512786865,
            2.880467653274536,
            2.9448909759521484,
            2.9223201274871826,
            3.019078493118286,
            2.9663307666778564,
            2.9810776710510254,
            3.0191562175750732,
            3.0348424911499023,
            2.906752586364746,
            3.0654590129852295,
            2.933879852294922,
            3.021442413330078,
            2.983147621154785,
            3.0476632118225098,
            3.118516683578491,
            3.0714781284332275,
            3.0918142795562744,
            2.994218349456787,
            2.971510410308838,
            3.083735227584839,
            3.112424850463867,
            3.047268867492676,
            3.1630072593688965,
            3.1033055782318115,
            3.0486764907836914,
            3.216372489929199,
            3.1213648319244385,
            3.217761516571045,
            3.1191492080688477,
            3.193272590637207,
            3.1859285831451416,
            3.182954788208008,
            3.191927671432495,
            3.1152589321136475,
            3.210869550704956,
            3.260637044906616,
            3.1409056186676025,
            3.2475810050964355,
            3.1593422889709473,
            3.250171422958374,
            3.2651662826538086,
            3.232424259185791
        ],
        "output_image_path": "/model_deploy_execution_attack_for_pipeline/outputs/ssrnet_age_mnn_083501_ttba_attack/adversarial_image.png"
    }
}