{
    "status": "BUDGET_EXHAUSTED",
    "config": {
        "executable": "resources/execution_files/gender_googlenet_mnn",
        "benign_image": "/img_align_celeba/137067.jpg",
        "initial_adv_image": "/img_align_celeba/195377.jpg",
        "l2_epsilon_goal": 0.05,
        "linf_epsilon_goal": 0.06274509803921569,
        "query_budget": 40000,
        "max_iterations": 1000,
        "initial_queries": 50,
        "dimension_reduction": 1.0
    },
    "results": {
        "total_queries": 40032,
        "final_l2_distance": 5.325613975524902,
        "final_linf_distance": 0.07233956456184387,
        "total_duration_seconds": 949.1070709228516,
        "iteration_times_seconds": [
            5.955888271331787,
            6.302751302719116,
            6.288330078125,
            6.486268520355225,
            6.500866651535034,
            6.781061410903931,
            6.960516452789307,
            6.993803262710571,
            7.093722105026245,
            7.160141229629517,
            7.038042068481445,
            7.029804468154907,
            7.206470966339111,
            7.293210744857788,
            7.498478651046753,
            7.468392848968506,
            7.509830951690674,
            7.540856838226318,
            7.588116884231567,
            7.748891592025757,
            7.673693418502808,
            7.755947113037109,
            7.785139560699463,
            7.815338611602783,
            7.936461448669434,
            8.041877508163452,
            8.216729640960693,
            8.18458366394043,
            8.153806447982788,
            8.255396842956543,
            8.265295028686523,
            8.251136541366577,
            8.292428016662598,
            8.298376560211182,
            8.369776725769043,
            8.420437812805176,
            8.504421472549438,
            8.295072555541992,
            8.387214422225952,
            8.415912866592407,
            8.57156252861023,
            8.582716703414917,
            8.583145141601562,
            8.659143924713135,
            8.738573551177979,
            8.795657873153687,
            8.739562034606934,
            8.766634702682495,
            8.774261951446533,
            8.78930139541626,
            8.918887853622437,
            8.849079847335815,
            8.926833868026733,
            8.99181342124939,
            8.929396629333496,
            9.108662128448486,
            9.146843910217285,
            9.072883605957031,
            9.171659469604492,
            9.269087314605713,
            9.373362302780151,
            9.393606424331665,
            9.393458604812622,
            9.33118462562561,
            9.407160758972168,
            9.420143365859985,
            9.417342185974121,
            9.419740676879883,
            9.514191627502441,
            9.54909896850586,
            9.603646039962769,
            9.62628960609436,
            9.590447425842285,
            9.656981229782104,
            9.664104461669922,
            9.702924728393555,
            9.657456398010254,
            9.778218984603882,
            9.818731546401978,
            9.938958883285522,
            9.903875350952148,
            9.937999486923218,
            10.050297498703003,
            9.81105351448059,
            9.814343929290771,
            9.90110731124878,
            9.87877106666565,
            9.921613931655884,
            9.906189680099487,
            9.878108024597168,
            9.991859674453735,
            10.026711463928223,
            10.060838460922241,
            9.950867891311646,
            10.081575393676758,
            10.14097785949707,
            10.173869609832764,
            10.120834589004517,
            10.189836502075195,
            10.300140142440796,
            10.268343687057495,
            10.20374083518982,
            10.299313068389893,
            10.255454301834106,
            10.405165433883667,
            10.415540218353271,
            10.521799087524414
        ],
        "output_image_path": "/model_deploy_execution_attack_for_pipeline/outputs/gender_googlenet_mnn_137067_ttba_attack/adversarial_image.png"
    }
}