{
    "status": "BUDGET_EXHAUSTED",
    "config": {
        "executable": "./resources/execution_files/age_googlenet_mnn",
        "benign_image": "/img_align_celeba/065084.jpg",
        "initial_adv_image": "/img_align_celeba/00000012.png",
        "l2_epsilon_goal": 0.05,
        "linf_epsilon_goal": 0.06274509803921569,
        "query_budget": 40000,
        "max_iterations": 1000,
        "initial_queries": 50,
        "dimension_reduction": 1.0
    },
    "results": {
        "total_queries": 40281,
        "final_l2_distance": 28.87145233154297,
        "final_linf_distance": 0.37309879064559937,
        "total_duration_seconds": 1128.2732002735138,
        "iteration_times_seconds": [
            7.712533235549927,
            8.002002239227295,
            8.179129600524902,
            8.31360387802124,
            8.395930767059326,
            8.510230302810669,
            8.700659036636353,
            8.693500995635986,
            8.788411140441895,
            8.922898054122925,
            8.740087985992432,
            8.720118761062622,
            8.797877788543701,
            8.81529712677002,
            9.092638731002808,
            9.159960508346558,
            9.231284618377686,
            9.32772970199585,
            9.278014659881592,
            9.254334449768066,
            9.277112007141113,
            9.387678861618042,
            9.404317140579224,
            9.457522630691528,
            9.624226570129395,
            9.597423553466797,
            9.738472700119019,
            9.78509521484375,
            9.83625340461731,
            9.836538553237915,
            10.002169609069824,
            9.93805456161499,
            10.092560529708862,
            9.923017740249634,
            9.980610370635986,
            10.091387748718262,
            10.208557605743408,
            10.094987154006958,
            10.120736360549927,
            10.185595035552979,
            10.332117319107056,
            10.545287609100342,
            10.503426551818848,
            10.468963146209717,
            10.531728982925415,
            10.540765762329102,
            10.626825332641602,
            10.57509708404541,
            10.422077178955078,
            10.468860626220703,
            10.475228548049927,
            10.485586643218994,
            10.481913089752197,
            10.490486145019531,
            10.580497741699219,
            10.661026000976562,
            10.607709407806396,
            10.701542854309082,
            10.727781057357788,
            10.897093534469604,
            10.897825956344604,
            10.872063875198364,
            10.90185546875,
            10.860156059265137,
            11.02837610244751,
            10.969208002090454,
            11.052262783050537,
            11.062925577163696,
            11.09584927558899,
            11.175189733505249,
            11.112873792648315,
            11.063282251358032,
            11.145835876464844,
            11.164072275161743,
            11.352579116821289,
            11.285219669342041,
            11.239269971847534,
            11.280482292175293,
            11.302068710327148,
            11.28575348854065,
            11.490700006484985,
            11.5028395652771,
            11.492542028427124,
            11.523831605911255,
            11.59696912765503,
            11.647670269012451,
            11.664463758468628,
            11.780585050582886,
            11.648247241973877,
            11.685262203216553,
            11.725013256072998,
            11.725621461868286,
            11.805054187774658,
            11.777748346328735,
            11.855892896652222,
            11.82614803314209,
            11.893919944763184,
            11.779637575149536,
            11.931015014648438,
            11.822986125946045,
            11.908447980880737,
            11.941799640655518,
            12.050487041473389,
            11.997470140457153,
            12.009384393692017,
            12.123305559158325,
            12.183063745498657
        ],
        "output_image_path": "/model_deploy_execution_attack_for_pipeline/outputs/age_googlenet_mnn_065084_ttba_attack/adversarial_image.png"
    }
}