{
    "status": "BUDGET_EXHAUSTED",
    "config": {
        "executable": "./resources/execution_files/age_googlenet_mnn",
        "benign_image": "/img_align_celeba/069866.jpg",
        "initial_adv_image": "/img_align_celeba/00000019.png",
        "l2_epsilon_goal": 0.05,
        "linf_epsilon_goal": 0.06274509803921569,
        "query_budget": 40000,
        "max_iterations": 1000,
        "initial_queries": 50,
        "dimension_reduction": 1.0
    },
    "results": {
        "total_queries": 40326,
        "final_l2_distance": 43.024925231933594,
        "final_linf_distance": 0.5277072191238403,
        "total_duration_seconds": 1145.2678928375244,
        "iteration_times_seconds": [
            7.803974151611328,
            8.125527620315552,
            8.233613729476929,
            8.362072706222534,
            8.448871612548828,
            8.518260478973389,
            8.727442026138306,
            8.779450178146362,
            8.86410641670227,
            8.869521856307983,
            9.065197944641113,
            9.014886617660522,
            9.195037603378296,
            9.217215538024902,
            9.352018117904663,
            9.494869470596313,
            9.478965044021606,
            9.497228860855103,
            9.528343439102173,
            9.63428020477295,
            9.69246768951416,
            9.453261137008667,
            9.5347261428833,
            9.519345998764038,
            9.631863832473755,
            9.61771535873413,
            9.826021432876587,
            9.84248948097229,
            9.94851016998291,
            9.933856010437012,
            9.91158413887024,
            10.000702142715454,
            10.149657487869263,
            10.014698266983032,
            10.180391788482666,
            10.164568185806274,
            10.290675163269043,
            10.26528525352478,
            10.371257066726685,
            10.249955177307129,
            10.295675039291382,
            10.568320751190186,
            10.59576964378357,
            10.578923463821411,
            10.590367317199707,
            10.705724954605103,
            10.70936369895935,
            10.627838850021362,
            10.743830919265747,
            10.651634931564331,
            10.649498224258423,
            10.779133081436157,
            10.831228733062744,
            10.931457757949829,
            10.882433652877808,
            11.013050079345703,
            10.896235466003418,
            10.969379663467407,
            10.934648990631104,
            11.136280298233032,
            11.209002017974854,
            11.197860479354858,
            11.224814653396606,
            11.145332098007202,
            11.205504894256592,
            11.307680130004883,
            11.28727126121521,
            11.32461953163147,
            11.341657400131226,
            11.371432304382324,
            11.393139362335205,
            11.511396408081055,
            11.520488977432251,
            11.448483228683472,
            11.426580429077148,
            11.521070718765259,
            11.562677383422852,
            11.606164932250977,
            11.59194302558899,
            11.692968368530273,
            11.829322576522827,
            11.934582710266113,
            11.605001449584961,
            11.562796354293823,
            11.717102289199829,
            11.601967811584473,
            11.70166540145874,
            11.735743045806885,
            11.675570726394653,
            11.770296096801758,
            11.738209962844849,
            11.733869791030884,
            11.759164810180664,
            11.876182794570923,
            11.796319961547852,
            11.754248857498169,
            11.856083393096924,
            11.842398405075073,
            11.980141401290894,
            11.955137968063354,
            11.973623514175415,
            11.984045267105103,
            12.10484528541565,
            12.04111385345459,
            12.087351322174072,
            12.284096002578735,
            12.120213747024536
        ],
        "output_image_path": "/model_deploy_execution_attack_for_pipeline/outputs/age_googlenet_mnn_069866_ttba_attack/adversarial_image.png"
    }
}