{
    "status": "BUDGET_EXHAUSTED",
    "config": {
        "executable": "./resources/execution_files/gender_googlenet_mnn",
        "benign_image": "/img_align_celeba/111077.jpg",
        "initial_adv_image": "/img_align_celeba/046885.jpg",
        "l2_epsilon_goal": 0.05,
        "linf_epsilon_goal": 0.06274509803921569,
        "query_budget": 40000,
        "max_iterations": 1000,
        "initial_queries": 50,
        "dimension_reduction": 1.0
    },
    "results": {
        "total_queries": 40179,
        "final_l2_distance": 14.37023639678955,
        "final_linf_distance": 0.19084149599075317,
        "total_duration_seconds": 941.7495138645172,
        "iteration_times_seconds": [
            6.007324457168579,
            6.385205984115601,
            6.3554675579071045,
            6.578187704086304,
            6.609922170639038,
            6.750811338424683,
            6.965745449066162,
            7.026624441146851,
            7.16442608833313,
            7.0633392333984375,
            7.187777519226074,
            7.242598533630371,
            7.423667669296265,
            7.409993410110474,
            7.575738191604614,
            7.5556480884552,
            7.652396202087402,
            7.7940895557403564,
            7.764400005340576,
            7.745244026184082,
            7.5639941692352295,
            7.795368432998657,
            7.751887798309326,
            7.775270223617554,
            7.880749702453613,
            7.826634168624878,
            8.01539158821106,
            7.96317195892334,
            8.108007907867432,
            8.186232566833496,
            8.11759328842163,
            8.250708103179932,
            8.291205167770386,
            8.24002742767334,
            8.282055139541626,
            8.346856117248535,
            8.371304512023926,
            8.525340557098389,
            8.458956480026245,
            8.43043828010559,
            8.597052097320557,
            8.721242189407349,
            8.67200517654419,
            8.617541074752808,
            8.64605450630188,
            8.541999340057373,
            8.603817462921143,
            8.653406858444214,
            8.660313367843628,
            8.59697937965393,
            8.733216285705566,
            8.710381507873535,
            8.717554569244385,
            8.78929328918457,
            8.902824401855469,
            8.95369291305542,
            8.884278297424316,
            8.98177170753479,
            9.04140853881836,
            9.131647825241089,
            9.072580099105835,
            9.152287006378174,
            9.281773328781128,
            9.21109914779663,
            9.200675010681152,
            9.270659446716309,
            9.167797327041626,
            9.266132593154907,
            9.303678274154663,
            9.373740673065186,
            9.374410629272461,
            9.32150650024414,
            9.434473037719727,
            9.458309650421143,
            9.551584959030151,
            9.594829320907593,
            9.507087469100952,
            9.549746751785278,
            9.554342985153198,
            9.693509578704834,
            9.70839238166809,
            9.82690691947937,
            9.826860189437866,
            9.828105449676514,
            9.847040176391602,
            9.81859540939331,
            9.879188299179077,
            9.888349056243896,
            9.967650413513184,
            9.991792917251587,
            9.896742105484009,
            9.964687585830688,
            9.979665517807007,
            9.922559022903442,
            10.035669088363647,
            9.98264193534851,
            10.07417345046997,
            9.996391773223877,
            10.064332008361816,
            10.31777048110962,
            10.080846309661865,
            10.179672718048096,
            10.195848941802979,
            10.37216591835022,
            10.285265922546387,
            10.319034337997437,
            10.331076860427856
        ],
        "output_image_path": "/model_deploy_execution_attack_for_pipeline/outputs/gender_googlenet_mnn_111077_ttba_attack/adversarial_image.png"
    }
}