{
    "status": "BUDGET_EXHAUSTED",
    "config": {
        "executable": "./resources/execution_files/fsanet_headpose_mnn",
        "benign_image": "/img_align_celeba/000608.jpg",
        "initial_adv_image": "/img_align_celeba/189986.jpg",
        "l2_epsilon_goal": 0.05,
        "linf_epsilon_goal": 0.06274509803921569,
        "query_budget": 40000,
        "max_iterations": 1000,
        "initial_queries": 50,
        "dimension_reduction": 1.0
    },
    "results": {
        "total_queries": 40015,
        "final_l2_distance": 4.21500825881958,
        "final_linf_distance": 0.07406413555145264,
        "total_duration_seconds": 355.680380821228,
        "iteration_times_seconds": [
            2.7711665630340576,
            2.732072114944458,
            2.887831687927246,
            2.6946022510528564,
            2.8108222484588623,
            2.8604001998901367,
            2.8235249519348145,
            2.932910919189453,
            2.8174631595611572,
            2.995708703994751,
            2.922492742538452,
            2.984825611114502,
            2.9645566940307617,
            2.930525064468384,
            3.0275721549987793,
            3.1210811138153076,
            2.9479074478149414,
            2.859360694885254,
            3.016085624694824,
            3.056720495223999,
            3.030794382095337,
            3.0483458042144775,
            2.9948298931121826,
            3.1234195232391357,
            3.0917696952819824,
            3.065016746520996,
            3.1355931758880615,
            3.04679799079895,
            3.157223701477051,
            3.162853956222534,
            3.143841028213501,
            3.152353525161743,
            3.0945944786071777,
            3.2069032192230225,
            3.142425775527954,
            3.16727614402771,
            3.1311092376708984,
            3.1705970764160156,
            3.117367744445801,
            3.2080395221710205,
            3.1680867671966553,
            3.192784547805786,
            3.1838438510894775,
            3.1622540950775146,
            3.1655163764953613,
            3.178325891494751,
            3.1671528816223145,
            3.23972487449646,
            3.3760178089141846,
            3.250965118408203,
            3.294881582260132,
            3.3463213443756104,
            3.3887975215911865,
            3.299140691757202,
            3.324702739715576,
            3.3469419479370117,
            3.3837015628814697,
            3.417989492416382,
            3.3658130168914795,
            3.3650732040405273,
            3.5269436836242676,
            3.5416462421417236,
            3.5534567832946777,
            3.439216136932373,
            3.4900765419006348,
            3.540656328201294,
            3.389716863632202,
            3.4308321475982666,
            3.4812393188476562,
            3.402052640914917,
            3.445507049560547,
            3.3977210521698,
            3.557786226272583,
            3.4645419120788574,
            3.5198113918304443,
            3.5663340091705322,
            3.5152366161346436,
            3.4444966316223145,
            3.472961187362671,
            3.5885753631591797,
            3.6835391521453857,
            3.562788486480713,
            3.491682291030884,
            3.420367479324341,
            3.5867364406585693,
            3.508495807647705,
            3.615185260772705,
            3.678952217102051,
            3.6761231422424316,
            3.561577558517456,
            3.5539445877075195,
            3.4918136596679688,
            3.5699045658111572,
            3.5951552391052246,
            3.682997465133667,
            3.5829734802246094,
            3.7303762435913086,
            3.7214465141296387,
            3.689168691635132,
            3.584714651107788,
            3.561732530593872,
            3.636014699935913,
            3.7859549522399902,
            3.7096073627471924,
            3.788233995437622,
            3.76137113571167,
            3.7318711280822754
        ],
        "output_image_path": "/model_deploy_execution_attack_for_pipeline/outputs/fsanet_headpose_mnn_000608_ttba_attack/adversarial_image.png"
    }
}