{
    "status": "BUDGET_EXHAUSTED",
    "config": {
        "executable": "resources/execution_files/emotion_ferplus_mnn",
        "benign_image": "/img_align_celeba/189986.jpg",
        "initial_adv_image": "/img_align_celeba/074189.jpg",
        "l2_epsilon_goal": 0.05,
        "linf_epsilon_goal": 0.06274509803921569,
        "query_budget": 40000,
        "max_iterations": 1000,
        "initial_queries": 50,
        "dimension_reduction": 1.0
    },
    "results": {
        "total_queries": 40219,
        "final_l2_distance": 13.255661010742188,
        "final_linf_distance": 0.1793523132801056,
        "total_duration_seconds": 1021.4950156211853,
        "iteration_times_seconds": [
            6.545426368713379,
            6.816175222396851,
            6.83320164680481,
            6.988606691360474,
            7.076601982116699,
            7.314877271652222,
            7.379471302032471,
            7.528860092163086,
            7.591442346572876,
            7.650769948959351,
            7.78521990776062,
            7.787759304046631,
            7.8967931270599365,
            8.049392700195312,
            8.087430238723755,
            8.216047286987305,
            8.234559774398804,
            8.297809600830078,
            8.306434392929077,
            8.3587806224823,
            8.547855138778687,
            8.42611026763916,
            8.428936004638672,
            8.584299087524414,
            8.587615013122559,
            8.820321083068848,
            8.827381372451782,
            8.866734504699707,
            8.87623405456543,
            8.95372724533081,
            9.007469892501831,
            8.99819827079773,
            9.074195146560669,
            8.94214653968811,
            8.865195035934448,
            8.912684202194214,
            9.129181146621704,
            9.060395956039429,
            9.08631443977356,
            9.130102396011353,
            9.199355125427246,
            9.25276803970337,
            9.330951929092407,
            9.434361696243286,
            9.385911464691162,
            9.390488386154175,
            9.441986322402954,
            9.489524602890015,
            9.589387655258179,
            9.64847183227539,
            9.605065822601318,
            9.588101625442505,
            9.752699136734009,
            9.68654727935791,
            9.776564598083496,
            9.775846004486084,
            9.745279550552368,
            9.80762767791748,
            9.861141681671143,
            9.963764190673828,
            10.000001192092896,
            10.089770078659058,
            10.101807832717896,
            10.074972867965698,
            10.155180215835571,
            10.176952362060547,
            10.141406536102295,
            10.204402685165405,
            10.314140796661377,
            10.352709770202637,
            10.162323951721191,
            10.130210161209106,
            10.201789617538452,
            10.209501266479492,
            10.246167182922363,
            10.198042392730713,
            10.230517148971558,
            10.306891918182373,
            10.273237943649292,
            10.438515901565552,
            10.458700895309448,
            10.440482378005981,
            10.451506614685059,
            10.45997142791748,
            10.585935354232788,
            10.572044849395752,
            10.612770795822144,
            10.688750982284546,
            10.644758224487305,
            10.60353422164917,
            10.689738750457764,
            10.854910612106323,
            10.78103232383728,
            10.902198314666748,
            10.851688146591187,
            10.877311706542969,
            10.771962404251099,
            10.887632846832275,
            10.9112069606781,
            10.991329908370972,
            10.914708852767944,
            10.960625410079956,
            10.999609231948853,
            11.022775411605835,
            11.05656385421753,
            11.127265453338623,
            11.124440431594849
        ],
        "output_image_path": "/model_deploy_execution_attack_for_pipeline/outputs/emotion_ferplus_mnn_189986_ttba_attack/adversarial_image.png"
    }
}