{
    "status": "SUCCESS",
    "config": {
        "executable": "./resources/execution_files/fsanet_headpose_mnn",
        "benign_image": "/img_align_celeba/014669.jpg",
        "initial_adv_image": "/img_align_celeba/051321.jpg",
        "l2_epsilon_goal": 0.05,
        "linf_epsilon_goal": 0.06274509803921569,
        "query_budget": 40000,
        "max_iterations": 1000,
        "initial_queries": 50,
        "dimension_reduction": 1.0
    },
    "results": {
        "total_queries": 14096,
        "final_l2_distance": 4.982802391052246,
        "final_linf_distance": 0.061831213533878326,
        "total_duration_seconds": 158.5802710056305,
        "iteration_times_seconds": [
            2.628155469894409,
            2.6505889892578125,
            2.698535680770874,
            2.7170445919036865,
            2.78729510307312,
            2.7395224571228027,
            2.744595766067505,
            2.605344295501709,
            2.84355092048645,
            2.7873756885528564,
            2.800358533859253,
            2.7774016857147217,
            2.941354751586914,
            2.886679172515869,
            2.989152669906616,
            2.7975640296936035,
            2.8723487854003906,
            2.9992878437042236,
            2.8255670070648193,
            2.8878018856048584,
            3.009413719177246,
            2.9467055797576904,
            3.0918209552764893,
            2.9863121509552,
            3.168006658554077,
            3.067047595977783,
            3.2447516918182373,
            3.1011579036712646,
            3.1296088695526123,
            3.0084149837493896,
            3.2501845359802246,
            3.0870180130004883,
            3.1858930587768555,
            3.1617326736450195,
            3.208662986755371,
            3.2723536491394043,
            3.041316509246826,
            3.177159070968628,
            3.2087342739105225,
            3.057258367538452,
            3.1108038425445557,
            3.1603875160217285,
            3.226078748703003,
            3.249296188354492,
            3.1207244396209717,
            3.1809041500091553,
            3.257591485977173,
            3.209977626800537,
            3.1790618896484375,
            3.2130939960479736,
            3.3212242126464844,
            3.2016944885253906
        ],
        "output_image_path": "/model_deploy_execution_attack_for_pipeline/outputs/fsanet_headpose_mnn_014669_ttba_attack/adversarial_image.png"
    }
}