{
    "status": "SUCCESS",
    "config": {
        "executable": "./resources/execution_files/ssrnet_age_mnn",
        "benign_image": "/img_align_celeba/094069.jpg",
        "initial_adv_image": "/img_align_celeba/107403.jpg",
        "l2_epsilon_goal": 0.05,
        "linf_epsilon_goal": 0.06274509803921569,
        "query_budget": 40000,
        "max_iterations": 1000,
        "initial_queries": 50,
        "dimension_reduction": 1.0
    },
    "results": {
        "total_queries": 11490,
        "final_l2_distance": 4.528913974761963,
        "final_linf_distance": 0.06204402446746826,
        "total_duration_seconds": 118.93807816505432,
        "iteration_times_seconds": [
            2.295576810836792,
            2.35591459274292,
            2.3626277446746826,
            2.486901044845581,
            2.4427032470703125,
            2.429220676422119,
            2.5180253982543945,
            2.5326290130615234,
            2.5649681091308594,
            2.4853456020355225,
            2.6275644302368164,
            2.5373809337615967,
            2.616244077682495,
            2.662872314453125,
            2.5238378047943115,
            2.5227718353271484,
            2.5742006301879883,
            2.5256590843200684,
            2.5109434127807617,
            2.6388587951660156,
            2.6553211212158203,
            2.645066976547241,
            2.6623921394348145,
            2.6199018955230713,
            2.691537380218506,
            2.6917061805725098,
            2.621156930923462,
            2.6145060062408447,
            2.673685073852539,
            2.591646432876587,
            2.696429967880249,
            2.7466070652008057,
            2.6810383796691895,
            2.7228012084960938,
            2.7389559745788574,
            2.7105233669281006,
            2.6366326808929443,
            2.7323386669158936,
            2.645139455795288,
            2.619623899459839,
            2.6814138889312744,
            2.7504358291625977,
            2.814077138900757,
            2.765329122543335,
            2.7602930068969727
        ],
        "output_image_path": "/model_deploy_execution_attack_for_pipeline/outputs/ssrnet_age_mnn_094069_ttba_attack/adversarial_image.png"
    }
}