{
    "status": "BUDGET_EXHAUSTED",
    "config": {
        "executable": "./resources/execution_files/fsanet_headpose_mnn",
        "benign_image": "/img_align_celeba/167693.jpg",
        "initial_adv_image": "/img_align_celeba/007167.jpg",
        "l2_epsilon_goal": 0.05,
        "linf_epsilon_goal": 0.06274509803921569,
        "query_budget": 40000,
        "max_iterations": 1000,
        "initial_queries": 50,
        "dimension_reduction": 1.0
    },
    "results": {
        "total_queries": 40043,
        "final_l2_distance": 4.968523979187012,
        "final_linf_distance": 0.0669558048248291,
        "total_duration_seconds": 356.5035238265991,
        "iteration_times_seconds": [
            2.6807494163513184,
            2.6598927974700928,
            2.694591760635376,
            2.7655248641967773,
            2.808030128479004,
            2.9921419620513916,
            2.9110474586486816,
            3.140460729598999,
            2.8533709049224854,
            2.8805289268493652,
            2.9995927810668945,
            2.876788377761841,
            3.064453125,
            2.843513011932373,
            2.9861197471618652,
            2.931067943572998,
            3.0045998096466064,
            3.053786277770996,
            2.9857757091522217,
            3.0072021484375,
            2.956247091293335,
            2.964047431945801,
            3.144765615463257,
            3.113914966583252,
            3.1002209186553955,
            3.039377212524414,
            2.9962642192840576,
            3.1125621795654297,
            3.066990852355957,
            3.071692943572998,
            3.153254747390747,
            3.156322956085205,
            3.124908208847046,
            3.2130157947540283,
            3.159543037414551,
            3.231407880783081,
            3.258852005004883,
            3.311162233352661,
            3.275920867919922,
            3.2546966075897217,
            3.349865198135376,
            3.29887056350708,
            3.226923704147339,
            3.2819204330444336,
            3.2763619422912598,
            3.350527763366699,
            3.2095961570739746,
            3.2324705123901367,
            3.218048095703125,
            3.2388498783111572,
            3.263446569442749,
            3.398167371749878,
            3.322679042816162,
            3.3050060272216797,
            3.407118082046509,
            3.4169201850891113,
            3.412717580795288,
            3.4959213733673096,
            3.276564598083496,
            3.3265180587768555,
            3.3662614822387695,
            3.3265328407287598,
            3.5210390090942383,
            3.3692727088928223,
            3.432629346847534,
            3.5898640155792236,
            3.4038071632385254,
            3.49875807762146,
            3.4787204265594482,
            3.5027520656585693,
            3.5076613426208496,
            3.5501503944396973,
            3.602132558822632,
            3.6294145584106445,
            3.492314100265503,
            3.4901978969573975,
            3.4035439491271973,
            3.5193886756896973,
            3.5669350624084473,
            3.5820586681365967,
            3.6026132106781006,
            3.4409890174865723,
            3.5075132846832275,
            3.4788506031036377,
            3.5750417709350586,
            3.5460548400878906,
            3.5952892303466797,
            3.503628730773926,
            3.6906144618988037,
            3.646005868911743,
            3.6340038776397705,
            3.556154727935791,
            3.5721991062164307,
            3.611820697784424,
            3.662529468536377,
            3.640671730041504,
            3.6412644386291504,
            3.8508200645446777,
            3.5525293350219727,
            3.620194911956787,
            3.5857901573181152,
            3.6568992137908936,
            3.705695152282715,
            3.826464891433716,
            3.6680729389190674,
            3.737062931060791,
            3.6561737060546875
        ],
        "output_image_path": "/model_deploy_execution_attack_for_pipeline/outputs/fsanet_headpose_mnn_167693_ttba_attack/adversarial_image.png"
    }
}