{
    "status": "BUDGET_EXHAUSTED",
    "config": {
        "executable": "./resources/execution_files/age_googlenet_mnn",
        "benign_image": "/img_align_celeba/183515.jpg",
        "initial_adv_image": "/img_align_celeba/00000011.png",
        "l2_epsilon_goal": 0.05,
        "linf_epsilon_goal": 0.06274509803921569,
        "query_budget": 40000,
        "max_iterations": 1000,
        "initial_queries": 50,
        "dimension_reduction": 1.0
    },
    "results": {
        "total_queries": 40274,
        "final_l2_distance": 35.49767303466797,
        "final_linf_distance": 0.4749535322189331,
        "total_duration_seconds": 1126.4939312934875,
        "iteration_times_seconds": [
            7.480625629425049,
            7.836670875549316,
            7.87037467956543,
            8.06017279624939,
            8.12064003944397,
            8.223603010177612,
            8.469202995300293,
            8.60762071609497,
            8.625158309936523,
            8.693230152130127,
            8.664308309555054,
            8.734633207321167,
            8.911604404449463,
            8.866414546966553,
            9.058180093765259,
            9.18904995918274,
            9.173910856246948,
            9.19760537147522,
            9.249497175216675,
            9.258276224136353,
            9.30116581916809,
            9.420057535171509,
            9.416076183319092,
            9.46314549446106,
            9.63889217376709,
            9.654794216156006,
            9.777971744537354,
            9.839606046676636,
            9.813561201095581,
            9.814578294754028,
            9.854728937149048,
            9.895885944366455,
            9.968519449234009,
            10.050400257110596,
            9.98795771598816,
            10.1703040599823,
            10.080803394317627,
            10.212472200393677,
            10.223575830459595,
            10.247847557067871,
            10.306905031204224,
            10.404549360275269,
            10.40959620475769,
            10.534350395202637,
            10.504504680633545,
            10.534704446792603,
            10.565033912658691,
            10.650691747665405,
            10.663086175918579,
            10.697693109512329,
            10.690489768981934,
            10.703418493270874,
            10.474381685256958,
            10.528194189071655,
            10.5748770236969,
            10.680710315704346,
            10.647417306900024,
            10.58629035949707,
            10.785333395004272,
            10.844333171844482,
            10.888430833816528,
            10.873876810073853,
            10.981887102127075,
            10.96735668182373,
            11.022015571594238,
            11.020874261856079,
            11.036772966384888,
            11.042711734771729,
            10.995182037353516,
            11.100232601165771,
            11.027541160583496,
            11.053966999053955,
            11.080657720565796,
            11.181239604949951,
            11.221333980560303,
            11.26010799407959,
            11.338441133499146,
            11.35995888710022,
            11.314916610717773,
            11.351036787033081,
            11.574207544326782,
            11.528198003768921,
            11.577871084213257,
            11.540454626083374,
            11.596055030822754,
            11.535486459732056,
            11.623717546463013,
            11.613744735717773,
            11.644232273101807,
            11.648662805557251,
            11.68832540512085,
            11.757401704788208,
            11.79587459564209,
            11.825429439544678,
            11.749577045440674,
            11.83911395072937,
            11.858712434768677,
            11.845469951629639,
            11.835829019546509,
            11.946675062179565,
            11.969605207443237,
            12.026645421981812,
            11.940117597579956,
            11.957510471343994,
            11.99843144416809,
            12.157539367675781,
            12.206336975097656
        ],
        "output_image_path": "/model_deploy_execution_attack_for_pipeline/outputs/age_googlenet_mnn_183515_ttba_attack/adversarial_image.png"
    }
}