{
    "status": "BUDGET_EXHAUSTED",
    "config": {
        "executable": "./resources/execution_files/ssrnet_age_mnn",
        "benign_image": "/img_align_celeba/117406.jpg",
        "initial_adv_image": "/img_align_celeba/042361.jpg",
        "l2_epsilon_goal": 0.05,
        "linf_epsilon_goal": 0.06274509803921569,
        "query_budget": 40000,
        "max_iterations": 1000,
        "initial_queries": 50,
        "dimension_reduction": 1.0
    },
    "results": {
        "total_queries": 40172,
        "final_l2_distance": 9.407139778137207,
        "final_linf_distance": 0.12127989530563354,
        "total_duration_seconds": 315.2398045063019,
        "iteration_times_seconds": [
            2.304811477661133,
            2.3758952617645264,
            2.3820643424987793,
            2.473695993423462,
            2.534801483154297,
            2.38787841796875,
            2.4171252250671387,
            2.6749765872955322,
            2.450408935546875,
            2.595378875732422,
            2.600800037384033,
            2.6664199829101562,
            2.5463430881500244,
            2.628405809402466,
            2.6002304553985596,
            2.622102737426758,
            2.662804126739502,
            2.6485772132873535,
            2.7675740718841553,
            2.7609896659851074,
            2.710587739944458,
            2.727910041809082,
            2.8240723609924316,
            2.668490409851074,
            2.7475569248199463,
            2.661017417907715,
            2.87097430229187,
            2.7363860607147217,
            2.7637217044830322,
            2.6533761024475098,
            2.7918272018432617,
            2.8628127574920654,
            2.8816025257110596,
            2.7578094005584717,
            2.833484411239624,
            2.774656057357788,
            2.8201677799224854,
            2.85107159614563,
            2.9556782245635986,
            2.833101272583008,
            2.9431166648864746,
            2.998790740966797,
            2.9570891857147217,
            2.9055581092834473,
            2.9695775508880615,
            3.0473692417144775,
            2.924952745437622,
            2.871748447418213,
            2.925636053085327,
            2.930025100708008,
            3.042912483215332,
            3.03922176361084,
            2.8915762901306152,
            2.950834274291992,
            2.947791337966919,
            2.8619906902313232,
            3.108415365219116,
            2.932736396789551,
            3.013251781463623,
            2.9573144912719727,
            2.935375690460205,
            2.957287549972534,
            3.0085175037384033,
            3.1195719242095947,
            3.051213502883911,
            3.01072096824646,
            3.0607941150665283,
            3.0954911708831787,
            3.0203912258148193,
            3.0758893489837646,
            3.0275206565856934,
            3.2383229732513428,
            3.119640827178955,
            3.054918050765991,
            3.0581462383270264,
            3.1366677284240723,
            3.0669517517089844,
            3.187952756881714,
            3.1758158206939697,
            3.270258665084839,
            3.1478352546691895,
            3.130438804626465,
            3.0660455226898193,
            3.108038902282715,
            3.2283520698547363,
            3.1434214115142822,
            3.1599717140197754,
            3.204824686050415,
            3.0423243045806885,
            3.09395432472229,
            3.176102638244629,
            3.258568048477173,
            3.194934844970703,
            3.160325288772583,
            3.1713383197784424,
            3.2404613494873047,
            3.1518630981445312,
            3.209078550338745,
            3.216654062271118,
            3.27451753616333,
            3.243457794189453,
            3.170092821121216,
            3.2016947269439697,
            3.2654740810394287,
            3.1588611602783203,
            3.322326183319092,
            3.239847421646118
        ],
        "output_image_path": "/model_deploy_execution_attack_for_pipeline/outputs/ssrnet_age_mnn_117406_ttba_attack/adversarial_image.png"
    }
}