{
    "status": "SUCCESS",
    "config": {
        "executable": "./resources/execution_files/fsanet_headpose_mnn",
        "benign_image": "/img_align_celeba/041640.jpg",
        "initial_adv_image": "/img_align_celeba/038397.jpg",
        "l2_epsilon_goal": 0.05,
        "linf_epsilon_goal": 0.06274509803921569,
        "query_budget": 40000,
        "max_iterations": 1000,
        "initial_queries": 50,
        "dimension_reduction": 1.0
    },
    "results": {
        "total_queries": 10742,
        "final_l2_distance": 4.711369514465332,
        "final_linf_distance": 0.06046566367149353,
        "total_duration_seconds": 129.83115673065186,
        "iteration_times_seconds": [
            2.6690869331359863,
            2.6201272010803223,
            2.7034504413604736,
            2.6895840167999268,
            2.730105400085449,
            2.7709999084472656,
            2.7382326126098633,
            2.792187213897705,
            2.919874668121338,
            2.7977681159973145,
            2.936187505722046,
            2.8868234157562256,
            2.9825472831726074,
            2.8698272705078125,
            2.9388985633850098,
            2.8848114013671875,
            2.8686482906341553,
            3.1057658195495605,
            2.9888598918914795,
            2.933187484741211,
            3.075735330581665,
            2.860171318054199,
            3.008317708969116,
            2.999382972717285,
            3.1308045387268066,
            3.2051212787628174,
            3.138808012008667,
            3.109869956970215,
            3.139023542404175,
            3.0354671478271484,
            3.058107376098633,
            3.103196859359741,
            3.0062942504882812,
            3.0676627159118652,
            3.1512744426727295,
            3.1287670135498047,
            3.0169997215270996,
            3.1182854175567627,
            3.111142873764038,
            3.1732184886932373,
            3.1631319522857666,
            3.247870683670044,
            3.139042377471924
        ],
        "output_image_path": "/model_deploy_execution_attack_for_pipeline/outputs/fsanet_headpose_mnn_041640_ttba_attack/adversarial_image.png"
    }
}