{
    "status": "BUDGET_EXHAUSTED",
    "config": {
        "executable": "./resources/execution_files/age_googlenet_mnn",
        "benign_image": "/img_align_celeba/185616.jpg",
        "initial_adv_image": "/img_align_celeba/00000001.png",
        "l2_epsilon_goal": 0.05,
        "linf_epsilon_goal": 0.06274509803921569,
        "query_budget": 40000,
        "max_iterations": 1000,
        "initial_queries": 50,
        "dimension_reduction": 1.0
    },
    "results": {
        "total_queries": 40363,
        "final_l2_distance": 44.26690673828125,
        "final_linf_distance": 0.6275694370269775,
        "total_duration_seconds": 1155.7183828353882,
        "iteration_times_seconds": [
            7.921719551086426,
            8.12784719467163,
            8.26872205734253,
            8.411935567855835,
            8.528724670410156,
            8.542152404785156,
            8.709463834762573,
            8.83754563331604,
            8.871264696121216,
            8.959140539169312,
            8.960554122924805,
            9.127031803131104,
            9.14840054512024,
            9.180603742599487,
            9.391079664230347,
            9.317938327789307,
            9.47119951248169,
            9.497353553771973,
            9.541846513748169,
            9.548195123672485,
            9.687756299972534,
            9.730422496795654,
            9.724717617034912,
            9.824281930923462,
            9.915697574615479,
            9.856075286865234,
            10.052014112472534,
            10.052660703659058,
            10.17515254020691,
            10.217930793762207,
            10.211061477661133,
            10.266636371612549,
            10.327080965042114,
            10.430232048034668,
            10.38761830329895,
            10.27439260482788,
            10.379937410354614,
            10.449979066848755,
            10.457682609558105,
            10.45029902458191,
            10.69306492805481,
            10.838625431060791,
            10.800702571868896,
            10.829050064086914,
            10.857480764389038,
            10.859532117843628,
            10.74986219406128,
            10.76417589187622,
            10.654444694519043,
            10.811747550964355,
            10.741320371627808,
            10.729011535644531,
            10.917887449264526,
            10.784086227416992,
            10.844749212265015,
            10.916180849075317,
            10.937305212020874,
            10.961058855056763,
            11.02474570274353,
            11.161250591278076,
            11.218382835388184,
            11.175429582595825,
            11.276702404022217,
            11.24738073348999,
            11.323969602584839,
            11.293614864349365,
            11.30130410194397,
            11.35650372505188,
            11.33384370803833,
            11.357652187347412,
            11.439187288284302,
            11.441494941711426,
            11.50878620147705,
            11.508602380752563,
            11.587633609771729,
            11.55553150177002,
            11.617773056030273,
            11.595615148544312,
            11.598241806030273,
            11.569374799728394,
            11.775471925735474,
            11.804247617721558,
            12.005664348602295,
            11.883004903793335,
            11.925231695175171,
            11.968219757080078,
            11.967000246047974,
            11.933793544769287,
            11.912572145462036,
            11.964361667633057,
            12.004089832305908,
            12.010288000106812,
            12.115691661834717,
            12.148818731307983,
            11.861981391906738,
            11.906280994415283,
            11.951573133468628,
            11.904216051101685,
            12.010897159576416,
            12.018754005432129,
            11.977651834487915,
            12.080527067184448,
            12.019629716873169,
            12.112280368804932,
            12.053286790847778,
            12.266296863555908,
            12.2315673828125
        ],
        "output_image_path": "/model_deploy_execution_attack_for_pipeline/outputs/age_googlenet_mnn_185616_ttba_attack/adversarial_image.png"
    }
}