{
    "status": "SUCCESS",
    "config": {
        "executable": "resources/execution_files/gender_googlenet_mnn",
        "benign_image": "/img_align_celeba/023947.jpg",
        "initial_adv_image": "/img_align_celeba/098121.jpg",
        "l2_epsilon_goal": 0.05,
        "linf_epsilon_goal": 0.06274509803921569,
        "query_budget": 40000,
        "max_iterations": 1000,
        "initial_queries": 50,
        "dimension_reduction": 1.0
    },
    "results": {
        "total_queries": 5241,
        "final_l2_distance": 4.490264415740967,
        "final_linf_distance": 0.06195211410522461,
        "total_duration_seconds": 181.69328546524048,
        "iteration_times_seconds": [
            5.555961608886719,
            5.848966360092163,
            6.073216915130615,
            6.119110822677612,
            6.254711866378784,
            6.366688251495361,
            6.461323499679565,
            6.578627586364746,
            6.661681890487671,
            6.773107290267944,
            6.692519664764404,
            6.828183889389038,
            7.020574569702148,
            6.967589378356934,
            7.109066963195801,
            7.2694854736328125,
            7.084007740020752,
            7.060709714889526,
            7.199001789093018,
            7.2079832553863525,
            7.275566101074219,
            7.320491552352905,
            7.421901226043701,
            7.48523211479187,
            7.48525071144104,
            7.553238868713379
        ],
        "output_image_path": "/model_deploy_execution_attack_for_pipeline/outputs/gender_googlenet_mnn_023947_ttba_attack/adversarial_image.png"
    }
}