{
    "status": "BUDGET_EXHAUSTED",
    "config": {
        "executable": "resources/execution_files/emotion_ferplus_mnn",
        "benign_image": "/img_align_celeba/108532.jpg",
        "initial_adv_image": "/img_align_celeba/195377.jpg",
        "l2_epsilon_goal": 0.05,
        "linf_epsilon_goal": 0.06274509803921569,
        "query_budget": 40000,
        "max_iterations": 1000,
        "initial_queries": 50,
        "dimension_reduction": 1.0
    },
    "results": {
        "total_queries": 40147,
        "final_l2_distance": 15.405829429626465,
        "final_linf_distance": 0.20344138145446777,
        "total_duration_seconds": 1009.1788458824158,
        "iteration_times_seconds": [
            6.4432079792022705,
            6.819134473800659,
            6.852280378341675,
            7.0040013790130615,
            7.033244371414185,
            7.1361095905303955,
            7.208302736282349,
            7.388606548309326,
            7.414737701416016,
            7.4910478591918945,
            7.581735610961914,
            7.692389726638794,
            7.720387697219849,
            7.749791860580444,
            7.85715389251709,
            7.911912679672241,
            8.101627349853516,
            8.118196249008179,
            8.143147706985474,
            8.182646036148071,
            8.223766326904297,
            8.217984914779663,
            8.21275281906128,
            8.38478946685791,
            8.555826663970947,
            8.479756593704224,
            8.596744298934937,
            8.4149329662323,
            8.451377630233765,
            8.539251327514648,
            8.630294561386108,
            8.537389755249023,
            8.661739826202393,
            8.703092813491821,
            8.792245149612427,
            8.775207281112671,
            8.891274452209473,
            8.879774332046509,
            8.927577018737793,
            9.098542928695679,
            9.069918394088745,
            9.127355337142944,
            9.165148735046387,
            9.177006721496582,
            9.217406272888184,
            9.216542959213257,
            9.325894594192505,
            9.279403686523438,
            9.39802885055542,
            9.479507207870483,
            9.467714071273804,
            9.49561595916748,
            9.577260255813599,
            9.495152473449707,
            9.488619565963745,
            9.617185831069946,
            9.616426944732666,
            9.619361639022827,
            9.63210391998291,
            9.85183072090149,
            9.86991286277771,
            9.859079837799072,
            9.838669538497925,
            9.91561508178711,
            9.959934949874878,
            9.993874788284302,
            10.014274835586548,
            10.093982458114624,
            10.072762489318848,
            10.172144889831543,
            10.11110520362854,
            10.131148338317871,
            10.14780306816101,
            10.235915660858154,
            10.225865364074707,
            10.264445781707764,
            10.292505025863647,
            10.325756549835205,
            10.254451990127563,
            10.442965030670166,
            10.418999671936035,
            10.532209873199463,
            10.685591459274292,
            10.688080549240112,
            10.53423023223877,
            10.706431865692139,
            10.584317922592163,
            10.685631036758423,
            10.69708514213562,
            10.742379665374756,
            10.847919702529907,
            10.766788005828857,
            10.75196647644043,
            10.918912649154663,
            10.980910062789917,
            10.844443321228027,
            10.86612606048584,
            10.854302883148193,
            10.956174373626709,
            10.928009748458862,
            10.94478988647461,
            10.90233063697815,
            10.943888187408447,
            11.046021461486816,
            11.116478443145752,
            11.177320003509521,
            11.170785903930664
        ],
        "output_image_path": "/model_deploy_execution_attack_for_pipeline/outputs/emotion_ferplus_mnn_108532_ttba_attack/adversarial_image.png"
    }
}