{
    "status": "BUDGET_EXHAUSTED",
    "config": {
        "executable": "./resources/execution_files/age_googlenet_mnn",
        "benign_image": "/img_align_celeba/140238.jpg",
        "initial_adv_image": "/img_align_celeba/00000008.png",
        "l2_epsilon_goal": 0.05,
        "linf_epsilon_goal": 0.06274509803921569,
        "query_budget": 40000,
        "max_iterations": 1000,
        "initial_queries": 50,
        "dimension_reduction": 1.0
    },
    "results": {
        "total_queries": 40301,
        "final_l2_distance": 30.028654098510742,
        "final_linf_distance": 0.37456172704696655,
        "total_duration_seconds": 1135.303166627884,
        "iteration_times_seconds": [
            7.835411787033081,
            8.064121961593628,
            8.233572959899902,
            8.02209997177124,
            8.150580406188965,
            8.226624965667725,
            8.568058729171753,
            8.548504829406738,
            8.674012899398804,
            8.633702754974365,
            8.660852909088135,
            8.81806230545044,
            8.894620656967163,
            8.92189621925354,
            9.236404180526733,
            9.189404726028442,
            9.15451717376709,
            9.325563669204712,
            9.350160598754883,
            9.338633298873901,
            9.402385234832764,
            9.473820686340332,
            9.43002200126648,
            9.50244402885437,
            9.536174297332764,
            9.64855146408081,
            9.89575481414795,
            9.787453889846802,
            9.9299955368042,
            9.93699598312378,
            9.994755506515503,
            9.986497402191162,
            10.019630432128906,
            9.985129833221436,
            9.992100715637207,
            10.138120651245117,
            10.076710224151611,
            10.193708896636963,
            10.213078737258911,
            10.27331280708313,
            10.256328344345093,
            10.422285556793213,
            10.48352336883545,
            10.502443790435791,
            10.527082681655884,
            10.67105746269226,
            10.564445972442627,
            10.639227628707886,
            10.602300882339478,
            10.608233451843262,
            10.683881521224976,
            10.741627216339111,
            10.783535957336426,
            10.798354864120483,
            10.862133979797363,
            10.869705438613892,
            10.83703327178955,
            10.918308973312378,
            10.906461000442505,
            11.098626613616943,
            11.065548419952393,
            11.164627313613892,
            11.197923421859741,
            11.216244220733643,
            11.191632747650146,
            11.177124500274658,
            11.294826984405518,
            11.28655195236206,
            11.262988090515137,
            11.329016923904419,
            11.424022912979126,
            11.36790680885315,
            11.385646343231201,
            11.426314115524292,
            11.49159860610962,
            11.339505672454834,
            11.294656038284302,
            11.435400009155273,
            11.347788333892822,
            11.355630874633789,
            11.509926795959473,
            11.502565383911133,
            11.530985593795776,
            11.645484447479248,
            11.628692388534546,
            11.630789279937744,
            11.708746910095215,
            11.57653546333313,
            11.629239559173584,
            11.8020498752594,
            11.805160760879517,
            11.779435873031616,
            11.694206714630127,
            11.751302719116211,
            11.84570026397705,
            11.915995121002197,
            11.915003061294556,
            11.852628469467163,
            11.90114688873291,
            11.831725835800171,
            11.871430397033691,
            11.913577795028687,
            11.989087104797363,
            11.956739664077759,
            11.998834371566772,
            12.308302402496338,
            12.279828071594238
        ],
        "output_image_path": "/model_deploy_execution_attack_for_pipeline/outputs/age_googlenet_mnn_140238_ttba_attack/adversarial_image.png"
    }
}