{
    "status": "BUDGET_EXHAUSTED",
    "config": {
        "executable": "./resources/execution_files/gender_googlenet_mnn",
        "benign_image": "/img_align_celeba/091663.jpg",
        "initial_adv_image": "/img_align_celeba/116718.jpg",
        "l2_epsilon_goal": 0.05,
        "linf_epsilon_goal": 0.06274509803921569,
        "query_budget": 40000,
        "max_iterations": 1000,
        "initial_queries": 50,
        "dimension_reduction": 1.0
    },
    "results": {
        "total_queries": 40176,
        "final_l2_distance": 15.057263374328613,
        "final_linf_distance": 0.20065170526504517,
        "total_duration_seconds": 939.7385401725769,
        "iteration_times_seconds": [
            6.52307915687561,
            6.3823089599609375,
            6.468327522277832,
            6.620977878570557,
            6.645047187805176,
            6.737777471542358,
            6.870248317718506,
            6.933365106582642,
            6.971233606338501,
            7.004519701004028,
            7.21334171295166,
            7.180564641952515,
            7.247523069381714,
            7.386219024658203,
            7.361956357955933,
            7.479688882827759,
            7.407308578491211,
            7.455471515655518,
            7.479987144470215,
            7.479947328567505,
            7.658793926239014,
            7.556146621704102,
            7.65883994102478,
            7.749007701873779,
            7.784242391586304,
            7.916199445724487,
            8.037818431854248,
            7.936999082565308,
            8.109617710113525,
            8.01158356666565,
            8.132215023040771,
            8.153462171554565,
            8.222920894622803,
            8.215209484100342,
            8.224906206130981,
            8.317562818527222,
            8.422870874404907,
            8.332127332687378,
            8.444093465805054,
            8.498570680618286,
            8.49782657623291,
            8.631138801574707,
            8.591639995574951,
            8.690305948257446,
            8.759626388549805,
            8.723374128341675,
            8.594978332519531,
            8.674481630325317,
            8.622447729110718,
            8.702086210250854,
            8.731781482696533,
            8.794218301773071,
            8.683923244476318,
            8.777912855148315,
            8.77106761932373,
            8.873642683029175,
            8.91652250289917,
            8.921345233917236,
            8.855272769927979,
            9.22104787826538,
            9.184772253036499,
            9.108392477035522,
            9.178832530975342,
            9.161598205566406,
            9.153371572494507,
            9.249109029769897,
            9.31851077079773,
            9.375375032424927,
            9.311564445495605,
            9.318541288375854,
            9.336139917373657,
            9.347227573394775,
            9.343157529830933,
            9.380889892578125,
            9.414628744125366,
            9.40519118309021,
            9.484600067138672,
            9.489381790161133,
            9.573782682418823,
            9.573181629180908,
            9.698333740234375,
            9.758580684661865,
            9.725774765014648,
            9.767889976501465,
            9.61873459815979,
            9.800505876541138,
            10.377352237701416,
            10.973915815353394,
            10.121254920959473,
            9.958631753921509,
            9.961867094039917,
            9.958922624588013,
            9.892130136489868,
            9.97294020652771,
            9.93865180015564,
            9.955895185470581,
            10.04818844795227,
            10.147682905197144,
            10.064053297042847,
            10.220247030258179,
            10.066140174865723,
            10.183105945587158,
            10.256145715713501,
            10.213366270065308,
            10.200891256332397,
            10.235705137252808,
            10.334331512451172
        ],
        "output_image_path": "/model_deploy_execution_attack_for_pipeline/outputs/gender_googlenet_mnn_091663_ttba_attack/adversarial_image.png"
    }
}