{
    "status": "BUDGET_EXHAUSTED",
    "config": {
        "executable": "./resources/execution_files/age_googlenet_mnn",
        "benign_image": "/img_align_celeba/005770.jpg",
        "initial_adv_image": "/img_align_celeba/00000001.png",
        "l2_epsilon_goal": 0.05,
        "linf_epsilon_goal": 0.06274509803921569,
        "query_budget": 40000,
        "max_iterations": 1000,
        "initial_queries": 50,
        "dimension_reduction": 1.0
    },
    "results": {
        "total_queries": 40308,
        "final_l2_distance": 40.81706237792969,
        "final_linf_distance": 0.5566171407699585,
        "total_duration_seconds": 1140.1500627994537,
        "iteration_times_seconds": [
            7.890530347824097,
            8.126853942871094,
            8.152993440628052,
            8.363013505935669,
            8.533086061477661,
            8.25754451751709,
            8.556517839431763,
            8.636723279953003,
            8.624444961547852,
            8.627390146255493,
            8.693051815032959,
            8.785526275634766,
            8.930553913116455,
            8.928097486495972,
            9.154319286346436,
            9.214915037155151,
            9.122701406478882,
            9.315044164657593,
            9.323092460632324,
            9.354037284851074,
            9.445492506027222,
            9.459314823150635,
            9.484684228897095,
            9.506892442703247,
            9.563601732254028,
            9.671078443527222,
            9.829051971435547,
            9.898958444595337,
            9.951280117034912,
            9.911861419677734,
            9.966219663619995,
            9.957964658737183,
            9.991408824920654,
            10.069952964782715,
            10.082303047180176,
            10.190731763839722,
            10.136408805847168,
            10.228039026260376,
            10.274024724960327,
            10.231752634048462,
            10.189610719680786,
            10.495339632034302,
            10.4443998336792,
            10.534977436065674,
            10.543784379959106,
            10.589654207229614,
            10.637396097183228,
            10.734318494796753,
            10.708207607269287,
            10.684600591659546,
            10.738903284072876,
            10.716458559036255,
            10.782052516937256,
            10.733997344970703,
            10.874396800994873,
            10.944020509719849,
            10.998101472854614,
            10.962615728378296,
            10.936556816101074,
            11.122468948364258,
            11.10567045211792,
            11.240985631942749,
            11.31256914138794,
            11.185616970062256,
            11.237906217575073,
            11.303109645843506,
            11.278972148895264,
            11.38404893875122,
            11.3531813621521,
            11.361243724822998,
            11.32648754119873,
            11.427229642868042,
            11.452337980270386,
            11.391533136367798,
            11.552396774291992,
            11.457069873809814,
            11.5032320022583,
            11.624045610427856,
            11.549381971359253,
            11.686270475387573,
            11.664646625518799,
            11.590898752212524,
            11.670516014099121,
            11.679345607757568,
            11.657902240753174,
            11.71968412399292,
            11.696775436401367,
            11.65268087387085,
            11.65857219696045,
            11.748838901519775,
            11.744480609893799,
            11.904563665390015,
            11.770889043807983,
            11.884398698806763,
            11.857954025268555,
            11.79558801651001,
            11.81515121459961,
            11.941326141357422,
            11.928950071334839,
            11.997549295425415,
            11.976375818252563,
            12.039206504821777,
            12.151559829711914,
            12.046203851699829,
            12.149442911148071,
            12.172211408615112,
            12.169384241104126
        ],
        "output_image_path": "/model_deploy_execution_attack_for_pipeline/outputs/age_googlenet_mnn_005770_ttba_attack/adversarial_image.png"
    }
}