{
    "status": "SUCCESS",
    "config": {
        "executable": "./resources/execution_files/ssrnet_age_mnn",
        "benign_image": "/img_align_celeba/139923.jpg",
        "initial_adv_image": "/img_align_celeba/201551.jpg",
        "l2_epsilon_goal": 0.05,
        "linf_epsilon_goal": 0.06274509803921569,
        "query_budget": 40000,
        "max_iterations": 1000,
        "initial_queries": 50,
        "dimension_reduction": 1.0
    },
    "results": {
        "total_queries": 24343,
        "final_l2_distance": 3.553800106048584,
        "final_linf_distance": 0.061519622802734375,
        "total_duration_seconds": 206.67233109474182,
        "iteration_times_seconds": [
            2.2412736415863037,
            2.454313039779663,
            2.3034017086029053,
            2.4671716690063477,
            2.409862518310547,
            2.4908463954925537,
            2.372786283493042,
            2.4699673652648926,
            2.416933536529541,
            2.4922125339508057,
            2.5186893939971924,
            2.4445583820343018,
            2.5292603969573975,
            2.540449857711792,
            2.472158908843994,
            2.5025763511657715,
            2.569638252258301,
            2.5226287841796875,
            2.571394681930542,
            2.5859484672546387,
            2.6218671798706055,
            2.576883554458618,
            2.514047145843506,
            2.448418617248535,
            2.607724189758301,
            2.5509815216064453,
            2.618239164352417,
            2.618960380554199,
            2.7253146171569824,
            2.6202449798583984,
            2.7400362491607666,
            2.689528703689575,
            2.628948926925659,
            2.62646222114563,
            2.61853289604187,
            2.729959487915039,
            2.8103954792022705,
            2.6589558124542236,
            2.7567689418792725,
            2.744105815887451,
            2.695763111114502,
            2.8607897758483887,
            2.7471110820770264,
            2.8278980255126953,
            2.6462395191192627,
            2.839293956756592,
            2.790329933166504,
            2.7314839363098145,
            2.743983507156372,
            2.825474500656128,
            2.766359329223633,
            2.741765022277832,
            2.7387661933898926,
            2.7681150436401367,
            2.8799996376037598,
            2.7995107173919678,
            2.8853814601898193,
            2.7992842197418213,
            2.7874553203582764,
            2.7827138900756836,
            2.928800106048584,
            2.946164846420288,
            2.8923001289367676,
            2.961127758026123,
            2.9562134742736816,
            2.994170904159546,
            2.958054780960083,
            3.0127456188201904,
            3.0483791828155518,
            2.863278865814209,
            2.955709457397461,
            2.951936960220337,
            2.9604856967926025,
            2.9199159145355225,
            3.0112743377685547,
            2.9142589569091797
        ],
        "output_image_path": "/model_deploy_execution_attack_for_pipeline/outputs/ssrnet_age_mnn_139923_ttba_attack/adversarial_image.png"
    }
}