{
    "status": "BUDGET_EXHAUSTED",
    "config": {
        "executable": "./resources/execution_files/age_googlenet_mnn",
        "benign_image": "/img_align_celeba/148670.jpg",
        "initial_adv_image": "/img_align_celeba/00000019.png",
        "l2_epsilon_goal": 0.05,
        "linf_epsilon_goal": 0.06274509803921569,
        "query_budget": 40000,
        "max_iterations": 1000,
        "initial_queries": 50,
        "dimension_reduction": 1.0
    },
    "results": {
        "total_queries": 40290,
        "final_l2_distance": 35.07258605957031,
        "final_linf_distance": 0.4466228485107422,
        "total_duration_seconds": 1131.833384513855,
        "iteration_times_seconds": [
            7.739818811416626,
            8.196487426757812,
            8.130583047866821,
            8.255308628082275,
            8.359159708023071,
            8.450131177902222,
            8.671390533447266,
            8.824474573135376,
            8.78098440170288,
            8.618412017822266,
            8.624918460845947,
            8.81937313079834,
            8.924315929412842,
            9.005292654037476,
            9.112624645233154,
            9.168532371520996,
            9.224494695663452,
            9.335046529769897,
            9.287919521331787,
            9.342356443405151,
            9.343023777008057,
            9.466804265975952,
            9.409791946411133,
            9.546428203582764,
            9.549728155136108,
            9.695605278015137,
            9.775163650512695,
            9.769275665283203,
            9.923056602478027,
            9.862188816070557,
            9.95770001411438,
            9.934767007827759,
            9.911149024963379,
            10.049578428268433,
            10.073447704315186,
            10.083333730697632,
            10.083356618881226,
            10.170965671539307,
            10.31641435623169,
            10.196502447128296,
            10.30462121963501,
            10.404422521591187,
            10.55513882637024,
            10.602011919021606,
            10.557504415512085,
            10.549742221832275,
            10.648094892501831,
            10.665912866592407,
            10.63044285774231,
            10.611550569534302,
            10.686957836151123,
            10.666798114776611,
            10.669325113296509,
            10.742141246795654,
            10.835276126861572,
            10.848506927490234,
            10.895221710205078,
            10.898980617523193,
            10.710980415344238,
            10.887959003448486,
            10.96942687034607,
            10.910903930664062,
            11.053732633590698,
            10.927056789398193,
            10.939701080322266,
            10.988386392593384,
            11.12267518043518,
            11.042879581451416,
            11.049637079238892,
            11.036713123321533,
            11.096622228622437,
            11.128161907196045,
            11.151941776275635,
            11.258999586105347,
            11.295101165771484,
            11.284554481506348,
            11.319647789001465,
            11.26913857460022,
            11.326355457305908,
            11.341779232025146,
            11.49067759513855,
            11.498904466629028,
            11.513477563858032,
            11.56013798713684,
            11.577128171920776,
            11.71317434310913,
            11.716907024383545,
            11.705976963043213,
            11.708118915557861,
            11.803885459899902,
            11.739157676696777,
            11.749594449996948,
            11.752833127975464,
            11.803219079971313,
            11.737024068832397,
            11.827208995819092,
            11.762497901916504,
            11.860623121261597,
            11.889968872070312,
            11.94791054725647,
            11.971648454666138,
            12.032467365264893,
            11.869589805603027,
            12.034047842025757,
            11.96790862083435,
            12.145548105239868,
            12.175015926361084
        ],
        "output_image_path": "/model_deploy_execution_attack_for_pipeline/outputs/age_googlenet_mnn_148670_ttba_attack/adversarial_image.png"
    }
}