{
    "status": "BUDGET_EXHAUSTED",
    "config": {
        "executable": "./resources/execution_files/fsanet_headpose_mnn",
        "benign_image": "/img_align_celeba/138383.jpg",
        "initial_adv_image": "/img_align_celeba/195377.jpg",
        "l2_epsilon_goal": 0.05,
        "linf_epsilon_goal": 0.06274509803921569,
        "query_budget": 40000,
        "max_iterations": 1000,
        "initial_queries": 50,
        "dimension_reduction": 1.0
    },
    "results": {
        "total_queries": 40108,
        "final_l2_distance": 5.682464599609375,
        "final_linf_distance": 0.09162122011184692,
        "total_duration_seconds": 362.1311230659485,
        "iteration_times_seconds": [
            2.789339303970337,
            2.8028597831726074,
            2.846759796142578,
            2.771510601043701,
            2.9319655895233154,
            2.9021759033203125,
            2.9463322162628174,
            2.8611602783203125,
            3.0006163120269775,
            2.913177490234375,
            2.9484856128692627,
            2.9796016216278076,
            3.152099132537842,
            3.000920057296753,
            3.1170144081115723,
            3.136802911758423,
            3.1835927963256836,
            3.2299587726593018,
            3.307873487472534,
            3.222215175628662,
            3.214843511581421,
            3.1977128982543945,
            3.020724296569824,
            3.191467523574829,
            3.1852879524230957,
            3.1276113986968994,
            3.309932231903076,
            3.3551549911499023,
            3.235832452774048,
            3.3146798610687256,
            3.1940135955810547,
            3.1038315296173096,
            3.146188735961914,
            3.2280378341674805,
            3.247281312942505,
            3.1963114738464355,
            3.355780839920044,
            3.1928515434265137,
            3.236599922180176,
            3.3354954719543457,
            3.317699909210205,
            3.2980775833129883,
            3.356837272644043,
            3.3746728897094727,
            3.2933061122894287,
            3.33752703666687,
            3.3773534297943115,
            3.3990678787231445,
            3.296375274658203,
            3.3310816287994385,
            3.30655574798584,
            3.3778982162475586,
            3.365457773208618,
            3.3280370235443115,
            3.4197256565093994,
            3.2159910202026367,
            3.2876694202423096,
            3.4314591884613037,
            3.3189940452575684,
            3.491713523864746,
            3.461341142654419,
            3.3640143871307373,
            3.5123350620269775,
            3.4050443172454834,
            3.4294042587280273,
            3.464918375015259,
            3.539844274520874,
            3.526278257369995,
            3.478127956390381,
            3.485588550567627,
            3.507344961166382,
            3.655622959136963,
            3.6120712757110596,
            3.4737331867218018,
            3.4986531734466553,
            3.5448172092437744,
            3.556288242340088,
            3.674029588699341,
            3.6098785400390625,
            3.598599672317505,
            3.5904457569122314,
            3.6459169387817383,
            3.5174381732940674,
            3.6908974647521973,
            3.7088544368743896,
            3.6079587936401367,
            3.651841878890991,
            3.6873950958251953,
            3.587149143218994,
            3.619673490524292,
            3.6713826656341553,
            3.636056900024414,
            3.7435057163238525,
            3.666539430618286,
            3.582758665084839,
            3.5419580936431885,
            3.6262705326080322,
            3.6017096042633057,
            3.711528778076172,
            3.699737787246704,
            3.7057042121887207,
            3.7042396068573,
            3.6142475605010986,
            3.680401086807251,
            3.798828125,
            3.674926519393921,
            3.668911933898926
        ],
        "output_image_path": "/model_deploy_execution_attack_for_pipeline/outputs/fsanet_headpose_mnn_138383_ttba_attack/adversarial_image.png"
    }
}