{
    "status": "BUDGET_EXHAUSTED",
    "config": {
        "executable": "resources/execution_files/emotion_ferplus_mnn",
        "benign_image": "/img_align_celeba/047219.jpg",
        "initial_adv_image": "/img_align_celeba/105002.jpg",
        "l2_epsilon_goal": 0.05,
        "linf_epsilon_goal": 0.06274509803921569,
        "query_budget": 40000,
        "max_iterations": 1000,
        "initial_queries": 50,
        "dimension_reduction": 1.0
    },
    "results": {
        "total_queries": 40142,
        "final_l2_distance": 8.241639137268066,
        "final_linf_distance": 0.11324448883533478,
        "total_duration_seconds": 1009.289148569107,
        "iteration_times_seconds": [
            6.6550328731536865,
            6.96601676940918,
            7.064895153045654,
            7.2109055519104,
            7.335120439529419,
            7.4909608364105225,
            7.558974504470825,
            7.568407773971558,
            7.699615478515625,
            7.698366641998291,
            7.809736490249634,
            7.9269678592681885,
            8.047091960906982,
            7.888568639755249,
            8.090589761734009,
            8.222235918045044,
            8.31560730934143,
            8.313715696334839,
            8.379743337631226,
            8.433318138122559,
            8.472752809524536,
            8.480953216552734,
            8.45358157157898,
            8.601866006851196,
            8.60079288482666,
            8.485684633255005,
            8.6798734664917,
            8.666585445404053,
            8.74228286743164,
            8.785871982574463,
            8.78310251235962,
            8.900052785873413,
            8.881289720535278,
            8.878049373626709,
            8.997041940689087,
            8.967476844787598,
            9.111536979675293,
            9.079151630401611,
            9.077027082443237,
            9.269869089126587,
            9.22087836265564,
            9.351577997207642,
            9.330415487289429,
            9.15565800666809,
            9.332030057907104,
            9.297281265258789,
            9.414676666259766,
            9.3972749710083,
            9.343528747558594,
            9.396945714950562,
            9.462457656860352,
            9.462901592254639,
            9.501450777053833,
            9.575223684310913,
            9.56407904624939,
            9.645492792129517,
            9.656559944152832,
            9.68411111831665,
            9.660253286361694,
            9.654088735580444,
            9.632997751235962,
            9.704197406768799,
            9.798311233520508,
            9.763489723205566,
            9.736303806304932,
            9.80266809463501,
            9.851196050643921,
            9.903590679168701,
            9.867693424224854,
            9.88901400566101,
            9.898521900177002,
            9.936502456665039,
            9.939237117767334,
            10.061836242675781,
            10.002610683441162,
            10.115384817123413,
            10.084858417510986,
            10.094239234924316,
            10.192833423614502,
            10.199399948120117,
            10.32126522064209,
            10.272983312606812,
            10.2950918674469,
            10.31489634513855,
            10.367969751358032,
            10.50495457649231,
            10.381353616714478,
            10.510835886001587,
            10.544813394546509,
            10.538118839263916,
            10.484805822372437,
            10.555283546447754,
            10.595720052719116,
            10.600945711135864,
            10.637516736984253,
            10.769977569580078,
            10.662182569503784,
            10.685852766036987,
            10.769344806671143,
            10.791545391082764,
            10.721276998519897,
            10.775192022323608,
            10.75928258895874,
            10.928557872772217,
            10.868330478668213,
            10.995197057723999,
            10.968098878860474
        ],
        "output_image_path": "/model_deploy_execution_attack_for_pipeline/outputs/emotion_ferplus_mnn_047219_ttba_attack/adversarial_image.png"
    }
}