{
    "status": "BUDGET_EXHAUSTED",
    "config": {
        "executable": "./resources/execution_files/age_googlenet_mnn",
        "benign_image": "/img_align_celeba/187773.jpg",
        "initial_adv_image": "/img_align_celeba/00000018.png",
        "l2_epsilon_goal": 0.05,
        "linf_epsilon_goal": 0.06274509803921569,
        "query_budget": 40000,
        "max_iterations": 1000,
        "initial_queries": 50,
        "dimension_reduction": 1.0
    },
    "results": {
        "total_queries": 40275,
        "final_l2_distance": 24.6439208984375,
        "final_linf_distance": 0.32254499197006226,
        "total_duration_seconds": 1126.512183189392,
        "iteration_times_seconds": [
            7.476234674453735,
            7.7865095138549805,
            7.918559312820435,
            8.008744716644287,
            8.099990606307983,
            8.192566394805908,
            8.507935762405396,
            8.516282081604004,
            8.651093006134033,
            8.747202634811401,
            8.743042945861816,
            8.814016342163086,
            8.862370729446411,
            8.909563064575195,
            9.079796552658081,
            9.178335428237915,
            9.177554845809937,
            9.237587928771973,
            9.211089134216309,
            9.28392744064331,
            9.370116949081421,
            9.404499530792236,
            9.433016777038574,
            9.440802574157715,
            9.48080563545227,
            9.59616994857788,
            9.861954927444458,
            9.765326261520386,
            9.887563705444336,
            9.882177352905273,
            9.894641637802124,
            9.967220306396484,
            9.913010120391846,
            10.048419952392578,
            10.135625839233398,
            10.205744981765747,
            10.106337070465088,
            10.12138032913208,
            10.17539668083191,
            10.191178560256958,
            10.255626916885376,
            10.475433588027954,
            10.445474624633789,
            10.496672630310059,
            10.484082698822021,
            10.504302501678467,
            10.638385534286499,
            10.586251497268677,
            10.598469972610474,
            10.70448088645935,
            10.76281213760376,
            10.79729676246643,
            10.77295184135437,
            10.74491834640503,
            10.794652223587036,
            10.86646556854248,
            10.661051511764526,
            10.62333345413208,
            10.750465631484985,
            10.924368619918823,
            10.888113498687744,
            10.854812860488892,
            10.948631286621094,
            10.957656145095825,
            10.89670729637146,
            10.985961437225342,
            11.115445137023926,
            11.047078609466553,
            11.014261484146118,
            11.044893026351929,
            11.057629346847534,
            11.174782991409302,
            11.170934915542603,
            11.145490884780884,
            11.18617868423462,
            11.189328670501709,
            11.252909898757935,
            11.269153118133545,
            11.367226362228394,
            11.38466739654541,
            11.522436141967773,
            11.460230112075806,
            11.529540061950684,
            11.557243824005127,
            11.578224182128906,
            11.653751373291016,
            11.675605535507202,
            11.615226984024048,
            11.638561010360718,
            11.727800369262695,
            11.706551313400269,
            11.7649667263031,
            11.668579578399658,
            11.746602296829224,
            11.676984310150146,
            11.785196542739868,
            11.864979267120361,
            11.830825805664062,
            11.823851823806763,
            11.980057954788208,
            11.9849214553833,
            11.975887775421143,
            11.910444021224976,
            11.753153562545776,
            11.735992431640625,
            11.902399778366089,
            11.887638568878174
        ],
        "output_image_path": "/model_deploy_execution_attack_for_pipeline/outputs/age_googlenet_mnn_187773_ttba_attack/adversarial_image.png"
    }
}