{
    "status": "SUCCESS",
    "config": {
        "executable": "./resources/execution_files/fsanet_headpose_mnn",
        "benign_image": "/img_align_celeba/185170.jpg",
        "initial_adv_image": "/img_align_celeba/103473.jpg",
        "l2_epsilon_goal": 0.05,
        "linf_epsilon_goal": 0.06274509803921569,
        "query_budget": 40000,
        "max_iterations": 1000,
        "initial_queries": 50,
        "dimension_reduction": 1.0
    },
    "results": {
        "total_queries": 17714,
        "final_l2_distance": 4.534929275512695,
        "final_linf_distance": 0.061022788286209106,
        "total_duration_seconds": 188.2230851650238,
        "iteration_times_seconds": [
            2.6539671421051025,
            2.655437469482422,
            2.5482146739959717,
            2.7093749046325684,
            2.7491114139556885,
            2.801609516143799,
            2.792149782180786,
            2.8049392700195312,
            2.8356971740722656,
            2.757483959197998,
            2.8434836864471436,
            2.8222384452819824,
            2.9213132858276367,
            2.900707721710205,
            2.9908158779144287,
            3.0812766551971436,
            2.973355531692505,
            2.897991895675659,
            2.934474468231201,
            2.8874330520629883,
            3.017731189727783,
            2.9218263626098633,
            2.980332851409912,
            2.938561201095581,
            3.0913915634155273,
            3.107783079147339,
            2.9191980361938477,
            3.0327844619750977,
            3.0730183124542236,
            3.0279359817504883,
            3.1246886253356934,
            3.136847496032715,
            3.108396291732788,
            3.20198655128479,
            3.170260190963745,
            3.1470375061035156,
            3.1679210662841797,
            3.1972885131835938,
            3.0795929431915283,
            3.311173915863037,
            3.161924123764038,
            3.2138099670410156,
            3.1799476146698,
            3.2618114948272705,
            3.221775531768799,
            3.1441283226013184,
            3.1804046630859375,
            3.1088783740997314,
            3.1629254817962646,
            3.1746251583099365,
            3.309955596923828,
            3.282618761062622,
            3.2410666942596436,
            3.2892696857452393,
            3.2966866493225098,
            3.266627788543701,
            3.22519588470459,
            3.3435962200164795,
            3.426401376724243,
            3.2855632305145264,
            3.3709166049957275
        ],
        "output_image_path": "/model_deploy_execution_attack_for_pipeline/outputs/fsanet_headpose_mnn_185170_ttba_attack/adversarial_image.png"
    }
}