{
    "status": "SUCCESS",
    "config": {
        "executable": "resources/execution_files/gender_googlenet_mnn",
        "benign_image": "/img_align_celeba/150995.jpg",
        "initial_adv_image": "/img_align_celeba/195377.jpg",
        "l2_epsilon_goal": 0.05,
        "linf_epsilon_goal": 0.06274509803921569,
        "query_budget": 40000,
        "max_iterations": 1000,
        "initial_queries": 50,
        "dimension_reduction": 1.0
    },
    "results": {
        "total_queries": 12922,
        "final_l2_distance": 4.572595596313477,
        "final_linf_distance": 0.05704692006111145,
        "total_duration_seconds": 374.19989681243896,
        "iteration_times_seconds": [
            5.8961341381073,
            6.134672403335571,
            6.107152462005615,
            6.247529745101929,
            6.389695167541504,
            6.447541952133179,
            6.629187822341919,
            6.740859508514404,
            6.791891813278198,
            6.82089638710022,
            6.901916742324829,
            7.047789812088013,
            6.905885219573975,
            6.968655109405518,
            7.0928261280059814,
            7.212984800338745,
            7.209871768951416,
            7.370620012283325,
            7.296536922454834,
            7.473812103271484,
            7.406585454940796,
            7.443907976150513,
            7.485082626342773,
            7.567741870880127,
            7.707045555114746,
            7.7524168491363525,
            7.942432403564453,
            7.970812559127808,
            7.95963191986084,
            8.116699457168579,
            8.09837794303894,
            8.117313861846924,
            7.917750120162964,
            7.920496225357056,
            7.977622747421265,
            8.01317572593689,
            8.0688157081604,
            8.139757871627808,
            8.206008911132812,
            8.256481170654297,
            8.339662790298462,
            8.331028461456299,
            8.392797946929932,
            8.476645231246948,
            8.558832168579102,
            8.531033039093018,
            8.466283321380615,
            8.458964586257935,
            8.628312349319458
        ],
        "output_image_path": "/model_deploy_execution_attack_for_pipeline/outputs/gender_googlenet_mnn_150995_ttba_attack/adversarial_image.png"
    }
}