{
    "status": "BUDGET_EXHAUSTED",
    "config": {
        "executable": "./resources/execution_files/age_googlenet_mnn",
        "benign_image": "/img_align_celeba/016718.jpg",
        "initial_adv_image": "/img_align_celeba/00000007.png",
        "l2_epsilon_goal": 0.05,
        "linf_epsilon_goal": 0.06274509803921569,
        "query_budget": 40000,
        "max_iterations": 1000,
        "initial_queries": 50,
        "dimension_reduction": 1.0
    },
    "results": {
        "total_queries": 40320,
        "final_l2_distance": 45.30751419067383,
        "final_linf_distance": 0.6396032571792603,
        "total_duration_seconds": 1138.3168568611145,
        "iteration_times_seconds": [
            7.7267773151397705,
            8.166833400726318,
            8.115791320800781,
            8.301509380340576,
            8.34787392616272,
            8.47456169128418,
            8.70769715309143,
            8.766085147857666,
            8.77257513999939,
            8.837280035018921,
            8.965428590774536,
            8.999014377593994,
            9.049134731292725,
            8.895517587661743,
            9.118221521377563,
            9.307681560516357,
            9.241494178771973,
            9.262434482574463,
            9.337951183319092,
            9.292799711227417,
            9.247913122177124,
            9.483585357666016,
            9.414048910140991,
            9.482162952423096,
            9.61188006401062,
            9.653557300567627,
            9.912198305130005,
            9.796603679656982,
            9.955990314483643,
            9.923561811447144,
            9.887555837631226,
            9.954612731933594,
            10.01119327545166,
            10.070832252502441,
            10.008718252182007,
            10.095771074295044,
            10.149635076522827,
            10.284894704818726,
            10.270396709442139,
            10.288287878036499,
            10.425903081893921,
            10.409173250198364,
            10.457673072814941,
            10.528406381607056,
            10.553497314453125,
            10.510967016220093,
            10.513936519622803,
            10.61163592338562,
            10.586358547210693,
            10.654465913772583,
            10.660613775253296,
            10.68478012084961,
            10.751781225204468,
            10.79838490486145,
            10.779563665390015,
            10.830854892730713,
            10.935089349746704,
            10.993483543395996,
            10.881215810775757,
            11.062719583511353,
            11.095652341842651,
            11.12659764289856,
            11.277164936065674,
            11.324424505233765,
            11.170186519622803,
            11.231297969818115,
            11.282204627990723,
            11.21739149093628,
            11.239933729171753,
            11.27224588394165,
            11.344818830490112,
            11.418584108352661,
            11.372417688369751,
            11.475927352905273,
            11.400652408599854,
            11.464049816131592,
            11.465598344802856,
            11.53319764137268,
            11.595470666885376,
            11.5788414478302,
            11.754140615463257,
            11.758856296539307,
            11.723854064941406,
            11.87935209274292,
            11.496946811676025,
            11.679373979568481,
            11.721963167190552,
            11.625631332397461,
            11.652709722518921,
            11.753687143325806,
            11.693796157836914,
            11.697386741638184,
            11.712885856628418,
            11.749856233596802,
            11.81782865524292,
            11.751803636550903,
            11.810475587844849,
            11.79618501663208,
            11.822899580001831,
            11.947393894195557,
            11.8922598361969,
            11.92069959640503,
            12.030196189880371,
            12.107759475708008,
            12.010256290435791,
            12.18370246887207,
            12.195980072021484
        ],
        "output_image_path": "/model_deploy_execution_attack_for_pipeline/outputs/age_googlenet_mnn_016718_ttba_attack/adversarial_image.png"
    }
}