{
    "status": "SUCCESS",
    "config": {
        "executable": "./resources/execution_files/ssrnet_age_mnn",
        "benign_image": "/img_align_celeba/088332.jpg",
        "initial_adv_image": "/img_align_celeba/135102.jpg",
        "l2_epsilon_goal": 0.05,
        "linf_epsilon_goal": 0.06274509803921569,
        "query_budget": 40000,
        "max_iterations": 1000,
        "initial_queries": 50,
        "dimension_reduction": 1.0
    },
    "results": {
        "total_queries": 16508,
        "final_l2_distance": 4.586404323577881,
        "final_linf_distance": 0.06235194206237793,
        "total_duration_seconds": 155.63270235061646,
        "iteration_times_seconds": [
            2.3270509243011475,
            2.3197829723358154,
            2.317829132080078,
            2.355365514755249,
            2.3962671756744385,
            2.3740196228027344,
            2.378108501434326,
            2.5158252716064453,
            2.567302703857422,
            2.570697784423828,
            2.6493868827819824,
            2.5849876403808594,
            2.4931275844573975,
            2.4863338470458984,
            2.4878089427948,
            2.5874671936035156,
            2.5813276767730713,
            2.6300928592681885,
            2.583784341812134,
            2.575382709503174,
            2.615243434906006,
            2.6298601627349854,
            2.7139413356781006,
            2.743642568588257,
            2.660139322280884,
            2.716562271118164,
            2.691269874572754,
            2.6774141788482666,
            2.6565656661987305,
            2.6977698802948,
            2.744479179382324,
            2.703793525695801,
            2.6459462642669678,
            2.701087474822998,
            2.658597946166992,
            2.6151506900787354,
            2.715590715408325,
            2.7848453521728516,
            2.7566287517547607,
            2.7216436862945557,
            2.7633187770843506,
            2.8000359535217285,
            2.8482730388641357,
            2.8276963233947754,
            2.9190118312835693,
            2.7876856327056885,
            2.662550687789917,
            2.7068238258361816,
            2.846529245376587,
            2.741426467895508,
            2.8421285152435303,
            2.7996344566345215,
            2.7981019020080566,
            2.8304262161254883,
            2.8776702880859375,
            2.8062844276428223,
            2.8592841625213623,
            2.819793224334717
        ],
        "output_image_path": "/model_deploy_execution_attack_for_pipeline/outputs/ssrnet_age_mnn_088332_ttba_attack/adversarial_image.png"
    }
}