{
    "status": "SUCCESS",
    "config": {
        "executable": "./resources/execution_files/emotion_ferplus_mnn",
        "benign_image": "/img_align_celeba/093706.jpg",
        "initial_adv_image": "/img_align_celeba/039937.jpg",
        "l2_epsilon_goal": 0.05,
        "linf_epsilon_goal": 0.06274509803921569,
        "query_budget": 40000,
        "max_iterations": 1000,
        "initial_queries": 50,
        "dimension_reduction": 1.0
    },
    "results": {
        "total_queries": 19036,
        "final_l2_distance": 4.441587924957275,
        "final_linf_distance": 0.06251245737075806,
        "total_duration_seconds": 544.2008049488068,
        "iteration_times_seconds": [
            6.437052011489868,
            6.702814817428589,
            6.829541444778442,
            7.0057384967803955,
            6.991059303283691,
            7.149008750915527,
            7.533666610717773,
            7.404811382293701,
            7.660020112991333,
            7.660405158996582,
            7.604461669921875,
            7.864081859588623,
            7.821508884429932,
            8.014840602874756,
            7.949478626251221,
            7.919605493545532,
            7.994471549987793,
            8.022611379623413,
            8.038043737411499,
            8.057697772979736,
            8.200545072555542,
            8.237401247024536,
            8.277709484100342,
            8.339367389678955,
            8.186848402023315,
            8.326739072799683,
            8.416547775268555,
            8.518194198608398,
            8.564247369766235,
            8.635798931121826,
            8.713396072387695,
            8.496094703674316,
            8.476372718811035,
            8.492538213729858,
            8.48990273475647,
            8.50891637802124,
            8.619191884994507,
            8.72773814201355,
            8.724262237548828,
            8.756949424743652,
            8.896854162216187,
            8.917938709259033,
            8.899790287017822,
            8.967869520187378,
            9.041399717330933,
            9.090909004211426,
            9.064942121505737,
            8.987152099609375,
            9.09471607208252,
            9.015506982803345,
            9.03903603553772,
            9.06743860244751,
            9.01210641860962,
            9.115999937057495,
            9.032564401626587,
            9.054409980773926,
            9.228507041931152,
            9.298404455184937,
            9.253584623336792,
            9.407981872558594,
            9.384868144989014,
            9.424120903015137,
            9.50755786895752,
            9.535187482833862
        ],
        "output_image_path": "/model_deploy_execution_attack_for_pipeline/outputs/emotion_ferplus_mnn_093706_ttba_attack/adversarial_image.png"
    }
}