{
    "status": "SUCCESS",
    "config": {
        "executable": "resources/execution_files/emotion_ferplus_mnn",
        "benign_image": "/img_align_celeba/185616.jpg",
        "initial_adv_image": "/img_align_celeba/088332.jpg",
        "l2_epsilon_goal": 0.05,
        "linf_epsilon_goal": 0.06274509803921569,
        "query_budget": 40000,
        "max_iterations": 1000,
        "initial_queries": 50,
        "dimension_reduction": 1.0
    },
    "results": {
        "total_queries": 25401,
        "final_l2_distance": 4.504421710968018,
        "final_linf_distance": 0.062235087156295776,
        "total_duration_seconds": 701.4633903503418,
        "iteration_times_seconds": [
            6.814778804779053,
            7.066705942153931,
            7.129734516143799,
            7.195335149765015,
            7.3528876304626465,
            7.54957914352417,
            7.727085590362549,
            7.851651668548584,
            7.819114923477173,
            7.807361602783203,
            7.915754079818726,
            8.080918550491333,
            8.048643350601196,
            8.233638525009155,
            8.271661281585693,
            8.33540391921997,
            8.482045650482178,
            8.501337051391602,
            8.659607648849487,
            8.528496026992798,
            8.592904806137085,
            8.675694227218628,
            8.699357986450195,
            8.712704181671143,
            8.828706979751587,
            8.66954255104065,
            8.879156112670898,
            8.858855247497559,
            8.84271764755249,
            8.92255449295044,
            9.057196140289307,
            9.072121143341064,
            8.849490880966187,
            8.897829055786133,
            9.016767263412476,
            8.80736517906189,
            8.874078035354614,
            8.94408917427063,
            8.85262680053711,
            8.942099571228027,
            9.048020124435425,
            9.124038457870483,
            9.176193475723267,
            9.179444789886475,
            9.200281858444214,
            9.206423997879028,
            9.24126648902893,
            9.32642412185669,
            9.261714935302734,
            9.236940145492554,
            9.181571006774902,
            9.295735597610474,
            9.348933935165405,
            9.323328256607056,
            9.406505584716797,
            9.525759220123291,
            9.483545303344727,
            9.637423992156982,
            9.55736756324768,
            9.71735668182373,
            9.701436996459961,
            9.590509414672852,
            9.702305316925049,
            9.742722034454346,
            9.821660041809082,
            9.798817873001099,
            9.810379028320312,
            9.657103538513184,
            9.693138360977173,
            9.74641227722168,
            9.763248682022095,
            9.901800870895386,
            9.905046701431274,
            9.866904258728027,
            9.787871599197388,
            9.860231399536133,
            9.79730224609375,
            9.952637434005737
        ],
        "output_image_path": "/model_deploy_execution_attack_for_pipeline/outputs/emotion_ferplus_mnn_185616_ttba_attack/adversarial_image.png"
    }
}