{
    "status": "BUDGET_EXHAUSTED",
    "config": {
        "executable": "./resources/execution_files/fsanet_headpose_mnn",
        "benign_image": "/img_align_celeba/170489.jpg",
        "initial_adv_image": "/img_align_celeba/091663.jpg",
        "l2_epsilon_goal": 0.05,
        "linf_epsilon_goal": 0.06274509803921569,
        "query_budget": 40000,
        "max_iterations": 1000,
        "initial_queries": 50,
        "dimension_reduction": 1.0
    },
    "results": {
        "total_queries": 40078,
        "final_l2_distance": 7.091091156005859,
        "final_linf_distance": 0.09050163626670837,
        "total_duration_seconds": 360.25880336761475,
        "iteration_times_seconds": [
            2.544854164123535,
            2.549654245376587,
            2.6304678916931152,
            2.8669471740722656,
            2.7871901988983154,
            2.7827703952789307,
            2.865809440612793,
            2.8241524696350098,
            2.8767714500427246,
            2.92929744720459,
            2.945927858352661,
            3.0170860290527344,
            3.074049711227417,
            2.9687559604644775,
            3.0408859252929688,
            2.972233772277832,
            3.0966014862060547,
            3.0360777378082275,
            3.025146245956421,
            3.122828960418701,
            3.082970380783081,
            3.078158378601074,
            3.107167959213257,
            3.163938522338867,
            3.076305627822876,
            3.011437177658081,
            3.0474469661712646,
            3.1908044815063477,
            3.0428900718688965,
            3.1501376628875732,
            3.0667171478271484,
            3.2255258560180664,
            3.3128724098205566,
            3.098639726638794,
            3.203794002532959,
            3.277064323425293,
            3.2160942554473877,
            3.1548550128936768,
            3.2401812076568604,
            3.201826572418213,
            3.2652499675750732,
            3.292987108230591,
            3.5729119777679443,
            3.365095615386963,
            3.3943536281585693,
            3.3143489360809326,
            3.3167104721069336,
            3.2229573726654053,
            3.270709991455078,
            3.2313451766967773,
            3.235246181488037,
            3.3478341102600098,
            3.364387273788452,
            3.323248863220215,
            3.446451187133789,
            3.3807265758514404,
            3.361799478530884,
            3.380530595779419,
            3.49076247215271,
            3.345822334289551,
            3.521315813064575,
            3.331183910369873,
            3.3999719619750977,
            3.4457507133483887,
            3.4502432346343994,
            3.538984775543213,
            3.5133261680603027,
            3.4205355644226074,
            3.545595169067383,
            3.6426680088043213,
            3.530496597290039,
            3.6645965576171875,
            3.539980888366699,
            3.4566993713378906,
            3.5927329063415527,
            3.4824156761169434,
            3.5976548194885254,
            3.562406539916992,
            3.5508484840393066,
            3.6252903938293457,
            3.703861951828003,
            3.701162099838257,
            3.6319384574890137,
            3.6297731399536133,
            3.62850284576416,
            3.6103646755218506,
            3.6566312313079834,
            3.6004018783569336,
            3.6664271354675293,
            3.743091106414795,
            3.791808843612671,
            3.6806623935699463,
            3.803406238555908,
            3.6885807514190674,
            3.6304166316986084,
            3.7710065841674805,
            3.788318157196045,
            3.6643805503845215,
            3.7543997764587402,
            3.7660160064697266,
            3.6608221530914307,
            3.812920570373535,
            3.7138254642486572,
            3.8345248699188232,
            3.794722557067871,
            3.770409345626831,
            3.758159875869751
        ],
        "output_image_path": "/model_deploy_execution_attack_for_pipeline/outputs/fsanet_headpose_mnn_170489_ttba_attack/adversarial_image.png"
    }
}