{
    "status": "SUCCESS",
    "config": {
        "executable": "./resources/execution_files/emotion_ferplus_mnn",
        "benign_image": "/img_align_celeba/142375.jpg",
        "initial_adv_image": "/img_align_celeba/101264.jpg",
        "l2_epsilon_goal": 0.05,
        "linf_epsilon_goal": 0.06274509803921569,
        "query_budget": 40000,
        "max_iterations": 1000,
        "initial_queries": 50,
        "dimension_reduction": 1.0
    },
    "results": {
        "total_queries": 7976,
        "final_l2_distance": 4.593296527862549,
        "final_linf_distance": 0.05705752968788147,
        "total_duration_seconds": 265.423189163208,
        "iteration_times_seconds": [
            6.005160570144653,
            6.409995794296265,
            6.507030725479126,
            6.604897975921631,
            6.751646995544434,
            6.8452630043029785,
            6.821536540985107,
            7.0093793869018555,
            6.949888467788696,
            7.143558740615845,
            7.18864107131958,
            7.159142971038818,
            7.02630615234375,
            7.150262117385864,
            7.318200349807739,
            7.372262954711914,
            7.363368272781372,
            7.560218811035156,
            7.582653522491455,
            7.663862943649292,
            7.727128028869629,
            7.614561557769775,
            7.7569262981414795,
            7.771374702453613,
            7.857253074645996,
            7.824666738510132,
            7.9728312492370605,
            8.065232276916504,
            8.145535230636597,
            8.154189348220825,
            8.220106601715088,
            8.292920589447021,
            8.395218133926392,
            8.403023481369019,
            8.332205533981323
        ],
        "output_image_path": "/model_deploy_execution_attack_for_pipeline/outputs/emotion_ferplus_mnn_142375_ttba_attack/adversarial_image.png"
    }
}