{
    "status": "BUDGET_EXHAUSTED",
    "config": {
        "executable": "./resources/execution_files/age_googlenet_mnn",
        "benign_image": "/img_align_celeba/117406.jpg",
        "initial_adv_image": "/img_align_celeba/00000002.png",
        "l2_epsilon_goal": 0.05,
        "linf_epsilon_goal": 0.06274509803921569,
        "query_budget": 40000,
        "max_iterations": 1000,
        "initial_queries": 50,
        "dimension_reduction": 1.0
    },
    "results": {
        "total_queries": 40325,
        "final_l2_distance": 37.410560607910156,
        "final_linf_distance": 0.5152713060379028,
        "total_duration_seconds": 1136.8041968345642,
        "iteration_times_seconds": [
            7.747844934463501,
            8.00219440460205,
            8.076668977737427,
            8.22002649307251,
            8.314998149871826,
            8.526229858398438,
            8.633775472640991,
            8.739003896713257,
            8.846794605255127,
            8.83057689666748,
            8.968289136886597,
            8.951125621795654,
            9.096144676208496,
            9.1290864944458,
            9.298843383789062,
            9.33423137664795,
            9.307299137115479,
            9.504626274108887,
            9.52082896232605,
            9.5206298828125,
            9.517778158187866,
            9.576883554458618,
            9.642544031143188,
            9.638828754425049,
            9.757169485092163,
            9.708711624145508,
            10.006563663482666,
            10.001657247543335,
            10.08216667175293,
            9.826296091079712,
            9.869755506515503,
            10.028825521469116,
            9.935796737670898,
            10.07458209991455,
            10.128767013549805,
            10.11717176437378,
            10.181126832962036,
            10.120563507080078,
            10.148131608963013,
            10.226340055465698,
            10.268917083740234,
            10.394423723220825,
            10.435772180557251,
            10.54441213607788,
            10.60110855102539,
            10.50574517250061,
            10.539693593978882,
            10.563462734222412,
            10.622641801834106,
            10.55698847770691,
            10.726835250854492,
            10.645984172821045,
            10.723822355270386,
            10.740215539932251,
            10.841380596160889,
            10.883438348770142,
            10.809490203857422,
            10.859952211380005,
            10.92960238456726,
            11.133172512054443,
            11.126570224761963,
            11.129898071289062,
            11.089570760726929,
            11.091390609741211,
            11.18464207649231,
            11.162536859512329,
            11.161394834518433,
            11.359444856643677,
            11.297937870025635,
            11.24192190170288,
            11.309500217437744,
            11.279515266418457,
            11.40085220336914,
            11.12397837638855,
            11.16852068901062,
            11.159223556518555,
            11.258474349975586,
            11.291626930236816,
            11.27730107307434,
            11.33017349243164,
            11.470314741134644,
            11.527779579162598,
            11.501057386398315,
            11.538930892944336,
            11.57870101928711,
            11.629157066345215,
            11.670937776565552,
            11.696296691894531,
            11.669572353363037,
            11.681016445159912,
            11.702174663543701,
            11.897894859313965,
            11.804601907730103,
            11.745010137557983,
            11.869907855987549,
            11.829890251159668,
            11.801057577133179,
            11.842737674713135,
            11.922415971755981,
            11.887863159179688,
            11.87533974647522,
            12.008572816848755,
            12.013742446899414,
            11.984510660171509,
            11.982843399047852,
            12.235790491104126,
            12.149046421051025
        ],
        "output_image_path": "/model_deploy_execution_attack_for_pipeline/outputs/age_googlenet_mnn_117406_ttba_attack/adversarial_image.png"
    }
}