{
    "status": "SUCCESS",
    "config": {
        "executable": "./resources/execution_files/ssrnet_age_mnn",
        "benign_image": "/img_align_celeba/010369.jpg",
        "initial_adv_image": "/img_align_celeba/109604.jpg",
        "l2_epsilon_goal": 0.05,
        "linf_epsilon_goal": 0.06274509803921569,
        "query_budget": 40000,
        "max_iterations": 1000,
        "initial_queries": 50,
        "dimension_reduction": 1.0
    },
    "results": {
        "total_queries": 39492,
        "final_l2_distance": 4.558414459228516,
        "final_linf_distance": 0.0626947432756424,
        "total_duration_seconds": 303.35175800323486,
        "iteration_times_seconds": [
            2.284682035446167,
            2.329918384552002,
            2.3442959785461426,
            2.352562427520752,
            2.411527633666992,
            2.618572235107422,
            2.40649676322937,
            2.4520673751831055,
            2.419218063354492,
            2.567445993423462,
            2.4208226203918457,
            2.465404987335205,
            2.62689471244812,
            2.6048169136047363,
            2.5829172134399414,
            2.54081654548645,
            2.5547280311584473,
            2.6403300762176514,
            2.586791515350342,
            2.639803171157837,
            2.7706851959228516,
            2.6819350719451904,
            2.5532684326171875,
            2.5667688846588135,
            2.634303569793701,
            2.7489402294158936,
            2.661794900894165,
            2.5656473636627197,
            2.782984972000122,
            2.7672553062438965,
            2.660623550415039,
            2.863055944442749,
            2.673654317855835,
            2.7911899089813232,
            2.6930861473083496,
            2.9283804893493652,
            2.7338221073150635,
            2.789933681488037,
            2.9098000526428223,
            2.6981210708618164,
            2.783045530319214,
            2.7357707023620605,
            2.867677927017212,
            2.981996536254883,
            2.808058500289917,
            2.825601100921631,
            2.7355501651763916,
            2.7234175205230713,
            2.812187910079956,
            2.8067073822021484,
            2.849501132965088,
            2.8797073364257812,
            2.8618197441101074,
            2.874793291091919,
            2.8821330070495605,
            2.876131296157837,
            2.906562328338623,
            2.992879629135132,
            2.848956823348999,
            2.951413154602051,
            2.95192289352417,
            2.9130055904388428,
            2.9369211196899414,
            2.8407320976257324,
            2.9466302394866943,
            3.028526544570923,
            2.9267024993896484,
            2.9805939197540283,
            2.9773049354553223,
            2.979313850402832,
            2.9931023120880127,
            3.0090413093566895,
            2.9817893505096436,
            2.9661436080932617,
            3.01286244392395,
            3.0232832431793213,
            2.993464946746826,
            2.9894325733184814,
            3.105304002761841,
            3.026801109313965,
            3.0304946899414062,
            3.006953239440918,
            3.077833414077759,
            2.992097854614258,
            3.0183324813842773,
            3.05751633644104,
            3.0822222232818604,
            3.0408506393432617,
            3.1011910438537598,
            3.190786361694336,
            3.11037540435791,
            3.2302510738372803,
            3.002642869949341,
            3.001249074935913,
            3.177384853363037,
            3.074521064758301,
            3.139709234237671,
            3.099289894104004,
            3.1263651847839355,
            3.206277847290039,
            3.175279140472412,
            3.15877366065979,
            3.1080126762390137,
            3.1968834400177,
            3.2628965377807617,
            3.3428261280059814
        ],
        "output_image_path": "/model_deploy_execution_attack_for_pipeline/outputs/ssrnet_age_mnn_010369_ttba_attack/adversarial_image.png"
    }
}