{
    "status": "SUCCESS",
    "config": {
        "executable": "./resources/execution_files/gender_googlenet_mnn",
        "benign_image": "/img_align_celeba/018047.jpg",
        "initial_adv_image": "/img_align_celeba/084508.jpg",
        "l2_epsilon_goal": 0.05,
        "linf_epsilon_goal": 0.06274509803921569,
        "query_budget": 40000,
        "max_iterations": 1000,
        "initial_queries": 50,
        "dimension_reduction": 1.0
    },
    "results": {
        "total_queries": 39512,
        "final_l2_distance": 4.623230457305908,
        "final_linf_distance": 0.060121625661849976,
        "total_duration_seconds": 907.8439199924469,
        "iteration_times_seconds": [
            6.022097587585449,
            6.337278127670288,
            6.475085735321045,
            6.483279466629028,
            6.600353717803955,
            6.731644153594971,
            6.942491292953491,
            7.017417669296265,
            7.074174165725708,
            7.12239408493042,
            7.204161882400513,
            7.234700441360474,
            7.20833683013916,
            7.223498582839966,
            7.331652641296387,
            7.392327070236206,
            7.476183176040649,
            7.4577250480651855,
            7.526400566101074,
            7.509925127029419,
            7.681191921234131,
            7.626571178436279,
            7.637657880783081,
            7.674694061279297,
            7.638113498687744,
            7.670076370239258,
            7.818588733673096,
            7.887495517730713,
            7.944905042648315,
            7.939954996109009,
            7.9408440589904785,
            8.066375970840454,
            8.00571322441101,
            8.029359817504883,
            8.13045048713684,
            8.115190982818604,
            8.200002670288086,
            8.136985063552856,
            8.30184268951416,
            8.333675622940063,
            8.334391832351685,
            8.431753635406494,
            8.283242464065552,
            8.420766830444336,
            8.372555017471313,
            8.465535879135132,
            8.379104137420654,
            8.427368879318237,
            8.527400970458984,
            8.525307655334473,
            8.534521341323853,
            8.561935901641846,
            8.61690068244934,
            8.59659194946289,
            8.557862758636475,
            8.753495693206787,
            8.76606559753418,
            8.854421138763428,
            8.966012239456177,
            9.000732898712158,
            8.927331924438477,
            8.941487550735474,
            8.891979455947876,
            9.112342357635498,
            9.062510967254639,
            9.142972230911255,
            9.041613817214966,
            9.109486818313599,
            9.177765369415283,
            9.200066089630127,
            9.191512823104858,
            9.193852424621582,
            9.115572214126587,
            9.235602140426636,
            9.262117147445679,
            9.339331150054932,
            9.134928703308105,
            9.106814861297607,
            9.317016839981079,
            9.121148824691772,
            9.297085762023926,
            9.338611125946045,
            9.405654191970825,
            9.51798129081726,
            9.48343276977539,
            9.460485219955444,
            9.409178256988525,
            9.54067611694336,
            9.570582389831543,
            9.563213109970093,
            9.483312129974365,
            9.651970863342285,
            9.655699729919434,
            9.620641231536865,
            9.703755378723145,
            9.627218246459961,
            9.751206159591675,
            9.775348424911499,
            9.691962718963623,
            9.802122592926025,
            9.8157958984375,
            9.870890140533447,
            9.72189974784851,
            9.86669921875,
            10.005671739578247,
            9.966729640960693
        ],
        "output_image_path": "/model_deploy_execution_attack_for_pipeline/outputs/gender_googlenet_mnn_018047_ttba_attack/adversarial_image.png"
    }
}