{
    "status": "BUDGET_EXHAUSTED",
    "config": {
        "executable": "./resources/execution_files/age_googlenet_mnn",
        "benign_image": "/img_align_celeba/174837.jpg",
        "initial_adv_image": "/img_align_celeba/00000003.png",
        "l2_epsilon_goal": 0.05,
        "linf_epsilon_goal": 0.06274509803921569,
        "query_budget": 40000,
        "max_iterations": 1000,
        "initial_queries": 50,
        "dimension_reduction": 1.0
    },
    "results": {
        "total_queries": 40312,
        "final_l2_distance": 37.21054458618164,
        "final_linf_distance": 0.44925516843795776,
        "total_duration_seconds": 1140.13503074646,
        "iteration_times_seconds": [
            7.760777950286865,
            8.008837223052979,
            8.254918575286865,
            8.3745858669281,
            8.474924802780151,
            8.485715866088867,
            8.836824178695679,
            8.908232927322388,
            8.811563730239868,
            8.940398454666138,
            8.974803686141968,
            8.989115715026855,
            9.140247583389282,
            8.884990453720093,
            9.12079381942749,
            9.219599962234497,
            9.295550107955933,
            9.233068943023682,
            9.26871395111084,
            9.335082054138184,
            9.398135900497437,
            9.388567924499512,
            9.605268716812134,
            9.522166013717651,
            9.674784898757935,
            9.652285814285278,
            9.89622449874878,
            9.850472688674927,
            9.85737156867981,
            10.015138864517212,
            10.039705514907837,
            9.989092588424683,
            9.885340690612793,
            10.025378465652466,
            10.065226078033447,
            10.08901858329773,
            10.089129447937012,
            10.194019317626953,
            10.235904455184937,
            10.234129190444946,
            10.419238328933716,
            10.448278188705444,
            10.50900650024414,
            10.54250717163086,
            10.644357204437256,
            10.656182765960693,
            10.580753087997437,
            10.572522401809692,
            10.599231719970703,
            10.750182628631592,
            10.801764488220215,
            10.783067464828491,
            10.877236366271973,
            10.844176769256592,
            10.755344152450562,
            10.855959415435791,
            10.898168325424194,
            10.923510074615479,
            11.022202730178833,
            11.079486846923828,
            11.193793773651123,
            11.152954578399658,
            11.187520027160645,
            11.259753227233887,
            11.259671688079834,
            11.215409994125366,
            11.312769174575806,
            11.249587297439575,
            11.328187465667725,
            11.48845648765564,
            11.401249170303345,
            11.329755306243896,
            11.406760215759277,
            11.484367370605469,
            11.517632007598877,
            11.518531322479248,
            11.29386019706726,
            11.312045574188232,
            11.331387281417847,
            11.384109497070312,
            11.541351079940796,
            11.54073429107666,
            11.563774347305298,
            11.64211893081665,
            11.56841492652893,
            11.663753747940063,
            11.716616868972778,
            11.79823923110962,
            11.608373165130615,
            11.704166889190674,
            11.715662240982056,
            11.728360652923584,
            11.724645376205444,
            11.903324842453003,
            11.77620530128479,
            11.790066480636597,
            11.932215929031372,
            11.953276872634888,
            11.924413442611694,
            12.049104452133179,
            12.034324407577515,
            12.037332773208618,
            11.91693115234375,
            11.98971438407898,
            12.069005489349365,
            12.279574871063232,
            12.31387209892273
        ],
        "output_image_path": "/model_deploy_execution_attack_for_pipeline/outputs/age_googlenet_mnn_174837_ttba_attack/adversarial_image.png"
    }
}