{
    "status": "BUDGET_EXHAUSTED",
    "config": {
        "executable": "./resources/execution_files/emotion_ferplus_mnn",
        "benign_image": "/img_align_celeba/153536.jpg",
        "initial_adv_image": "/img_align_celeba/151453.jpg",
        "l2_epsilon_goal": 0.05,
        "linf_epsilon_goal": 0.06274509803921569,
        "query_budget": 40000,
        "max_iterations": 1000,
        "initial_queries": 50,
        "dimension_reduction": 1.0
    },
    "results": {
        "total_queries": 40467,
        "final_l2_distance": 3.075808525085449,
        "final_linf_distance": 0.0774378776550293,
        "total_duration_seconds": 972.174245595932,
        "iteration_times_seconds": [
            6.24466609954834,
            6.611426115036011,
            6.670938968658447,
            6.56728458404541,
            6.635658264160156,
            6.964045763015747,
            7.009445428848267,
            7.149194240570068,
            7.15389609336853,
            7.2721192836761475,
            7.256783485412598,
            7.362366437911987,
            7.282282829284668,
            7.2335381507873535,
            7.523536682128906,
            7.510057210922241,
            7.539600133895874,
            7.781867742538452,
            7.599848508834839,
            7.841325044631958,
            7.83913254737854,
            7.905789136886597,
            7.870100259780884,
            7.997590780258179,
            7.9826881885528564,
            8.101651430130005,
            8.154545783996582,
            8.241385698318481,
            8.274951457977295,
            8.265152931213379,
            8.420965671539307,
            8.39398741722107,
            8.423956155776978,
            8.491819620132446,
            8.606502771377563,
            8.537981271743774,
            8.531614542007446,
            8.66692304611206,
            8.57130765914917,
            8.686300277709961,
            8.807250022888184,
            8.883058547973633,
            8.910751342773438,
            8.98152208328247,
            9.008742332458496,
            8.932585000991821,
            8.826483488082886,
            8.906867265701294,
            8.90097188949585,
            8.971323728561401,
            9.049137115478516,
            9.07010531425476,
            9.072184324264526,
            9.119932651519775,
            9.105549573898315,
            9.224586009979248,
            9.221059560775757,
            9.29944634437561,
            9.300529718399048,
            9.393701314926147,
            9.416207790374756,
            9.408982276916504,
            9.406935691833496,
            9.55920958518982,
            9.517405033111572,
            9.536484479904175,
            9.612431526184082,
            9.590603590011597,
            9.517890214920044,
            9.518705129623413,
            9.547147989273071,
            9.58356761932373,
            9.570917129516602,
            9.555360317230225,
            9.631967544555664,
            9.669646739959717,
            9.701143503189087,
            9.764497756958008,
            9.71148157119751,
            9.75432014465332,
            9.932841539382935,
            9.970356702804565,
            9.898874521255493,
            10.057628154754639,
            9.934315919876099,
            9.987843036651611,
            9.97432017326355,
            10.048304557800293,
            10.029510259628296,
            10.131274700164795,
            10.151207208633423,
            10.283387899398804,
            10.265142440795898,
            10.238739013671875,
            10.180704116821289,
            10.144693851470947,
            10.319366216659546,
            10.261501550674438,
            10.172782182693481,
            10.330102920532227,
            10.325918912887573,
            10.368048191070557,
            10.415372133255005,
            10.392784595489502,
            10.484553098678589,
            10.483784914016724,
            10.555526494979858,
            10.646893739700317
        ],
        "output_image_path": "/model_deploy_execution_attack_for_pipeline/outputs/emotion_ferplus_mnn_153536_ttba_attack/adversarial_image.png"
    }
}