{
    "status": "BUDGET_EXHAUSTED",
    "config": {
        "executable": "./resources/execution_files/fsanet_headpose_mnn",
        "benign_image": "/img_align_celeba/099559.jpg",
        "initial_adv_image": "/img_align_celeba/007167.jpg",
        "l2_epsilon_goal": 0.05,
        "linf_epsilon_goal": 0.06274509803921569,
        "query_budget": 40000,
        "max_iterations": 1000,
        "initial_queries": 50,
        "dimension_reduction": 1.0
    },
    "results": {
        "total_queries": 40052,
        "final_l2_distance": 7.061568737030029,
        "final_linf_distance": 0.09850990772247314,
        "total_duration_seconds": 359.1244978904724,
        "iteration_times_seconds": [
            2.6260781288146973,
            2.709458589553833,
            2.753103017807007,
            2.8229928016662598,
            2.6913275718688965,
            2.749603509902954,
            2.731724262237549,
            2.844118118286133,
            2.8397786617279053,
            2.846493721008301,
            2.7974166870117188,
            2.8926799297332764,
            2.8497698307037354,
            2.9970061779022217,
            2.917431592941284,
            2.8996994495391846,
            2.9467766284942627,
            2.988682508468628,
            3.0690786838531494,
            3.008770704269409,
            2.959137201309204,
            3.0143449306488037,
            3.0302319526672363,
            3.011458158493042,
            3.1985950469970703,
            3.1442296504974365,
            3.095576763153076,
            3.166327476501465,
            3.1098625659942627,
            3.109586000442505,
            3.1721508502960205,
            3.0782721042633057,
            3.111027717590332,
            3.1448068618774414,
            3.2103304862976074,
            3.1071383953094482,
            3.2185311317443848,
            3.2695369720458984,
            3.258040428161621,
            3.111999750137329,
            3.204925537109375,
            3.295289993286133,
            3.2672972679138184,
            3.31902813911438,
            3.401446580886841,
            3.300117015838623,
            3.280663251876831,
            3.2242789268493652,
            3.225630044937134,
            3.4279372692108154,
            3.2683780193328857,
            3.2392234802246094,
            3.2687108516693115,
            3.3788299560546875,
            3.3956711292266846,
            3.3881959915161133,
            3.3831820487976074,
            3.380690813064575,
            3.4656319618225098,
            3.441145658493042,
            3.5347354412078857,
            3.5128681659698486,
            3.5839321613311768,
            3.419015407562256,
            3.374661922454834,
            3.5587973594665527,
            3.442610740661621,
            3.472923517227173,
            3.545980930328369,
            3.3970651626586914,
            3.586230516433716,
            3.5202221870422363,
            3.610913038253784,
            3.569021463394165,
            3.504621982574463,
            3.554471731185913,
            3.633157253265381,
            3.613913059234619,
            3.6687583923339844,
            3.6999776363372803,
            3.638404130935669,
            3.5646064281463623,
            3.5619521141052246,
            3.66940975189209,
            3.656952381134033,
            3.692643165588379,
            3.582998752593994,
            3.723789691925049,
            3.656498908996582,
            3.8051681518554688,
            3.601954698562622,
            3.661153554916382,
            3.7543704509735107,
            3.669236898422241,
            3.7900612354278564,
            3.7151458263397217,
            3.880746603012085,
            3.820103406906128,
            3.7634100914001465,
            3.7060327529907227,
            3.7351157665252686,
            3.817491292953491,
            3.8384695053100586,
            3.8641929626464844,
            3.7880260944366455,
            3.858158826828003,
            3.7633957862854004
        ],
        "output_image_path": "/model_deploy_execution_attack_for_pipeline/outputs/fsanet_headpose_mnn_099559_ttba_attack/adversarial_image.png"
    }
}