{
    "status": "BUDGET_EXHAUSTED",
    "config": {
        "executable": "./resources/execution_files/gender_googlenet_mnn",
        "benign_image": "/img_align_celeba/041640.jpg",
        "initial_adv_image": "/img_align_celeba/171783.jpg",
        "l2_epsilon_goal": 0.05,
        "linf_epsilon_goal": 0.06274509803921569,
        "query_budget": 40000,
        "max_iterations": 1000,
        "initial_queries": 50,
        "dimension_reduction": 1.0
    },
    "results": {
        "total_queries": 40231,
        "final_l2_distance": 19.78773307800293,
        "final_linf_distance": 0.2683592438697815,
        "total_duration_seconds": 951.37708568573,
        "iteration_times_seconds": [
            6.057221174240112,
            6.375790119171143,
            6.444051027297974,
            6.487856864929199,
            6.648408651351929,
            6.747485637664795,
            6.9756834506988525,
            7.058901309967041,
            7.105139493942261,
            7.100170612335205,
            7.1544952392578125,
            7.295665264129639,
            7.263864278793335,
            7.426170587539673,
            7.588907718658447,
            7.6063761711120605,
            7.695031404495239,
            7.655543804168701,
            7.731064558029175,
            7.702986240386963,
            7.689099550247192,
            7.790672540664673,
            7.891990900039673,
            7.992254018783569,
            7.989405393600464,
            8.045615196228027,
            8.281047344207764,
            8.294853210449219,
            8.291111946105957,
            8.386979579925537,
            8.41628360748291,
            8.470322132110596,
            8.36836051940918,
            8.233527898788452,
            8.242432117462158,
            8.39632248878479,
            8.40193223953247,
            8.402944564819336,
            8.573434114456177,
            8.46884274482727,
            8.684497117996216,
            8.805805921554565,
            8.768203735351562,
            8.738677024841309,
            8.744421482086182,
            8.76815414428711,
            8.786393404006958,
            8.838465213775635,
            8.916862726211548,
            8.982871532440186,
            8.879708290100098,
            8.981094598770142,
            8.966824054718018,
            8.979501724243164,
            8.951255083084106,
            9.113503694534302,
            9.140893459320068,
            9.164695262908936,
            9.22446346282959,
            9.150859355926514,
            9.309336423873901,
            9.312231063842773,
            9.364749431610107,
            9.403157234191895,
            9.441160440444946,
            9.555973052978516,
            9.413504362106323,
            9.473971605300903,
            9.528863906860352,
            9.60629153251648,
            9.431309223175049,
            9.607036828994751,
            9.637390851974487,
            9.63745665550232,
            9.639028549194336,
            9.577425718307495,
            9.670332670211792,
            9.727330446243286,
            9.796633005142212,
            9.859339714050293,
            9.926404237747192,
            9.997028350830078,
            9.825045585632324,
            9.805936336517334,
            9.870989322662354,
            9.8571937084198,
            9.878382682800293,
            9.892269134521484,
            9.838977813720703,
            9.818282842636108,
            9.940162181854248,
            9.88326907157898,
            9.943846702575684,
            9.894880056381226,
            9.989084005355835,
            10.063186168670654,
            10.158432245254517,
            10.097969770431519,
            10.120340824127197,
            10.121750116348267,
            10.198853015899658,
            10.197529077529907,
            10.25178575515747,
            10.195388555526733,
            10.29813838005066,
            10.402936458587646,
            10.412678480148315
        ],
        "output_image_path": "/model_deploy_execution_attack_for_pipeline/outputs/gender_googlenet_mnn_041640_ttba_attack/adversarial_image.png"
    }
}