{
    "status": "SUCCESS",
    "config": {
        "executable": "./resources/execution_files/fsanet_headpose_mnn",
        "benign_image": "/img_align_celeba/156300.jpg",
        "initial_adv_image": "/img_align_celeba/011705.jpg",
        "l2_epsilon_goal": 0.05,
        "linf_epsilon_goal": 0.06274509803921569,
        "query_budget": 40000,
        "max_iterations": 1000,
        "initial_queries": 50,
        "dimension_reduction": 1.0
    },
    "results": {
        "total_queries": 14872,
        "final_l2_distance": 4.2268147468566895,
        "final_linf_distance": 0.059648096561431885,
        "total_duration_seconds": 164.92619919776917,
        "iteration_times_seconds": [
            2.602947473526001,
            2.8027830123901367,
            2.7912228107452393,
            2.746067762374878,
            2.6411561965942383,
            2.8251333236694336,
            2.7930469512939453,
            2.7346837520599365,
            2.76580548286438,
            2.8304734230041504,
            2.911635637283325,
            2.8450613021850586,
            2.9467029571533203,
            2.8991973400115967,
            2.9229538440704346,
            2.9696459770202637,
            3.0339465141296387,
            3.016996145248413,
            2.9896633625030518,
            3.0052378177642822,
            2.9292643070220947,
            2.993398666381836,
            2.9676127433776855,
            3.077927350997925,
            2.9433629512786865,
            3.007859945297241,
            3.070096731185913,
            3.00689959526062,
            2.993804931640625,
            3.074643611907959,
            3.049563407897949,
            2.9918696880340576,
            3.136648178100586,
            3.1041951179504395,
            3.115403175354004,
            3.1674506664276123,
            3.109111785888672,
            3.161970615386963,
            3.0856616497039795,
            3.3669204711914062,
            3.1448400020599365,
            3.1699042320251465,
            3.1896231174468994,
            3.2029075622558594,
            3.2271504402160645,
            3.188093900680542,
            3.1356756687164307,
            3.185635566711426,
            3.188263177871704,
            3.1829745769500732,
            3.2539639472961426,
            3.3822367191314697,
            3.214338779449463,
            3.1638829708099365
        ],
        "output_image_path": "/model_deploy_execution_attack_for_pipeline/outputs/fsanet_headpose_mnn_156300_ttba_attack/adversarial_image.png"
    }
}