{
    "status": "BUDGET_EXHAUSTED",
    "config": {
        "executable": "./resources/execution_files/age_googlenet_mnn",
        "benign_image": "/img_align_celeba/185602.jpg",
        "initial_adv_image": "/img_align_celeba/00000012.png",
        "l2_epsilon_goal": 0.05,
        "linf_epsilon_goal": 0.06274509803921569,
        "query_budget": 40000,
        "max_iterations": 1000,
        "initial_queries": 50,
        "dimension_reduction": 1.0
    },
    "results": {
        "total_queries": 40304,
        "final_l2_distance": 35.35758590698242,
        "final_linf_distance": 0.4651371240615845,
        "total_duration_seconds": 1139.6490907669067,
        "iteration_times_seconds": [
            7.877708673477173,
            8.069852828979492,
            8.212470769882202,
            8.34928846359253,
            8.421908617019653,
            8.54520320892334,
            8.813753128051758,
            8.832892417907715,
            8.98805022239685,
            9.004025936126709,
            8.9932541847229,
            9.12005615234375,
            9.177385807037354,
            9.131099462509155,
            9.339771032333374,
            9.392804384231567,
            9.499839067459106,
            9.296414375305176,
            9.296353101730347,
            9.328959941864014,
            9.369275331497192,
            9.390910387039185,
            9.546150207519531,
            9.524349689483643,
            9.612079620361328,
            9.574048280715942,
            9.80045771598816,
            9.960058689117432,
            9.898916006088257,
            9.938241481781006,
            10.023005962371826,
            9.943613290786743,
            10.014554977416992,
            10.039056539535522,
            10.129503726959229,
            10.07958173751831,
            10.142729043960571,
            10.286413431167603,
            10.24127745628357,
            10.236382007598877,
            10.403653621673584,
            10.47677230834961,
            10.481525182723999,
            10.598679780960083,
            10.603728771209717,
            10.69003176689148,
            10.675191164016724,
            10.652831554412842,
            10.697220087051392,
            10.721909046173096,
            10.685364961624146,
            10.771324634552002,
            10.891109228134155,
            10.914247274398804,
            10.9154691696167,
            10.92819333076477,
            10.923217296600342,
            10.93014669418335,
            10.935595035552979,
            11.133829116821289,
            11.13916301727295,
            11.149823188781738,
            11.194297790527344,
            11.219600915908813,
            11.014231443405151,
            11.148892879486084,
            11.102567195892334,
            11.16100811958313,
            11.08481240272522,
            11.17879056930542,
            11.112408638000488,
            11.225900411605835,
            11.13889217376709,
            11.247491121292114,
            11.200833559036255,
            11.272586584091187,
            11.38946008682251,
            11.354555606842041,
            11.416088819503784,
            11.390719890594482,
            11.554665565490723,
            11.508952856063843,
            11.581847429275513,
            11.649533033370972,
            11.682830095291138,
            11.783190250396729,
            11.646759510040283,
            11.779315948486328,
            11.698486328125,
            11.718209028244019,
            11.645926713943481,
            11.75724720954895,
            11.717026472091675,
            11.857387781143188,
            11.75441288948059,
            11.778403759002686,
            11.893909692764282,
            11.986753225326538,
            11.897303104400635,
            11.980550765991211,
            11.984932899475098,
            11.996290445327759,
            12.131950378417969,
            12.011197328567505,
            12.000062942504883,
            12.224768161773682,
            12.332895755767822
        ],
        "output_image_path": "/model_deploy_execution_attack_for_pipeline/outputs/age_googlenet_mnn_185602_ttba_attack/adversarial_image.png"
    }
}