{
    "status": "SUCCESS",
    "config": {
        "executable": "./resources/execution_files/ssrnet_age_mnn",
        "benign_image": "/img_align_celeba/174837.jpg",
        "initial_adv_image": "/img_align_celeba/026181.jpg",
        "l2_epsilon_goal": 0.05,
        "linf_epsilon_goal": 0.06274509803921569,
        "query_budget": 40000,
        "max_iterations": 1000,
        "initial_queries": 50,
        "dimension_reduction": 1.0
    },
    "results": {
        "total_queries": 20365,
        "final_l2_distance": 5.061974048614502,
        "final_linf_distance": 0.06226088106632233,
        "total_duration_seconds": 185.00221228599548,
        "iteration_times_seconds": [
            2.376162528991699,
            2.3472788333892822,
            2.487314224243164,
            2.4098336696624756,
            2.6769328117370605,
            2.4947524070739746,
            2.5273303985595703,
            2.648662805557251,
            2.466663122177124,
            2.46003794670105,
            2.480361223220825,
            2.678213119506836,
            2.5868771076202393,
            2.7680890560150146,
            2.5763437747955322,
            2.6659634113311768,
            2.6977932453155518,
            2.608193874359131,
            2.5628225803375244,
            2.6767687797546387,
            2.558305025100708,
            2.7050974369049072,
            2.6183853149414062,
            2.631824016571045,
            2.7344603538513184,
            2.844395875930786,
            2.845768928527832,
            2.7517504692077637,
            2.748546838760376,
            2.734736919403076,
            2.730607271194458,
            2.7609012126922607,
            2.6903297901153564,
            2.7164673805236816,
            2.734360933303833,
            2.7442612648010254,
            2.8534820079803467,
            3.020719051361084,
            2.8414082527160645,
            2.7940618991851807,
            2.850316286087036,
            2.6950056552886963,
            2.865201950073242,
            2.7392449378967285,
            2.7427942752838135,
            2.860673666000366,
            2.8190059661865234,
            2.932469606399536,
            2.8468048572540283,
            2.950164794921875,
            2.876884698867798,
            2.8799798488616943,
            2.8439114093780518,
            2.8341596126556396,
            2.9010050296783447,
            2.8545632362365723,
            2.882620096206665,
            2.867969512939453,
            2.895758867263794,
            2.8999135494232178,
            2.872873067855835,
            2.8666508197784424,
            2.8773179054260254,
            2.988394260406494,
            2.8948986530303955,
            2.8790504932403564,
            2.8722333908081055
        ],
        "output_image_path": "/model_deploy_execution_attack_for_pipeline/outputs/ssrnet_age_mnn_174837_ttba_attack/adversarial_image.png"
    }
}