{
    "status": "SUCCESS",
    "config": {
        "executable": "./resources/execution_files/ssrnet_age_mnn",
        "benign_image": "/img_align_celeba/030708.jpg",
        "initial_adv_image": "/img_align_celeba/110369.jpg",
        "l2_epsilon_goal": 0.05,
        "linf_epsilon_goal": 0.06274509803921569,
        "query_budget": 40000,
        "max_iterations": 1000,
        "initial_queries": 50,
        "dimension_reduction": 1.0
    },
    "results": {
        "total_queries": 1613,
        "final_l2_distance": 4.570816516876221,
        "final_linf_distance": 0.05848716199398041,
        "total_duration_seconds": 26.897242784500122,
        "iteration_times_seconds": [
            2.2839345932006836,
            2.195566415786743,
            2.255889415740967,
            2.268310308456421,
            2.2718346118927,
            2.279454231262207,
            2.245025634765625,
            2.292390823364258,
            2.4640238285064697,
            2.439026117324829,
            2.3470616340637207
        ],
        "output_image_path": "/model_deploy_execution_attack_for_pipeline/outputs/ssrnet_age_mnn_030708_ttba_attack/adversarial_image.png"
    }
}