{
    "status": "BUDGET_EXHAUSTED",
    "config": {
        "executable": "./resources/execution_files/fsanet_headpose_mnn",
        "benign_image": "/img_align_celeba/047557.jpg",
        "initial_adv_image": "/img_align_celeba/062099.jpg",
        "l2_epsilon_goal": 0.05,
        "linf_epsilon_goal": 0.06274509803921569,
        "query_budget": 40000,
        "max_iterations": 1000,
        "initial_queries": 50,
        "dimension_reduction": 1.0
    },
    "results": {
        "total_queries": 40109,
        "final_l2_distance": 8.158440589904785,
        "final_linf_distance": 0.1062360405921936,
        "total_duration_seconds": 361.09538745880127,
        "iteration_times_seconds": [
            2.730875015258789,
            2.7326841354370117,
            2.8149032592773438,
            2.7786378860473633,
            2.871922016143799,
            2.7569663524627686,
            2.7719898223876953,
            2.7135844230651855,
            2.853747844696045,
            2.9419291019439697,
            2.899165153503418,
            2.8540890216827393,
            3.0393624305725098,
            3.0382587909698486,
            2.9482438564300537,
            2.9628021717071533,
            2.983172655105591,
            3.019838571548462,
            3.201427698135376,
            3.1020467281341553,
            3.075730085372925,
            3.1766765117645264,
            3.222688913345337,
            3.0919289588928223,
            3.189844846725464,
            3.1756250858306885,
            3.1767327785491943,
            3.0192885398864746,
            3.1376121044158936,
            3.233142375946045,
            3.0632143020629883,
            3.1183156967163086,
            3.2087008953094482,
            3.2067935466766357,
            3.1713740825653076,
            3.043342113494873,
            3.1920816898345947,
            3.2736635208129883,
            3.2836365699768066,
            3.2710421085357666,
            3.3217933177948,
            3.281822681427002,
            3.4397618770599365,
            3.456690549850464,
            3.372260570526123,
            3.268996477127075,
            3.411762237548828,
            3.3677713871002197,
            3.2708451747894287,
            3.3959131240844727,
            3.2526700496673584,
            3.380000352859497,
            3.3804759979248047,
            3.4498729705810547,
            3.3701045513153076,
            3.426940441131592,
            3.390613317489624,
            3.4415862560272217,
            3.4453792572021484,
            3.4647064208984375,
            3.487823963165283,
            3.490384817123413,
            3.4536354541778564,
            3.6420276165008545,
            3.5507915019989014,
            3.4998273849487305,
            3.508892774581909,
            3.4720091819763184,
            3.3659629821777344,
            3.4736385345458984,
            3.4413950443267822,
            3.619220495223999,
            3.598846197128296,
            3.6163830757141113,
            3.5528781414031982,
            3.5731983184814453,
            3.5747947692871094,
            3.554147243499756,
            3.5167253017425537,
            3.5989670753479004,
            3.6634857654571533,
            3.5761168003082275,
            3.572323799133301,
            3.5950024127960205,
            3.658766984939575,
            3.732057809829712,
            3.7025794982910156,
            3.6729907989501953,
            3.6479287147521973,
            3.8288447856903076,
            3.689241647720337,
            3.734567642211914,
            3.599799156188965,
            3.5648696422576904,
            3.730851650238037,
            3.6088192462921143,
            3.8324060440063477,
            3.7109901905059814,
            3.6378791332244873,
            3.742037296295166,
            3.8441648483276367,
            3.7224183082580566,
            3.7045230865478516,
            3.6976351737976074,
            3.724853754043579,
            3.852452278137207,
            3.7627129554748535
        ],
        "output_image_path": "/model_deploy_execution_attack_for_pipeline/outputs/fsanet_headpose_mnn_047557_ttba_attack/adversarial_image.png"
    }
}