{
    "status": "BUDGET_EXHAUSTED",
    "config": {
        "executable": "resources/execution_files/gender_googlenet_mnn",
        "benign_image": "/img_align_celeba/118721.jpg",
        "initial_adv_image": "/img_align_celeba/110369.jpg",
        "l2_epsilon_goal": 0.05,
        "linf_epsilon_goal": 0.06274509803921569,
        "query_budget": 40000,
        "max_iterations": 1000,
        "initial_queries": 50,
        "dimension_reduction": 1.0
    },
    "results": {
        "total_queries": 40089,
        "final_l2_distance": 8.705998420715332,
        "final_linf_distance": 0.11870399117469788,
        "total_duration_seconds": 954.8607251644135,
        "iteration_times_seconds": [
            6.119448184967041,
            6.22034764289856,
            6.278975248336792,
            6.454999208450317,
            6.493703842163086,
            6.671090364456177,
            6.863236427307129,
            6.8765857219696045,
            6.965324878692627,
            6.997335195541382,
            7.0976972579956055,
            7.275944948196411,
            7.261383295059204,
            7.351592540740967,
            7.495066404342651,
            7.60602593421936,
            7.656309604644775,
            7.725133895874023,
            7.652245759963989,
            7.812834978103638,
            7.843854904174805,
            7.66108775138855,
            7.666954517364502,
            7.771454572677612,
            7.8675312995910645,
            7.947716236114502,
            8.031115531921387,
            8.073112487792969,
            8.133506536483765,
            8.095454692840576,
            8.199265003204346,
            8.21919584274292,
            8.27701449394226,
            8.300614595413208,
            8.30398440361023,
            8.368744611740112,
            8.287719249725342,
            8.48277735710144,
            8.561677932739258,
            8.557365655899048,
            8.590863704681396,
            8.735741138458252,
            8.868926286697388,
            8.863409042358398,
            8.85148286819458,
            8.904091119766235,
            8.81344199180603,
            8.854561567306519,
            8.90929627418518,
            9.049936771392822,
            9.032653570175171,
            9.074586868286133,
            9.102463722229004,
            9.02606749534607,
            9.182889223098755,
            9.229721307754517,
            9.181362390518188,
            9.327552556991577,
            9.155604839324951,
            9.300853967666626,
            9.221157789230347,
            9.343817234039307,
            9.278362035751343,
            9.380415678024292,
            9.451093435287476,
            9.294243812561035,
            9.46146035194397,
            9.481177806854248,
            9.514379739761353,
            9.609782218933105,
            9.554441452026367,
            9.459478855133057,
            9.601245880126953,
            9.53472113609314,
            9.682290077209473,
            9.650793552398682,
            9.685168981552124,
            9.789967775344849,
            9.779122829437256,
            9.759483814239502,
            9.996520757675171,
            9.964019775390625,
            9.981759071350098,
            9.952520370483398,
            10.040030002593994,
            9.997027397155762,
            10.054699420928955,
            10.15420126914978,
            10.006839513778687,
            10.201887607574463,
            10.121273279190063,
            10.177877187728882,
            10.183133602142334,
            10.245911598205566,
            10.206507444381714,
            10.34139609336853,
            10.258989810943604,
            10.328276634216309,
            10.324968814849854,
            10.430441617965698,
            10.338070631027222,
            10.417009353637695,
            10.58376407623291,
            10.519577026367188,
            10.44362211227417,
            10.636134386062622,
            10.588428020477295
        ],
        "output_image_path": "/model_deploy_execution_attack_for_pipeline/outputs/gender_googlenet_mnn_118721_ttba_attack/adversarial_image.png"
    }
}