{
    "status": "SUCCESS",
    "config": {
        "executable": "./resources/execution_files/gender_googlenet_mnn",
        "benign_image": "/img_align_celeba/085164.jpg",
        "initial_adv_image": "/img_align_celeba/116718.jpg",
        "l2_epsilon_goal": 0.05,
        "linf_epsilon_goal": 0.06274509803921569,
        "query_budget": 40000,
        "max_iterations": 1000,
        "initial_queries": 50,
        "dimension_reduction": 1.0
    },
    "results": {
        "total_queries": 34169,
        "final_l2_distance": 4.242690086364746,
        "final_linf_distance": 0.059498757123947144,
        "total_duration_seconds": 800.14435505867,
        "iteration_times_seconds": [
            6.028745889663696,
            6.186172246932983,
            6.217513799667358,
            6.341418504714966,
            6.481877565383911,
            6.623378276824951,
            6.75564432144165,
            6.875582456588745,
            6.887349367141724,
            6.93720555305481,
            7.0144500732421875,
            7.065205812454224,
            6.955242156982422,
            7.105859041213989,
            7.182262182235718,
            7.239732265472412,
            7.317186594009399,
            7.333919048309326,
            7.354591369628906,
            7.358603000640869,
            7.405057191848755,
            7.422026872634888,
            7.496802091598511,
            7.590331554412842,
            7.683171510696411,
            7.673676490783691,
            7.839426279067993,
            7.898959636688232,
            7.927887678146362,
            7.831444025039673,
            7.788241863250732,
            7.791341304779053,
            7.853121995925903,
            7.893378973007202,
            7.997208118438721,
            7.989457368850708,
            8.002502679824829,
            8.068599462509155,
            8.106629133224487,
            8.236089944839478,
            8.246676206588745,
            8.273910522460938,
            8.33924150466919,
            8.443708896636963,
            8.14830994606018,
            8.363972187042236,
            8.429423809051514,
            8.400377035140991,
            8.435162782669067,
            8.530173301696777,
            8.497095108032227,
            8.582091093063354,
            8.52989935874939,
            8.543373823165894,
            8.626924991607666,
            8.750279903411865,
            8.772435665130615,
            8.729323148727417,
            8.770928144454956,
            8.60497236251831,
            8.763372659683228,
            8.794833421707153,
            8.846080303192139,
            8.853056907653809,
            8.85863208770752,
            8.838003396987915,
            8.869887590408325,
            8.901699781417847,
            8.91382098197937,
            8.964744806289673,
            8.953094005584717,
            8.96850872039795,
            9.056102275848389,
            9.039998531341553,
            9.088404893875122,
            9.157991170883179,
            9.20529055595398,
            9.212149620056152,
            9.237535953521729,
            9.247045516967773,
            9.400705099105835,
            9.412497282028198,
            9.433775186538696,
            9.461725234985352,
            9.397563457489014,
            9.506728410720825,
            9.50681734085083,
            9.271045684814453,
            9.537732601165771,
            9.588988542556763,
            9.521754503250122,
            9.613280296325684,
            9.64367961883545,
            9.683827638626099,
            9.739887237548828,
            9.663537502288818
        ],
        "output_image_path": "/model_deploy_execution_attack_for_pipeline/outputs/gender_googlenet_mnn_085164_ttba_attack/adversarial_image.png"
    }
}