{
    "status": "BUDGET_EXHAUSTED",
    "config": {
        "executable": "./resources/execution_files/age_googlenet_mnn",
        "benign_image": "/img_align_celeba/073194.jpg",
        "initial_adv_image": "/img_align_celeba/00000012.png",
        "l2_epsilon_goal": 0.05,
        "linf_epsilon_goal": 0.06274509803921569,
        "query_budget": 40000,
        "max_iterations": 1000,
        "initial_queries": 50,
        "dimension_reduction": 1.0
    },
    "results": {
        "total_queries": 40276,
        "final_l2_distance": 35.5219841003418,
        "final_linf_distance": 0.4793187379837036,
        "total_duration_seconds": 1138.1812245845795,
        "iteration_times_seconds": [
            7.63572096824646,
            7.977630376815796,
            7.947929620742798,
            8.084126472473145,
            8.212117195129395,
            8.394432544708252,
            8.527227640151978,
            8.6308274269104,
            8.747883558273315,
            8.69257378578186,
            8.68954586982727,
            8.847803115844727,
            8.917829513549805,
            9.02036166191101,
            9.27274203300476,
            9.251810789108276,
            9.318807601928711,
            9.318560123443604,
            9.331930875778198,
            9.314201831817627,
            9.415167093276978,
            9.56092882156372,
            9.599651575088501,
            9.661899328231812,
            9.693967342376709,
            9.775092601776123,
            9.86650800704956,
            9.966921091079712,
            10.03111982345581,
            9.911502361297607,
            9.969808578491211,
            9.90077543258667,
            9.977329969406128,
            10.145556449890137,
            10.216304779052734,
            10.171699047088623,
            10.284783124923706,
            10.352236032485962,
            10.407082796096802,
            10.325206756591797,
            10.341484069824219,
            10.498052597045898,
            10.521658182144165,
            10.669885158538818,
            10.666401147842407,
            10.641786813735962,
            10.667718887329102,
            10.722405910491943,
            10.756216287612915,
            10.729045629501343,
            10.766339302062988,
            10.760889530181885,
            10.846873044967651,
            10.899503946304321,
            10.638954162597656,
            10.794354915618896,
            10.70711898803711,
            10.784798622131348,
            10.766555547714233,
            11.027466058731079,
            10.997715473175049,
            11.00263237953186,
            11.111937522888184,
            11.17833137512207,
            11.065224170684814,
            11.140915870666504,
            11.105838537216187,
            11.213953733444214,
            11.13456106185913,
            11.229285955429077,
            11.15033221244812,
            11.188765525817871,
            11.240515232086182,
            11.318723440170288,
            11.29175853729248,
            11.412544012069702,
            11.317638158798218,
            11.445624828338623,
            11.433096408843994,
            11.439949989318848,
            11.559020042419434,
            11.761737585067749,
            11.608112096786499,
            11.624229669570923,
            11.644537210464478,
            11.781983137130737,
            11.736206769943237,
            11.697164058685303,
            11.691542148590088,
            11.718444347381592,
            11.833377599716187,
            11.83787989616394,
            11.85075569152832,
            11.830184936523438,
            11.93899130821228,
            11.950901985168457,
            11.908034563064575,
            11.952208280563354,
            12.013665199279785,
            12.10287880897522,
            12.017069101333618,
            12.110653162002563,
            12.096913576126099,
            12.037659168243408,
            12.105203628540039,
            12.2508704662323,
            12.2685227394104
        ],
        "output_image_path": "/model_deploy_execution_attack_for_pipeline/outputs/age_googlenet_mnn_073194_ttba_attack/adversarial_image.png"
    }
}