{
    "status": "BUDGET_EXHAUSTED",
    "config": {
        "executable": "./resources/execution_files/fsanet_headpose_mnn",
        "benign_image": "/img_align_celeba/200868.jpg",
        "initial_adv_image": "/img_align_celeba/153522.jpg",
        "l2_epsilon_goal": 0.05,
        "linf_epsilon_goal": 0.06274509803921569,
        "query_budget": 40000,
        "max_iterations": 1000,
        "initial_queries": 50,
        "dimension_reduction": 1.0
    },
    "results": {
        "total_queries": 40161,
        "final_l2_distance": 14.860166549682617,
        "final_linf_distance": 0.21347729861736298,
        "total_duration_seconds": 367.16175293922424,
        "iteration_times_seconds": [
            2.777043581008911,
            2.7367262840270996,
            2.7011022567749023,
            2.757282257080078,
            2.780319929122925,
            2.833698272705078,
            2.9095475673675537,
            2.9235334396362305,
            2.982848644256592,
            2.9196207523345947,
            3.0174572467803955,
            2.903398275375366,
            3.0068116188049316,
            3.0451126098632812,
            3.070634126663208,
            2.8210530281066895,
            2.9319519996643066,
            3.1276004314422607,
            3.1269171237945557,
            3.106588125228882,
            3.116011619567871,
            3.0847599506378174,
            3.192830801010132,
            3.1950018405914307,
            3.100114583969116,
            3.2297794818878174,
            3.2932114601135254,
            3.2598376274108887,
            3.124340534210205,
            3.3526487350463867,
            3.2534565925598145,
            3.2576236724853516,
            3.117936849594116,
            3.2407009601593018,
            3.2209653854370117,
            3.247084379196167,
            3.304255723953247,
            3.323377847671509,
            3.2345147132873535,
            3.2730765342712402,
            3.3829193115234375,
            3.42084002494812,
            3.3289310932159424,
            3.2242400646209717,
            3.319523811340332,
            3.3520803451538086,
            3.288828134536743,
            3.3856184482574463,
            3.379685640335083,
            3.428194999694824,
            3.356400489807129,
            3.4868555068969727,
            3.3896877765655518,
            3.469370126724243,
            3.39111590385437,
            3.5231335163116455,
            3.435737133026123,
            3.5310513973236084,
            3.469364881515503,
            3.5772125720977783,
            3.5240917205810547,
            3.556605100631714,
            3.5833895206451416,
            3.371647357940674,
            3.505092144012451,
            3.534196138381958,
            3.5299603939056396,
            3.5112855434417725,
            3.5414063930511475,
            3.572237253189087,
            3.721574068069458,
            3.652015209197998,
            3.576307535171509,
            3.7280256748199463,
            3.8183672428131104,
            3.7067813873291016,
            3.7121243476867676,
            3.607736110687256,
            3.700582504272461,
            3.5969533920288086,
            3.6769726276397705,
            3.7540626525878906,
            3.663503408432007,
            3.745375633239746,
            3.778665781021118,
            3.778595209121704,
            3.7063019275665283,
            3.804121494293213,
            3.7321207523345947,
            3.782435417175293,
            3.669196605682373,
            3.8252487182617188,
            3.7824866771698,
            3.658900737762451,
            3.8500921726226807,
            3.7828383445739746,
            3.844198226928711,
            3.823599338531494,
            3.8721981048583984,
            3.8449854850769043,
            3.910475254058838,
            3.7694382667541504,
            3.855710029602051,
            3.844971179962158,
            3.8354995250701904,
            3.8593878746032715,
            3.8590776920318604
        ],
        "output_image_path": "/model_deploy_execution_attack_for_pipeline/outputs/fsanet_headpose_mnn_200868_ttba_attack/adversarial_image.png"
    }
}