{
    "status": "SUCCESS",
    "config": {
        "executable": "./resources/execution_files/fsanet_headpose_mnn",
        "benign_image": "/img_align_celeba/017374.jpg",
        "initial_adv_image": "/img_align_celeba/001516.jpg",
        "l2_epsilon_goal": 0.05,
        "linf_epsilon_goal": 0.06274509803921569,
        "query_budget": 40000,
        "max_iterations": 1000,
        "initial_queries": 50,
        "dimension_reduction": 1.0
    },
    "results": {
        "total_queries": 23432,
        "final_l2_distance": 4.824804782867432,
        "final_linf_distance": 0.06239277124404907,
        "total_duration_seconds": 234.05469584465027,
        "iteration_times_seconds": [
            2.5024759769439697,
            2.7372701168060303,
            2.719865560531616,
            2.7669100761413574,
            2.7804510593414307,
            2.8083081245422363,
            2.711327075958252,
            2.818007707595825,
            2.8360564708709717,
            2.8151886463165283,
            2.8518261909484863,
            2.8536550998687744,
            2.9131038188934326,
            2.7675724029541016,
            2.798712968826294,
            2.9316964149475098,
            2.9078598022460938,
            2.977917194366455,
            3.108281135559082,
            3.0129504203796387,
            3.0104000568389893,
            2.994868278503418,
            3.1338253021240234,
            3.014166831970215,
            2.942354202270508,
            3.110260486602783,
            3.0098156929016113,
            3.124105930328369,
            3.118152141571045,
            3.0489087104797363,
            2.953622817993164,
            3.129087448120117,
            3.158646583557129,
            3.051281690597534,
            3.1446938514709473,
            3.205536365509033,
            3.099472761154175,
            3.18272066116333,
            3.1325840950012207,
            3.1503493785858154,
            3.1798477172851562,
            3.238877534866333,
            3.38403058052063,
            3.254547357559204,
            3.258636474609375,
            3.3088607788085938,
            3.252748727798462,
            3.247025728225708,
            3.3410208225250244,
            3.29887056350708,
            3.349853515625,
            3.3739256858825684,
            3.266479969024658,
            3.322147846221924,
            3.2295587062835693,
            3.2774109840393066,
            3.357208251953125,
            3.4312188625335693,
            3.3830771446228027,
            3.333070993423462,
            3.397045850753784,
            3.350644826889038,
            3.360576868057251,
            3.417562961578369,
            3.3712916374206543,
            3.403653860092163,
            3.297447681427002,
            3.444204092025757,
            3.48272705078125,
            3.3709237575531006,
            3.4462153911590576,
            3.5224950313568115,
            3.3956997394561768,
            3.5850298404693604
        ],
        "output_image_path": "/model_deploy_execution_attack_for_pipeline/outputs/fsanet_headpose_mnn_017374_ttba_attack/adversarial_image.png"
    }
}