{
    "status": "SUCCESS",
    "config": {
        "executable": "./resources/execution_files/gender_googlenet_mnn",
        "benign_image": "/img_align_celeba/017412.jpg",
        "initial_adv_image": "/img_align_celeba/097212.jpg",
        "l2_epsilon_goal": 0.05,
        "linf_epsilon_goal": 0.06274509803921569,
        "query_budget": 40000,
        "max_iterations": 1000,
        "initial_queries": 50,
        "dimension_reduction": 1.0
    },
    "results": {
        "total_queries": 10719,
        "final_l2_distance": 4.597478866577148,
        "final_linf_distance": 0.05906987190246582,
        "total_duration_seconds": 315.3421974182129,
        "iteration_times_seconds": [
            5.895128011703491,
            6.191657543182373,
            6.286907434463501,
            6.183474540710449,
            6.31048583984375,
            6.392822742462158,
            6.579855442047119,
            6.6683571338653564,
            6.706329822540283,
            6.795178651809692,
            6.889193058013916,
            6.846378564834595,
            6.82813835144043,
            6.845536947250366,
            7.018817186355591,
            7.108487129211426,
            7.123262166976929,
            7.105068206787109,
            7.208651781082153,
            7.208054065704346,
            7.277693748474121,
            7.323598623275757,
            7.3623046875,
            7.42153787612915,
            7.489651918411255,
            7.45397686958313,
            7.557395935058594,
            7.437731981277466,
            7.609517574310303,
            7.603442907333374,
            7.642860412597656,
            7.7195658683776855,
            7.674663305282593,
            7.800634384155273,
            7.742074251174927,
            7.828447580337524,
            7.818562269210815,
            7.875544786453247,
            7.900317907333374,
            8.092554569244385,
            7.997345209121704,
            8.053341150283813,
            8.16305136680603
        ],
        "output_image_path": "/model_deploy_execution_attack_for_pipeline/outputs/gender_googlenet_mnn_017412_ttba_attack/adversarial_image.png"
    }
}