{
    "status": "BUDGET_EXHAUSTED",
    "config": {
        "executable": "./resources/execution_files/gender_googlenet_mnn",
        "benign_image": "/img_align_celeba/128812.jpg",
        "initial_adv_image": "/img_align_celeba/101264.jpg",
        "l2_epsilon_goal": 0.05,
        "linf_epsilon_goal": 0.06274509803921569,
        "query_budget": 40000,
        "max_iterations": 1000,
        "initial_queries": 50,
        "dimension_reduction": 1.0
    },
    "results": {
        "total_queries": 40030,
        "final_l2_distance": 4.755343914031982,
        "final_linf_distance": 0.06980299949645996,
        "total_duration_seconds": 915.9337503910065,
        "iteration_times_seconds": [
            6.082598924636841,
            6.407679319381714,
            6.523898601531982,
            6.519594192504883,
            6.438662528991699,
            6.607420444488525,
            6.810694694519043,
            6.9001312255859375,
            7.022956609725952,
            6.996150732040405,
            6.971094369888306,
            7.088122606277466,
            7.055274486541748,
            7.227428913116455,
            7.385859966278076,
            7.497861385345459,
            7.273555278778076,
            7.359034776687622,
            7.416265487670898,
            7.45855450630188,
            7.492329835891724,
            7.4910056591033936,
            7.483545303344727,
            7.6684465408325195,
            7.724242448806763,
            7.75772500038147,
            7.907428979873657,
            7.869901657104492,
            7.918421745300293,
            7.916712522506714,
            7.9404685497283936,
            8.007742881774902,
            8.103846788406372,
            7.859756708145142,
            7.855299472808838,
            7.956639051437378,
            8.036736011505127,
            8.036509275436401,
            8.156132698059082,
            8.205230951309204,
            8.213613271713257,
            8.308669567108154,
            8.294528245925903,
            8.390682935714722,
            8.4765145778656,
            8.442686080932617,
            8.42347526550293,
            8.549109935760498,
            8.565064430236816,
            8.472754716873169,
            8.54896330833435,
            8.648401737213135,
            8.692400932312012,
            8.651248693466187,
            8.662240743637085,
            8.756758451461792,
            8.718451023101807,
            8.8358154296875,
            8.830986022949219,
            8.956497430801392,
            8.906034231185913,
            9.064488887786865,
            9.147032499313354,
            9.079873323440552,
            9.123995780944824,
            9.166780948638916,
            9.200987339019775,
            9.17343521118164,
            9.14727258682251,
            9.088162183761597,
            9.19314193725586,
            9.225995540618896,
            9.23538327217102,
            9.252732753753662,
            9.235766410827637,
            9.305432319641113,
            9.207121133804321,
            9.243589401245117,
            9.293375968933105,
            9.210763216018677,
            9.332069396972656,
            9.35034441947937,
            9.362786293029785,
            9.407149314880371,
            9.452462196350098,
            9.510671854019165,
            9.539508581161499,
            9.484431982040405,
            9.473670482635498,
            9.543638229370117,
            9.345477819442749,
            9.630397081375122,
            9.644707918167114,
            9.605716466903687,
            9.691776037216187,
            9.547230243682861,
            9.783058881759644,
            9.748807668685913,
            9.982631206512451,
            9.880498170852661,
            9.838635206222534,
            9.77904462814331,
            9.846338033676147,
            9.760574579238892,
            9.934218883514404,
            10.014040470123291,
            10.074112892150879
        ],
        "output_image_path": "/model_deploy_execution_attack_for_pipeline/outputs/gender_googlenet_mnn_128812_ttba_attack/adversarial_image.png"
    }
}