{
    "status": "SUCCESS",
    "config": {
        "executable": "./resources/execution_files/ssrnet_age_mnn",
        "benign_image": "/img_align_celeba/005770.jpg",
        "initial_adv_image": "/img_align_celeba/103315.jpg",
        "l2_epsilon_goal": 0.05,
        "linf_epsilon_goal": 0.06274509803921569,
        "query_budget": 40000,
        "max_iterations": 1000,
        "initial_queries": 50,
        "dimension_reduction": 1.0
    },
    "results": {
        "total_queries": 20754,
        "final_l2_distance": 4.627838134765625,
        "final_linf_distance": 0.06134672462940216,
        "total_duration_seconds": 183.95901203155518,
        "iteration_times_seconds": [
            2.211575746536255,
            2.3050732612609863,
            2.3397445678710938,
            2.3637547492980957,
            2.397216558456421,
            2.377328395843506,
            2.408703327178955,
            2.4319815635681152,
            2.4717512130737305,
            2.457271099090576,
            2.456584930419922,
            2.5031986236572266,
            2.480319023132324,
            2.616342544555664,
            2.5487518310546875,
            2.547064781188965,
            2.5238144397735596,
            2.5284085273742676,
            2.516913414001465,
            2.561922788619995,
            2.6457934379577637,
            2.644118547439575,
            2.6393532752990723,
            2.7239856719970703,
            2.6111226081848145,
            2.653998374938965,
            2.631763458251953,
            2.6892871856689453,
            2.6136703491210938,
            2.7386558055877686,
            2.7198638916015625,
            2.6570096015930176,
            2.564181089401245,
            2.6663618087768555,
            2.7225759029388428,
            2.663648843765259,
            2.79677677154541,
            2.8425309658050537,
            2.679283618927002,
            2.6853718757629395,
            2.7177629470825195,
            2.9008524417877197,
            2.8789663314819336,
            2.765876531600952,
            2.7724664211273193,
            2.794283866882324,
            2.7610530853271484,
            2.8872272968292236,
            2.8526082038879395,
            2.8536107540130615,
            2.828207015991211,
            2.767594337463379,
            2.8297934532165527,
            2.889101266860962,
            2.7706081867218018,
            2.809269666671753,
            2.928410053253174,
            2.87339448928833,
            2.841339588165283,
            2.8007431030273438,
            2.8173210620880127,
            2.870359420776367,
            2.845268726348877,
            2.959190845489502,
            2.8902523517608643,
            2.983445167541504,
            3.023357629776001,
            2.9439125061035156
        ],
        "output_image_path": "/model_deploy_execution_attack_for_pipeline/outputs/ssrnet_age_mnn_005770_ttba_attack/adversarial_image.png"
    }
}