{
    "status": "SUCCESS",
    "config": {
        "executable": "./resources/execution_files/fsanet_headpose_mnn",
        "benign_image": "/img_align_celeba/171783.jpg",
        "initial_adv_image": "/img_align_celeba/153536.jpg",
        "l2_epsilon_goal": 0.05,
        "linf_epsilon_goal": 0.06274509803921569,
        "query_budget": 40000,
        "max_iterations": 1000,
        "initial_queries": 50,
        "dimension_reduction": 1.0
    },
    "results": {
        "total_queries": 7683,
        "final_l2_distance": 4.7456207275390625,
        "final_linf_distance": 0.06217813491821289,
        "total_duration_seconds": 99.79186201095581,
        "iteration_times_seconds": [
            2.712198257446289,
            2.742541551589966,
            2.712209463119507,
            2.838616132736206,
            2.7542192935943604,
            2.784935474395752,
            2.9145164489746094,
            2.9137215614318848,
            2.916569709777832,
            2.705944061279297,
            2.747931718826294,
            2.8034515380859375,
            2.816324472427368,
            2.851699113845825,
            2.807594060897827,
            2.865058660507202,
            2.88521409034729,
            2.865131378173828,
            2.8450207710266113,
            2.9411566257476807,
            2.8771913051605225,
            2.8839175701141357,
            2.975733757019043,
            2.903808355331421,
            2.977900505065918,
            2.848656177520752,
            3.0548794269561768,
            3.03397274017334,
            2.924175262451172,
            3.0416464805603027,
            2.9242937564849854,
            2.989706039428711,
            3.1756632328033447,
            2.9871249198913574
        ],
        "output_image_path": "/model_deploy_execution_attack_for_pipeline/outputs/fsanet_headpose_mnn_171783_ttba_attack/adversarial_image.png"
    }
}