{
    "status": "BUDGET_EXHAUSTED",
    "config": {
        "executable": "resources/execution_files/gender_googlenet_mnn",
        "benign_image": "/img_align_celeba/022330.jpg",
        "initial_adv_image": "/img_align_celeba/158311.jpg",
        "l2_epsilon_goal": 0.05,
        "linf_epsilon_goal": 0.06274509803921569,
        "query_budget": 40000,
        "max_iterations": 1000,
        "initial_queries": 50,
        "dimension_reduction": 1.0
    },
    "results": {
        "total_queries": 40061,
        "final_l2_distance": 5.418268203735352,
        "final_linf_distance": 0.07353001832962036,
        "total_duration_seconds": 953.3591830730438,
        "iteration_times_seconds": [
            6.260760307312012,
            6.597754716873169,
            6.611603736877441,
            6.720053672790527,
            6.769782543182373,
            6.8426923751831055,
            7.106939077377319,
            7.144294023513794,
            7.15352463722229,
            7.242099761962891,
            7.149752140045166,
            7.227280139923096,
            7.364335775375366,
            7.509416103363037,
            7.554628133773804,
            7.584222078323364,
            7.73788857460022,
            7.754861831665039,
            7.697305917739868,
            7.624273300170898,
            7.775765895843506,
            7.6988160610198975,
            7.7552571296691895,
            7.879779100418091,
            7.963869094848633,
            7.99446177482605,
            8.082656145095825,
            8.104505777359009,
            8.225760698318481,
            8.255249261856079,
            8.255215644836426,
            8.21025824546814,
            8.35922908782959,
            8.304576873779297,
            8.317850351333618,
            8.39091968536377,
            8.506916522979736,
            8.525103330612183,
            8.540541648864746,
            8.618025064468384,
            8.748213052749634,
            8.761073112487793,
            8.625625610351562,
            8.635924100875854,
            8.706495761871338,
            8.738747596740723,
            8.7406644821167,
            8.835526704788208,
            8.870310544967651,
            8.831972599029541,
            8.773102045059204,
            8.863083362579346,
            8.86891794204712,
            9.020169734954834,
            8.991913795471191,
            8.915672063827515,
            9.09313178062439,
            9.121890783309937,
            9.112271785736084,
            9.280478954315186,
            9.352546453475952,
            9.357871055603027,
            9.332544088363647,
            9.387566089630127,
            9.413454532623291,
            9.408966541290283,
            9.383987426757812,
            9.44057846069336,
            9.498323678970337,
            9.464859962463379,
            9.560708284378052,
            9.477745532989502,
            9.668957233428955,
            9.572775602340698,
            9.674055337905884,
            9.73885726928711,
            9.767451286315918,
            9.838747501373291,
            9.844736576080322,
            9.84235429763794,
            9.971489191055298,
            10.01359510421753,
            10.061540126800537,
            10.14242148399353,
            10.043270587921143,
            9.912683963775635,
            9.96894884109497,
            9.740068674087524,
            9.943830013275146,
            10.007756471633911,
            9.959944486618042,
            10.029098987579346,
            9.962555408477783,
            10.17259430885315,
            10.051444053649902,
            10.019118785858154,
            10.0864839553833,
            10.102267026901245,
            10.179858446121216,
            10.268176317214966,
            10.296159029006958,
            10.31543254852295,
            10.383161306381226,
            10.413637399673462,
            10.293128490447998,
            10.295612335205078,
            10.462701082229614
        ],
        "output_image_path": "/model_deploy_execution_attack_for_pipeline/outputs/gender_googlenet_mnn_022330_ttba_attack/adversarial_image.png"
    }
}