{
    "status": "SUCCESS",
    "config": {
        "executable": "./resources/execution_files/gender_googlenet_mnn",
        "benign_image": "/img_align_celeba/046891.jpg",
        "initial_adv_image": "/img_align_celeba/039089.jpg",
        "l2_epsilon_goal": 0.05,
        "linf_epsilon_goal": 0.06274509803921569,
        "query_budget": 40000,
        "max_iterations": 1000,
        "initial_queries": 50,
        "dimension_reduction": 1.0
    },
    "results": {
        "total_queries": 3393,
        "final_l2_distance": 4.120076656341553,
        "final_linf_distance": 0.056526362895965576,
        "total_duration_seconds": 128.78229141235352,
        "iteration_times_seconds": [
            5.769156217575073,
            5.950178146362305,
            6.125110864639282,
            6.163336753845215,
            6.298688173294067,
            6.46097993850708,
            6.593631982803345,
            6.663048028945923,
            6.475043296813965,
            6.597118139266968,
            6.645962953567505,
            6.684088945388794,
            6.855804204940796,
            6.846198320388794,
            6.759631156921387,
            6.825998306274414,
            6.866053581237793,
            6.921458721160889,
            6.982927560806274
        ],
        "output_image_path": "/model_deploy_execution_attack_for_pipeline/outputs/gender_googlenet_mnn_046891_ttba_attack/adversarial_image.png"
    }
}