{
    "status": "BUDGET_EXHAUSTED",
    "config": {
        "executable": "./resources/execution_files/age_googlenet_mnn",
        "benign_image": "/img_align_celeba/028184.jpg",
        "initial_adv_image": "/img_align_celeba/00000014.png",
        "l2_epsilon_goal": 0.05,
        "linf_epsilon_goal": 0.06274509803921569,
        "query_budget": 40000,
        "max_iterations": 1000,
        "initial_queries": 50,
        "dimension_reduction": 1.0
    },
    "results": {
        "total_queries": 40277,
        "final_l2_distance": 29.032623291015625,
        "final_linf_distance": 0.3764994442462921,
        "total_duration_seconds": 1128.3856444358826,
        "iteration_times_seconds": [
            7.6076648235321045,
            7.810346364974976,
            8.030381917953491,
            8.0956130027771,
            8.156110286712646,
            8.191973686218262,
            8.45842719078064,
            8.52267336845398,
            8.578728914260864,
            8.714667558670044,
            8.73027229309082,
            8.865668773651123,
            8.781466722488403,
            8.927600383758545,
            9.105627059936523,
            9.211382389068604,
            9.184666633605957,
            9.24180269241333,
            9.218050003051758,
            9.26512336730957,
            9.317803859710693,
            9.378916025161743,
            9.479106664657593,
            9.496176719665527,
            9.612897157669067,
            9.637595653533936,
            9.724787473678589,
            9.799309492111206,
            9.84257435798645,
            9.866490602493286,
            10.009651899337769,
            9.897124528884888,
            9.958866119384766,
            10.033019542694092,
            9.992088317871094,
            9.988584280014038,
            10.183367013931274,
            10.17617654800415,
            10.32109260559082,
            10.22595477104187,
            10.303688049316406,
            10.467026472091675,
            10.495041131973267,
            10.610064268112183,
            10.465225458145142,
            10.550732851028442,
            10.625737428665161,
            10.5812349319458,
            10.639790058135986,
            10.662312746047974,
            10.730227947235107,
            10.653154373168945,
            10.763826847076416,
            10.74196481704712,
            10.584076881408691,
            10.557600021362305,
            10.759522438049316,
            10.709344625473022,
            10.745579957962036,
            10.863361358642578,
            10.970158815383911,
            10.988486766815186,
            10.961823225021362,
            10.963052988052368,
            10.922791242599487,
            11.096196174621582,
            11.11315393447876,
            11.002759218215942,
            11.020144939422607,
            11.146731853485107,
            11.062259912490845,
            11.047455310821533,
            11.082667112350464,
            11.271709680557251,
            11.264831781387329,
            11.233967065811157,
            11.238332748413086,
            11.381973028182983,
            11.28124713897705,
            11.428375959396362,
            11.502137184143066,
            11.604368209838867,
            11.530946731567383,
            11.643119096755981,
            11.57140326499939,
            11.58541202545166,
            11.645578622817993,
            11.66705060005188,
            11.611181497573853,
            11.638852834701538,
            11.625387907028198,
            11.72421407699585,
            11.747588872909546,
            11.833181858062744,
            11.877641439437866,
            11.771792650222778,
            11.87126111984253,
            11.77815842628479,
            11.931966066360474,
            11.887207746505737,
            11.964148759841919,
            11.894174098968506,
            12.004843950271606,
            12.034501791000366,
            12.032131671905518,
            12.183935403823853,
            12.176058530807495
        ],
        "output_image_path": "/model_deploy_execution_attack_for_pipeline/outputs/age_googlenet_mnn_028184_ttba_attack/adversarial_image.png"
    }
}