{
    "status": "BUDGET_EXHAUSTED",
    "config": {
        "executable": "./resources/execution_files/age_googlenet_mnn",
        "benign_image": "/img_align_celeba/105002.jpg",
        "initial_adv_image": "/img_align_celeba/00000003.png",
        "l2_epsilon_goal": 0.05,
        "linf_epsilon_goal": 0.06274509803921569,
        "query_budget": 40000,
        "max_iterations": 1000,
        "initial_queries": 50,
        "dimension_reduction": 1.0
    },
    "results": {
        "total_queries": 40206,
        "final_l2_distance": 13.515917778015137,
        "final_linf_distance": 0.17672723531723022,
        "total_duration_seconds": 1111.1781663894653,
        "iteration_times_seconds": [
            7.709853172302246,
            8.045555591583252,
            8.147812604904175,
            8.25116515159607,
            8.456460237503052,
            8.45045280456543,
            8.748456239700317,
            8.769395589828491,
            8.82321310043335,
            8.609793901443481,
            8.646254301071167,
            8.717905759811401,
            8.803618669509888,
            8.911675930023193,
            9.038065433502197,
            9.204550743103027,
            9.193484783172607,
            9.197508811950684,
            9.242232322692871,
            9.340183734893799,
            9.315505981445312,
            9.369071006774902,
            9.440318584442139,
            9.507129430770874,
            9.54070782661438,
            9.594470262527466,
            9.82703447341919,
            9.790031909942627,
            9.54736876487732,
            9.615681171417236,
            9.71834921836853,
            9.746054887771606,
            9.769123315811157,
            9.875332117080688,
            9.781508684158325,
            9.851586818695068,
            9.924115896224976,
            9.880770921707153,
            10.066782474517822,
            10.001912593841553,
            10.014609336853027,
            10.200610637664795,
            10.254286050796509,
            10.370840787887573,
            10.359071493148804,
            10.350823163986206,
            10.410207748413086,
            10.30570912361145,
            10.376153469085693,
            10.408994913101196,
            10.444005012512207,
            10.499227523803711,
            10.519849061965942,
            10.29917049407959,
            10.370866537094116,
            10.42517352104187,
            10.49158501625061,
            10.463112115859985,
            10.53511643409729,
            10.625057458877563,
            10.621926069259644,
            10.714592456817627,
            10.804558992385864,
            10.846843004226685,
            10.865906715393066,
            10.741831541061401,
            10.749878168106079,
            10.790027618408203,
            10.783968210220337,
            10.891116380691528,
            10.86680817604065,
            10.926603555679321,
            10.904929876327515,
            10.975409984588623,
            11.023776054382324,
            10.972352504730225,
            11.007158756256104,
            11.072704076766968,
            11.119526863098145,
            11.148323059082031,
            11.225261211395264,
            11.277220249176025,
            11.309259176254272,
            11.368433475494385,
            11.385573625564575,
            11.363041400909424,
            11.391479253768921,
            11.44452691078186,
            11.425662279129028,
            11.51218056678772,
            11.50306248664856,
            11.4651198387146,
            11.48014211654663,
            11.514246702194214,
            11.52707552909851,
            11.512248277664185,
            11.603221893310547,
            11.578613758087158,
            11.602978944778442,
            11.680582046508789,
            11.70107650756836,
            11.781148672103882,
            11.729059219360352,
            11.724279403686523,
            11.796546936035156,
            11.926343202590942,
            11.930730104446411
        ],
        "output_image_path": "/model_deploy_execution_attack_for_pipeline/outputs/age_googlenet_mnn_105002_ttba_attack/adversarial_image.png"
    }
}