{
    "status": "BUDGET_EXHAUSTED",
    "config": {
        "executable": "./resources/execution_files/age_googlenet_mnn",
        "benign_image": "/img_align_celeba/094069.jpg",
        "initial_adv_image": "/img_align_celeba/00000012.png",
        "l2_epsilon_goal": 0.05,
        "linf_epsilon_goal": 0.06274509803921569,
        "query_budget": 40000,
        "max_iterations": 1000,
        "initial_queries": 50,
        "dimension_reduction": 1.0
    },
    "results": {
        "total_queries": 40267,
        "final_l2_distance": 24.09945297241211,
        "final_linf_distance": 0.31427061557769775,
        "total_duration_seconds": 1127.2552967071533,
        "iteration_times_seconds": [
            7.762029647827148,
            8.114589214324951,
            8.307236909866333,
            8.291734457015991,
            8.3485848903656,
            8.4735689163208,
            8.68863296508789,
            8.86604905128479,
            8.875738859176636,
            8.873193979263306,
            8.988161325454712,
            9.02992057800293,
            9.028259515762329,
            9.11315655708313,
            9.101760625839233,
            9.136677265167236,
            9.274595022201538,
            9.288689613342285,
            9.2344069480896,
            9.31309723854065,
            9.364820718765259,
            9.36405611038208,
            9.431928157806396,
            9.519742488861084,
            9.54958987236023,
            9.615339279174805,
            9.776950597763062,
            9.829374551773071,
            9.881525993347168,
            9.978770732879639,
            9.88588571548462,
            9.99822473526001,
            10.07020902633667,
            10.013701915740967,
            10.04120945930481,
            10.17516303062439,
            10.130921125411987,
            10.16817045211792,
            10.187489032745361,
            10.007007122039795,
            10.082295179367065,
            10.336031913757324,
            10.272994995117188,
            10.287919521331787,
            10.341753721237183,
            10.39734697341919,
            10.349000453948975,
            10.34293818473816,
            10.458242177963257,
            10.395638942718506,
            10.511136770248413,
            10.581615447998047,
            10.504510641098022,
            10.607093811035156,
            10.623807668685913,
            10.747712135314941,
            10.61939549446106,
            10.690613269805908,
            10.695356607437134,
            10.932272911071777,
            10.895382642745972,
            10.875649452209473,
            10.97707200050354,
            11.019675493240356,
            10.968634366989136,
            11.003748178482056,
            11.001304388046265,
            11.038800954818726,
            11.027567625045776,
            11.049423217773438,
            11.24479079246521,
            11.233787536621094,
            11.133932828903198,
            11.279428482055664,
            11.186308860778809,
            11.254796981811523,
            11.316158294677734,
            11.401597261428833,
            11.44580340385437,
            11.431690692901611,
            11.507924556732178,
            11.545109748840332,
            11.519190311431885,
            11.685567378997803,
            11.56862187385559,
            11.704370021820068,
            11.658446788787842,
            11.635080099105835,
            11.571337223052979,
            11.627306461334229,
            11.646151304244995,
            11.689708471298218,
            11.759526491165161,
            11.743807077407837,
            11.844212532043457,
            11.725089073181152,
            11.808563709259033,
            11.907296180725098,
            11.71745777130127,
            11.680376529693604,
            11.67890739440918,
            11.739303350448608,
            11.724573850631714,
            11.801130533218384,
            11.755676507949829,
            11.965985298156738,
            11.959683418273926
        ],
        "output_image_path": "/model_deploy_execution_attack_for_pipeline/outputs/age_googlenet_mnn_094069_ttba_attack/adversarial_image.png"
    }
}