{
    "status": "SUCCESS",
    "config": {
        "executable": "./resources/execution_files/fsanet_headpose_mnn",
        "benign_image": "/img_align_celeba/091677.jpg",
        "initial_adv_image": "/img_align_celeba/153536.jpg",
        "l2_epsilon_goal": 0.05,
        "linf_epsilon_goal": 0.06274509803921569,
        "query_budget": 40000,
        "max_iterations": 1000,
        "initial_queries": 50,
        "dimension_reduction": 1.0
    },
    "results": {
        "total_queries": 11830,
        "final_l2_distance": 4.681668758392334,
        "final_linf_distance": 0.06105518341064453,
        "total_duration_seconds": 139.5416145324707,
        "iteration_times_seconds": [
            2.5869040489196777,
            2.7437937259674072,
            2.7677180767059326,
            2.8295938968658447,
            2.704268217086792,
            2.82405161857605,
            2.8558456897735596,
            2.897191047668457,
            2.8847763538360596,
            2.869621992111206,
            2.836831569671631,
            2.8138391971588135,
            2.838409900665283,
            2.937098503112793,
            3.025747299194336,
            2.9749059677124023,
            2.9091053009033203,
            2.859145402908325,
            2.9625208377838135,
            3.0115339756011963,
            3.0241219997406006,
            3.030961513519287,
            3.0355238914489746,
            3.1005971431732178,
            3.083224296569824,
            3.13291072845459,
            3.128896474838257,
            3.1524088382720947,
            3.148289203643799,
            2.9798991680145264,
            3.0624923706054688,
            3.138227939605713,
            3.025515556335449,
            3.1159327030181885,
            3.0848121643066406,
            3.0584394931793213,
            3.124769449234009,
            3.104288101196289,
            3.123533248901367,
            3.100144147872925,
            3.07940411567688,
            3.155310869216919,
            3.219520330429077,
            3.1493680477142334,
            3.1058833599090576,
            3.254638433456421
        ],
        "output_image_path": "/model_deploy_execution_attack_for_pipeline/outputs/fsanet_headpose_mnn_091677_ttba_attack/adversarial_image.png"
    }
}