{
    "status": "SUCCESS",
    "config": {
        "executable": "resources/execution_files/gender_googlenet_mnn",
        "benign_image": "/img_align_celeba/046675.jpg",
        "initial_adv_image": "/img_align_celeba/101264.jpg",
        "l2_epsilon_goal": 0.05,
        "linf_epsilon_goal": 0.06274509803921569,
        "query_budget": 40000,
        "max_iterations": 1000,
        "initial_queries": 50,
        "dimension_reduction": 1.0
    },
    "results": {
        "total_queries": 1606,
        "final_l2_distance": 4.403651237487793,
        "final_linf_distance": 0.05744301900267601,
        "total_duration_seconds": 73.96226072311401,
        "iteration_times_seconds": [
            5.976871490478516,
            6.060731410980225,
            6.27877140045166,
            6.035496473312378,
            6.274436712265015,
            6.373664855957031,
            6.672514915466309,
            6.42252779006958,
            6.502869129180908,
            6.5001983642578125,
            6.625012159347534
        ],
        "output_image_path": "/model_deploy_execution_attack_for_pipeline/outputs/gender_googlenet_mnn_046675_ttba_attack/adversarial_image.png"
    }
}