{
    "status": "BUDGET_EXHAUSTED",
    "config": {
        "executable": "./resources/execution_files/emotion_ferplus_mnn",
        "benign_image": "/img_align_celeba/181470.jpg",
        "initial_adv_image": "/img_align_celeba/041132.jpg",
        "l2_epsilon_goal": 0.05,
        "linf_epsilon_goal": 0.06274509803921569,
        "query_budget": 40000,
        "max_iterations": 1000,
        "initial_queries": 50,
        "dimension_reduction": 1.0
    },
    "results": {
        "total_queries": 40011,
        "final_l2_distance": 5.098457336425781,
        "final_linf_distance": 0.09286552667617798,
        "total_duration_seconds": 979.1482815742493,
        "iteration_times_seconds": [
            6.269775867462158,
            6.559053421020508,
            6.716681003570557,
            6.714524030685425,
            6.879557371139526,
            7.044465065002441,
            7.232644557952881,
            7.409858703613281,
            7.39782977104187,
            7.25177526473999,
            7.341095685958862,
            7.403822183609009,
            7.557564973831177,
            7.430124044418335,
            7.592010974884033,
            7.767395734786987,
            7.934527158737183,
            7.877776861190796,
            7.926543474197388,
            7.925518751144409,
            8.00576639175415,
            7.985813617706299,
            8.141482830047607,
            8.155231237411499,
            8.239749431610107,
            8.375870704650879,
            8.167272567749023,
            8.355825901031494,
            8.280972003936768,
            8.363030195236206,
            8.445615530014038,
            8.411734104156494,
            8.462376356124878,
            8.587757587432861,
            8.484816789627075,
            8.70298433303833,
            8.638113498687744,
            8.590568542480469,
            8.68830418586731,
            8.724040269851685,
            8.887255430221558,
            8.893243312835693,
            8.955470561981201,
            8.92092776298523,
            8.98490858078003,
            9.028661727905273,
            9.08043098449707,
            9.097113609313965,
            9.181098937988281,
            9.137669324874878,
            9.156449317932129,
            9.210692167282104,
            9.312252521514893,
            9.383484840393066,
            9.280050992965698,
            9.362968683242798,
            9.359644651412964,
            9.49470591545105,
            9.498793125152588,
            9.603914976119995,
            9.651132106781006,
            9.665784120559692,
            9.701386451721191,
            9.656588315963745,
            9.778460502624512,
            9.740850925445557,
            9.789415121078491,
            9.779382944107056,
            9.907144784927368,
            9.898631811141968,
            9.884901523590088,
            9.961406946182251,
            9.853757858276367,
            9.965561866760254,
            9.6959068775177,
            9.903893232345581,
            9.884190082550049,
            9.906247854232788,
            9.9434814453125,
            9.967817068099976,
            10.01441764831543,
            10.118707418441772,
            10.150315046310425,
            10.22347354888916,
            10.16180419921875,
            10.200565576553345,
            10.239840984344482,
            10.246394634246826,
            10.284585952758789,
            10.305666208267212,
            10.28516674041748,
            10.268750190734863,
            10.424909353256226,
            10.37142539024353,
            10.420404434204102,
            10.37837290763855,
            10.383391380310059,
            10.488061904907227,
            10.43096399307251,
            10.51149845123291,
            10.43698763847351,
            10.542624235153198,
            10.62426209449768,
            10.65011215209961,
            10.663890361785889,
            10.658648490905762,
            10.784942150115967
        ],
        "output_image_path": "/model_deploy_execution_attack_for_pipeline/outputs/emotion_ferplus_mnn_181470_ttba_attack/adversarial_image.png"
    }
}