{
    "status": "BUDGET_EXHAUSTED",
    "config": {
        "executable": "./resources/execution_files/age_googlenet_mnn",
        "benign_image": "/img_align_celeba/110369.jpg",
        "initial_adv_image": "/img_align_celeba/00000001.png",
        "l2_epsilon_goal": 0.05,
        "linf_epsilon_goal": 0.06274509803921569,
        "query_budget": 40000,
        "max_iterations": 1000,
        "initial_queries": 50,
        "dimension_reduction": 1.0
    },
    "results": {
        "total_queries": 40345,
        "final_l2_distance": 34.4710807800293,
        "final_linf_distance": 0.44412529468536377,
        "total_duration_seconds": 1146.312584400177,
        "iteration_times_seconds": [
            7.780270099639893,
            8.024723052978516,
            8.14676284790039,
            8.240088701248169,
            8.347247838973999,
            8.425951957702637,
            8.681700468063354,
            8.791774034500122,
            8.785436153411865,
            8.917348146438599,
            8.860538959503174,
            9.008452892303467,
            9.048439741134644,
            9.15984582901001,
            9.323283433914185,
            9.411738872528076,
            9.517797946929932,
            9.471343517303467,
            9.578251123428345,
            9.64163327217102,
            9.681031227111816,
            9.677072763442993,
            9.76930284500122,
            9.807505369186401,
            9.853451251983643,
            9.79911732673645,
            10.048320055007935,
            10.054872035980225,
            10.064979553222656,
            10.135538578033447,
            10.095410585403442,
            10.125721454620361,
            10.209492921829224,
            10.19649052619934,
            10.284174680709839,
            10.316397428512573,
            10.358947515487671,
            10.34892749786377,
            10.531073808670044,
            10.503901481628418,
            10.523322105407715,
            10.705174684524536,
            10.716599941253662,
            10.717399835586548,
            10.820230722427368,
            10.837796211242676,
            10.803873538970947,
            10.814218521118164,
            10.616220951080322,
            10.739292860031128,
            10.724135160446167,
            10.708395004272461,
            10.740204095840454,
            10.791625738143921,
            10.801185846328735,
            10.907330989837646,
            10.879449367523193,
            10.991933822631836,
            10.960602521896362,
            11.032045364379883,
            11.127229452133179,
            11.182676315307617,
            11.355658769607544,
            11.305619955062866,
            11.242628812789917,
            11.266880989074707,
            11.36223840713501,
            11.300493240356445,
            11.321889400482178,
            11.43366813659668,
            11.393190383911133,
            11.464351892471313,
            11.391311407089233,
            11.466075897216797,
            11.353928089141846,
            11.247566938400269,
            11.365456342697144,
            11.265937089920044,
            11.326216697692871,
            11.438156127929688,
            11.575183629989624,
            11.501218318939209,
            11.518957614898682,
            11.504838943481445,
            11.72014307975769,
            11.579135179519653,
            11.676175355911255,
            11.71321439743042,
            11.669143438339233,
            11.773704528808594,
            11.750630617141724,
            11.80917239189148,
            11.816529989242554,
            11.818666219711304,
            11.845086097717285,
            11.87928581237793,
            11.926430225372314,
            11.845264196395874,
            11.877360820770264,
            11.937244653701782,
            11.879121541976929,
            12.001790523529053,
            12.059019804000854,
            12.023385286331177,
            12.154192686080933,
            12.183484077453613,
            12.279744148254395
        ],
        "output_image_path": "/model_deploy_execution_attack_for_pipeline/outputs/age_googlenet_mnn_110369_ttba_attack/adversarial_image.png"
    }
}