{
    "status": "SUCCESS",
    "config": {
        "executable": "resources/execution_files/emotion_ferplus_mnn",
        "benign_image": "/img_align_celeba/181302.jpg",
        "initial_adv_image": "/img_align_celeba/111077.jpg",
        "l2_epsilon_goal": 0.05,
        "linf_epsilon_goal": 0.06274509803921569,
        "query_budget": 40000,
        "max_iterations": 1000,
        "initial_queries": 50,
        "dimension_reduction": 1.0
    },
    "results": {
        "total_queries": 22058,
        "final_l2_distance": 4.778918266296387,
        "final_linf_distance": 0.06187137961387634,
        "total_duration_seconds": 606.6070873737335,
        "iteration_times_seconds": [
            6.263129949569702,
            6.55637526512146,
            6.767489910125732,
            6.908134937286377,
            6.936028480529785,
            7.13286280632019,
            7.330933094024658,
            7.1489646434783936,
            7.158583641052246,
            7.292052745819092,
            7.371508836746216,
            7.353297710418701,
            7.455878734588623,
            7.573939085006714,
            7.603565454483032,
            7.5585150718688965,
            7.614012956619263,
            7.737766981124878,
            7.778491735458374,
            7.949906587600708,
            7.935595989227295,
            7.959787607192993,
            7.960924386978149,
            8.000103235244751,
            8.055759906768799,
            8.117086410522461,
            8.179781198501587,
            8.350293636322021,
            8.393813848495483,
            8.416438579559326,
            8.448206901550293,
            8.393250226974487,
            8.63692045211792,
            8.569602966308594,
            8.556848287582397,
            8.553123950958252,
            8.644638538360596,
            8.856000661849976,
            8.818238973617554,
            8.882843971252441,
            8.952300548553467,
            8.910666465759277,
            8.993411540985107,
            9.032200336456299,
            9.004427909851074,
            9.094156742095947,
            9.088573932647705,
            9.131635427474976,
            9.174440622329712,
            9.19916319847107,
            9.228105545043945,
            9.266987562179565,
            9.25929594039917,
            9.058966875076294,
            9.181822061538696,
            9.247320890426636,
            9.278953313827515,
            9.263680934906006,
            9.293855905532837,
            9.42223048210144,
            9.523173332214355,
            9.519587516784668,
            9.494457006454468,
            9.564374923706055,
            9.674224376678467,
            9.670764446258545,
            9.598901748657227,
            9.62129545211792,
            9.728936672210693,
            9.730048894882202,
            9.67844271659851
        ],
        "output_image_path": "/model_deploy_execution_attack_for_pipeline/outputs/emotion_ferplus_mnn_181302_ttba_attack/adversarial_image.png"
    }
}