{
    "status": "BUDGET_EXHAUSTED",
    "config": {
        "executable": "./resources/execution_files/age_googlenet_mnn",
        "benign_image": "/img_align_celeba/181470.jpg",
        "initial_adv_image": "/img_align_celeba/00000019.png",
        "l2_epsilon_goal": 0.05,
        "linf_epsilon_goal": 0.06274509803921569,
        "query_budget": 40000,
        "max_iterations": 1000,
        "initial_queries": 50,
        "dimension_reduction": 1.0
    },
    "results": {
        "total_queries": 40244,
        "final_l2_distance": 19.918062210083008,
        "final_linf_distance": 0.2779446244239807,
        "total_duration_seconds": 1122.261619567871,
        "iteration_times_seconds": [
            7.7741124629974365,
            8.136987447738647,
            8.297077894210815,
            8.282585859298706,
            8.403064966201782,
            8.501718997955322,
            8.766977310180664,
            8.75864553451538,
            8.776002168655396,
            8.829157590866089,
            8.916238069534302,
            8.806710243225098,
            8.885372400283813,
            8.962676048278809,
            9.170067310333252,
            9.172212839126587,
            9.157944679260254,
            9.229684591293335,
            9.277005434036255,
            9.31510305404663,
            9.421809911727905,
            9.416554689407349,
            9.534058094024658,
            9.460294723510742,
            9.62182068824768,
            9.573607921600342,
            9.825382232666016,
            9.866468906402588,
            9.93951940536499,
            9.860517740249634,
            9.88869833946228,
            10.023285150527954,
            10.0732102394104,
            10.018218994140625,
            10.015676259994507,
            10.074018001556396,
            10.110545873641968,
            9.95741319656372,
            9.999317169189453,
            10.013878583908081,
            10.058513879776001,
            10.260664224624634,
            10.303952932357788,
            10.323489904403687,
            10.363968849182129,
            10.373523950576782,
            10.451508283615112,
            10.306455850601196,
            10.29820728302002,
            10.466511249542236,
            10.459641218185425,
            10.448985815048218,
            10.533745050430298,
            10.61282753944397,
            10.555485010147095,
            10.692342281341553,
            10.668497800827026,
            10.699191570281982,
            10.667289972305298,
            10.841303586959839,
            10.838928461074829,
            10.856276750564575,
            11.00577974319458,
            10.942110061645508,
            11.010735273361206,
            10.974499225616455,
            11.025021076202393,
            11.167011260986328,
            11.167073965072632,
            11.090493202209473,
            11.146929264068604,
            11.142490148544312,
            11.201687097549438,
            11.234001636505127,
            11.334068775177002,
            11.22297191619873,
            11.219876050949097,
            11.259119510650635,
            11.391443014144897,
            11.42130708694458,
            11.259471654891968,
            11.279275178909302,
            11.335110187530518,
            11.30524492263794,
            11.378541707992554,
            11.34911847114563,
            11.384585857391357,
            11.528478145599365,
            11.42615818977356,
            11.529574632644653,
            11.47947382926941,
            11.49425482749939,
            11.541274785995483,
            11.527189493179321,
            11.583640336990356,
            11.655949115753174,
            11.75100040435791,
            11.686645746231079,
            11.73350715637207,
            11.723617553710938,
            11.733278751373291,
            11.719241380691528,
            11.864022970199585,
            11.732434034347534,
            11.802640199661255,
            11.904166221618652,
            11.891453266143799
        ],
        "output_image_path": "/model_deploy_execution_attack_for_pipeline/outputs/age_googlenet_mnn_181470_ttba_attack/adversarial_image.png"
    }
}