{
    "status": "BUDGET_EXHAUSTED",
    "config": {
        "executable": "./resources/execution_files/emotion_ferplus_mnn",
        "benign_image": "/img_align_celeba/185602.jpg",
        "initial_adv_image": "/img_align_celeba/111077.jpg",
        "l2_epsilon_goal": 0.05,
        "linf_epsilon_goal": 0.06274509803921569,
        "query_budget": 40000,
        "max_iterations": 1000,
        "initial_queries": 50,
        "dimension_reduction": 1.0
    },
    "results": {
        "total_queries": 40220,
        "final_l2_distance": 12.615577697753906,
        "final_linf_distance": 0.2235305905342102,
        "total_duration_seconds": 1018.6099858283997,
        "iteration_times_seconds": [
            6.567598581314087,
            7.0400872230529785,
            7.087832450866699,
            7.19506049156189,
            7.298973560333252,
            7.48489785194397,
            7.5555219650268555,
            7.710896968841553,
            7.725649356842041,
            7.92324161529541,
            7.8200531005859375,
            7.677533864974976,
            7.813066720962524,
            7.924539804458618,
            8.005300283432007,
            8.287816762924194,
            8.253854274749756,
            8.32896876335144,
            8.300024032592773,
            8.234801530838013,
            8.37948203086853,
            8.438342571258545,
            8.458864688873291,
            8.578311681747437,
            8.499780654907227,
            8.61032485961914,
            8.667521953582764,
            8.752460956573486,
            8.850192785263062,
            8.795315742492676,
            8.849645137786865,
            9.082847118377686,
            9.15499210357666,
            9.064069271087646,
            9.037557363510132,
            9.140806674957275,
            9.037241458892822,
            9.010961771011353,
            9.09843897819519,
            9.112160921096802,
            9.055582284927368,
            9.386522769927979,
            9.326763391494751,
            9.329354763031006,
            9.389976978302002,
            9.451387882232666,
            9.515523910522461,
            9.481213808059692,
            9.62513256072998,
            9.526760816574097,
            9.573975086212158,
            9.561290502548218,
            9.657313823699951,
            9.642252206802368,
            9.689228773117065,
            9.790058135986328,
            9.807193756103516,
            9.871372699737549,
            9.89642858505249,
            9.9869225025177,
            9.733669996261597,
            9.781931638717651,
            9.949704647064209,
            9.931954145431519,
            9.942771434783936,
            10.007907152175903,
            10.0219407081604,
            10.014860391616821,
            10.095814228057861,
            10.093854665756226,
            10.05806016921997,
            10.13109803199768,
            10.106080532073975,
            10.173598051071167,
            10.171685457229614,
            10.137686252593994,
            10.32676076889038,
            10.171988010406494,
            10.206422328948975,
            10.414523601531982,
            10.417582511901855,
            10.582310914993286,
            10.503824472427368,
            10.537004947662354,
            10.668197870254517,
            10.639602184295654,
            10.543406248092651,
            10.568270683288574,
            10.64762282371521,
            10.617878675460815,
            10.7387855052948,
            10.709528684616089,
            10.693994522094727,
            10.747310161590576,
            10.752959728240967,
            10.782191514968872,
            10.81523323059082,
            10.894912242889404,
            10.906935214996338,
            10.866430759429932,
            11.003257036209106,
            10.861271142959595,
            10.978358507156372,
            10.984259366989136,
            10.832502365112305,
            10.959786415100098,
            10.946727991104126
        ],
        "output_image_path": "/model_deploy_execution_attack_for_pipeline/outputs/emotion_ferplus_mnn_185602_ttba_attack/adversarial_image.png"
    }
}