{
    "status": "SUCCESS",
    "config": {
        "executable": "./resources/execution_files/fsanet_headpose_mnn",
        "benign_image": "/img_align_celeba/185170.jpg",
        "initial_adv_image": "/img_align_celeba/118047.jpg",
        "l2_epsilon_goal": 0.05,
        "linf_epsilon_goal": 0.06274509803921569,
        "query_budget": 40000,
        "max_iterations": 1000,
        "initial_queries": 50,
        "dimension_reduction": 1.0
    },
    "results": {
        "total_queries": 32166,
        "final_l2_distance": 3.7115824222564697,
        "final_linf_distance": 0.06209772825241089,
        "total_duration_seconds": 302.7213056087494,
        "iteration_times_seconds": [
            2.6733715534210205,
            2.793079376220703,
            2.9230053424835205,
            2.878277063369751,
            2.8311195373535156,
            2.930896759033203,
            2.937535524368286,
            2.8623671531677246,
            2.9125990867614746,
            2.9010300636291504,
            2.8987503051757812,
            3.037785053253174,
            2.9837403297424316,
            3.04168963432312,
            3.028779983520508,
            3.1113362312316895,
            3.0395216941833496,
            3.090620994567871,
            3.168083667755127,
            3.0574328899383545,
            3.0559253692626953,
            3.13281512260437,
            3.1259713172912598,
            3.1443042755126953,
            3.148296356201172,
            3.1419315338134766,
            3.0543696880340576,
            3.1802308559417725,
            3.253972291946411,
            3.1242940425872803,
            3.0122005939483643,
            3.1277334690093994,
            3.1917333602905273,
            3.28830623626709,
            3.2408077716827393,
            3.2420766353607178,
            3.2587850093841553,
            3.1894352436065674,
            3.2925925254821777,
            3.295569658279419,
            3.1335887908935547,
            3.293820858001709,
            3.180832862854004,
            3.214340925216675,
            3.2461495399475098,
            3.332676649093628,
            3.2977778911590576,
            3.2170305252075195,
            3.286795139312744,
            3.2810282707214355,
            3.344442129135132,
            3.335886001586914,
            3.337912082672119,
            3.3080782890319824,
            3.347579002380371,
            3.438997507095337,
            3.3755667209625244,
            3.31581711769104,
            3.3760223388671875,
            3.35629940032959,
            3.38857364654541,
            3.402348756790161,
            3.4558231830596924,
            3.413151264190674,
            3.4167463779449463,
            3.467245101928711,
            3.419196844100952,
            3.427370071411133,
            3.4828882217407227,
            3.502643585205078,
            3.576596975326538,
            3.49727201461792,
            3.4285833835601807,
            3.3567965030670166,
            3.4225780963897705,
            3.583726644515991,
            3.505518674850464,
            3.472663402557373,
            3.602943181991577,
            3.4236910343170166,
            3.5112011432647705,
            3.581620454788208,
            3.662224054336548,
            3.568599224090576,
            3.519183874130249,
            3.5491268634796143,
            3.5181663036346436,
            3.628181219100952,
            3.6585869789123535,
            3.6187267303466797,
            3.5857226848602295,
            3.7191195487976074
        ],
        "output_image_path": "/model_deploy_execution_attack_for_pipeline/outputs/fsanet_headpose_mnn_185170_ttba_attack/adversarial_image.png"
    }
}