{
    "status": "BUDGET_EXHAUSTED",
    "config": {
        "executable": "./resources/execution_files/gender_googlenet_mnn",
        "benign_image": "/img_align_celeba/197574.jpg",
        "initial_adv_image": "/img_align_celeba/116718.jpg",
        "l2_epsilon_goal": 0.05,
        "linf_epsilon_goal": 0.06274509803921569,
        "query_budget": 40000,
        "max_iterations": 1000,
        "initial_queries": 50,
        "dimension_reduction": 1.0
    },
    "results": {
        "total_queries": 40076,
        "final_l2_distance": 7.618372440338135,
        "final_linf_distance": 0.09982003271579742,
        "total_duration_seconds": 925.8608725070953,
        "iteration_times_seconds": [
            5.89237380027771,
            6.170149803161621,
            6.351344108581543,
            6.394901752471924,
            6.524613618850708,
            6.662990093231201,
            6.753897428512573,
            6.866757869720459,
            6.884193181991577,
            7.021750211715698,
            7.032644987106323,
            6.974897384643555,
            7.314008951187134,
            7.30613112449646,
            7.4776153564453125,
            7.567277193069458,
            7.4633469581604,
            7.5238893032073975,
            7.369832754135132,
            7.429900884628296,
            7.415467739105225,
            7.570258140563965,
            7.488779783248901,
            7.568605899810791,
            7.692241668701172,
            7.683177947998047,
            7.797229290008545,
            7.880756139755249,
            8.010579347610474,
            8.002044916152954,
            7.988233327865601,
            8.021898746490479,
            8.068756341934204,
            8.116896629333496,
            8.062978744506836,
            8.25057339668274,
            8.329638242721558,
            8.288538932800293,
            8.288130521774292,
            8.30226993560791,
            8.311857461929321,
            8.437503576278687,
            8.55370020866394,
            8.633628368377686,
            8.582084655761719,
            8.62082552909851,
            8.715118169784546,
            8.671781539916992,
            8.785841703414917,
            8.804243564605713,
            8.66251015663147,
            8.62685489654541,
            8.683733224868774,
            8.60056185722351,
            8.640913486480713,
            8.693849563598633,
            8.78298044204712,
            8.779172420501709,
            8.751214265823364,
            8.890352725982666,
            8.969470024108887,
            9.204286575317383,
            9.039762735366821,
            9.152405023574829,
            9.059062004089355,
            9.160024166107178,
            9.195145845413208,
            9.10998010635376,
            9.165669441223145,
            9.214529752731323,
            9.181089162826538,
            9.273402690887451,
            9.181001901626587,
            9.229822635650635,
            9.491909980773926,
            9.3042471408844,
            9.325663805007935,
            9.463716506958008,
            9.366442441940308,
            9.406733751296997,
            9.608429670333862,
            9.645636796951294,
            9.665012836456299,
            9.72852373123169,
            9.780139684677124,
            9.601068258285522,
            9.78852128982544,
            9.695437669754028,
            9.799517154693604,
            9.788813829421997,
            9.77764368057251,
            9.753670692443848,
            9.905138492584229,
            9.895779609680176,
            9.76167368888855,
            9.854840517044067,
            9.825477600097656,
            9.907428503036499,
            9.868781328201294,
            9.932206869125366,
            9.973239660263062,
            10.06756854057312,
            10.046327114105225,
            10.047806739807129,
            10.123361110687256,
            10.272390842437744,
            10.192026376724243
        ],
        "output_image_path": "/model_deploy_execution_attack_for_pipeline/outputs/gender_googlenet_mnn_197574_ttba_attack/adversarial_image.png"
    }
}