{
    "status": "BUDGET_EXHAUSTED",
    "config": {
        "executable": "./resources/execution_files/age_googlenet_mnn",
        "benign_image": "/img_align_celeba/143043.jpg",
        "initial_adv_image": "/img_align_celeba/00000012.png",
        "l2_epsilon_goal": 0.05,
        "linf_epsilon_goal": 0.06274509803921569,
        "query_budget": 40000,
        "max_iterations": 1000,
        "initial_queries": 50,
        "dimension_reduction": 1.0
    },
    "results": {
        "total_queries": 40329,
        "final_l2_distance": 46.23727035522461,
        "final_linf_distance": 0.5950598120689392,
        "total_duration_seconds": 1148.218246936798,
        "iteration_times_seconds": [
            7.834928750991821,
            8.118273735046387,
            8.2302086353302,
            8.39472508430481,
            8.453765153884888,
            8.54473066329956,
            8.77590012550354,
            8.851535320281982,
            8.75289249420166,
            8.958385229110718,
            8.902430057525635,
            9.115984916687012,
            9.15774917602539,
            9.0574049949646,
            9.140727996826172,
            9.18903374671936,
            9.218629837036133,
            9.394164562225342,
            9.42693281173706,
            9.464314699172974,
            9.401512622833252,
            9.455498456954956,
            9.45949411392212,
            9.513143062591553,
            9.598700046539307,
            9.678344964981079,
            9.836455345153809,
            9.889438390731812,
            9.935693740844727,
            10.002914428710938,
            9.939220190048218,
            9.970011234283447,
            10.120392799377441,
            10.179106950759888,
            10.193018436431885,
            10.152212619781494,
            10.294212579727173,
            10.285830020904541,
            10.25484299659729,
            10.261772871017456,
            10.41109848022461,
            10.52408504486084,
            10.572789430618286,
            10.587829828262329,
            10.638941287994385,
            10.690014839172363,
            10.646386861801147,
            10.743470907211304,
            10.644538879394531,
            10.801765441894531,
            10.735102891921997,
            10.824263572692871,
            10.834623575210571,
            10.858180284500122,
            10.98974609375,
            10.965176820755005,
            10.97629165649414,
            10.989618301391602,
            11.002798080444336,
            11.194100141525269,
            11.15816855430603,
            11.168104410171509,
            11.24010968208313,
            11.281199216842651,
            11.317903995513916,
            11.264877319335938,
            11.23190689086914,
            11.304651260375977,
            11.330740451812744,
            11.43214750289917,
            11.448075532913208,
            11.562663555145264,
            11.462374687194824,
            11.46250581741333,
            11.555152177810669,
            11.570747137069702,
            11.625658750534058,
            11.638513803482056,
            11.68944239616394,
            11.703917264938354,
            11.769190788269043,
            11.73149824142456,
            11.816813707351685,
            11.819583177566528,
            11.96202802658081,
            11.930559873580933,
            11.870108842849731,
            11.909561157226562,
            12.036141633987427,
            12.03023386001587,
            11.99804425239563,
            12.015705108642578,
            12.029598236083984,
            11.878618955612183,
            11.86315631866455,
            11.994788646697998,
            11.958629846572876,
            11.956392288208008,
            12.018404722213745,
            11.956048488616943,
            11.976930618286133,
            12.056701183319092,
            12.04716944694519,
            12.064653873443604,
            12.062727212905884,
            12.216087579727173,
            12.273950576782227
        ],
        "output_image_path": "/model_deploy_execution_attack_for_pipeline/outputs/age_googlenet_mnn_143043_ttba_attack/adversarial_image.png"
    }
}