{
    "status": "SUCCESS",
    "config": {
        "executable": "./resources/execution_files/ssrnet_age_mnn",
        "benign_image": "/img_align_celeba/091663.jpg",
        "initial_adv_image": "/img_align_celeba/135116.jpg",
        "l2_epsilon_goal": 0.05,
        "linf_epsilon_goal": 0.06274509803921569,
        "query_budget": 40000,
        "max_iterations": 1000,
        "initial_queries": 50,
        "dimension_reduction": 1.0
    },
    "results": {
        "total_queries": 1428,
        "final_l2_distance": 4.429325580596924,
        "final_linf_distance": 0.05839508771896362,
        "total_duration_seconds": 24.81394863128662,
        "iteration_times_seconds": [
            2.3121068477630615,
            2.2226836681365967,
            2.473318338394165,
            2.291011333465576,
            2.4169559478759766,
            2.437857151031494,
            2.235677719116211,
            2.363572597503662,
            2.2990331649780273,
            2.291445016860962
        ],
        "output_image_path": "/model_deploy_execution_attack_for_pipeline/outputs/ssrnet_age_mnn_091663_ttba_attack/adversarial_image.png"
    }
}