{
    "status": "SUCCESS",
    "config": {
        "executable": "resources/execution_files/gender_googlenet_mnn",
        "benign_image": "/img_align_celeba/059027.jpg",
        "initial_adv_image": "/img_align_celeba/097212.jpg",
        "l2_epsilon_goal": 0.05,
        "linf_epsilon_goal": 0.06274509803921569,
        "query_budget": 40000,
        "max_iterations": 1000,
        "initial_queries": 50,
        "dimension_reduction": 1.0
    },
    "results": {
        "total_queries": 21167,
        "final_l2_distance": 4.935513019561768,
        "final_linf_distance": 0.06084585189819336,
        "total_duration_seconds": 561.1541306972504,
        "iteration_times_seconds": [
            5.921572208404541,
            6.38769006729126,
            6.387784481048584,
            6.442864656448364,
            6.544791221618652,
            6.652710199356079,
            6.931170701980591,
            6.830000400543213,
            6.863809108734131,
            6.858646392822266,
            7.0038392543792725,
            6.893657684326172,
            7.271090507507324,
            7.236664056777954,
            7.338219404220581,
            7.395981550216675,
            7.545098543167114,
            7.503974914550781,
            7.611920118331909,
            7.537843704223633,
            7.59501838684082,
            7.448308706283569,
            7.578823089599609,
            7.685944557189941,
            7.758434057235718,
            7.776841163635254,
            7.865726470947266,
            8.090701818466187,
            8.103488445281982,
            7.975010871887207,
            7.977536916732788,
            8.083534717559814,
            8.209985256195068,
            8.077350616455078,
            8.185166358947754,
            8.246013879776001,
            8.259527921676636,
            8.37015986442566,
            8.335819482803345,
            8.41714096069336,
            8.433846950531006,
            8.558822393417358,
            8.645008087158203,
            8.700509548187256,
            8.737243175506592,
            8.820377826690674,
            8.460191011428833,
            8.57136607170105,
            8.570104122161865,
            8.609755039215088,
            8.69547986984253,
            8.699174642562866,
            8.81088900566101,
            8.8163001537323,
            8.859023571014404,
            8.868113994598389,
            8.891154050827026,
            8.91984224319458,
            9.031671285629272,
            9.098750591278076,
            9.136801719665527,
            9.146927118301392,
            9.198994159698486,
            9.186393976211548,
            9.228899240493774,
            9.20612120628357,
            9.245206117630005,
            9.207636594772339,
            9.330836057662964
        ],
        "output_image_path": "/model_deploy_execution_attack_for_pipeline/outputs/gender_googlenet_mnn_059027_ttba_attack/adversarial_image.png"
    }
}