{
    "status": "SUCCESS",
    "config": {
        "executable": "./resources/execution_files/gender_googlenet_mnn",
        "benign_image": "/img_align_celeba/041654.jpg",
        "initial_adv_image": "/img_align_celeba/007167.jpg",
        "l2_epsilon_goal": 0.05,
        "linf_epsilon_goal": 0.06274509803921569,
        "query_budget": 40000,
        "max_iterations": 1000,
        "initial_queries": 50,
        "dimension_reduction": 1.0
    },
    "results": {
        "total_queries": 16893,
        "final_l2_distance": 4.886265754699707,
        "final_linf_distance": 0.057943880558013916,
        "total_duration_seconds": 455.3057780265808,
        "iteration_times_seconds": [
            5.891690731048584,
            6.170007228851318,
            6.3233642578125,
            6.33113169670105,
            6.4496049880981445,
            6.613969802856445,
            6.808094501495361,
            6.8094801902771,
            6.862534999847412,
            6.987476348876953,
            6.970249652862549,
            7.040612459182739,
            7.245439052581787,
            7.072161912918091,
            7.138009309768677,
            7.255846977233887,
            7.291731595993042,
            7.318766117095947,
            7.393395662307739,
            7.474619626998901,
            7.262867212295532,
            7.274596452713013,
            7.326401948928833,
            7.463024377822876,
            7.4829535484313965,
            7.495548725128174,
            7.685210466384888,
            7.840479612350464,
            7.690795183181763,
            7.809900283813477,
            7.784173965454102,
            7.798615217208862,
            7.96029257774353,
            7.8527748584747314,
            8.017917156219482,
            7.947389364242554,
            8.096994876861572,
            8.125280380249023,
            7.95653510093689,
            7.86740255355835,
            8.035800457000732,
            8.129575252532959,
            8.184899806976318,
            8.288272142410278,
            8.248096227645874,
            8.232150554656982,
            8.251941919326782,
            8.374868631362915,
            8.291271686553955,
            8.304408073425293,
            8.379963159561157,
            8.396571397781372,
            8.414833784103394,
            8.493942022323608,
            8.53366231918335,
            8.507579565048218,
            8.567846536636353,
            8.616873979568481,
            8.695780038833618
        ],
        "output_image_path": "/model_deploy_execution_attack_for_pipeline/outputs/gender_googlenet_mnn_041654_ttba_attack/adversarial_image.png"
    }
}