{
    "status": "SUCCESS",
    "config": {
        "executable": "resources/execution_files/emotion_ferplus_mnn",
        "benign_image": "/img_align_celeba/069866.jpg",
        "initial_adv_image": "/img_align_celeba/005770.jpg",
        "l2_epsilon_goal": 0.05,
        "linf_epsilon_goal": 0.06274509803921569,
        "query_budget": 40000,
        "max_iterations": 1000,
        "initial_queries": 50,
        "dimension_reduction": 1.0
    },
    "results": {
        "total_queries": 16908,
        "final_l2_distance": 4.9835100173950195,
        "final_linf_distance": 0.06250691413879395,
        "total_duration_seconds": 492.3106641769409,
        "iteration_times_seconds": [
            6.405378818511963,
            6.564810514450073,
            6.747424602508545,
            6.907132148742676,
            6.828357219696045,
            6.9896416664123535,
            7.1986212730407715,
            7.343247175216675,
            7.31271767616272,
            7.549520254135132,
            7.517741441726685,
            7.57921838760376,
            7.746155500411987,
            7.79813814163208,
            7.802391529083252,
            7.974475860595703,
            7.827069044113159,
            7.939783811569214,
            7.895870685577393,
            7.974987030029297,
            8.05281138420105,
            8.095736980438232,
            8.154418230056763,
            8.143176794052124,
            8.295726299285889,
            8.206520557403564,
            8.245682716369629,
            8.272167682647705,
            8.333380937576294,
            8.375991106033325,
            8.44905161857605,
            8.506451845169067,
            8.585911273956299,
            8.465457439422607,
            8.562312602996826,
            8.548079013824463,
            8.663926362991333,
            8.63575530052185,
            8.692437887191772,
            8.806602478027344,
            8.77383303642273,
            8.891554594039917,
            8.942271709442139,
            8.863799333572388,
            8.767577171325684,
            8.903385400772095,
            8.930143117904663,
            8.977761268615723,
            9.013444900512695,
            9.09718918800354,
            9.073890686035156,
            9.059104204177856,
            9.200748920440674,
            9.150427341461182,
            9.116352081298828,
            9.151270627975464,
            9.245574474334717,
            9.287644386291504,
            9.316574096679688
        ],
        "output_image_path": "/model_deploy_execution_attack_for_pipeline/outputs/emotion_ferplus_mnn_069866_ttba_attack/adversarial_image.png"
    }
}