{
    "status": "SUCCESS",
    "config": {
        "executable": "resources/execution_files/emotion_ferplus_mnn",
        "benign_image": "/img_align_celeba/119359.jpg",
        "initial_adv_image": "/img_align_celeba/065084.jpg",
        "l2_epsilon_goal": 0.05,
        "linf_epsilon_goal": 0.06274509803921569,
        "query_budget": 40000,
        "max_iterations": 1000,
        "initial_queries": 50,
        "dimension_reduction": 1.0
    },
    "results": {
        "total_queries": 7357,
        "final_l2_distance": 4.969120025634766,
        "final_linf_distance": 0.06270183622837067,
        "total_duration_seconds": 254.19069457054138,
        "iteration_times_seconds": [
            6.081962585449219,
            6.422811269760132,
            6.595081329345703,
            6.656737804412842,
            6.7966694831848145,
            6.914068222045898,
            7.065699338912964,
            7.244475364685059,
            7.1975836753845215,
            7.298022270202637,
            7.22291111946106,
            7.268539190292358,
            7.39950966835022,
            7.406249523162842,
            7.582769155502319,
            7.664960145950317,
            7.801483631134033,
            7.864147663116455,
            7.711496591567993,
            7.757171869277954,
            7.872803449630737,
            8.005963802337646,
            7.920969486236572,
            8.113158941268921,
            8.049029111862183,
            8.197346925735474,
            8.267530918121338,
            8.12768292427063,
            8.10732364654541,
            8.258456230163574,
            8.223944425582886,
            8.261305093765259,
            8.372957944869995
        ],
        "output_image_path": "/model_deploy_execution_attack_for_pipeline/outputs/emotion_ferplus_mnn_119359_ttba_attack/adversarial_image.png"
    }
}