{
    "status": "BUDGET_EXHAUSTED",
    "config": {
        "executable": "./resources/execution_files/age_googlenet_mnn",
        "benign_image": "/img_align_celeba/117360.jpg",
        "initial_adv_image": "/img_align_celeba/00000020.png",
        "l2_epsilon_goal": 0.05,
        "linf_epsilon_goal": 0.06274509803921569,
        "query_budget": 40000,
        "max_iterations": 1000,
        "initial_queries": 50,
        "dimension_reduction": 1.0
    },
    "results": {
        "total_queries": 40332,
        "final_l2_distance": 32.08448028564453,
        "final_linf_distance": 0.4143050014972687,
        "total_duration_seconds": 1146.0269446372986,
        "iteration_times_seconds": [
            7.89271092414856,
            8.19821047782898,
            8.198265075683594,
            8.317678213119507,
            8.492839813232422,
            8.499394655227661,
            8.679361343383789,
            8.789321184158325,
            8.957607507705688,
            8.869574308395386,
            8.959611654281616,
            9.134635210037231,
            9.195725202560425,
            9.221066951751709,
            9.3423593044281,
            9.419530630111694,
            9.494694709777832,
            9.601787805557251,
            9.550587177276611,
            9.626879692077637,
            9.700048446655273,
            9.719056844711304,
            9.73356294631958,
            9.792614936828613,
            9.804997205734253,
            9.893681764602661,
            10.009300708770752,
            10.094476461410522,
            10.137203454971313,
            10.236169815063477,
            10.293140649795532,
            10.181052207946777,
            10.301454782485962,
            10.295048713684082,
            10.373236656188965,
            10.308608055114746,
            10.360132932662964,
            10.165202140808105,
            10.278379201889038,
            10.239328622817993,
            10.393737554550171,
            10.559505462646484,
            10.474975824356079,
            10.51593017578125,
            10.62146258354187,
            10.732250213623047,
            10.567104816436768,
            10.614668130874634,
            10.720049619674683,
            10.638600587844849,
            10.763613939285278,
            10.730749607086182,
            10.872639894485474,
            10.917280912399292,
            10.81558108329773,
            10.947980880737305,
            10.930971145629883,
            10.879994630813599,
            10.972186088562012,
            11.124709129333496,
            11.194488286972046,
            11.195618629455566,
            11.332198143005371,
            11.28978443145752,
            11.264675855636597,
            11.274320840835571,
            11.274400234222412,
            11.318217992782593,
            11.343641519546509,
            11.395988941192627,
            11.33926272392273,
            11.467337131500244,
            11.243185043334961,
            11.216675758361816,
            11.30073618888855,
            11.28034496307373,
            11.325703144073486,
            11.325132846832275,
            11.33920168876648,
            11.384389162063599,
            11.567936182022095,
            11.599769115447998,
            11.600507974624634,
            11.57781982421875,
            11.595794916152954,
            11.74798846244812,
            11.71495008468628,
            11.670625448226929,
            11.690126657485962,
            11.741849660873413,
            11.718170166015625,
            11.721449375152588,
            11.72457242012024,
            11.817512512207031,
            11.823730707168579,
            11.81761384010315,
            11.872199296951294,
            11.897081851959229,
            11.905908584594727,
            11.94649600982666,
            11.99666142463684,
            12.002252340316772,
            11.962647199630737,
            12.117266654968262,
            12.027272462844849,
            12.22987174987793,
            12.200633764266968
        ],
        "output_image_path": "/model_deploy_execution_attack_for_pipeline/outputs/age_googlenet_mnn_117360_ttba_attack/adversarial_image.png"
    }
}