{
    "status": "BUDGET_EXHAUSTED",
    "config": {
        "executable": "./resources/execution_files/age_googlenet_mnn",
        "benign_image": "/img_align_celeba/138383.jpg",
        "initial_adv_image": "/img_align_celeba/00000008.png",
        "l2_epsilon_goal": 0.05,
        "linf_epsilon_goal": 0.06274509803921569,
        "query_budget": 40000,
        "max_iterations": 1000,
        "initial_queries": 50,
        "dimension_reduction": 1.0
    },
    "results": {
        "total_queries": 40294,
        "final_l2_distance": 40.221923828125,
        "final_linf_distance": 0.5087699890136719,
        "total_duration_seconds": 1133.852834701538,
        "iteration_times_seconds": [
            7.57768702507019,
            7.906619310379028,
            8.09028673171997,
            8.08435583114624,
            8.178027391433716,
            8.289262533187866,
            8.483069896697998,
            8.497608184814453,
            8.661322832107544,
            8.651553630828857,
            8.676069974899292,
            8.773694038391113,
            8.930307626724243,
            8.895084142684937,
            9.111770153045654,
            9.226013422012329,
            9.263501644134521,
            9.304373264312744,
            9.300662517547607,
            9.325209856033325,
            9.399558544158936,
            9.501319169998169,
            9.418290376663208,
            9.579105138778687,
            9.714564323425293,
            9.562947273254395,
            9.716654300689697,
            9.783487796783447,
            9.957483768463135,
            9.877229928970337,
            9.922457218170166,
            9.970632314682007,
            10.029232025146484,
            9.95090651512146,
            10.080373525619507,
            10.075491905212402,
            10.152978897094727,
            10.150680541992188,
            10.280041933059692,
            10.312472105026245,
            10.31619930267334,
            10.428906917572021,
            10.46201467514038,
            10.540332794189453,
            10.596068620681763,
            10.652477264404297,
            10.58359432220459,
            10.662511587142944,
            10.672639608383179,
            10.707027673721313,
            10.808009147644043,
            10.75898289680481,
            10.760383605957031,
            10.804933786392212,
            10.78806447982788,
            10.827987670898438,
            10.844076871871948,
            10.862459421157837,
            11.028592109680176,
            11.122369050979614,
            11.195556879043579,
            11.128765106201172,
            11.129273414611816,
            11.169402837753296,
            11.181051254272461,
            11.334108114242554,
            11.27471399307251,
            11.30344820022583,
            11.385436773300171,
            11.367791891098022,
            11.304514408111572,
            11.09093952178955,
            11.201739072799683,
            11.196718454360962,
            11.245452165603638,
            11.308727979660034,
            11.373572587966919,
            11.339901685714722,
            11.30090880393982,
            11.351496696472168,
            11.50260591506958,
            11.508020162582397,
            11.529674530029297,
            11.507635831832886,
            11.567335367202759,
            11.561572790145874,
            11.665327548980713,
            11.634008884429932,
            11.69190788269043,
            11.701973915100098,
            11.66753602027893,
            11.65687894821167,
            11.715004682540894,
            11.689806938171387,
            11.84107232093811,
            11.816465377807617,
            11.812605619430542,
            11.84784984588623,
            11.877933979034424,
            11.932177305221558,
            11.962510347366333,
            11.971999645233154,
            12.085683345794678,
            12.07887601852417,
            12.111099481582642,
            12.170937776565552,
            12.1957688331604
        ],
        "output_image_path": "/model_deploy_execution_attack_for_pipeline/outputs/age_googlenet_mnn_138383_ttba_attack/adversarial_image.png"
    }
}