{
    "status": "BUDGET_EXHAUSTED",
    "config": {
        "executable": "./resources/execution_files/fsanet_headpose_mnn",
        "benign_image": "/img_align_celeba/046649.jpg",
        "initial_adv_image": "/img_align_celeba/062099.jpg",
        "l2_epsilon_goal": 0.05,
        "linf_epsilon_goal": 0.06274509803921569,
        "query_budget": 40000,
        "max_iterations": 1000,
        "initial_queries": 50,
        "dimension_reduction": 1.0
    },
    "results": {
        "total_queries": 40062,
        "final_l2_distance": 4.370515823364258,
        "final_linf_distance": 0.07726673781871796,
        "total_duration_seconds": 358.91456031799316,
        "iteration_times_seconds": [
            2.763871669769287,
            2.7679994106292725,
            2.9419002532958984,
            2.846235990524292,
            2.8153200149536133,
            2.8895158767700195,
            2.9110283851623535,
            2.9177401065826416,
            2.8906919956207275,
            3.102531909942627,
            3.1452996730804443,
            2.997058868408203,
            3.046220541000366,
            3.1032700538635254,
            2.843813896179199,
            3.078312635421753,
            3.0454742908477783,
            3.0148956775665283,
            3.0698494911193848,
            3.051831007003784,
            3.0967466831207275,
            3.2029011249542236,
            3.1602561473846436,
            3.1692655086517334,
            3.200679302215576,
            3.1376545429229736,
            3.1159303188323975,
            3.061663866043091,
            3.159949779510498,
            3.268322467803955,
            3.111055612564087,
            3.2062439918518066,
            3.3270583152770996,
            3.2385075092315674,
            3.2230589389801025,
            3.251338481903076,
            3.255120038986206,
            3.2271153926849365,
            3.3428499698638916,
            3.3089256286621094,
            3.286780834197998,
            3.268716812133789,
            3.15403151512146,
            3.223522186279297,
            3.2528817653656006,
            3.2495932579040527,
            3.214395046234131,
            3.255039930343628,
            3.4221062660217285,
            3.3500943183898926,
            3.2906720638275146,
            3.3086066246032715,
            3.583376407623291,
            3.269587278366089,
            3.451681613922119,
            3.277951240539551,
            3.344762086868286,
            3.397526741027832,
            3.520139455795288,
            3.455354690551758,
            3.4472944736480713,
            3.3801047801971436,
            3.4587104320526123,
            3.4052183628082275,
            3.4602646827697754,
            3.5496985912323,
            3.4539101123809814,
            3.413003444671631,
            3.4210872650146484,
            3.4226815700531006,
            3.527062177658081,
            3.535252094268799,
            3.709341287612915,
            3.5937340259552,
            3.3822364807128906,
            3.520052909851074,
            3.4864249229431152,
            3.544330358505249,
            3.442298412322998,
            3.4549338817596436,
            3.543839931488037,
            3.626551628112793,
            3.6263394355773926,
            3.5177857875823975,
            3.5097973346710205,
            3.5670909881591797,
            3.4927096366882324,
            3.597111701965332,
            3.601503849029541,
            3.583993434906006,
            3.582843542098999,
            3.5734190940856934,
            3.624847412109375,
            3.54089093208313,
            3.539649248123169,
            3.671623468399048,
            3.734988212585449,
            3.694784164428711,
            3.549657106399536,
            3.738588333129883,
            3.661390781402588,
            3.65548038482666,
            3.682382583618164,
            3.7071733474731445,
            3.605029582977295,
            3.7954869270324707,
            3.644585609436035
        ],
        "output_image_path": "/model_deploy_execution_attack_for_pipeline/outputs/fsanet_headpose_mnn_046649_ttba_attack/adversarial_image.png"
    }
}