{
    "status": "BUDGET_EXHAUSTED",
    "config": {
        "executable": "resources/execution_files/emotion_ferplus_mnn",
        "benign_image": "/img_align_celeba/180752.jpg",
        "initial_adv_image": "/img_align_celeba/088332.jpg",
        "l2_epsilon_goal": 0.05,
        "linf_epsilon_goal": 0.06274509803921569,
        "query_budget": 40000,
        "max_iterations": 1000,
        "initial_queries": 50,
        "dimension_reduction": 1.0
    },
    "results": {
        "total_queries": 40230,
        "final_l2_distance": 15.178138732910156,
        "final_linf_distance": 0.18752318620681763,
        "total_duration_seconds": 1027.1024270057678,
        "iteration_times_seconds": [
            6.76029896736145,
            7.024986505508423,
            7.229106187820435,
            7.348320484161377,
            7.432769298553467,
            7.519282579421997,
            7.705248594284058,
            7.763911247253418,
            7.896188735961914,
            7.860535621643066,
            7.981752872467041,
            8.079288005828857,
            8.108685731887817,
            7.9584996700286865,
            8.182442903518677,
            8.173228025436401,
            8.251030683517456,
            8.312426567077637,
            8.367328643798828,
            8.409935712814331,
            8.381789922714233,
            8.514217853546143,
            8.616050958633423,
            8.702016353607178,
            8.670835971832275,
            8.679298162460327,
            8.928607702255249,
            8.85648488998413,
            8.865997076034546,
            9.082869291305542,
            9.030507326126099,
            9.160181999206543,
            9.08632755279541,
            9.038406133651733,
            9.073833465576172,
            9.138320684432983,
            9.315448999404907,
            9.344962120056152,
            9.31966257095337,
            9.150292158126831,
            9.125118017196655,
            9.297931909561157,
            9.391885757446289,
            9.40526795387268,
            9.414832353591919,
            9.427417278289795,
            9.515279054641724,
            9.57671594619751,
            9.561972379684448,
            9.640446186065674,
            9.627532482147217,
            9.633985757827759,
            9.650052547454834,
            9.743099689483643,
            9.87430739402771,
            9.881271839141846,
            9.918878316879272,
            9.94847822189331,
            9.808020114898682,
            10.021989822387695,
            10.0112783908844,
            10.067505121231079,
            10.004713296890259,
            9.983992338180542,
            9.998118877410889,
            10.010587453842163,
            10.013258934020996,
            10.044403314590454,
            10.089841604232788,
            10.127413749694824,
            10.099606037139893,
            10.109492063522339,
            10.173058032989502,
            10.133009433746338,
            10.203827619552612,
            10.156017541885376,
            10.373589754104614,
            10.301321029663086,
            10.352914094924927,
            10.422119617462158,
            10.575751543045044,
            10.448782682418823,
            10.558301448822021,
            10.589648008346558,
            10.588972806930542,
            10.691205978393555,
            10.66520380973816,
            10.63770580291748,
            10.659733533859253,
            10.674330472946167,
            10.677449464797974,
            10.809711217880249,
            10.833580493927002,
            10.849700450897217,
            10.79321002960205,
            10.859552383422852,
            10.911864280700684,
            10.923985958099365,
            10.934677600860596,
            10.985238313674927,
            10.929434776306152,
            10.978677988052368,
            10.984304666519165,
            11.070971727371216,
            11.07026720046997,
            11.148698091506958,
            11.214463949203491
        ],
        "output_image_path": "/model_deploy_execution_attack_for_pipeline/outputs/emotion_ferplus_mnn_180752_ttba_attack/adversarial_image.png"
    }
}