{
    "status": "BUDGET_EXHAUSTED",
    "config": {
        "executable": "./resources/execution_files/gender_googlenet_mnn",
        "benign_image": "/img_align_celeba/014669.jpg",
        "initial_adv_image": "/img_align_celeba/097212.jpg",
        "l2_epsilon_goal": 0.05,
        "linf_epsilon_goal": 0.06274509803921569,
        "query_budget": 40000,
        "max_iterations": 1000,
        "initial_queries": 50,
        "dimension_reduction": 1.0
    },
    "results": {
        "total_queries": 40203,
        "final_l2_distance": 16.186010360717773,
        "final_linf_distance": 0.2117348164319992,
        "total_duration_seconds": 946.905246257782,
        "iteration_times_seconds": [
            6.09213924407959,
            6.347591400146484,
            6.4998719692230225,
            6.588353872299194,
            6.58650803565979,
            6.836603164672852,
            7.001320838928223,
            7.021735429763794,
            7.0652947425842285,
            7.063202142715454,
            7.217719554901123,
            7.302298545837402,
            7.267441511154175,
            7.4735119342803955,
            7.638625621795654,
            7.6710851192474365,
            7.614565372467041,
            7.658629894256592,
            7.750022888183594,
            7.7464439868927,
            7.821237802505493,
            7.758631706237793,
            7.701215982437134,
            7.747214317321777,
            7.914623022079468,
            7.865510940551758,
            8.071412563323975,
            8.070277214050293,
            8.078120231628418,
            8.12256383895874,
            8.134479522705078,
            8.173624753952026,
            8.20126724243164,
            8.164761304855347,
            8.33243989944458,
            8.382514476776123,
            8.358590841293335,
            8.42479157447815,
            8.471999406814575,
            8.460203170776367,
            8.585068225860596,
            8.65942120552063,
            8.758070945739746,
            8.789427757263184,
            8.732450723648071,
            8.805834770202637,
            8.82794976234436,
            8.919864654541016,
            9.080726385116577,
            8.886137008666992,
            8.904186487197876,
            8.913871049880981,
            8.991576433181763,
            9.020378112792969,
            9.103528022766113,
            9.083331108093262,
            9.157504320144653,
            9.15905499458313,
            9.243456363677979,
            9.311473846435547,
            9.332365274429321,
            9.372527599334717,
            9.387732982635498,
            9.395511150360107,
            9.433298826217651,
            9.432130336761475,
            9.295610904693604,
            9.320830583572388,
            9.288202285766602,
            9.300902366638184,
            9.282804250717163,
            9.298920392990112,
            9.428971767425537,
            9.459898948669434,
            9.430579662322998,
            9.48713994026184,
            9.52188491821289,
            9.641799449920654,
            9.639167070388794,
            9.686645030975342,
            9.652681589126587,
            9.82604169845581,
            9.825050354003906,
            9.780460596084595,
            9.785085201263428,
            9.80355191230774,
            9.829474925994873,
            9.868250608444214,
            9.930154085159302,
            9.903921604156494,
            10.046067476272583,
            10.048240423202515,
            9.988322257995605,
            9.957595586776733,
            9.985955238342285,
            10.05062985420227,
            10.034305095672607,
            10.124779224395752,
            10.168566226959229,
            10.132230997085571,
            10.074947595596313,
            10.2552969455719,
            10.264379978179932,
            10.282471895217896,
            10.460787773132324,
            10.15164065361023,
            10.359578609466553
        ],
        "output_image_path": "/model_deploy_execution_attack_for_pipeline/outputs/gender_googlenet_mnn_014669_ttba_attack/adversarial_image.png"
    }
}