{
    "status": "BUDGET_EXHAUSTED",
    "config": {
        "executable": "resources/execution_files/gender_googlenet_mnn",
        "benign_image": "/img_align_celeba/015205.jpg",
        "initial_adv_image": "/img_align_celeba/185164.jpg",
        "l2_epsilon_goal": 0.05,
        "linf_epsilon_goal": 0.06274509803921569,
        "query_budget": 40000,
        "max_iterations": 1000,
        "initial_queries": 50,
        "dimension_reduction": 1.0
    },
    "results": {
        "total_queries": 40184,
        "final_l2_distance": 13.432965278625488,
        "final_linf_distance": 0.1870814710855484,
        "total_duration_seconds": 975.7623534202576,
        "iteration_times_seconds": [
            6.07169508934021,
            6.3786420822143555,
            6.475660800933838,
            6.636603832244873,
            6.773891925811768,
            6.902714967727661,
            7.028664588928223,
            7.221703767776489,
            7.1555562019348145,
            7.346163511276245,
            7.277306318283081,
            7.495105028152466,
            7.374791383743286,
            7.597414016723633,
            7.700948715209961,
            7.801628589630127,
            7.620851278305054,
            7.693779468536377,
            7.7288665771484375,
            7.7553911209106445,
            7.88436484336853,
            7.9460225105285645,
            7.9905314445495605,
            8.060442924499512,
            8.118187189102173,
            8.214171171188354,
            8.171127319335938,
            8.303818464279175,
            8.28814959526062,
            8.256532430648804,
            8.433167934417725,
            8.412830591201782,
            8.460776090621948,
            8.53132176399231,
            8.490353345870972,
            8.453737497329712,
            8.701249361038208,
            8.607479333877563,
            8.740616798400879,
            8.786703109741211,
            8.894415855407715,
            9.03739309310913,
            9.02819538116455,
            9.059684753417969,
            9.065026760101318,
            9.156115293502808,
            9.141700267791748,
            9.01285171508789,
            9.066750049591064,
            9.134778022766113,
            9.227501630783081,
            9.214979887008667,
            9.178771018981934,
            9.089633464813232,
            9.149082660675049,
            9.298916101455688,
            9.351881980895996,
            9.293903589248657,
            9.423212766647339,
            9.56770920753479,
            9.67397928237915,
            9.607588291168213,
            9.667283058166504,
            9.724420547485352,
            9.647417545318604,
            9.647693395614624,
            9.612670421600342,
            9.621773719787598,
            9.616659164428711,
            9.684093952178955,
            9.700595378875732,
            9.673645257949829,
            9.702167749404907,
            9.726352214813232,
            9.804703712463379,
            9.9030122756958,
            9.828027725219727,
            9.912712812423706,
            10.021976232528687,
            10.044827699661255,
            10.151384115219116,
            10.161658763885498,
            10.17567753791809,
            10.055820941925049,
            10.333543062210083,
            10.808534860610962,
            10.217950582504272,
            10.27977728843689,
            10.392526149749756,
            10.145473718643188,
            10.440523386001587,
            10.382570266723633,
            10.36766529083252,
            10.446191787719727,
            10.44921088218689,
            10.491079807281494,
            10.39777159690857,
            10.524030208587646,
            10.421412467956543,
            10.63567042350769,
            10.773438453674316,
            10.661071062088013,
            10.656878471374512,
            10.63323187828064,
            10.731451034545898,
            10.874686241149902,
            10.844786643981934
        ],
        "output_image_path": "/model_deploy_execution_attack_for_pipeline/outputs/gender_googlenet_mnn_015205_ttba_attack/adversarial_image.png"
    }
}