{
    "status": "SUCCESS",
    "config": {
        "executable": "./resources/execution_files/fsanet_headpose_mnn",
        "benign_image": "/img_align_celeba/007615.jpg",
        "initial_adv_image": "/img_align_celeba/011705.jpg",
        "l2_epsilon_goal": 0.05,
        "linf_epsilon_goal": 0.06274509803921569,
        "query_budget": 40000,
        "max_iterations": 1000,
        "initial_queries": 50,
        "dimension_reduction": 1.0
    },
    "results": {
        "total_queries": 27176,
        "final_l2_distance": 4.471811771392822,
        "final_linf_distance": 0.06134730577468872,
        "total_duration_seconds": 262.13862895965576,
        "iteration_times_seconds": [
            2.6576783657073975,
            2.668229818344116,
            2.676466226577759,
            2.6264145374298096,
            2.759357452392578,
            2.767888069152832,
            2.702558994293213,
            2.875258207321167,
            2.862828016281128,
            2.799955129623413,
            2.775390863418579,
            2.839784622192383,
            3.0162253379821777,
            2.9309494495391846,
            2.966637134552002,
            2.866028070449829,
            3.029308795928955,
            2.910356044769287,
            2.9735777378082275,
            3.0229060649871826,
            3.0740597248077393,
            3.0882296562194824,
            3.119250535964966,
            3.0865466594696045,
            3.168118953704834,
            2.9929699897766113,
            3.1092257499694824,
            3.044619560241699,
            3.0969655513763428,
            3.062487840652466,
            3.1799819469451904,
            3.0719175338745117,
            3.1492533683776855,
            3.1678812503814697,
            3.1342103481292725,
            3.1811516284942627,
            3.2171683311462402,
            3.2180259227752686,
            3.182771921157837,
            3.1762404441833496,
            3.260859489440918,
            3.171085834503174,
            3.198812961578369,
            3.201568603515625,
            3.306642532348633,
            3.285869598388672,
            3.2161121368408203,
            3.2475802898406982,
            3.2212295532226562,
            3.233809232711792,
            3.258793354034424,
            3.2765259742736816,
            3.2804131507873535,
            3.310091495513916,
            3.259507179260254,
            3.186293840408325,
            3.3451428413391113,
            3.2486519813537598,
            3.342019557952881,
            3.3570494651794434,
            3.3276259899139404,
            3.3501222133636475,
            3.367809534072876,
            3.4395196437835693,
            3.447831153869629,
            3.4274210929870605,
            3.3717451095581055,
            3.5729916095733643,
            3.3928420543670654,
            3.3414461612701416,
            3.493778944015503,
            3.4352314472198486,
            3.3966245651245117,
            3.4578230381011963,
            3.5078535079956055,
            3.4700653553009033,
            3.4689056873321533,
            3.4683754444122314,
            3.5659189224243164,
            3.4420557022094727,
            3.5413103103637695,
            3.60378360748291
        ],
        "output_image_path": "/model_deploy_execution_attack_for_pipeline/outputs/fsanet_headpose_mnn_007615_ttba_attack/adversarial_image.png"
    }
}