{
    "status": "BUDGET_EXHAUSTED",
    "config": {
        "executable": "resources/execution_files/gender_googlenet_mnn",
        "benign_image": "/img_align_celeba/185616.jpg",
        "initial_adv_image": "/img_align_celeba/139923.jpg",
        "l2_epsilon_goal": 0.05,
        "linf_epsilon_goal": 0.06274509803921569,
        "query_budget": 40000,
        "max_iterations": 1000,
        "initial_queries": 50,
        "dimension_reduction": 1.0
    },
    "results": {
        "total_queries": 40105,
        "final_l2_distance": 7.9174957275390625,
        "final_linf_distance": 0.11937707662582397,
        "total_duration_seconds": 957.3116321563721,
        "iteration_times_seconds": [
            6.053754806518555,
            6.426707029342651,
            6.468392848968506,
            6.632948160171509,
            6.608814716339111,
            6.696470022201538,
            6.817190885543823,
            6.9423723220825195,
            6.944080114364624,
            7.111840724945068,
            7.274648904800415,
            7.1178178787231445,
            7.268666744232178,
            7.393714666366577,
            7.5430285930633545,
            7.590131759643555,
            7.5974955558776855,
            7.620209455490112,
            7.690377712249756,
            7.806159496307373,
            7.792072772979736,
            7.876993894577026,
            7.9016194343566895,
            8.107550859451294,
            8.053516626358032,
            8.139018535614014,
            8.288445234298706,
            8.26631760597229,
            8.357584238052368,
            8.100336790084839,
            8.19850778579712,
            8.344760656356812,
            8.291219711303711,
            8.322080850601196,
            8.312812089920044,
            8.429577350616455,
            8.36707878112793,
            8.47168779373169,
            8.461511850357056,
            8.54194450378418,
            8.574483871459961,
            8.780743837356567,
            8.753858089447021,
            8.722189664840698,
            8.807416677474976,
            8.831066131591797,
            8.925897121429443,
            8.911352634429932,
            9.034780740737915,
            8.94972848892212,
            9.039385080337524,
            9.08493185043335,
            9.068148374557495,
            9.125367641448975,
            9.178066492080688,
            9.218998670578003,
            9.215646266937256,
            9.268243312835693,
            9.312682390213013,
            9.312399864196777,
            9.53552508354187,
            9.446625709533691,
            9.434075593948364,
            9.322474479675293,
            9.37816309928894,
            9.465068101882935,
            9.572613716125488,
            9.414382457733154,
            9.389459609985352,
            9.554940700531006,
            9.425029516220093,
            9.53319787979126,
            9.619150400161743,
            9.528266191482544,
            9.656363010406494,
            9.647341012954712,
            9.653523921966553,
            9.73454475402832,
            9.731079578399658,
            9.877877473831177,
            9.908684253692627,
            9.995530128479004,
            9.888523817062378,
            9.984842300415039,
            10.040563106536865,
            9.99214220046997,
            10.093417167663574,
            10.10926103591919,
            10.123380184173584,
            10.16205906867981,
            10.145570755004883,
            10.188185214996338,
            10.16194462776184,
            10.185324430465698,
            10.27361536026001,
            10.124224662780762,
            10.249518632888794,
            10.19307541847229,
            10.280869960784912,
            10.308853387832642,
            10.417314529418945,
            10.306679248809814,
            10.429677724838257,
            10.466529130935669,
            10.581862926483154,
            10.596207857131958,
            10.653416395187378
        ],
        "output_image_path": "/model_deploy_execution_attack_for_pipeline/outputs/gender_googlenet_mnn_185616_ttba_attack/adversarial_image.png"
    }
}