{
    "status": "SUCCESS",
    "config": {
        "executable": "./resources/execution_files/ssrnet_age_mnn",
        "benign_image": "/img_align_celeba/018709.jpg",
        "initial_adv_image": "/img_align_celeba/045354.jpg",
        "l2_epsilon_goal": 0.05,
        "linf_epsilon_goal": 0.06274509803921569,
        "query_budget": 40000,
        "max_iterations": 1000,
        "initial_queries": 50,
        "dimension_reduction": 1.0
    },
    "results": {
        "total_queries": 4706,
        "final_l2_distance": 4.726709365844727,
        "final_linf_distance": 0.061754822731018066,
        "total_duration_seconds": 59.85300064086914,
        "iteration_times_seconds": [
            2.3056156635284424,
            2.2711873054504395,
            2.28896427154541,
            2.3528506755828857,
            2.336517333984375,
            2.37738037109375,
            2.4843032360076904,
            2.4496335983276367,
            2.3968350887298584,
            2.4588828086853027,
            2.341735601425171,
            2.386955976486206,
            2.3884096145629883,
            2.458258867263794,
            2.4727792739868164,
            2.522980213165283,
            2.4333765506744385,
            2.5582213401794434,
            2.474442481994629,
            2.4585695266723633,
            2.4249420166015625,
            2.4461305141448975,
            2.4940860271453857,
            2.687608242034912
        ],
        "output_image_path": "/model_deploy_execution_attack_for_pipeline/outputs/ssrnet_age_mnn_018709_ttba_attack/adversarial_image.png"
    }
}