{
    "status": "SUCCESS",
    "config": {
        "executable": "./resources/execution_files/fsanet_headpose_mnn",
        "benign_image": "/img_align_celeba/076952.jpg",
        "initial_adv_image": "/img_align_celeba/001516.jpg",
        "l2_epsilon_goal": 0.05,
        "linf_epsilon_goal": 0.06274509803921569,
        "query_budget": 40000,
        "max_iterations": 1000,
        "initial_queries": 50,
        "dimension_reduction": 1.0
    },
    "results": {
        "total_queries": 5262,
        "final_l2_distance": 4.498671054840088,
        "final_linf_distance": 0.058485180139541626,
        "total_duration_seconds": 74.62895226478577,
        "iteration_times_seconds": [
            2.6269123554229736,
            2.8792974948883057,
            2.6208653450012207,
            2.7929563522338867,
            2.6453614234924316,
            2.680657148361206,
            2.6804871559143066,
            2.78735613822937,
            2.7254440784454346,
            2.7756998538970947,
            2.642038583755493,
            2.7527475357055664,
            2.7621729373931885,
            2.884246349334717,
            2.8605926036834717,
            2.891505241394043,
            2.9431166648864746,
            2.8808345794677734,
            2.714608907699585,
            2.89284348487854,
            2.8101603984832764,
            2.8687679767608643,
            2.992792844772339,
            2.887164354324341,
            2.9722838401794434,
            2.9693872928619385
        ],
        "output_image_path": "/model_deploy_execution_attack_for_pipeline/outputs/fsanet_headpose_mnn_076952_ttba_attack/adversarial_image.png"
    }
}