{
    "status": "BUDGET_EXHAUSTED",
    "config": {
        "executable": "resources/execution_files/emotion_ferplus_mnn",
        "benign_image": "/img_align_celeba/115211.jpg",
        "initial_adv_image": "/img_align_celeba/045354.jpg",
        "l2_epsilon_goal": 0.05,
        "linf_epsilon_goal": 0.06274509803921569,
        "query_budget": 40000,
        "max_iterations": 1000,
        "initial_queries": 50,
        "dimension_reduction": 1.0
    },
    "results": {
        "total_queries": 40121,
        "final_l2_distance": 5.7408599853515625,
        "final_linf_distance": 0.21252599358558655,
        "total_duration_seconds": 1003.5678908824921,
        "iteration_times_seconds": [
            6.412443161010742,
            6.715017557144165,
            6.932435035705566,
            7.11603307723999,
            7.157277822494507,
            7.28094220161438,
            7.517667055130005,
            7.503511905670166,
            7.60630989074707,
            7.662774085998535,
            7.79744553565979,
            7.843238830566406,
            7.866084337234497,
            7.963829040527344,
            8.073693752288818,
            8.220218896865845,
            8.309700965881348,
            8.232743263244629,
            8.29212474822998,
            8.366187572479248,
            8.336581945419312,
            8.452484846115112,
            8.383351564407349,
            8.434550762176514,
            8.55939793586731,
            8.470133781433105,
            8.53919005393982,
            8.593007564544678,
            8.710157871246338,
            8.785109519958496,
            8.831492185592651,
            8.89766263961792,
            8.794878005981445,
            8.849724054336548,
            9.006106853485107,
            8.968135356903076,
            9.084016561508179,
            9.11320161819458,
            9.171957969665527,
            9.143072843551636,
            8.984094381332397,
            9.116907119750977,
            9.171949625015259,
            9.192684888839722,
            9.148587226867676,
            9.295357704162598,
            9.217789649963379,
            9.365411043167114,
            9.29664397239685,
            9.472992181777954,
            9.460196256637573,
            9.41809892654419,
            9.397744178771973,
            9.45244026184082,
            9.55537486076355,
            9.63105320930481,
            9.626086235046387,
            9.67717456817627,
            9.715610027313232,
            9.806625366210938,
            9.758462905883789,
            9.825999975204468,
            9.9647376537323,
            9.895568609237671,
            9.90252137184143,
            10.028069257736206,
            9.932514905929565,
            9.886395454406738,
            9.879657983779907,
            9.906229257583618,
            9.902531862258911,
            9.934138298034668,
            9.8881356716156,
            10.039976835250854,
            10.008276224136353,
            10.040192365646362,
            10.151803255081177,
            10.087915897369385,
            10.248532772064209,
            10.171658039093018,
            10.196707725524902,
            10.316474676132202,
            10.319774627685547,
            10.390829086303711,
            10.421025276184082,
            10.483550786972046,
            10.45932388305664,
            10.489551067352295,
            10.47113585472107,
            10.50870132446289,
            10.465826749801636,
            10.59907865524292,
            10.48497200012207,
            10.380408525466919,
            10.43457579612732,
            10.421051263809204,
            10.468072891235352,
            10.43634033203125,
            10.624625444412231,
            10.627822399139404,
            10.623172760009766,
            10.519421815872192,
            10.601997137069702,
            10.575425386428833,
            10.708814144134521,
            10.740306854248047,
            10.823267221450806
        ],
        "output_image_path": "/model_deploy_execution_attack_for_pipeline/outputs/emotion_ferplus_mnn_115211_ttba_attack/adversarial_image.png"
    }
}