{
    "status": "SUCCESS",
    "config": {
        "executable": "./resources/execution_files/ssrnet_age_mnn",
        "benign_image": "/img_align_celeba/015205.jpg",
        "initial_adv_image": "/img_align_celeba/087001.jpg",
        "l2_epsilon_goal": 0.05,
        "linf_epsilon_goal": 0.06274509803921569,
        "query_budget": 40000,
        "max_iterations": 1000,
        "initial_queries": 50,
        "dimension_reduction": 1.0
    },
    "results": {
        "total_queries": 895,
        "final_l2_distance": 4.596037864685059,
        "final_linf_distance": 0.059870004653930664,
        "total_duration_seconds": 17.392314672470093,
        "iteration_times_seconds": [
            2.1224188804626465,
            2.23873233795166,
            2.303208351135254,
            2.303088903427124,
            2.277757167816162,
            2.2299160957336426,
            2.3565025329589844
        ],
        "output_image_path": "/model_deploy_execution_attack_for_pipeline/outputs/ssrnet_age_mnn_015205_ttba_attack/adversarial_image.png"
    }
}