{
    "status": "SUCCESS",
    "config": {
        "executable": "resources/execution_files/gender_googlenet_mnn",
        "benign_image": "/img_align_celeba/111739.jpg",
        "initial_adv_image": "/img_align_celeba/183515.jpg",
        "l2_epsilon_goal": 0.05,
        "linf_epsilon_goal": 0.06274509803921569,
        "query_budget": 40000,
        "max_iterations": 1000,
        "initial_queries": 50,
        "dimension_reduction": 1.0
    },
    "results": {
        "total_queries": 721,
        "final_l2_distance": 4.353422164916992,
        "final_linf_distance": 0.05457206442952156,
        "total_duration_seconds": 39.45511841773987,
        "iteration_times_seconds": [
            5.498520135879517,
            5.82165265083313,
            5.784489393234253,
            5.875818967819214,
            6.062526702880859,
            6.205552101135254
        ],
        "output_image_path": "/model_deploy_execution_attack_for_pipeline/outputs/gender_googlenet_mnn_111739_ttba_attack/adversarial_image.png"
    }
}