{
    "status": "SUCCESS",
    "config": {
        "executable": "./resources/execution_files/fsanet_headpose_mnn",
        "benign_image": "/img_align_celeba/069866.jpg",
        "initial_adv_image": "/img_align_celeba/189986.jpg",
        "l2_epsilon_goal": 0.05,
        "linf_epsilon_goal": 0.06274509803921569,
        "query_budget": 40000,
        "max_iterations": 1000,
        "initial_queries": 50,
        "dimension_reduction": 1.0
    },
    "results": {
        "total_queries": 33167,
        "final_l2_distance": 4.177670001983643,
        "final_linf_distance": 0.06269419193267822,
        "total_duration_seconds": 308.1669764518738,
        "iteration_times_seconds": [
            2.7111759185791016,
            2.643141269683838,
            2.6809496879577637,
            2.836635112762451,
            2.7747697830200195,
            2.851559638977051,
            2.7894575595855713,
            2.7680535316467285,
            2.911673069000244,
            3.000769853591919,
            2.913930892944336,
            2.9210805892944336,
            3.0039029121398926,
            3.033186912536621,
            3.0302650928497314,
            3.084839344024658,
            3.1467971801757812,
            2.9803874492645264,
            3.1833221912384033,
            2.9938037395477295,
            3.1218082904815674,
            3.046715259552002,
            2.9747493267059326,
            3.1013858318328857,
            3.100569486618042,
            3.189852476119995,
            3.1662545204162598,
            3.2685272693634033,
            3.1216366291046143,
            3.1179394721984863,
            3.0733001232147217,
            3.1233224868774414,
            3.189101219177246,
            3.1790552139282227,
            3.2372355461120605,
            3.1860976219177246,
            3.303616762161255,
            3.2853078842163086,
            3.2125000953674316,
            3.179699659347534,
            3.260197639465332,
            3.328120470046997,
            3.3215689659118652,
            3.2629234790802,
            3.3301517963409424,
            3.267991065979004,
            3.352001905441284,
            3.2810659408569336,
            3.2679734230041504,
            3.3060059547424316,
            3.29367995262146,
            3.1961379051208496,
            3.2465059757232666,
            3.271660566329956,
            3.5058696269989014,
            3.4577953815460205,
            3.302838087081909,
            3.3612985610961914,
            3.3436291217803955,
            3.4566352367401123,
            3.4054973125457764,
            3.385200023651123,
            3.4579050540924072,
            3.533954381942749,
            3.395172119140625,
            3.420006036758423,
            3.4465389251708984,
            3.3591673374176025,
            3.413285970687866,
            3.4549713134765625,
            3.3408679962158203,
            3.4205853939056396,
            3.466883659362793,
            3.4007833003997803,
            3.4289541244506836,
            3.462005615234375,
            3.5454344749450684,
            3.4579007625579834,
            3.567152976989746,
            3.4660749435424805,
            3.5144898891448975,
            3.5457236766815186,
            3.4311060905456543,
            3.561878204345703,
            3.5647528171539307,
            3.569762706756592,
            3.5738632678985596,
            3.5642027854919434,
            3.5816221237182617,
            3.5679140090942383,
            3.579637050628662,
            3.537313222885132,
            3.6218554973602295,
            3.487593173980713
        ],
        "output_image_path": "/model_deploy_execution_attack_for_pipeline/outputs/fsanet_headpose_mnn_069866_ttba_attack/adversarial_image.png"
    }
}