{
    "status": "SUCCESS",
    "config": {
        "executable": "./resources/execution_files/fsanet_headpose_mnn",
        "benign_image": "/img_align_celeba/088332.jpg",
        "initial_adv_image": "/img_align_celeba/017406.jpg",
        "l2_epsilon_goal": 0.05,
        "linf_epsilon_goal": 0.06274509803921569,
        "query_budget": 40000,
        "max_iterations": 1000,
        "initial_queries": 50,
        "dimension_reduction": 1.0
    },
    "results": {
        "total_queries": 9335,
        "final_l2_distance": 4.966907501220703,
        "final_linf_distance": 0.06231793761253357,
        "total_duration_seconds": 116.347825050354,
        "iteration_times_seconds": [
            2.4879207611083984,
            2.500810384750366,
            2.847946882247925,
            2.8707330226898193,
            2.941401958465576,
            2.843842029571533,
            2.805616855621338,
            2.670870780944824,
            2.787477731704712,
            2.8726019859313965,
            2.8423564434051514,
            2.9064877033233643,
            2.939431667327881,
            2.860863447189331,
            2.8656938076019287,
            2.8462514877319336,
            2.907628297805786,
            2.8787660598754883,
            2.9661693572998047,
            3.0414159297943115,
            2.8619914054870605,
            3.064730644226074,
            3.067793130874634,
            2.9139997959136963,
            3.001819133758545,
            3.0391345024108887,
            3.0890698432922363,
            3.0876097679138184,
            3.0976369380950928,
            2.95392107963562,
            3.0106518268585205,
            3.1092405319213867,
            3.0629827976226807,
            3.027939796447754,
            3.0061237812042236,
            3.097238063812256,
            3.193138837814331,
            3.100187301635742,
            3.167184829711914
        ],
        "output_image_path": "/model_deploy_execution_attack_for_pipeline/outputs/fsanet_headpose_mnn_088332_ttba_attack/adversarial_image.png"
    }
}