{
    "status": "BUDGET_EXHAUSTED",
    "config": {
        "executable": "./resources/execution_files/age_googlenet_mnn",
        "benign_image": "/img_align_celeba/171783.jpg",
        "initial_adv_image": "/img_align_celeba/00000018.png",
        "l2_epsilon_goal": 0.05,
        "linf_epsilon_goal": 0.06274509803921569,
        "query_budget": 40000,
        "max_iterations": 1000,
        "initial_queries": 50,
        "dimension_reduction": 1.0
    },
    "results": {
        "total_queries": 40340,
        "final_l2_distance": 42.94966506958008,
        "final_linf_distance": 0.5331644415855408,
        "total_duration_seconds": 1146.6101582050323,
        "iteration_times_seconds": [
            7.917467832565308,
            8.08411955833435,
            8.258962154388428,
            8.28493595123291,
            8.523395299911499,
            8.492976903915405,
            8.779535055160522,
            8.868621349334717,
            8.796180009841919,
            8.88175368309021,
            8.952988147735596,
            8.987474203109741,
            9.141635656356812,
            9.236081838607788,
            9.385156631469727,
            9.35814356803894,
            9.452915906906128,
            9.489691972732544,
            9.520644664764404,
            9.544130563735962,
            9.59407353401184,
            9.688681840896606,
            9.770477533340454,
            9.794921875,
            9.83266019821167,
            9.875404119491577,
            10.084701299667358,
            10.072253704071045,
            10.171451091766357,
            9.9087553024292,
            9.953335762023926,
            9.998008489608765,
            10.023719072341919,
            10.064160346984863,
            10.074665069580078,
            10.069326400756836,
            10.1661856174469,
            10.233684778213501,
            10.304415225982666,
            10.283199548721313,
            10.3367600440979,
            10.608354568481445,
            10.507052421569824,
            10.484541654586792,
            10.720950841903687,
            10.574372291564941,
            10.672293901443481,
            10.622029542922974,
            10.617398738861084,
            10.713531970977783,
            10.769905090332031,
            10.714781522750854,
            10.872223377227783,
            10.903458595275879,
            10.84085488319397,
            10.882092952728271,
            10.91426157951355,
            10.803857326507568,
            10.929616689682007,
            11.123814344406128,
            11.13873028755188,
            11.158862113952637,
            11.219618082046509,
            11.256593942642212,
            11.248929262161255,
            11.35050916671753,
            11.266541719436646,
            11.307884216308594,
            11.399346828460693,
            11.401870727539062,
            11.40646767616272,
            11.493870735168457,
            11.405013084411621,
            11.373328447341919,
            11.50133228302002,
            11.5323326587677,
            11.470101118087769,
            11.546367645263672,
            11.698598384857178,
            11.684897899627686,
            11.79997205734253,
            11.783548831939697,
            11.760294914245605,
            11.951313257217407,
            11.789849758148193,
            11.820338010787964,
            11.855472803115845,
            11.913253784179688,
            11.654008865356445,
            11.650837898254395,
            11.687225103378296,
            11.704547882080078,
            11.713490009307861,
            11.799291133880615,
            11.79346752166748,
            11.825941562652588,
            11.910672426223755,
            11.956517934799194,
            11.889188289642334,
            11.89574909210205,
            12.000444889068604,
            11.994020462036133,
            12.046236038208008,
            11.995182037353516,
            12.05692744255066,
            12.16443943977356,
            12.28171157836914
        ],
        "output_image_path": "/model_deploy_execution_attack_for_pipeline/outputs/age_googlenet_mnn_171783_ttba_attack/adversarial_image.png"
    }
}