{
    "status": "SUCCESS",
    "config": {
        "executable": "./resources/execution_files/emotion_ferplus_mnn",
        "benign_image": "/img_align_celeba/014669.jpg",
        "initial_adv_image": "/img_align_celeba/039937.jpg",
        "l2_epsilon_goal": 0.05,
        "linf_epsilon_goal": 0.06274509803921569,
        "query_budget": 40000,
        "max_iterations": 1000,
        "initial_queries": 50,
        "dimension_reduction": 1.0
    },
    "results": {
        "total_queries": 11107,
        "final_l2_distance": 4.742625713348389,
        "final_linf_distance": 0.06090150773525238,
        "total_duration_seconds": 353.8449811935425,
        "iteration_times_seconds": [
            6.580354928970337,
            6.7459282875061035,
            6.803825855255127,
            6.962488174438477,
            7.203340768814087,
            7.144890546798706,
            7.448964834213257,
            7.400078773498535,
            7.486368656158447,
            7.450161695480347,
            7.539963006973267,
            7.671867847442627,
            7.594492673873901,
            7.607305526733398,
            7.742180585861206,
            7.7252748012542725,
            7.764404058456421,
            7.940079927444458,
            7.92091965675354,
            7.938308477401733,
            7.9458208084106445,
            8.063187837600708,
            7.898882627487183,
            8.007965564727783,
            8.065576076507568,
            8.125860452651978,
            8.29943037033081,
            8.32482123374939,
            8.326897859573364,
            8.41130542755127,
            8.374232292175293,
            8.459264993667603,
            8.19111943244934,
            8.278102159500122,
            8.330203294754028,
            8.434897899627686,
            8.643539190292358,
            8.44314193725586,
            8.514454364776611,
            8.590529918670654,
            8.609180927276611,
            8.7044038772583,
            8.79015851020813,
            8.875486373901367
        ],
        "output_image_path": "/model_deploy_execution_attack_for_pipeline/outputs/emotion_ferplus_mnn_014669_ttba_attack/adversarial_image.png"
    }
}