{
    "status": "BUDGET_EXHAUSTED",
    "config": {
        "executable": "resources/execution_files/emotion_ferplus_mnn",
        "benign_image": "/img_align_celeba/191105.jpg",
        "initial_adv_image": "/img_align_celeba/091663.jpg",
        "l2_epsilon_goal": 0.05,
        "linf_epsilon_goal": 0.06274509803921569,
        "query_budget": 40000,
        "max_iterations": 1000,
        "initial_queries": 50,
        "dimension_reduction": 1.0
    },
    "results": {
        "total_queries": 40005,
        "final_l2_distance": 3.713510751724243,
        "final_linf_distance": 0.06588221341371536,
        "total_duration_seconds": 980.314215183258,
        "iteration_times_seconds": [
            6.288238525390625,
            6.573570966720581,
            6.747997760772705,
            6.838580369949341,
            6.937585353851318,
            7.030862808227539,
            7.2445759773254395,
            7.329953193664551,
            7.413426399230957,
            7.487960577011108,
            7.55708122253418,
            7.583683013916016,
            7.626374006271362,
            7.829285144805908,
            7.942970275878906,
            7.943343877792358,
            8.01736831665039,
            8.055718183517456,
            8.166319370269775,
            8.19401741027832,
            8.2606201171875,
            8.140453338623047,
            8.234552383422852,
            8.271082401275635,
            8.263370037078857,
            8.248409509658813,
            8.384979724884033,
            8.495281457901001,
            8.594824075698853,
            8.547873497009277,
            8.36899447441101,
            8.461512804031372,
            8.427799940109253,
            8.501089334487915,
            8.516595840454102,
            8.59806203842163,
            8.525645732879639,
            8.680331468582153,
            8.637722730636597,
            8.70191764831543,
            8.847483158111572,
            8.989817142486572,
            9.017820835113525,
            9.01223635673523,
            9.085247039794922,
            8.991341590881348,
            9.133870363235474,
            9.180774688720703,
            9.15959095954895,
            9.212936162948608,
            9.206307888031006,
            9.25817322731018,
            9.115375995635986,
            9.131828308105469,
            9.085947751998901,
            9.172603368759155,
            9.211714506149292,
            9.255774021148682,
            9.293346881866455,
            9.39795708656311,
            9.421783447265625,
            9.47355031967163,
            9.499329328536987,
            9.566419839859009,
            9.574777603149414,
            9.540998697280884,
            9.543668746948242,
            9.687079906463623,
            9.642382621765137,
            9.707050800323486,
            9.68233323097229,
            9.730704545974731,
            9.717144966125488,
            9.789104700088501,
            9.875439405441284,
            9.890186071395874,
            9.886987209320068,
            9.96257209777832,
            9.908979892730713,
            10.006489038467407,
            10.10005784034729,
            10.075984716415405,
            10.122480392456055,
            10.246733903884888,
            10.153711795806885,
            10.110305309295654,
            10.212554693222046,
            10.227652549743652,
            10.27964997291565,
            10.265790700912476,
            10.435041189193726,
            10.451585531234741,
            10.404926776885986,
            10.499844551086426,
            10.463746070861816,
            10.474859952926636,
            10.449976444244385,
            10.440903425216675,
            10.543958187103271,
            10.574870347976685,
            10.591583013534546,
            10.630813121795654,
            10.619279146194458,
            10.75030255317688,
            10.668367862701416,
            10.747628211975098,
            10.742146253585815
        ],
        "output_image_path": "/model_deploy_execution_attack_for_pipeline/outputs/emotion_ferplus_mnn_191105_ttba_attack/adversarial_image.png"
    }
}