{
    "status": "SUCCESS",
    "config": {
        "executable": "resources/execution_files/gender_googlenet_mnn",
        "benign_image": "/img_align_celeba/087001.jpg",
        "initial_adv_image": "/img_align_celeba/117406.jpg",
        "l2_epsilon_goal": 0.05,
        "linf_epsilon_goal": 0.06274509803921569,
        "query_budget": 40000,
        "max_iterations": 1000,
        "initial_queries": 50,
        "dimension_reduction": 1.0
    },
    "results": {
        "total_queries": 19851,
        "final_l2_distance": 4.9059319496154785,
        "final_linf_distance": 0.06149733066558838,
        "total_duration_seconds": 532.2828176021576,
        "iteration_times_seconds": [
            6.200085163116455,
            6.407586097717285,
            6.353801965713501,
            6.4706666469573975,
            6.514741659164429,
            6.710991144180298,
            6.891788959503174,
            6.936582088470459,
            6.799242973327637,
            6.930430173873901,
            6.983711242675781,
            6.970600366592407,
            7.0817835330963135,
            7.1980133056640625,
            7.281826019287109,
            7.441768407821655,
            7.496131181716919,
            7.383965492248535,
            7.359255313873291,
            7.30694317817688,
            7.5216383934021,
            7.445823431015015,
            7.6310014724731445,
            7.566022157669067,
            7.680232763290405,
            7.831713676452637,
            7.9307544231414795,
            7.953456401824951,
            7.993319749832153,
            8.150532722473145,
            8.009695768356323,
            8.056923151016235,
            8.143879413604736,
            8.155937194824219,
            8.164552211761475,
            8.256205558776855,
            8.255481719970703,
            8.296814203262329,
            8.347484588623047,
            8.48725700378418,
            8.538963317871094,
            8.471080303192139,
            8.636892557144165,
            8.719706773757935,
            8.501207113265991,
            8.547810554504395,
            8.468704223632812,
            8.551822423934937,
            8.588705778121948,
            8.750221252441406,
            8.570734977722168,
            8.72803020477295,
            8.709677696228027,
            8.766405582427979,
            8.819613933563232,
            8.983978509902954,
            8.876991510391235,
            8.990600347518921,
            9.042194128036499,
            9.086617946624756,
            9.114753723144531,
            9.127500534057617,
            9.14486813545227,
            9.208782196044922,
            9.298587083816528,
            9.172188520431519
        ],
        "output_image_path": "/model_deploy_execution_attack_for_pipeline/outputs/gender_googlenet_mnn_087001_ttba_attack/adversarial_image.png"
    }
}