{
    "status": "BUDGET_EXHAUSTED",
    "config": {
        "executable": "./resources/execution_files/emotion_ferplus_mnn",
        "benign_image": "/img_align_celeba/118709.jpg",
        "initial_adv_image": "/img_align_celeba/190569.jpg",
        "l2_epsilon_goal": 0.05,
        "linf_epsilon_goal": 0.06274509803921569,
        "query_budget": 40000,
        "max_iterations": 1000,
        "initial_queries": 50,
        "dimension_reduction": 1.0
    },
    "results": {
        "total_queries": 40164,
        "final_l2_distance": 7.644068717956543,
        "final_linf_distance": 0.12913662195205688,
        "total_duration_seconds": 1006.9497961997986,
        "iteration_times_seconds": [
            6.495474576950073,
            6.634359836578369,
            6.958719968795776,
            7.145874738693237,
            7.143800258636475,
            7.264739274978638,
            7.402772903442383,
            7.516753435134888,
            7.490190505981445,
            7.552983045578003,
            7.718607425689697,
            7.842152118682861,
            7.805470943450928,
            7.982439994812012,
            8.111245155334473,
            8.12329888343811,
            8.185862064361572,
            8.309481143951416,
            8.266906499862671,
            8.374431848526001,
            8.240386962890625,
            8.529134035110474,
            8.466084241867065,
            8.443330764770508,
            8.536495923995972,
            8.70278787612915,
            8.745237350463867,
            8.755136489868164,
            8.7743980884552,
            9.002084016799927,
            9.039650201797485,
            9.03868842124939,
            9.037123203277588,
            8.866963386535645,
            8.84669828414917,
            8.997439622879028,
            9.02014708518982,
            9.04000997543335,
            9.1725332736969,
            9.079345226287842,
            9.13460659980774,
            9.30283498764038,
            9.367640972137451,
            9.379642963409424,
            9.440105199813843,
            9.543272018432617,
            9.46091628074646,
            9.530378341674805,
            9.561627864837646,
            9.552972316741943,
            9.528739213943481,
            9.534964084625244,
            9.595852375030518,
            9.471647024154663,
            9.423728466033936,
            9.545457124710083,
            9.589954853057861,
            9.61709451675415,
            9.685215711593628,
            9.652510166168213,
            9.84566879272461,
            9.8134024143219,
            9.821882486343384,
            9.852819919586182,
            9.834194898605347,
            9.901557445526123,
            9.973506689071655,
            9.92756199836731,
            9.988765478134155,
            9.904784440994263,
            9.87279486656189,
            9.913541555404663,
            9.875320434570312,
            9.864456176757812,
            9.985682010650635,
            9.96595311164856,
            9.943224430084229,
            10.102253913879395,
            10.115243911743164,
            10.078821182250977,
            10.252841234207153,
            10.340712547302246,
            10.35433030128479,
            10.382275342941284,
            10.370974063873291,
            10.309809684753418,
            10.377662658691406,
            10.381155252456665,
            10.41069221496582,
            10.470037698745728,
            10.4644193649292,
            10.532478332519531,
            10.640056610107422,
            10.518672466278076,
            10.53515100479126,
            10.568684339523315,
            10.664846420288086,
            10.717198371887207,
            10.655469417572021,
            10.732390880584717,
            10.653048276901245,
            10.649107217788696,
            10.733165979385376,
            10.870177507400513,
            10.852389097213745,
            10.999263763427734,
            10.871560335159302
        ],
        "output_image_path": "/model_deploy_execution_attack_for_pipeline/outputs/emotion_ferplus_mnn_118709_ttba_attack/adversarial_image.png"
    }
}