{
    "status": "BUDGET_EXHAUSTED",
    "config": {
        "executable": "./resources/execution_files/age_googlenet_mnn",
        "benign_image": "/img_align_celeba/018735.jpg",
        "initial_adv_image": "/img_align_celeba/00000020.png",
        "l2_epsilon_goal": 0.05,
        "linf_epsilon_goal": 0.06274509803921569,
        "query_budget": 40000,
        "max_iterations": 1000,
        "initial_queries": 50,
        "dimension_reduction": 1.0
    },
    "results": {
        "total_queries": 40312,
        "final_l2_distance": 37.07992935180664,
        "final_linf_distance": 0.4473743140697479,
        "total_duration_seconds": 1137.9260885715485,
        "iteration_times_seconds": [
            7.754473924636841,
            8.115978479385376,
            8.229559659957886,
            8.329180479049683,
            8.452349185943604,
            8.447624683380127,
            8.677368402481079,
            8.706377983093262,
            8.80710244178772,
            8.834427833557129,
            8.9801025390625,
            8.978696346282959,
            9.117918729782104,
            9.148377895355225,
            9.3144850730896,
            9.42081332206726,
            9.437347412109375,
            9.521106958389282,
            9.518515825271606,
            9.3769690990448,
            9.41663146018982,
            9.493551254272461,
            9.468997478485107,
            9.490599393844604,
            9.657206296920776,
            9.702389001846313,
            9.83469033241272,
            9.911867618560791,
            9.916773557662964,
            9.877911806106567,
            10.03406572341919,
            9.99919605255127,
            10.102757930755615,
            10.071495056152344,
            9.978296279907227,
            10.062337636947632,
            10.132752656936646,
            10.138696432113647,
            10.215910911560059,
            10.297899961471558,
            10.307088851928711,
            10.50867247581482,
            10.501712560653687,
            10.536336421966553,
            10.582436561584473,
            10.551260709762573,
            10.565176725387573,
            10.633647680282593,
            10.559502363204956,
            10.755200147628784,
            10.693467378616333,
            10.738276243209839,
            10.774276971817017,
            10.810551643371582,
            10.81679368019104,
            10.789963483810425,
            10.917163372039795,
            10.858073949813843,
            11.006126165390015,
            11.038916110992432,
            11.05431604385376,
            11.096288681030273,
            11.263392448425293,
            11.178451776504517,
            11.241891622543335,
            11.267691850662231,
            11.252914428710938,
            11.286800861358643,
            11.330087661743164,
            11.334625959396362,
            11.04883885383606,
            11.188472270965576,
            11.267070770263672,
            11.170837163925171,
            11.309007406234741,
            11.289499282836914,
            11.358513355255127,
            11.328748226165771,
            11.385509014129639,
            11.359708070755005,
            11.388612985610962,
            11.554176330566406,
            11.538201093673706,
            11.529735088348389,
            11.644413232803345,
            11.594205617904663,
            11.611194610595703,
            11.655475378036499,
            11.625791311264038,
            11.651543140411377,
            11.754918098449707,
            11.737489700317383,
            11.74040961265564,
            11.824442625045776,
            11.754006385803223,
            11.777434587478638,
            11.83320665359497,
            11.791109085083008,
            11.847622156143188,
            11.992584705352783,
            11.892979145050049,
            11.949687957763672,
            12.068680047988892,
            12.106003284454346,
            12.134306907653809,
            12.309355735778809,
            12.215929746627808
        ],
        "output_image_path": "/model_deploy_execution_attack_for_pipeline/outputs/age_googlenet_mnn_018735_ttba_attack/adversarial_image.png"
    }
}