{
    "status": "SUCCESS",
    "config": {
        "executable": "resources/execution_files/gender_googlenet_mnn",
        "benign_image": "/img_align_celeba/057793.jpg",
        "initial_adv_image": "/img_align_celeba/171783.jpg",
        "l2_epsilon_goal": 0.05,
        "linf_epsilon_goal": 0.06274509803921569,
        "query_budget": 40000,
        "max_iterations": 1000,
        "initial_queries": 50,
        "dimension_reduction": 1.0
    },
    "results": {
        "total_queries": 29132,
        "final_l2_distance": 4.445537567138672,
        "final_linf_distance": 0.06143590807914734,
        "total_duration_seconds": 731.221554517746,
        "iteration_times_seconds": [
            6.084546804428101,
            6.4333655834198,
            6.537092208862305,
            6.593729496002197,
            6.8500566482543945,
            6.770378351211548,
            6.967875003814697,
            6.926482915878296,
            7.093907117843628,
            7.114517450332642,
            7.2826642990112305,
            7.229278802871704,
            7.296301603317261,
            7.461612939834595,
            7.354076862335205,
            7.479540824890137,
            7.499478816986084,
            7.571674823760986,
            7.595462083816528,
            7.6352715492248535,
            7.634816884994507,
            7.723295450210571,
            7.792982578277588,
            7.7612693309783936,
            8.0068199634552,
            8.073099613189697,
            8.070615291595459,
            8.150454759597778,
            8.063381910324097,
            8.035791873931885,
            8.119306087493896,
            8.099827527999878,
            8.088724613189697,
            8.215707778930664,
            8.194278001785278,
            8.25241756439209,
            8.296937465667725,
            8.327644109725952,
            8.317010879516602,
            8.510315179824829,
            8.490112066268921,
            8.653375625610352,
            8.587553977966309,
            8.66488766670227,
            8.66773009300232,
            8.669905424118042,
            8.804453372955322,
            8.806987047195435,
            8.838382959365845,
            8.783764839172363,
            8.84370493888855,
            8.980039834976196,
            9.05705189704895,
            8.960314273834229,
            8.91309380531311,
            8.868260860443115,
            8.940676212310791,
            8.960978269577026,
            9.018567085266113,
            9.153323411941528,
            9.274089813232422,
            9.10770845413208,
            9.06320571899414,
            9.32191276550293,
            9.288750410079956,
            9.374751567840576,
            9.291846752166748,
            9.379169464111328,
            9.358014822006226,
            9.320935487747192,
            9.304889917373657,
            9.38396692276001,
            9.43762493133545,
            9.422766923904419,
            9.436646938323975,
            9.549138307571411,
            9.561611890792847,
            9.595579385757446,
            9.698345184326172,
            9.722667932510376,
            9.789088010787964,
            9.78073787689209,
            9.842373609542847,
            9.868531465530396,
            9.855481624603271,
            9.79981017112732
        ],
        "output_image_path": "/model_deploy_execution_attack_for_pipeline/outputs/gender_googlenet_mnn_057793_ttba_attack/adversarial_image.png"
    }
}