{
    "status": "BUDGET_EXHAUSTED",
    "config": {
        "executable": "./resources/execution_files/gender_googlenet_mnn",
        "benign_image": "/img_align_celeba/098647.jpg",
        "initial_adv_image": "/img_align_celeba/097212.jpg",
        "l2_epsilon_goal": 0.05,
        "linf_epsilon_goal": 0.06274509803921569,
        "query_budget": 40000,
        "max_iterations": 1000,
        "initial_queries": 50,
        "dimension_reduction": 1.0
    },
    "results": {
        "total_queries": 40194,
        "final_l2_distance": 16.325326919555664,
        "final_linf_distance": 0.2039736658334732,
        "total_duration_seconds": 944.0818483829498,
        "iteration_times_seconds": [
            6.046184301376343,
            6.461829662322998,
            6.469129800796509,
            6.472745180130005,
            6.64727258682251,
            6.736064434051514,
            6.94925332069397,
            6.952408075332642,
            7.029522657394409,
            7.089287519454956,
            7.288893222808838,
            7.274347305297852,
            7.419379472732544,
            7.373827695846558,
            7.5851075649261475,
            7.724099159240723,
            7.722087144851685,
            7.7961812019348145,
            7.729956388473511,
            7.8039631843566895,
            7.5539329051971436,
            7.64657998085022,
            7.77765154838562,
            7.711973667144775,
            7.8426759243011475,
            7.942590951919556,
            8.025558710098267,
            8.094946146011353,
            7.9972875118255615,
            8.084953546524048,
            8.181198596954346,
            8.155961751937866,
            8.166386365890503,
            8.20445966720581,
            8.22935938835144,
            8.294536352157593,
            8.309474468231201,
            8.609465599060059,
            8.410752534866333,
            8.49809193611145,
            8.606709957122803,
            8.636358737945557,
            8.73825740814209,
            8.694852352142334,
            8.744326829910278,
            8.759574890136719,
            8.847664594650269,
            8.773700714111328,
            8.816133499145508,
            8.92946457862854,
            9.002644777297974,
            8.909172058105469,
            8.972371816635132,
            9.032353401184082,
            9.069510221481323,
            9.05088758468628,
            9.045734405517578,
            9.147477149963379,
            8.938955068588257,
            9.062241077423096,
            9.10078740119934,
            9.139022588729858,
            9.232548713684082,
            9.204101324081421,
            9.276325702667236,
            9.256767272949219,
            9.25937008857727,
            9.281172752380371,
            9.293284177780151,
            9.339413404464722,
            9.327264070510864,
            9.345399141311646,
            9.391296625137329,
            9.398003339767456,
            9.436018466949463,
            9.39974308013916,
            9.49131441116333,
            9.516495943069458,
            9.575744867324829,
            9.555519580841064,
            9.817411661148071,
            9.747312784194946,
            9.829750299453735,
            9.656391859054565,
            9.909031867980957,
            9.907533168792725,
            9.881312131881714,
            9.803261518478394,
            9.949853658676147,
            9.886412143707275,
            9.938536167144775,
            10.041249752044678,
            9.965015172958374,
            10.093616247177124,
            10.094287395477295,
            9.965996026992798,
            10.019305944442749,
            10.157196044921875,
            10.234187364578247,
            10.151137351989746,
            10.07043743133545,
            10.137709379196167,
            10.381728410720825,
            10.153588771820068,
            10.30462908744812,
            10.404823303222656,
            10.37494707107544
        ],
        "output_image_path": "/model_deploy_execution_attack_for_pipeline/outputs/gender_googlenet_mnn_098647_ttba_attack/adversarial_image.png"
    }
}