{
    "status": "SUCCESS",
    "config": {
        "executable": "./resources/execution_files/fsanet_headpose_mnn",
        "benign_image": "/img_align_celeba/051321.jpg",
        "initial_adv_image": "/img_align_celeba/103315.jpg",
        "l2_epsilon_goal": 0.05,
        "linf_epsilon_goal": 0.06274509803921569,
        "query_budget": 40000,
        "max_iterations": 1000,
        "initial_queries": 50,
        "dimension_reduction": 1.0
    },
    "results": {
        "total_queries": 16126,
        "final_l2_distance": 4.758956432342529,
        "final_linf_distance": 0.06091068685054779,
        "total_duration_seconds": 178.41498494148254,
        "iteration_times_seconds": [
            2.6933794021606445,
            2.85909104347229,
            2.852832555770874,
            2.7074639797210693,
            2.816340446472168,
            2.9694161415100098,
            2.9096295833587646,
            2.8366119861602783,
            2.8367857933044434,
            2.9553916454315186,
            2.986206293106079,
            2.9933502674102783,
            3.058382749557495,
            3.0347728729248047,
            3.046431303024292,
            3.0127310752868652,
            3.0241832733154297,
            2.9754960536956787,
            2.995148181915283,
            3.022815227508545,
            3.1195993423461914,
            3.100360870361328,
            2.934563636779785,
            3.0679373741149902,
            3.0557775497436523,
            3.032792091369629,
            3.072082996368408,
            3.201707601547241,
            3.2381231784820557,
            3.05846905708313,
            3.171776056289673,
            3.1858081817626953,
            3.135568618774414,
            3.10530161857605,
            3.108570098876953,
            3.1741719245910645,
            3.1905648708343506,
            3.1575160026550293,
            3.168475866317749,
            3.3029911518096924,
            3.2474780082702637,
            3.2192606925964355,
            3.4147279262542725,
            3.179900646209717,
            3.191746950149536,
            3.29425311088562,
            3.226402521133423,
            3.085420846939087,
            3.2491328716278076,
            3.193295955657959,
            3.3377442359924316,
            3.270083427429199,
            3.320892810821533,
            3.346135139465332,
            3.223287343978882,
            3.250030755996704,
            3.455960750579834
        ],
        "output_image_path": "/model_deploy_execution_attack_for_pipeline/outputs/fsanet_headpose_mnn_051321_ttba_attack/adversarial_image.png"
    }
}