{
    "status": "BUDGET_EXHAUSTED",
    "config": {
        "executable": "./resources/execution_files/fsanet_headpose_mnn",
        "benign_image": "/img_align_celeba/017374.jpg",
        "initial_adv_image": "/img_align_celeba/153536.jpg",
        "l2_epsilon_goal": 0.05,
        "linf_epsilon_goal": 0.06274509803921569,
        "query_budget": 40000,
        "max_iterations": 1000,
        "initial_queries": 50,
        "dimension_reduction": 1.0
    },
    "results": {
        "total_queries": 40159,
        "final_l2_distance": 8.062803268432617,
        "final_linf_distance": 0.0991358757019043,
        "total_duration_seconds": 366.5568070411682,
        "iteration_times_seconds": [
            2.8593599796295166,
            2.8579421043395996,
            2.7753686904907227,
            2.869163990020752,
            2.9015004634857178,
            2.9312353134155273,
            2.9549152851104736,
            3.1582372188568115,
            3.026871681213379,
            3.0339670181274414,
            3.029207706451416,
            3.0009939670562744,
            3.0611939430236816,
            3.0592989921569824,
            3.258193254470825,
            3.1643807888031006,
            3.169583320617676,
            3.1977953910827637,
            3.149740219116211,
            3.3611669540405273,
            3.208185911178589,
            3.1662774085998535,
            3.155052661895752,
            3.3519139289855957,
            3.325756788253784,
            3.3019609451293945,
            3.140777111053467,
            3.2097394466400146,
            3.1664493083953857,
            3.234386444091797,
            3.1525866985321045,
            3.2560160160064697,
            3.2434818744659424,
            3.2887911796569824,
            3.452993869781494,
            3.3097891807556152,
            3.343388080596924,
            3.2975263595581055,
            3.1687188148498535,
            3.2376251220703125,
            3.3834080696105957,
            3.2949094772338867,
            3.2328991889953613,
            3.349609375,
            3.3758857250213623,
            3.525928497314453,
            3.285979747772217,
            3.331685781478882,
            3.350783109664917,
            3.4399116039276123,
            3.4074628353118896,
            3.3637619018554688,
            3.586852550506592,
            3.5020461082458496,
            3.3750462532043457,
            3.5310521125793457,
            3.4510762691497803,
            3.503953456878662,
            3.4946250915527344,
            3.4817330837249756,
            3.487466812133789,
            3.6218950748443604,
            3.503488302230835,
            3.5122439861297607,
            3.4300296306610107,
            3.483430862426758,
            3.5782389640808105,
            3.4593100547790527,
            3.5384271144866943,
            3.519162178039551,
            3.5280611515045166,
            3.6496572494506836,
            3.5732953548431396,
            3.4524471759796143,
            3.5132813453674316,
            3.585186243057251,
            3.673532724380493,
            3.516357183456421,
            3.4822723865509033,
            3.6223535537719727,
            3.6217691898345947,
            3.692885637283325,
            3.607266426086426,
            3.770339012145996,
            3.6848697662353516,
            3.6618032455444336,
            3.638911247253418,
            3.6178014278411865,
            3.5885183811187744,
            3.546213150024414,
            3.757801055908203,
            3.697091817855835,
            3.7987442016601562,
            3.604060411453247,
            3.750547409057617,
            3.8115017414093018,
            3.628620147705078,
            3.688514471054077,
            3.7237560749053955,
            3.680433511734009,
            3.821324110031128,
            3.6891930103302,
            3.6962244510650635,
            3.720090389251709,
            3.7930264472961426,
            3.7448980808258057,
            3.9100418090820312
        ],
        "output_image_path": "/model_deploy_execution_attack_for_pipeline/outputs/fsanet_headpose_mnn_017374_ttba_attack/adversarial_image.png"
    }
}