{
    "status": "SUCCESS",
    "config": {
        "executable": "./resources/execution_files/emotion_ferplus_mnn",
        "benign_image": "/img_align_celeba/058463.jpg",
        "initial_adv_image": "/img_align_celeba/151453.jpg",
        "l2_epsilon_goal": 0.05,
        "linf_epsilon_goal": 0.06274509803921569,
        "query_budget": 40000,
        "max_iterations": 1000,
        "initial_queries": 50,
        "dimension_reduction": 1.0
    },
    "results": {
        "total_queries": 9055,
        "final_l2_distance": 4.19525671005249,
        "final_linf_distance": 0.056694790720939636,
        "total_duration_seconds": 306.1757004261017,
        "iteration_times_seconds": [
            6.406803607940674,
            6.736403226852417,
            6.856602668762207,
            6.977938890457153,
            7.086071252822876,
            7.170035123825073,
            7.323687791824341,
            7.509510278701782,
            7.492403507232666,
            7.586966037750244,
            7.697763681411743,
            7.791900157928467,
            7.791552782058716,
            7.907204627990723,
            8.0503408908844,
            8.130696535110474,
            8.183565378189087,
            8.226821422576904,
            8.225697040557861,
            8.310823202133179,
            8.353124856948853,
            8.454575061798096,
            8.396097183227539,
            8.423845529556274,
            8.450715065002441,
            8.424072980880737,
            8.577627897262573,
            8.180038213729858,
            8.3322114944458,
            8.272305965423584,
            8.134905338287354,
            8.230984926223755,
            8.221765756607056,
            8.231250286102295,
            8.336450099945068,
            8.342593908309937,
            8.473396301269531,
            8.434581995010376
        ],
        "output_image_path": "/model_deploy_execution_attack_for_pipeline/outputs/emotion_ferplus_mnn_058463_ttba_attack/adversarial_image.png"
    }
}