{
    "status": "BUDGET_EXHAUSTED",
    "config": {
        "executable": "./resources/execution_files/gender_googlenet_mnn",
        "benign_image": "/img_align_celeba/119359.jpg",
        "initial_adv_image": "/img_align_celeba/028184.jpg",
        "l2_epsilon_goal": 0.05,
        "linf_epsilon_goal": 0.06274509803921569,
        "query_budget": 40000,
        "max_iterations": 1000,
        "initial_queries": 50,
        "dimension_reduction": 1.0
    },
    "results": {
        "total_queries": 40044,
        "final_l2_distance": 4.468185901641846,
        "final_linf_distance": 0.07204091548919678,
        "total_duration_seconds": 916.8238573074341,
        "iteration_times_seconds": [
            6.090294599533081,
            6.469513177871704,
            6.415821075439453,
            6.555237293243408,
            6.671314477920532,
            6.769111633300781,
            6.940143823623657,
            7.027965545654297,
            7.0748045444488525,
            7.135062217712402,
            7.216896057128906,
            7.308922052383423,
            7.2795281410217285,
            7.455250263214111,
            7.491728067398071,
            7.462817668914795,
            7.383249998092651,
            7.466173410415649,
            7.532109022140503,
            7.586427688598633,
            7.539297342300415,
            7.545810699462891,
            7.482180833816528,
            7.551122188568115,
            7.7135326862335205,
            7.8019092082977295,
            7.805438995361328,
            7.821786642074585,
            8.021203994750977,
            7.958470821380615,
            8.022490978240967,
            7.976825714111328,
            8.06987190246582,
            8.111333131790161,
            8.107185363769531,
            8.025569915771484,
            7.987151622772217,
            8.03905439376831,
            8.105977535247803,
            8.078943014144897,
            8.299899816513062,
            8.249015808105469,
            8.333512306213379,
            8.376458168029785,
            8.457783699035645,
            8.490843534469604,
            8.441310405731201,
            8.441523790359497,
            8.476891040802002,
            8.581532001495361,
            8.552572965621948,
            8.55190896987915,
            8.552543878555298,
            8.614211559295654,
            8.604548692703247,
            8.687772750854492,
            8.794382333755493,
            8.852598428726196,
            8.83055853843689,
            8.837656021118164,
            8.932373762130737,
            8.94257664680481,
            8.890182733535767,
            8.989233016967773,
            9.032866954803467,
            9.074606895446777,
            9.08521032333374,
            9.079867601394653,
            9.192478656768799,
            9.116801023483276,
            9.041541576385498,
            9.062971115112305,
            9.0122389793396,
            9.069947481155396,
            9.131640195846558,
            9.089333295822144,
            9.051792621612549,
            9.221930027008057,
            9.22806191444397,
            9.280605554580688,
            9.388275146484375,
            9.571230173110962,
            9.599635362625122,
            9.580396890640259,
            9.487556219100952,
            9.499946594238281,
            9.501689195632935,
            9.613816022872925,
            9.524394750595093,
            9.546485662460327,
            9.522584438323975,
            9.458875894546509,
            9.703958511352539,
            9.667764663696289,
            9.703588008880615,
            9.553481101989746,
            9.723337650299072,
            9.695834398269653,
            9.82225251197815,
            9.800192832946777,
            9.759921789169312,
            9.637632131576538,
            9.902011156082153,
            9.90729308128357,
            9.915984630584717,
            9.762621879577637,
            10.101030588150024
        ],
        "output_image_path": "/model_deploy_execution_attack_for_pipeline/outputs/gender_googlenet_mnn_119359_ttba_attack/adversarial_image.png"
    }
}