{
    "status": "SUCCESS",
    "config": {
        "executable": "./resources/execution_files/ssrnet_age_mnn",
        "benign_image": "/img_align_celeba/084508.jpg",
        "initial_adv_image": "/img_align_celeba/201551.jpg",
        "l2_epsilon_goal": 0.05,
        "linf_epsilon_goal": 0.06274509803921569,
        "query_budget": 40000,
        "max_iterations": 1000,
        "initial_queries": 50,
        "dimension_reduction": 1.0
    },
    "results": {
        "total_queries": 16075,
        "final_l2_distance": 4.2966389656066895,
        "final_linf_distance": 0.05724310874938965,
        "total_duration_seconds": 150.18398523330688,
        "iteration_times_seconds": [
            2.2946090698242188,
            2.3597753047943115,
            2.4483327865600586,
            2.313309669494629,
            2.4065802097320557,
            2.4415578842163086,
            2.528174638748169,
            2.552077054977417,
            2.4843428134918213,
            2.5298027992248535,
            2.404447317123413,
            2.483567953109741,
            2.389233112335205,
            2.4430861473083496,
            2.421966791152954,
            2.502291679382324,
            2.5988340377807617,
            2.5340816974639893,
            2.521047353744507,
            2.5285098552703857,
            2.462639331817627,
            2.6113531589508057,
            2.5295560359954834,
            2.4830257892608643,
            2.4879159927368164,
            2.5821855068206787,
            2.6725316047668457,
            2.625054121017456,
            2.637718915939331,
            2.6798219680786133,
            2.6525468826293945,
            2.645266056060791,
            2.679241418838501,
            2.6296489238739014,
            2.623988151550293,
            2.563345193862915,
            2.678126573562622,
            2.7128520011901855,
            2.7010345458984375,
            2.6293978691101074,
            2.702568531036377,
            2.6112778186798096,
            2.7538909912109375,
            2.731750011444092,
            2.793199062347412,
            2.8106274604797363,
            2.7963287830352783,
            2.7525722980499268,
            2.8106706142425537,
            2.73953914642334,
            2.799525260925293,
            2.7630455493927,
            2.782351016998291,
            2.744255304336548,
            2.9428443908691406,
            2.8350422382354736,
            2.853106737136841
        ],
        "output_image_path": "/model_deploy_execution_attack_for_pipeline/outputs/ssrnet_age_mnn_084508_ttba_attack/adversarial_image.png"
    }
}