{
    "status": "SUCCESS",
    "config": {
        "executable": "./resources/execution_files/ssrnet_age_mnn",
        "benign_image": "/img_align_celeba/147225.jpg",
        "initial_adv_image": "/img_align_celeba/110369.jpg",
        "l2_epsilon_goal": 0.05,
        "linf_epsilon_goal": 0.06274509803921569,
        "query_budget": 40000,
        "max_iterations": 1000,
        "initial_queries": 50,
        "dimension_reduction": 1.0
    },
    "results": {
        "total_queries": 2017,
        "final_l2_distance": 4.207275390625,
        "final_linf_distance": 0.059571828693151474,
        "total_duration_seconds": 31.451114892959595,
        "iteration_times_seconds": [
            2.194786548614502,
            2.264622211456299,
            2.3662021160125732,
            2.2200067043304443,
            2.406283140182495,
            2.356358289718628,
            2.4295613765716553,
            2.190251111984253,
            2.2357261180877686,
            2.2286624908447266,
            2.2620036602020264,
            2.3693761825561523,
            2.3811075687408447
        ],
        "output_image_path": "/model_deploy_execution_attack_for_pipeline/outputs/ssrnet_age_mnn_147225_ttba_attack/adversarial_image.png"
    }
}