{
    "status": "BUDGET_EXHAUSTED",
    "config": {
        "executable": "./resources/execution_files/age_googlenet_mnn",
        "benign_image": "/img_align_celeba/011705.jpg",
        "initial_adv_image": "/img_align_celeba/00000005.png",
        "l2_epsilon_goal": 0.05,
        "linf_epsilon_goal": 0.06274509803921569,
        "query_budget": 40000,
        "max_iterations": 1000,
        "initial_queries": 50,
        "dimension_reduction": 1.0
    },
    "results": {
        "total_queries": 40341,
        "final_l2_distance": 46.96604537963867,
        "final_linf_distance": 0.6274471879005432,
        "total_duration_seconds": 1148.364005804062,
        "iteration_times_seconds": [
            7.79656720161438,
            8.102617502212524,
            8.171895980834961,
            8.300658702850342,
            8.399739503860474,
            8.515729665756226,
            8.794535160064697,
            8.948914289474487,
            8.832591772079468,
            8.928121089935303,
            8.930836915969849,
            9.104969024658203,
            9.25491738319397,
            9.216705083847046,
            9.38874626159668,
            9.462532997131348,
            9.566611766815186,
            9.495531558990479,
            9.577923774719238,
            9.644083023071289,
            9.655719518661499,
            9.38923692703247,
            9.490855932235718,
            9.679807662963867,
            9.613366842269897,
            9.677808284759521,
            9.880529403686523,
            9.838835716247559,
            9.870701551437378,
            9.985623598098755,
            9.93245005607605,
            9.96275544166565,
            9.984492063522339,
            10.039209127426147,
            10.023960828781128,
            10.124024391174316,
            10.124122858047485,
            10.24156379699707,
            10.246614694595337,
            10.364096403121948,
            10.279972553253174,
            10.536761283874512,
            10.57583475112915,
            10.489884376525879,
            10.592287302017212,
            10.607354640960693,
            10.674554824829102,
            10.607959985733032,
            10.697859525680542,
            10.645223140716553,
            10.813756704330444,
            10.721229314804077,
            10.74947190284729,
            10.792006492614746,
            10.913615465164185,
            10.901923179626465,
            10.878597259521484,
            11.007053852081299,
            10.950883388519287,
            11.04440689086914,
            11.278650999069214,
            11.198510646820068,
            11.26898717880249,
            11.29381275177002,
            11.245041608810425,
            11.319617509841919,
            11.38548994064331,
            11.406625986099243,
            11.341187715530396,
            11.404536962509155,
            11.459118127822876,
            11.352360963821411,
            11.407036781311035,
            11.53307318687439,
            11.551146268844604,
            11.60207748413086,
            11.514776468276978,
            11.518308639526367,
            11.613988161087036,
            11.631705522537231,
            11.76243782043457,
            11.756173372268677,
            11.81198525428772,
            11.822386741638184,
            11.825479745864868,
            11.996972799301147,
            11.980685710906982,
            11.978137493133545,
            11.891993999481201,
            11.92850375175476,
            11.922728061676025,
            11.936398029327393,
            12.081603765487671,
            12.080050230026245,
            12.097046375274658,
            12.176199436187744,
            12.183418035507202,
            12.039497137069702,
            11.917310953140259,
            11.9277982711792,
            11.990150690078735,
            11.993308544158936,
            11.979440927505493,
            12.10477066040039,
            12.071787595748901,
            12.101768970489502,
            12.192195892333984
        ],
        "output_image_path": "/model_deploy_execution_attack_for_pipeline/outputs/age_googlenet_mnn_011705_ttba_attack/adversarial_image.png"
    }
}