{
    "status": "SUCCESS",
    "config": {
        "executable": "resources/execution_files/gender_googlenet_mnn",
        "benign_image": "/img_align_celeba/058463.jpg",
        "initial_adv_image": "/img_align_celeba/116718.jpg",
        "l2_epsilon_goal": 0.05,
        "linf_epsilon_goal": 0.06274509803921569,
        "query_budget": 40000,
        "max_iterations": 1000,
        "initial_queries": 50,
        "dimension_reduction": 1.0
    },
    "results": {
        "total_queries": 29105,
        "final_l2_distance": 4.606499671936035,
        "final_linf_distance": 0.06259119510650635,
        "total_duration_seconds": 724.9060354232788,
        "iteration_times_seconds": [
            5.928059816360474,
            6.208923816680908,
            6.351961135864258,
            6.407325506210327,
            6.348034143447876,
            6.488807439804077,
            6.65164041519165,
            6.76770806312561,
            6.808168172836304,
            6.905913591384888,
            6.992520093917847,
            7.0588905811309814,
            7.146777391433716,
            7.224905014038086,
            7.386467695236206,
            7.37652063369751,
            7.362927675247192,
            7.378676891326904,
            7.399897813796997,
            7.431280136108398,
            7.566751003265381,
            7.577307224273682,
            7.609665870666504,
            7.69561767578125,
            7.667473554611206,
            7.7917704582214355,
            7.965605020523071,
            8.028042078018188,
            8.03555941581726,
            7.986197471618652,
            8.048583269119263,
            8.099833965301514,
            8.085368394851685,
            8.266758680343628,
            8.229130744934082,
            8.170525312423706,
            8.315882205963135,
            8.432602405548096,
            8.477946758270264,
            8.429202318191528,
            8.464140176773071,
            8.603584289550781,
            8.682481527328491,
            8.720317602157593,
            8.671084880828857,
            8.677899837493896,
            8.654888391494751,
            8.740753173828125,
            8.824633836746216,
            8.849889516830444,
            8.826943397521973,
            8.772123098373413,
            8.823896884918213,
            8.93437385559082,
            8.84479284286499,
            8.945209503173828,
            9.084915399551392,
            9.044624090194702,
            8.904411792755127,
            9.112329959869385,
            9.047537565231323,
            9.113685607910156,
            9.174225091934204,
            9.169330596923828,
            9.234746932983398,
            9.323275089263916,
            9.25436019897461,
            9.253068685531616,
            9.203515768051147,
            9.317528247833252,
            9.287126302719116,
            9.523453712463379,
            9.468042850494385,
            9.499467134475708,
            9.536599397659302,
            9.501219034194946,
            9.512303113937378,
            9.58732533454895,
            9.606168746948242,
            9.672474145889282,
            9.791183233261108,
            9.777165174484253,
            9.850165843963623,
            9.906046152114868,
            9.863361120223999,
            9.86413836479187
        ],
        "output_image_path": "/model_deploy_execution_attack_for_pipeline/outputs/gender_googlenet_mnn_058463_ttba_attack/adversarial_image.png"
    }
}