{
    "status": "BUDGET_EXHAUSTED",
    "config": {
        "executable": "./resources/execution_files/ssrnet_age_mnn",
        "benign_image": "/img_align_celeba/128190.jpg",
        "initial_adv_image": "/img_align_celeba/074823.jpg",
        "l2_epsilon_goal": 0.05,
        "linf_epsilon_goal": 0.06274509803921569,
        "query_budget": 40000,
        "max_iterations": 1000,
        "initial_queries": 50,
        "dimension_reduction": 1.0
    },
    "results": {
        "total_queries": 40076,
        "final_l2_distance": 5.395522117614746,
        "final_linf_distance": 0.07096880674362183,
        "total_duration_seconds": 311.39563274383545,
        "iteration_times_seconds": [
            2.1900012493133545,
            2.2737061977386475,
            2.3026962280273438,
            2.2253501415252686,
            2.3478968143463135,
            2.3938052654266357,
            2.296539545059204,
            2.455721855163574,
            2.6121015548706055,
            2.500161647796631,
            2.486276865005493,
            2.472472667694092,
            2.5751354694366455,
            2.5830636024475098,
            2.5070748329162598,
            2.5729901790618896,
            2.564548969268799,
            2.646559000015259,
            2.6787004470825195,
            2.613189220428467,
            2.6967968940734863,
            2.594440460205078,
            2.5574700832366943,
            2.8142611980438232,
            2.6611905097961426,
            2.7202601432800293,
            2.7428336143493652,
            2.668431520462036,
            2.732309579849243,
            2.7342159748077393,
            2.763327121734619,
            2.840914487838745,
            2.876009225845337,
            2.8351104259490967,
            2.669804811477661,
            2.7649004459381104,
            2.823028326034546,
            2.7026760578155518,
            2.843842029571533,
            2.912322521209717,
            2.760068416595459,
            2.836890697479248,
            2.8975682258605957,
            2.843684434890747,
            2.888451337814331,
            2.880341053009033,
            2.8170669078826904,
            2.9007647037506104,
            2.8656346797943115,
            2.902735471725464,
            2.816582202911377,
            3.1071059703826904,
            2.9176440238952637,
            2.8901619911193848,
            2.9225761890411377,
            2.854937791824341,
            2.899099349975586,
            2.890242338180542,
            3.0341320037841797,
            2.915700674057007,
            2.8973195552825928,
            2.9385154247283936,
            2.8748629093170166,
            2.94783091545105,
            2.9850034713745117,
            2.994852304458618,
            3.004258394241333,
            3.2445106506347656,
            2.9544761180877686,
            3.2131762504577637,
            3.1123509407043457,
            3.3345463275909424,
            3.184558391571045,
            3.2661166191101074,
            3.4070727825164795,
            3.03671932220459,
            3.3044939041137695,
            3.0353751182556152,
            2.98661208152771,
            3.1205146312713623,
            3.0102171897888184,
            3.192293167114258,
            3.186457395553589,
            3.207867383956909,
            3.144335985183716,
            3.1531176567077637,
            3.1067934036254883,
            3.278301477432251,
            3.2966456413269043,
            3.2058255672454834,
            3.205510139465332,
            3.232926368713379,
            3.1906092166900635,
            3.0820000171661377,
            3.3739774227142334,
            3.149320125579834,
            3.142232656478882,
            3.131679058074951,
            3.214431047439575,
            3.178467273712158,
            3.195700168609619,
            3.1542904376983643,
            3.2003591060638428,
            3.1296820640563965,
            3.2579190731048584,
            3.2018537521362305,
            3.176405668258667
        ],
        "output_image_path": "/model_deploy_execution_attack_for_pipeline/outputs/ssrnet_age_mnn_128190_ttba_attack/adversarial_image.png"
    }
}