{
    "status": "BUDGET_EXHAUSTED",
    "config": {
        "executable": "resources/execution_files/gender_googlenet_mnn",
        "benign_image": "/img_align_celeba/023990.jpg",
        "initial_adv_image": "/img_align_celeba/139923.jpg",
        "l2_epsilon_goal": 0.05,
        "linf_epsilon_goal": 0.06274509803921569,
        "query_budget": 40000,
        "max_iterations": 1000,
        "initial_queries": 50,
        "dimension_reduction": 1.0
    },
    "results": {
        "total_queries": 40038,
        "final_l2_distance": 5.590885162353516,
        "final_linf_distance": 0.06838449835777283,
        "total_duration_seconds": 951.2369658946991,
        "iteration_times_seconds": [
            6.059506177902222,
            6.360389232635498,
            6.451009750366211,
            6.467730283737183,
            6.5565714836120605,
            6.793123960494995,
            6.950610637664795,
            6.969111680984497,
            7.063219308853149,
            7.166047811508179,
            7.151450872421265,
            7.275619029998779,
            7.191680908203125,
            7.337953329086304,
            7.383688449859619,
            7.52219033241272,
            7.536195516586304,
            7.548024415969849,
            7.594822645187378,
            7.693079471588135,
            7.6606035232543945,
            7.805468559265137,
            7.82953143119812,
            7.831433057785034,
            7.818864583969116,
            7.984621047973633,
            8.094793319702148,
            8.126054048538208,
            8.202340126037598,
            8.266198873519897,
            8.332934379577637,
            8.241803884506226,
            8.363064289093018,
            8.44036054611206,
            8.343751907348633,
            8.490020990371704,
            8.537450551986694,
            8.486295461654663,
            8.426428079605103,
            8.486414194107056,
            8.553993463516235,
            8.429372072219849,
            8.653863430023193,
            8.654027223587036,
            8.7362060546875,
            8.822997093200684,
            8.71654462814331,
            8.75713324546814,
            8.84872841835022,
            8.882615327835083,
            8.877795219421387,
            8.909197807312012,
            8.96350884437561,
            8.997803926467896,
            9.092738628387451,
            9.054480791091919,
            9.027131080627441,
            9.04809856414795,
            9.130369424819946,
            9.284467458724976,
            9.277249574661255,
            9.343056678771973,
            9.373433589935303,
            9.475934028625488,
            9.51087760925293,
            9.544491291046143,
            9.521543741226196,
            9.443356990814209,
            9.413242816925049,
            9.52718210220337,
            9.478536605834961,
            9.421286582946777,
            9.671995639801025,
            9.650954723358154,
            9.634605407714844,
            9.717910528182983,
            9.734301090240479,
            9.807364225387573,
            9.82560682296753,
            9.77898383140564,
            9.940785646438599,
            10.032989740371704,
            9.987644672393799,
            10.026778936386108,
            9.96304178237915,
            10.099760293960571,
            9.946185111999512,
            9.922916173934937,
            9.971988677978516,
            9.891140937805176,
            9.94982624053955,
            9.97159218788147,
            10.03557300567627,
            10.136268854141235,
            10.172624826431274,
            10.236428022384644,
            10.146592378616333,
            10.195133686065674,
            10.288493394851685,
            10.28110647201538,
            10.272658824920654,
            10.240699291229248,
            10.179486274719238,
            10.376262903213501,
            10.327671766281128,
            10.40934705734253,
            10.494516134262085
        ],
        "output_image_path": "/model_deploy_execution_attack_for_pipeline/outputs/gender_googlenet_mnn_023990_ttba_attack/adversarial_image.png"
    }
}