{
    "status": "BUDGET_EXHAUSTED",
    "config": {
        "executable": "./resources/execution_files/fsanet_headpose_mnn",
        "benign_image": "/img_align_celeba/185616.jpg",
        "initial_adv_image": "/img_align_celeba/046885.jpg",
        "l2_epsilon_goal": 0.05,
        "linf_epsilon_goal": 0.06274509803921569,
        "query_budget": 40000,
        "max_iterations": 1000,
        "initial_queries": 50,
        "dimension_reduction": 1.0
    },
    "results": {
        "total_queries": 40077,
        "final_l2_distance": 7.144401550292969,
        "final_linf_distance": 0.09868404269218445,
        "total_duration_seconds": 359.7511239051819,
        "iteration_times_seconds": [
            2.639653444290161,
            2.807642936706543,
            2.8698341846466064,
            2.8218891620635986,
            2.6174867153167725,
            2.845167636871338,
            2.7989919185638428,
            2.8279314041137695,
            2.9141409397125244,
            2.861560583114624,
            2.9884603023529053,
            2.9653871059417725,
            2.9316816329956055,
            3.0329198837280273,
            2.9714884757995605,
            2.9412682056427,
            2.952655792236328,
            2.973212718963623,
            3.019930124282837,
            2.96947979927063,
            2.9767775535583496,
            2.930887460708618,
            3.0106587409973145,
            3.0175681114196777,
            3.005695104598999,
            3.0927696228027344,
            3.009202003479004,
            3.1441650390625,
            3.2970798015594482,
            3.0626049041748047,
            3.1232542991638184,
            3.166210651397705,
            3.2068164348602295,
            3.1885533332824707,
            3.180546998977661,
            3.2489066123962402,
            3.30682373046875,
            3.338219404220581,
            3.254129409790039,
            3.3364768028259277,
            3.319927930831909,
            3.2706806659698486,
            3.3108737468719482,
            3.2538673877716064,
            3.486029863357544,
            3.3555617332458496,
            3.4042084217071533,
            3.424715757369995,
            3.3887147903442383,
            3.350612163543701,
            3.4925880432128906,
            3.329515218734741,
            3.327500820159912,
            3.350008487701416,
            3.3360097408294678,
            3.4184045791625977,
            3.417020082473755,
            3.4214541912078857,
            3.319180727005005,
            3.425288677215576,
            3.4329652786254883,
            3.306811571121216,
            3.4417881965637207,
            3.357017755508423,
            3.484682559967041,
            3.4922823905944824,
            3.4501373767852783,
            3.481557846069336,
            3.4350650310516357,
            3.5078377723693848,
            3.6036553382873535,
            3.4222419261932373,
            3.474449634552002,
            3.5043509006500244,
            3.5931687355041504,
            3.557129144668579,
            3.57791805267334,
            3.562638521194458,
            3.644120693206787,
            3.6788625717163086,
            3.641852617263794,
            3.5838773250579834,
            3.5992000102996826,
            3.612182378768921,
            3.6231350898742676,
            3.725944995880127,
            3.6107656955718994,
            3.5627989768981934,
            3.7682416439056396,
            3.7565207481384277,
            3.722139596939087,
            3.659926176071167,
            3.6932356357574463,
            3.6341192722320557,
            3.690511465072632,
            3.742664098739624,
            3.7093396186828613,
            3.7765438556671143,
            3.7808351516723633,
            3.7493960857391357,
            3.834118127822876,
            3.6171603202819824,
            3.7236461639404297,
            3.839967966079712,
            3.7981574535369873,
            3.751948595046997,
            3.742046356201172
        ],
        "output_image_path": "/model_deploy_execution_attack_for_pipeline/outputs/fsanet_headpose_mnn_185616_ttba_attack/adversarial_image.png"
    }
}