{
    "status": "BUDGET_EXHAUSTED",
    "config": {
        "executable": "./resources/execution_files/emotion_ferplus_mnn",
        "benign_image": "/img_align_celeba/056328.jpg",
        "initial_adv_image": "/img_align_celeba/148102.jpg",
        "l2_epsilon_goal": 0.05,
        "linf_epsilon_goal": 0.06274509803921569,
        "query_budget": 40000,
        "max_iterations": 1000,
        "initial_queries": 50,
        "dimension_reduction": 1.0
    },
    "results": {
        "total_queries": 40049,
        "final_l2_distance": 4.3951263427734375,
        "final_linf_distance": 0.0989428460597992,
        "total_duration_seconds": 983.2942519187927,
        "iteration_times_seconds": [
            6.551454544067383,
            6.92011833190918,
            7.071068048477173,
            7.156152009963989,
            7.409382104873657,
            7.34729790687561,
            7.425048351287842,
            7.435792684555054,
            7.531460762023926,
            7.618810176849365,
            7.640857219696045,
            7.729726552963257,
            7.811593532562256,
            7.8737475872039795,
            8.085711002349854,
            8.033307313919067,
            8.15233826637268,
            8.190562009811401,
            8.208593606948853,
            8.243855714797974,
            8.135640859603882,
            8.251828908920288,
            8.272037744522095,
            8.302366495132446,
            8.242825508117676,
            8.13245964050293,
            8.35615348815918,
            8.433528900146484,
            8.429847478866577,
            8.483597755432129,
            8.370140552520752,
            8.398805618286133,
            8.452368974685669,
            8.503991842269897,
            8.594762802124023,
            8.552002191543579,
            8.665432214736938,
            8.690114498138428,
            8.658460855484009,
            8.674930095672607,
            8.753093719482422,
            8.92631459236145,
            8.858041524887085,
            8.980483770370483,
            8.932564735412598,
            9.027860879898071,
            9.093651294708252,
            9.089186668395996,
            9.107918500900269,
            9.19912838935852,
            9.211992263793945,
            9.251036167144775,
            9.283593654632568,
            9.244490623474121,
            9.2180335521698,
            9.306124687194824,
            9.366569757461548,
            9.446935415267944,
            9.557883262634277,
            9.531844139099121,
            9.588968753814697,
            9.615988969802856,
            9.626835107803345,
            9.637758255004883,
            9.683587789535522,
            9.89209508895874,
            9.777210712432861,
            9.621220827102661,
            9.689619541168213,
            9.692941665649414,
            9.59135627746582,
            9.676133632659912,
            9.671653509140015,
            9.727465152740479,
            9.74086332321167,
            9.817622423171997,
            9.846308469772339,
            9.808159828186035,
            9.910626411437988,
            9.837133407592773,
            10.02495265007019,
            10.004708766937256,
            9.982200622558594,
            10.126043558120728,
            10.218743085861206,
            10.257730484008789,
            10.298685073852539,
            10.17559289932251,
            10.264718055725098,
            10.304386377334595,
            10.366868734359741,
            10.25482988357544,
            10.288781642913818,
            10.324826955795288,
            10.372132778167725,
            10.407860040664673,
            10.369874238967896,
            10.432292938232422,
            10.446852922439575,
            10.59528660774231,
            10.597346067428589,
            10.58802580833435,
            10.650823593139648,
            10.534647464752197,
            10.68861985206604,
            10.586952209472656,
            10.801446914672852
        ],
        "output_image_path": "/model_deploy_execution_attack_for_pipeline/outputs/emotion_ferplus_mnn_056328_ttba_attack/adversarial_image.png"
    }
}