{
    "status": "SUCCESS",
    "config": {
        "executable": "./resources/execution_files/fsanet_headpose_mnn",
        "benign_image": "/img_align_celeba/153250.jpg",
        "initial_adv_image": "/img_align_celeba/154517.jpg",
        "l2_epsilon_goal": 0.05,
        "linf_epsilon_goal": 0.06274509803921569,
        "query_budget": 40000,
        "max_iterations": 1000,
        "initial_queries": 50,
        "dimension_reduction": 1.0
    },
    "results": {
        "total_queries": 27219,
        "final_l2_distance": 5.098257541656494,
        "final_linf_distance": 0.06257414072751999,
        "total_duration_seconds": 264.9470109939575,
        "iteration_times_seconds": [
            2.696152448654175,
            2.7799699306488037,
            2.7172834873199463,
            3.0091912746429443,
            2.8048171997070312,
            2.8285179138183594,
            2.828502893447876,
            3.0897324085235596,
            2.963212490081787,
            2.9709322452545166,
            2.9770255088806152,
            2.832670211791992,
            2.9457883834838867,
            2.903306245803833,
            3.128851890563965,
            3.1146020889282227,
            3.0687174797058105,
            2.9333250522613525,
            3.0992648601531982,
            3.148329973220825,
            3.169917106628418,
            2.987510919570923,
            3.0771830081939697,
            3.0769736766815186,
            3.0548195838928223,
            3.106605291366577,
            3.1572518348693848,
            2.9679274559020996,
            3.0604069232940674,
            3.206085443496704,
            3.0965394973754883,
            3.039774179458618,
            3.0937163829803467,
            3.225311040878296,
            3.1005971431732178,
            3.0911786556243896,
            3.109919309616089,
            3.189178466796875,
            3.1565358638763428,
            3.2318036556243896,
            3.28568959236145,
            3.2520010471343994,
            3.1994943618774414,
            3.307671070098877,
            3.2575314044952393,
            3.259622097015381,
            3.2725327014923096,
            3.303387403488159,
            3.228505849838257,
            3.347892999649048,
            3.253812551498413,
            3.298539638519287,
            3.321345567703247,
            3.322922706604004,
            3.3324317932128906,
            3.425016164779663,
            3.3480260372161865,
            3.4379935264587402,
            3.405630111694336,
            3.348384380340576,
            3.3193647861480713,
            3.3692126274108887,
            3.5142781734466553,
            3.4489824771881104,
            3.4345309734344482,
            3.4427623748779297,
            3.396413564682007,
            3.3768372535705566,
            3.3908884525299072,
            3.453826427459717,
            3.348360776901245,
            3.484809398651123,
            3.4464516639709473,
            3.482886552810669,
            3.457484006881714,
            3.391115665435791,
            3.4659383296966553,
            3.5281894207000732,
            3.518022298812866,
            3.5225298404693604,
            3.516826629638672,
            3.614342451095581
        ],
        "output_image_path": "/model_deploy_execution_attack_for_pipeline/outputs/fsanet_headpose_mnn_153250_ttba_attack/adversarial_image.png"
    }
}