{
    "status": "SUCCESS",
    "config": {
        "executable": "resources/execution_files/gender_googlenet_mnn",
        "benign_image": "/img_align_celeba/138354.jpg",
        "initial_adv_image": "/img_align_celeba/116718.jpg",
        "l2_epsilon_goal": 0.05,
        "linf_epsilon_goal": 0.06274509803921569,
        "query_budget": 40000,
        "max_iterations": 1000,
        "initial_queries": 50,
        "dimension_reduction": 1.0
    },
    "results": {
        "total_queries": 7354,
        "final_l2_distance": 4.681642055511475,
        "final_linf_distance": 0.0600704550743103,
        "total_duration_seconds": 241.3878049850464,
        "iteration_times_seconds": [
            6.045178174972534,
            6.088447093963623,
            6.162727117538452,
            6.295763254165649,
            6.352505445480347,
            6.469349384307861,
            6.7914557456970215,
            6.811441421508789,
            6.903448581695557,
            6.933724880218506,
            6.844482660293579,
            6.976811408996582,
            6.931148529052734,
            7.13440203666687,
            7.226400375366211,
            7.274677753448486,
            7.287593126296997,
            7.355529308319092,
            7.36913275718689,
            7.464478969573975,
            7.471202611923218,
            7.612394571304321,
            7.538992643356323,
            7.4595417976379395,
            7.576138973236084,
            7.600993394851685,
            7.804486274719238,
            7.760197639465332,
            7.905020236968994,
            7.856081485748291,
            7.945840358734131,
            7.9504759311676025,
            7.939947128295898
        ],
        "output_image_path": "/model_deploy_execution_attack_for_pipeline/outputs/gender_googlenet_mnn_138354_ttba_attack/adversarial_image.png"
    }
}