{
    "status": "SUCCESS",
    "config": {
        "executable": "./resources/execution_files/gender_googlenet_mnn",
        "benign_image": "/img_align_celeba/130913.jpg",
        "initial_adv_image": "/img_align_celeba/046885.jpg",
        "l2_epsilon_goal": 0.05,
        "linf_epsilon_goal": 0.06274509803921569,
        "query_budget": 40000,
        "max_iterations": 1000,
        "initial_queries": 50,
        "dimension_reduction": 1.0
    },
    "results": {
        "total_queries": 892,
        "final_l2_distance": 4.377021789550781,
        "final_linf_distance": 0.055158406496047974,
        "total_duration_seconds": 47.650864124298096,
        "iteration_times_seconds": [
            6.042721271514893,
            6.402108192443848,
            6.081818580627441,
            6.180138111114502,
            6.209763288497925,
            6.261376857757568,
            6.256359815597534
        ],
        "output_image_path": "/model_deploy_execution_attack_for_pipeline/outputs/gender_googlenet_mnn_130913_ttba_attack/adversarial_image.png"
    }
}