{
    "status": "BUDGET_EXHAUSTED",
    "config": {
        "executable": "./resources/execution_files/age_googlenet_mnn",
        "benign_image": "/img_align_celeba/191105.jpg",
        "initial_adv_image": "/img_align_celeba/00000009.png",
        "l2_epsilon_goal": 0.05,
        "linf_epsilon_goal": 0.06274509803921569,
        "query_budget": 40000,
        "max_iterations": 1000,
        "initial_queries": 50,
        "dimension_reduction": 1.0
    },
    "results": {
        "total_queries": 40307,
        "final_l2_distance": 44.297935485839844,
        "final_linf_distance": 0.5879374742507935,
        "total_duration_seconds": 1136.1711208820343,
        "iteration_times_seconds": [
            7.640167474746704,
            7.808342695236206,
            7.916818380355835,
            8.006839990615845,
            8.129304647445679,
            8.221113920211792,
            8.44806170463562,
            8.502762079238892,
            8.6154465675354,
            8.638602018356323,
            8.72542142868042,
            8.866422414779663,
            8.91338849067688,
            8.886927127838135,
            9.110196352005005,
            9.173984289169312,
            9.246779203414917,
            9.378804206848145,
            9.394527912139893,
            9.353315830230713,
            9.417299509048462,
            9.382974624633789,
            9.4175386428833,
            9.491713285446167,
            9.688919067382812,
            9.716073036193848,
            9.8050696849823,
            9.892545223236084,
            9.898742437362671,
            9.837857723236084,
            9.949342250823975,
            9.912895917892456,
            10.059203147888184,
            10.02751088142395,
            10.031952381134033,
            10.092963457107544,
            10.25158977508545,
            10.241162061691284,
            10.226425886154175,
            10.420081377029419,
            10.229131698608398,
            10.475242614746094,
            10.525550603866577,
            10.440654277801514,
            10.498331308364868,
            10.63781476020813,
            10.565197467803955,
            10.519923448562622,
            10.589172601699829,
            10.602414846420288,
            10.694673776626587,
            10.65043306350708,
            10.792564868927002,
            10.725876092910767,
            10.844698667526245,
            10.914199113845825,
            10.938065528869629,
            10.905871629714966,
            10.985613107681274,
            11.138793706893921,
            11.11951756477356,
            11.113513708114624,
            11.138836145401001,
            11.211098909378052,
            11.203622579574585,
            11.294673681259155,
            11.273731708526611,
            11.22547197341919,
            11.271289587020874,
            11.374732971191406,
            11.270907640457153,
            11.408874750137329,
            11.317381381988525,
            11.370909214019775,
            11.49658727645874,
            11.55568814277649,
            11.471009016036987,
            11.59707760810852,
            11.655324220657349,
            11.538384437561035,
            11.812323331832886,
            11.77098274230957,
            11.797930717468262,
            11.767754077911377,
            11.563865900039673,
            11.581105947494507,
            11.589150667190552,
            11.720733880996704,
            11.650216579437256,
            11.705620288848877,
            11.77711009979248,
            11.690396308898926,
            11.650980949401855,
            11.73236346244812,
            11.846924543380737,
            11.783210277557373,
            11.813941717147827,
            11.87433385848999,
            11.967148303985596,
            11.929720878601074,
            11.969157457351685,
            11.986068725585938,
            12.003741025924683,
            12.086539030075073,
            12.115883350372314,
            12.120977401733398,
            12.120868682861328
        ],
        "output_image_path": "/model_deploy_execution_attack_for_pipeline/outputs/age_googlenet_mnn_191105_ttba_attack/adversarial_image.png"
    }
}