{
    "status": "BUDGET_EXHAUSTED",
    "config": {
        "executable": "./resources/execution_files/emotion_ferplus_mnn",
        "benign_image": "/img_align_celeba/085170.jpg",
        "initial_adv_image": "/img_align_celeba/046885.jpg",
        "l2_epsilon_goal": 0.05,
        "linf_epsilon_goal": 0.06274509803921569,
        "query_budget": 40000,
        "max_iterations": 1000,
        "initial_queries": 50,
        "dimension_reduction": 1.0
    },
    "results": {
        "total_queries": 40058,
        "final_l2_distance": 6.138646125793457,
        "final_linf_distance": 0.11164519190788269,
        "total_duration_seconds": 985.5009398460388,
        "iteration_times_seconds": [
            6.276108264923096,
            6.450340032577515,
            6.623445510864258,
            6.895308971405029,
            6.964044570922852,
            7.052592515945435,
            7.307364463806152,
            7.330115795135498,
            7.411822557449341,
            7.480237722396851,
            7.504403829574585,
            7.610794544219971,
            7.511407136917114,
            7.473987817764282,
            7.610186576843262,
            7.925118446350098,
            7.729953050613403,
            7.882420301437378,
            7.702598333358765,
            7.866026163101196,
            7.962644577026367,
            7.994781017303467,
            8.054203271865845,
            8.183701038360596,
            8.265190362930298,
            8.20677137374878,
            8.39014482498169,
            8.450400590896606,
            8.501010656356812,
            8.547094821929932,
            8.601581335067749,
            8.656355142593384,
            8.583441972732544,
            8.723405361175537,
            8.816012382507324,
            8.706999063491821,
            8.777132749557495,
            8.833912134170532,
            8.792068719863892,
            8.96561884880066,
            8.900390148162842,
            8.814895868301392,
            8.889530897140503,
            8.990656614303589,
            9.009773015975952,
            8.980313062667847,
            9.032331228256226,
            9.073221921920776,
            9.100698471069336,
            9.240231275558472,
            9.249738454818726,
            9.245194435119629,
            9.193547487258911,
            9.328466653823853,
            9.348649740219116,
            9.280500411987305,
            9.28663158416748,
            9.434994459152222,
            9.461133241653442,
            9.568040370941162,
            9.573528051376343,
            9.647475004196167,
            9.61051344871521,
            9.642457485198975,
            9.73450493812561,
            9.736328363418579,
            9.728681325912476,
            9.730359077453613,
            9.873110055923462,
            9.785324573516846,
            9.807352304458618,
            9.828161478042603,
            9.837676763534546,
            9.932960987091064,
            9.922766923904419,
            10.021643161773682,
            10.021341800689697,
            10.09054708480835,
            10.127141237258911,
            10.164109706878662,
            10.218220949172974,
            10.284236431121826,
            10.295209407806396,
            10.301671981811523,
            10.23786187171936,
            10.370214223861694,
            10.423858404159546,
            10.40256404876709,
            10.415433883666992,
            10.481707334518433,
            10.486870050430298,
            10.582056283950806,
            10.583561897277832,
            10.573303937911987,
            10.596993684768677,
            10.494687557220459,
            10.704418897628784,
            10.711823463439941,
            10.70229434967041,
            10.685218334197998,
            10.771015167236328,
            10.799679040908813,
            10.527133226394653,
            10.547907590866089,
            10.644680261611938,
            10.694463729858398,
            10.649905920028687
        ],
        "output_image_path": "/model_deploy_execution_attack_for_pipeline/outputs/emotion_ferplus_mnn_085170_ttba_attack/adversarial_image.png"
    }
}