{
    "status": "BUDGET_EXHAUSTED",
    "config": {
        "executable": "./resources/execution_files/gender_googlenet_mnn",
        "benign_image": "/img_align_celeba/095411.jpg",
        "initial_adv_image": "/img_align_celeba/195377.jpg",
        "l2_epsilon_goal": 0.05,
        "linf_epsilon_goal": 0.06274509803921569,
        "query_budget": 40000,
        "max_iterations": 1000,
        "initial_queries": 50,
        "dimension_reduction": 1.0
    },
    "results": {
        "total_queries": 40140,
        "final_l2_distance": 8.38474178314209,
        "final_linf_distance": 0.1376168131828308,
        "total_duration_seconds": 934.6404221057892,
        "iteration_times_seconds": [
            6.103208780288696,
            6.33043909072876,
            6.512044429779053,
            6.609755992889404,
            6.645017385482788,
            6.744199275970459,
            6.915637969970703,
            7.060222148895264,
            7.011768579483032,
            7.157040119171143,
            7.134026050567627,
            7.192609786987305,
            7.345251560211182,
            7.4061877727508545,
            7.5478503704071045,
            7.624191045761108,
            7.665516376495361,
            7.696718692779541,
            7.6093244552612305,
            7.817630052566528,
            7.814556360244751,
            7.812016487121582,
            7.880360841751099,
            7.953919410705566,
            7.9802751541137695,
            7.914259910583496,
            8.048177480697632,
            8.021029472351074,
            8.093459367752075,
            8.079376220703125,
            8.234776020050049,
            8.169684886932373,
            8.19544529914856,
            8.277908086776733,
            8.376128673553467,
            8.338796854019165,
            8.493900299072266,
            8.410716772079468,
            8.236435413360596,
            8.338632345199585,
            8.363840818405151,
            8.554970026016235,
            8.483175992965698,
            8.762694597244263,
            8.554028987884521,
            8.562543392181396,
            8.71683120727539,
            8.597527980804443,
            8.68835186958313,
            8.754095792770386,
            8.724924564361572,
            8.763872385025024,
            8.831905126571655,
            8.80072808265686,
            8.922307014465332,
            8.983849048614502,
            8.961096048355103,
            9.00990080833435,
            8.976954698562622,
            9.116848945617676,
            9.191660642623901,
            9.180766105651855,
            9.244094848632812,
            9.270378589630127,
            9.177263021469116,
            9.230586767196655,
            9.251310348510742,
            9.26720142364502,
            9.076014518737793,
            9.169779777526855,
            9.103638648986816,
            9.217093467712402,
            9.213056564331055,
            9.287264347076416,
            9.292148351669312,
            9.323939561843872,
            9.31507396697998,
            9.381765842437744,
            9.364107608795166,
            9.467467069625854,
            9.302963495254517,
            9.617892026901245,
            9.593097448348999,
            9.613332271575928,
            9.707052946090698,
            9.638532876968384,
            9.830697298049927,
            9.760111093521118,
            9.669121026992798,
            9.713174104690552,
            9.73934006690979,
            9.844910621643066,
            9.760333061218262,
            9.80928111076355,
            9.818370342254639,
            9.766803503036499,
            9.779203653335571,
            9.961665868759155,
            9.939152002334595,
            9.935494899749756,
            9.986122369766235,
            10.060730695724487,
            9.935336828231812,
            10.076453685760498,
            10.182481288909912,
            10.182514905929565,
            10.193776369094849
        ],
        "output_image_path": "/model_deploy_execution_attack_for_pipeline/outputs/gender_googlenet_mnn_095411_ttba_attack/adversarial_image.png"
    }
}