{
    "status": "SUCCESS",
    "config": {
        "executable": "resources/execution_files/emotion_ferplus_mnn",
        "benign_image": "/img_align_celeba/167863.jpg",
        "initial_adv_image": "/img_align_celeba/105002.jpg",
        "l2_epsilon_goal": 0.05,
        "linf_epsilon_goal": 0.06274509803921569,
        "query_budget": 40000,
        "max_iterations": 1000,
        "initial_queries": 50,
        "dimension_reduction": 1.0
    },
    "results": {
        "total_queries": 10055,
        "final_l2_distance": 4.536183834075928,
        "final_linf_distance": 0.06106692552566528,
        "total_duration_seconds": 330.65758657455444,
        "iteration_times_seconds": [
            6.5345680713653564,
            6.863985776901245,
            6.904707193374634,
            7.1491827964782715,
            7.296071767807007,
            7.089920997619629,
            7.321553945541382,
            7.38203501701355,
            7.393725633621216,
            7.432934284210205,
            7.513858318328857,
            7.602714776992798,
            7.71143913269043,
            7.787963628768921,
            7.970015287399292,
            8.078518390655518,
            8.18805980682373,
            8.122803688049316,
            8.155647277832031,
            8.32708477973938,
            8.247160196304321,
            8.128308534622192,
            8.157352209091187,
            8.162612915039062,
            8.127844095230103,
            8.21043586730957,
            8.28158450126648,
            8.314311265945435,
            8.287829637527466,
            8.388817548751831,
            8.479592561721802,
            8.265496969223022,
            8.365954160690308,
            8.398430585861206,
            8.402548789978027,
            8.437183141708374,
            8.483606576919556,
            8.507662057876587,
            8.603546857833862,
            8.670838832855225,
            8.4885573387146
        ],
        "output_image_path": "/model_deploy_execution_attack_for_pipeline/outputs/emotion_ferplus_mnn_167863_ttba_attack/adversarial_image.png"
    }
}