{
    "status": "SUCCESS",
    "config": {
        "executable": "./resources/execution_files/gender_googlenet_mnn",
        "benign_image": "/img_align_celeba/106537.jpg",
        "initial_adv_image": "/img_align_celeba/195377.jpg",
        "l2_epsilon_goal": 0.05,
        "linf_epsilon_goal": 0.06274509803921569,
        "query_budget": 40000,
        "max_iterations": 1000,
        "initial_queries": 50,
        "dimension_reduction": 1.0
    },
    "results": {
        "total_queries": 8012,
        "final_l2_distance": 4.654627323150635,
        "final_linf_distance": 0.06059488654136658,
        "total_duration_seconds": 254.12549567222595,
        "iteration_times_seconds": [
            6.042911529541016,
            6.3283162117004395,
            6.468595743179321,
            6.571225881576538,
            6.682173252105713,
            6.74892520904541,
            7.044268369674683,
            6.837456703186035,
            6.883515357971191,
            6.901395320892334,
            6.95203709602356,
            6.857454299926758,
            7.024503707885742,
            6.797290802001953,
            7.068966865539551,
            7.189706563949585,
            7.165544748306274,
            7.187029123306274,
            7.175098419189453,
            7.27151346206665,
            7.340397357940674,
            7.3779616355896,
            7.379089117050171,
            7.2259299755096436,
            7.423258304595947,
            7.279996871948242,
            7.482975244522095,
            7.583889484405518,
            7.66869044303894,
            7.62580943107605,
            7.6015496253967285,
            7.581153869628906,
            7.679265975952148,
            7.718090534210205,
            7.723085165023804
        ],
        "output_image_path": "/model_deploy_execution_attack_for_pipeline/outputs/gender_googlenet_mnn_106537_ttba_attack/adversarial_image.png"
    }
}