{
    "status": "BUDGET_EXHAUSTED",
    "config": {
        "executable": "./resources/execution_files/gender_googlenet_mnn",
        "benign_image": "/img_align_celeba/011705.jpg",
        "initial_adv_image": "/img_align_celeba/084508.jpg",
        "l2_epsilon_goal": 0.05,
        "linf_epsilon_goal": 0.06274509803921569,
        "query_budget": 40000,
        "max_iterations": 1000,
        "initial_queries": 50,
        "dimension_reduction": 1.0
    },
    "results": {
        "total_queries": 40133,
        "final_l2_distance": 8.3151273727417,
        "final_linf_distance": 0.1078549176454544,
        "total_duration_seconds": 932.0619330406189,
        "iteration_times_seconds": [
            6.026949882507324,
            6.344864845275879,
            6.453287839889526,
            6.496126651763916,
            6.592699766159058,
            6.7592737674713135,
            7.0152294635772705,
            7.026370525360107,
            6.937311887741089,
            7.167507886886597,
            7.294025897979736,
            7.3195576667785645,
            7.340442180633545,
            7.310475587844849,
            7.519544363021851,
            7.679805755615234,
            7.585159063339233,
            7.487777471542358,
            7.532741546630859,
            7.582014322280884,
            7.619413614273071,
            7.588866949081421,
            7.901866912841797,
            7.716303825378418,
            7.7862513065338135,
            7.878355979919434,
            8.012684345245361,
            8.053249597549438,
            8.000593185424805,
            8.086511135101318,
            8.129639625549316,
            8.101520538330078,
            8.20667552947998,
            8.290846586227417,
            8.221062421798706,
            8.236541748046875,
            8.327861309051514,
            8.386704206466675,
            8.31860876083374,
            8.347304344177246,
            8.34506893157959,
            8.426679849624634,
            8.558085203170776,
            8.580260992050171,
            8.529484510421753,
            8.552989482879639,
            8.576481103897095,
            8.55505633354187,
            8.702352285385132,
            8.65588665008545,
            8.73345947265625,
            8.750842332839966,
            8.8022301197052,
            8.728395938873291,
            8.83409571647644,
            8.972495794296265,
            8.910610437393188,
            8.976065635681152,
            8.919073343276978,
            9.095489263534546,
            9.147192478179932,
            9.265727519989014,
            9.207558393478394,
            9.259991645812988,
            9.196253538131714,
            9.309191942214966,
            9.360919952392578,
            9.203907489776611,
            9.116644859313965,
            9.141101360321045,
            9.171109199523926,
            9.153405904769897,
            9.296344995498657,
            9.314575910568237,
            9.304331541061401,
            9.335626363754272,
            9.425841569900513,
            9.354461669921875,
            9.421844244003296,
            9.437095880508423,
            9.565919399261475,
            9.649782180786133,
            9.570756673812866,
            9.690827369689941,
            9.510128259658813,
            9.634286642074585,
            9.725806474685669,
            9.76866626739502,
            9.689208507537842,
            9.77682900428772,
            9.810489416122437,
            9.888376235961914,
            9.812737226486206,
            9.783207654953003,
            9.800563335418701,
            9.89317798614502,
            9.885327816009521,
            9.922545671463013,
            10.032268762588501,
            9.8813796043396,
            9.882046461105347,
            9.953987836837769,
            9.991529941558838,
            9.98104476928711,
            10.102576494216919,
            10.103400707244873,
            10.259651184082031
        ],
        "output_image_path": "/model_deploy_execution_attack_for_pipeline/outputs/gender_googlenet_mnn_011705_ttba_attack/adversarial_image.png"
    }
}