{
    "status": "SUCCESS",
    "config": {
        "executable": "./resources/execution_files/fsanet_headpose_mnn",
        "benign_image": "/img_align_celeba/181302.jpg",
        "initial_adv_image": "/img_align_celeba/153522.jpg",
        "l2_epsilon_goal": 0.05,
        "linf_epsilon_goal": 0.06274509803921569,
        "query_budget": 40000,
        "max_iterations": 1000,
        "initial_queries": 50,
        "dimension_reduction": 1.0
    },
    "results": {
        "total_queries": 8995,
        "final_l2_distance": 4.356996059417725,
        "final_linf_distance": 0.06253921240568161,
        "total_duration_seconds": 112.02402210235596,
        "iteration_times_seconds": [
            2.7029871940612793,
            2.6766703128814697,
            2.7018232345581055,
            2.7314560413360596,
            2.773569107055664,
            2.8136229515075684,
            2.812013626098633,
            2.8265113830566406,
            2.739238739013672,
            2.8617517948150635,
            2.7711055278778076,
            2.788621425628662,
            2.9394538402557373,
            2.866206407546997,
            2.8957178592681885,
            2.9838054180145264,
            2.827031373977661,
            2.8931467533111572,
            2.857992649078369,
            2.8763725757598877,
            2.972069025039673,
            2.9221808910369873,
            2.899385452270508,
            2.951709270477295,
            2.983412504196167,
            2.953763484954834,
            2.9607045650482178,
            3.0302302837371826,
            3.0399246215820312,
            2.9507341384887695,
            2.9718194007873535,
            2.951979160308838,
            3.0409910678863525,
            3.014984607696533,
            3.10305118560791,
            3.1735105514526367,
            3.06597638130188,
            2.9478888511657715
        ],
        "output_image_path": "/model_deploy_execution_attack_for_pipeline/outputs/fsanet_headpose_mnn_181302_ttba_attack/adversarial_image.png"
    }
}