{
    "status": "BUDGET_EXHAUSTED",
    "config": {
        "executable": "./resources/execution_files/age_googlenet_mnn",
        "benign_image": "/img_align_celeba/044738.jpg",
        "initial_adv_image": "/img_align_celeba/00000005.png",
        "l2_epsilon_goal": 0.05,
        "linf_epsilon_goal": 0.06274509803921569,
        "query_budget": 40000,
        "max_iterations": 1000,
        "initial_queries": 50,
        "dimension_reduction": 1.0
    },
    "results": {
        "total_queries": 40350,
        "final_l2_distance": 38.37253189086914,
        "final_linf_distance": 0.47995054721832275,
        "total_duration_seconds": 1145.87686753273,
        "iteration_times_seconds": [
            7.730875015258789,
            8.085416078567505,
            8.097172975540161,
            8.296434164047241,
            8.375690460205078,
            8.432484865188599,
            8.661401271820068,
            8.797508716583252,
            8.911622524261475,
            8.954241037368774,
            8.986281156539917,
            9.037453889846802,
            9.104267120361328,
            9.216442823410034,
            9.426028728485107,
            9.353648900985718,
            9.37358570098877,
            9.418701887130737,
            9.564876794815063,
            9.67516040802002,
            9.615941762924194,
            9.611433267593384,
            9.729672908782959,
            9.74375867843628,
            9.817729711532593,
            9.799739360809326,
            10.040331840515137,
            10.024292230606079,
            10.091642618179321,
            10.06631875038147,
            10.119494915008545,
            10.176236867904663,
            10.153975486755371,
            10.241631746292114,
            10.270820379257202,
            10.33216142654419,
            10.402360677719116,
            10.428824186325073,
            10.434478998184204,
            10.27392840385437,
            10.26155710220337,
            10.408679723739624,
            10.453184127807617,
            10.541125297546387,
            10.534501791000366,
            10.620795011520386,
            10.55222773551941,
            10.556505680084229,
            10.685897588729858,
            10.695123672485352,
            10.718806982040405,
            10.777798652648926,
            10.684178352355957,
            10.806381940841675,
            10.767315864562988,
            10.859770059585571,
            10.979146957397461,
            10.945478916168213,
            11.033411979675293,
            11.049009799957275,
            11.075100660324097,
            11.130341529846191,
            11.132982015609741,
            11.189113855361938,
            11.169002771377563,
            11.32262134552002,
            11.27867579460144,
            11.326130867004395,
            11.265652656555176,
            11.199647426605225,
            11.335814237594604,
            11.402318954467773,
            11.366249799728394,
            11.46527886390686,
            11.4530508518219,
            11.54642629623413,
            11.502586603164673,
            11.448928594589233,
            11.602519035339355,
            11.574841499328613,
            11.665620803833008,
            11.753891706466675,
            11.734026670455933,
            11.793334722518921,
            11.797443628311157,
            11.817678928375244,
            12.01628041267395,
            11.83106517791748,
            11.77554965019226,
            11.745770931243896,
            11.813871383666992,
            11.708014011383057,
            11.807005882263184,
            11.810580968856812,
            11.756836414337158,
            11.850248336791992,
            11.84540057182312,
            11.892549514770508,
            11.887173175811768,
            11.984581232070923,
            12.006450653076172,
            11.951406955718994,
            11.955127716064453,
            12.022697925567627,
            12.16770076751709,
            12.25611686706543,
            12.25924038887024
        ],
        "output_image_path": "/model_deploy_execution_attack_for_pipeline/outputs/age_googlenet_mnn_044738_ttba_attack/adversarial_image.png"
    }
}