{
    "status": "SUCCESS",
    "config": {
        "executable": "./resources/execution_files/fsanet_headpose_mnn",
        "benign_image": "/img_align_celeba/181470.jpg",
        "initial_adv_image": "/img_align_celeba/088332.jpg",
        "l2_epsilon_goal": 0.05,
        "linf_epsilon_goal": 0.06274509803921569,
        "query_budget": 40000,
        "max_iterations": 1000,
        "initial_queries": 50,
        "dimension_reduction": 1.0
    },
    "results": {
        "total_queries": 2442,
        "final_l2_distance": 4.614721775054932,
        "final_linf_distance": 0.061973750591278076,
        "total_duration_seconds": 41.995131492614746,
        "iteration_times_seconds": [
            2.5317678451538086,
            2.6043012142181396,
            2.637472152709961,
            2.6656782627105713,
            2.612705945968628,
            2.693779230117798,
            2.6948230266571045,
            2.684807538986206,
            2.7073960304260254,
            2.725961208343506,
            2.7761659622192383,
            2.686990261077881,
            2.7440614700317383,
            2.7415783405303955,
            2.7636349201202393
        ],
        "output_image_path": "/model_deploy_execution_attack_for_pipeline/outputs/fsanet_headpose_mnn_181470_ttba_attack/adversarial_image.png"
    }
}