{
    "status": "SUCCESS",
    "config": {
        "executable": "./resources/execution_files/fsanet_headpose_mnn",
        "benign_image": "/img_align_celeba/006245.jpg",
        "initial_adv_image": "/img_align_celeba/105002.jpg",
        "l2_epsilon_goal": 0.05,
        "linf_epsilon_goal": 0.06274509803921569,
        "query_budget": 40000,
        "max_iterations": 1000,
        "initial_queries": 50,
        "dimension_reduction": 1.0
    },
    "results": {
        "total_queries": 13706,
        "final_l2_distance": 4.607499599456787,
        "final_linf_distance": 0.061914559453725815,
        "total_duration_seconds": 155.13450026512146,
        "iteration_times_seconds": [
            2.741831064224243,
            2.778089761734009,
            2.786790132522583,
            2.6179206371307373,
            2.8228061199188232,
            2.748102903366089,
            2.741731882095337,
            2.7832326889038086,
            2.8015050888061523,
            2.7913472652435303,
            2.7708330154418945,
            2.7575995922088623,
            2.9924511909484863,
            3.0200417041778564,
            2.87900710105896,
            3.031019687652588,
            2.9975647926330566,
            3.018906354904175,
            2.9938063621520996,
            3.0752956867218018,
            2.9592392444610596,
            2.991762161254883,
            2.9894633293151855,
            2.990102529525757,
            2.883704900741577,
            3.0838282108306885,
            2.8922414779663086,
            3.008762836456299,
            2.979823589324951,
            3.186666488647461,
            2.9791669845581055,
            3.0403850078582764,
            3.100270986557007,
            3.1930503845214844,
            3.0472915172576904,
            3.2396349906921387,
            3.1202456951141357,
            3.2785184383392334,
            3.1417407989501953,
            3.1229004859924316,
            3.057971239089966,
            3.083672046661377,
            3.1758482456207275,
            3.234581232070923,
            3.152985095977783,
            3.1918773651123047,
            3.123307943344116,
            3.2620160579681396,
            3.181522846221924,
            3.2805590629577637,
            3.15586256980896
        ],
        "output_image_path": "/model_deploy_execution_attack_for_pipeline/outputs/fsanet_headpose_mnn_006245_ttba_attack/adversarial_image.png"
    }
}