{
    "status": "SUCCESS",
    "config": {
        "executable": "resources/execution_files/gender_googlenet_mnn",
        "benign_image": "/img_align_celeba/197560.jpg",
        "initial_adv_image": "/img_align_celeba/110369.jpg",
        "l2_epsilon_goal": 0.05,
        "linf_epsilon_goal": 0.06274509803921569,
        "query_budget": 40000,
        "max_iterations": 1000,
        "initial_queries": 50,
        "dimension_reduction": 1.0
    },
    "results": {
        "total_queries": 24331,
        "final_l2_distance": 4.48825216293335,
        "final_linf_distance": 0.06085550785064697,
        "total_duration_seconds": 625.8491504192352,
        "iteration_times_seconds": [
            5.7102532386779785,
            6.028717994689941,
            6.162076473236084,
            6.251819610595703,
            6.299652576446533,
            6.54071569442749,
            6.63146448135376,
            6.733680486679077,
            6.874722003936768,
            6.993487596511841,
            6.940557479858398,
            7.097065687179565,
            7.174460172653198,
            7.305316209793091,
            7.440106630325317,
            7.437924146652222,
            7.469665765762329,
            7.5116126537323,
            7.344679355621338,
            7.3756232261657715,
            7.544556617736816,
            7.520580291748047,
            7.583143711090088,
            7.625841379165649,
            7.760554552078247,
            7.792675018310547,
            7.990961790084839,
            7.9194655418396,
            7.977206707000732,
            8.019445419311523,
            8.076090812683105,
            8.038426876068115,
            7.9562668800354,
            8.127380847930908,
            8.158462047576904,
            8.194221496582031,
            8.25885272026062,
            8.262072801589966,
            8.34662914276123,
            8.329979658126831,
            8.53601861000061,
            8.5318443775177,
            8.743370056152344,
            8.732451677322388,
            8.748194217681885,
            8.74032711982727,
            8.745026588439941,
            8.832005262374878,
            8.820352554321289,
            8.718722343444824,
            8.611702919006348,
            8.72586464881897,
            8.776220798492432,
            8.806665897369385,
            8.75643801689148,
            8.862125396728516,
            8.850995302200317,
            8.936143636703491,
            9.011343955993652,
            9.131500959396362,
            9.16604232788086,
            9.170568704605103,
            9.193899631500244,
            9.318212270736694,
            9.296866178512573,
            9.313127756118774,
            9.292711734771729,
            9.259746789932251,
            9.32276725769043,
            9.372877597808838,
            9.224594354629517,
            9.431986808776855,
            9.38642692565918,
            9.40969181060791,
            9.461136817932129,
            9.575737476348877
        ],
        "output_image_path": "/model_deploy_execution_attack_for_pipeline/outputs/gender_googlenet_mnn_197560_ttba_attack/adversarial_image.png"
    }
}