{
    "status": "SUCCESS",
    "config": {
        "executable": "./resources/execution_files/gender_googlenet_mnn",
        "benign_image": "/img_align_celeba/143043.jpg",
        "initial_adv_image": "/img_align_celeba/116718.jpg",
        "l2_epsilon_goal": 0.05,
        "linf_epsilon_goal": 0.06274509803921569,
        "query_budget": 40000,
        "max_iterations": 1000,
        "initial_queries": 50,
        "dimension_reduction": 1.0
    },
    "results": {
        "total_queries": 12931,
        "final_l2_distance": 4.531600475311279,
        "final_linf_distance": 0.061430349946022034,
        "total_duration_seconds": 367.721599817276,
        "iteration_times_seconds": [
            5.880507946014404,
            6.193068981170654,
            6.252912282943726,
            6.363914728164673,
            6.486434459686279,
            6.64002537727356,
            6.595306158065796,
            6.694446563720703,
            6.72685170173645,
            6.800593614578247,
            6.83559775352478,
            6.905907869338989,
            6.931231498718262,
            7.0335681438446045,
            7.291054964065552,
            7.077101469039917,
            7.096932411193848,
            7.1299262046813965,
            7.1369781494140625,
            7.205885171890259,
            7.257307052612305,
            7.276350975036621,
            7.289332866668701,
            7.403820276260376,
            7.500589370727539,
            7.5749547481536865,
            7.654886960983276,
            7.753635406494141,
            7.841311454772949,
            7.798311233520508,
            7.873265027999878,
            7.824893951416016,
            7.85609769821167,
            7.860233783721924,
            7.819739580154419,
            7.824349880218506,
            7.80653715133667,
            7.953124523162842,
            7.9409191608428955,
            7.9440977573394775,
            8.043525457382202,
            8.219958066940308,
            8.186411142349243,
            8.257020235061646,
            8.317984819412231,
            8.221224069595337,
            8.246992588043213,
            8.303925037384033,
            8.353646755218506
        ],
        "output_image_path": "/model_deploy_execution_attack_for_pipeline/outputs/gender_googlenet_mnn_143043_ttba_attack/adversarial_image.png"
    }
}