{
    "status": "SUCCESS",
    "config": {
        "executable": "./resources/execution_files/gender_googlenet_mnn",
        "benign_image": "/img_align_celeba/089986.jpg",
        "initial_adv_image": "/img_align_celeba/046885.jpg",
        "l2_epsilon_goal": 0.05,
        "linf_epsilon_goal": 0.06274509803921569,
        "query_budget": 40000,
        "max_iterations": 1000,
        "initial_queries": 50,
        "dimension_reduction": 1.0
    },
    "results": {
        "total_queries": 4419,
        "final_l2_distance": 4.833263874053955,
        "final_linf_distance": 0.060223549604415894,
        "total_duration_seconds": 157.02149868011475,
        "iteration_times_seconds": [
            5.873924732208252,
            5.9600160121917725,
            6.117454767227173,
            6.187454700469971,
            6.0879225730896,
            6.2676780223846436,
            6.33026647567749,
            6.4673171043396,
            6.56598424911499,
            6.5625903606414795,
            6.685986757278442,
            6.763065576553345,
            6.8714964389801025,
            6.864391565322876,
            6.975882530212402,
            6.957234621047974,
            7.015740633010864,
            7.015355110168457,
            6.993422746658325,
            7.003749370574951,
            7.114318370819092,
            7.115087032318115,
            7.207821607589722
        ],
        "output_image_path": "/model_deploy_execution_attack_for_pipeline/outputs/gender_googlenet_mnn_089986_ttba_attack/adversarial_image.png"
    }
}