{
    "status": "BUDGET_EXHAUSTED",
    "config": {
        "executable": "./resources/execution_files/age_googlenet_mnn",
        "benign_image": "/img_align_celeba/070489.jpg",
        "initial_adv_image": "/img_align_celeba/00000010.png",
        "l2_epsilon_goal": 0.05,
        "linf_epsilon_goal": 0.06274509803921569,
        "query_budget": 40000,
        "max_iterations": 1000,
        "initial_queries": 50,
        "dimension_reduction": 1.0
    },
    "results": {
        "total_queries": 40321,
        "final_l2_distance": 27.632537841796875,
        "final_linf_distance": 0.3742485046386719,
        "total_duration_seconds": 1143.7810623645782,
        "iteration_times_seconds": [
            7.809890985488892,
            8.172746658325195,
            8.18412733078003,
            8.267971754074097,
            8.444483518600464,
            8.494105339050293,
            8.789222955703735,
            8.811378717422485,
            8.878763198852539,
            8.910104990005493,
            9.100394248962402,
            9.084898710250854,
            9.142883539199829,
            9.260534524917603,
            9.363624334335327,
            9.367226600646973,
            9.40587854385376,
            9.504552364349365,
            9.514856338500977,
            9.64623236656189,
            9.613555908203125,
            9.744009733200073,
            9.78818655014038,
            9.757211923599243,
            9.796671152114868,
            9.945060014724731,
            10.111032009124756,
            10.079204082489014,
            10.059616565704346,
            10.12080430984497,
            10.119619846343994,
            10.208912372589111,
            10.302061796188354,
            10.224007844924927,
            10.233676671981812,
            10.223306655883789,
            10.210056066513062,
            10.21984577178955,
            10.304109811782837,
            10.328657388687134,
            10.269656419754028,
            10.554047107696533,
            10.48978066444397,
            10.542609691619873,
            10.596447229385376,
            10.527232646942139,
            10.574384689331055,
            10.61744213104248,
            10.67660665512085,
            10.683339357376099,
            10.717726230621338,
            10.750203847885132,
            10.828192234039307,
            10.776508331298828,
            10.843883514404297,
            10.968534469604492,
            10.96904468536377,
            10.963988304138184,
            10.96198558807373,
            11.102725744247437,
            11.209191799163818,
            11.185211181640625,
            11.145785331726074,
            11.040173053741455,
            11.150806903839111,
            11.03593897819519,
            11.083312749862671,
            11.129358291625977,
            11.09790325164795,
            11.115955114364624,
            11.165802478790283,
            11.140841484069824,
            11.198816776275635,
            11.29032015800476,
            11.236250162124634,
            11.327513933181763,
            11.289246559143066,
            11.476215362548828,
            11.570833206176758,
            11.53007459640503,
            11.613023281097412,
            11.56145453453064,
            11.590386152267456,
            11.698778867721558,
            11.631023645401001,
            11.668115377426147,
            11.629791736602783,
            11.690429925918579,
            11.729793787002563,
            11.694988012313843,
            11.759022235870361,
            11.750415802001953,
            11.721267700195312,
            11.830596208572388,
            11.915877342224121,
            11.82704782485962,
            11.963160514831543,
            12.030328273773193,
            11.92601203918457,
            12.055941104888916,
            11.990286827087402,
            12.053422689437866,
            11.970213890075684,
            12.035006284713745,
            12.084086656570435,
            12.237026929855347,
            12.235093832015991
        ],
        "output_image_path": "/model_deploy_execution_attack_for_pipeline/outputs/age_googlenet_mnn_070489_ttba_attack/adversarial_image.png"
    }
}