{
    "status": "SUCCESS",
    "config": {
        "executable": "./resources/execution_files/fsanet_headpose_mnn",
        "benign_image": "/img_align_celeba/088440.jpg",
        "initial_adv_image": "/img_align_celeba/007167.jpg",
        "l2_epsilon_goal": 0.05,
        "linf_epsilon_goal": 0.06274509803921569,
        "query_budget": 40000,
        "max_iterations": 1000,
        "initial_queries": 50,
        "dimension_reduction": 1.0
    },
    "results": {
        "total_queries": 33163,
        "final_l2_distance": 3.598689079284668,
        "final_linf_distance": 0.061376214027404785,
        "total_duration_seconds": 308.2197847366333,
        "iteration_times_seconds": [
            2.650256395339966,
            2.725497007369995,
            2.767162561416626,
            2.9378018379211426,
            2.895803451538086,
            2.753769874572754,
            2.9741175174713135,
            2.914820432662964,
            2.8740761280059814,
            2.863806962966919,
            3.049185037612915,
            2.944916009902954,
            3.003941774368286,
            3.063175678253174,
            3.0081615447998047,
            2.930156946182251,
            3.0537235736846924,
            2.957937240600586,
            2.9591963291168213,
            3.1651623249053955,
            3.095327138900757,
            3.007051467895508,
            3.100984811782837,
            3.0033698081970215,
            3.027420997619629,
            3.1211507320404053,
            3.0979082584381104,
            3.1342618465423584,
            3.0675179958343506,
            3.125148057937622,
            3.1429004669189453,
            3.1062090396881104,
            3.259331703186035,
            3.1271986961364746,
            3.090566635131836,
            3.1728570461273193,
            3.1565091609954834,
            3.256316900253296,
            3.2018229961395264,
            3.092254161834717,
            3.1762185096740723,
            3.3177998065948486,
            3.2760555744171143,
            3.2689061164855957,
            3.2716729640960693,
            3.3851935863494873,
            3.289581298828125,
            3.298041582107544,
            3.357696533203125,
            3.243504762649536,
            3.332285165786743,
            3.2611560821533203,
            3.312734603881836,
            3.3682291507720947,
            3.3417909145355225,
            3.412785053253174,
            3.3150317668914795,
            3.439624071121216,
            3.399728536605835,
            3.421137809753418,
            3.50286865234375,
            3.4517390727996826,
            3.4333994388580322,
            3.4621846675872803,
            3.4414005279541016,
            3.3513190746307373,
            3.4721550941467285,
            3.496387243270874,
            3.3697659969329834,
            3.404909610748291,
            3.4019603729248047,
            3.5276238918304443,
            3.433211088180542,
            3.4362123012542725,
            3.324251413345337,
            3.521402597427368,
            3.4719018936157227,
            3.4857521057128906,
            3.4772725105285645,
            3.4584836959838867,
            3.5393505096435547,
            3.5340638160705566,
            3.5919175148010254,
            3.6222667694091797,
            3.5480892658233643,
            3.5346758365631104,
            3.6311452388763428,
            3.5953261852264404,
            3.455483913421631,
            3.6292335987091064,
            3.5803940296173096,
            3.590787172317505,
            3.572274923324585,
            3.722783327102661
        ],
        "output_image_path": "/model_deploy_execution_attack_for_pipeline/outputs/fsanet_headpose_mnn_088440_ttba_attack/adversarial_image.png"
    }
}