{
    "status": "SUCCESS",
    "config": {
        "executable": "./resources/execution_files/ssrnet_age_mnn",
        "benign_image": "/img_align_celeba/100813.jpg",
        "initial_adv_image": "/img_align_celeba/101264.jpg",
        "l2_epsilon_goal": 0.05,
        "linf_epsilon_goal": 0.06274509803921569,
        "query_budget": 40000,
        "max_iterations": 1000,
        "initial_queries": 50,
        "dimension_reduction": 1.0
    },
    "results": {
        "total_queries": 1632,
        "final_l2_distance": 3.795423984527588,
        "final_linf_distance": 0.04719683155417442,
        "total_duration_seconds": 27.73019814491272,
        "iteration_times_seconds": [
            2.209982395172119,
            2.3489956855773926,
            2.303816556930542,
            2.5267174243927,
            2.4438817501068115,
            2.3656585216522217,
            2.421867847442627,
            2.4190666675567627,
            2.37992525100708,
            2.4898693561553955,
            2.3675692081451416
        ],
        "output_image_path": "/model_deploy_execution_attack_for_pipeline/outputs/ssrnet_age_mnn_100813_ttba_attack/adversarial_image.png"
    }
}