{
    "status": "SUCCESS",
    "config": {
        "executable": "./resources/execution_files/fsanet_headpose_mnn",
        "benign_image": "/img_align_celeba/073194.jpg",
        "initial_adv_image": "/img_align_celeba/118047.jpg",
        "l2_epsilon_goal": 0.05,
        "linf_epsilon_goal": 0.06274509803921569,
        "query_budget": 40000,
        "max_iterations": 1000,
        "initial_queries": 50,
        "dimension_reduction": 1.0
    },
    "results": {
        "total_queries": 3658,
        "final_l2_distance": 4.001622200012207,
        "final_linf_distance": 0.05473887920379639,
        "total_duration_seconds": 57.90576529502869,
        "iteration_times_seconds": [
            2.700147867202759,
            2.8263869285583496,
            2.8175811767578125,
            2.768666982650757,
            2.7678043842315674,
            2.7295219898223877,
            2.7565619945526123,
            2.6554858684539795,
            2.8179945945739746,
            2.842716693878174,
            2.839632034301758,
            2.79055118560791,
            2.854555368423462,
            2.8734405040740967,
            2.8520379066467285,
            2.752094030380249,
            2.753253936767578,
            2.917384386062622,
            2.907944440841675,
            2.7975733280181885
        ],
        "output_image_path": "/model_deploy_execution_attack_for_pipeline/outputs/fsanet_headpose_mnn_073194_ttba_attack/adversarial_image.png"
    }
}