{
    "status": "BUDGET_EXHAUSTED",
    "config": {
        "executable": "./resources/execution_files/fsanet_headpose_mnn",
        "benign_image": "/img_align_celeba/007615.jpg",
        "initial_adv_image": "/img_align_celeba/117360.jpg",
        "l2_epsilon_goal": 0.05,
        "linf_epsilon_goal": 0.06274509803921569,
        "query_budget": 40000,
        "max_iterations": 1000,
        "initial_queries": 50,
        "dimension_reduction": 1.0
    },
    "results": {
        "total_queries": 40157,
        "final_l2_distance": 11.78626823425293,
        "final_linf_distance": 0.1502566635608673,
        "total_duration_seconds": 367.80049109458923,
        "iteration_times_seconds": [
            2.693481206893921,
            2.8251123428344727,
            2.9782845973968506,
            2.940911054611206,
            2.9752187728881836,
            2.931295871734619,
            3.0514631271362305,
            2.943058729171753,
            3.000882863998413,
            2.959749937057495,
            3.043700933456421,
            3.018972396850586,
            3.1200523376464844,
            3.0728158950805664,
            3.0027053356170654,
            3.004779577255249,
            3.0524842739105225,
            3.167097568511963,
            3.127772092819214,
            3.1306276321411133,
            3.0402560234069824,
            3.0175352096557617,
            3.172457218170166,
            3.318779945373535,
            3.192511558532715,
            3.247936248779297,
            3.2359418869018555,
            3.1030993461608887,
            3.1399571895599365,
            3.0016894340515137,
            3.231057643890381,
            3.098371982574463,
            3.187542676925659,
            3.213926076889038,
            3.2680931091308594,
            3.2149336338043213,
            3.1822032928466797,
            3.342255115509033,
            3.232673168182373,
            3.345618724822998,
            3.317870616912842,
            3.2974295616149902,
            3.3371427059173584,
            3.2729251384735107,
            3.263472557067871,
            3.3563573360443115,
            3.3702876567840576,
            3.388538360595703,
            3.4997222423553467,
            3.4350430965423584,
            3.33193039894104,
            3.370633125305176,
            3.5820376873016357,
            3.4104762077331543,
            3.5632359981536865,
            3.5069398880004883,
            3.543057680130005,
            3.48886775970459,
            3.4582128524780273,
            3.4631190299987793,
            3.469982624053955,
            3.436729907989502,
            3.5529143810272217,
            3.587329626083374,
            3.634108066558838,
            3.6368064880371094,
            3.6092803478240967,
            3.6409406661987305,
            3.538673162460327,
            3.688450813293457,
            3.590731382369995,
            3.6641926765441895,
            3.6878414154052734,
            3.661855459213257,
            3.6694185733795166,
            3.5718936920166016,
            3.6800696849823,
            3.7057080268859863,
            3.742189645767212,
            3.7947473526000977,
            3.7229199409484863,
            3.6708521842956543,
            3.717761993408203,
            3.6229405403137207,
            3.707993268966675,
            3.7546489238739014,
            3.6707470417022705,
            3.6778669357299805,
            3.8997724056243896,
            3.906364679336548,
            3.637441396713257,
            3.899770498275757,
            3.899233818054199,
            3.7284750938415527,
            3.7887845039367676,
            3.7138736248016357,
            3.6728031635284424,
            3.7970731258392334,
            3.7309398651123047,
            3.7108230590820312,
            3.7907650470733643,
            3.695207357406616,
            3.8744449615478516,
            3.7062928676605225,
            3.7145230770111084,
            3.8872625827789307,
            3.7930822372436523
        ],
        "output_image_path": "/model_deploy_execution_attack_for_pipeline/outputs/fsanet_headpose_mnn_007615_ttba_attack/adversarial_image.png"
    }
}