{
    "status": "SUCCESS",
    "config": {
        "executable": "resources/execution_files/gender_googlenet_mnn",
        "benign_image": "/img_align_celeba/189010.jpg",
        "initial_adv_image": "/img_align_celeba/101264.jpg",
        "l2_epsilon_goal": 0.05,
        "linf_epsilon_goal": 0.06274509803921569,
        "query_budget": 40000,
        "max_iterations": 1000,
        "initial_queries": 50,
        "dimension_reduction": 1.0
    },
    "results": {
        "total_queries": 37859,
        "final_l2_distance": 4.42279577255249,
        "final_linf_distance": 0.06249096989631653,
        "total_duration_seconds": 901.9343082904816,
        "iteration_times_seconds": [
            6.0324623584747314,
            6.209087133407593,
            6.362004995346069,
            6.406278848648071,
            6.508938550949097,
            6.739807844161987,
            6.900319337844849,
            6.951385259628296,
            7.064162731170654,
            7.122883558273315,
            7.16032075881958,
            7.226260185241699,
            7.342956066131592,
            7.439274072647095,
            7.5130627155303955,
            7.411702632904053,
            7.4532177448272705,
            7.442802906036377,
            7.585839509963989,
            7.5679919719696045,
            7.65663743019104,
            7.66840672492981,
            7.710590362548828,
            7.828782796859741,
            7.957005262374878,
            8.02538514137268,
            8.034851789474487,
            8.091222524642944,
            8.239104509353638,
            8.224078178405762,
            8.303484916687012,
            8.26366662979126,
            8.192671537399292,
            8.302851915359497,
            8.122783184051514,
            8.164258241653442,
            8.23309874534607,
            8.37887978553772,
            8.397151708602905,
            8.407572031021118,
            8.494004487991333,
            8.67427396774292,
            8.710869789123535,
            8.744888067245483,
            8.759851694107056,
            8.775317668914795,
            8.756181001663208,
            8.740396976470947,
            8.754574537277222,
            8.780325889587402,
            8.795898675918579,
            8.735714197158813,
            8.866979837417603,
            9.005189418792725,
            9.025338649749756,
            8.972599029541016,
            9.007620334625244,
            9.108336687088013,
            9.289378643035889,
            9.23620343208313,
            9.339421510696411,
            9.38639497756958,
            9.297151803970337,
            9.366320610046387,
            9.322947978973389,
            9.19632601737976,
            9.237602949142456,
            9.284788846969604,
            9.460651636123657,
            9.324538230895996,
            9.254676342010498,
            9.287157773971558,
            9.355315446853638,
            9.296568632125854,
            9.476744174957275,
            9.405520915985107,
            9.482184886932373,
            9.612973928451538,
            9.538528680801392,
            9.537268161773682,
            9.764318227767944,
            9.865969896316528,
            9.849583625793457,
            9.816699981689453,
            9.948681354522705,
            9.837466955184937,
            9.850284814834595,
            9.848604440689087,
            9.894132614135742,
            9.965498685836792,
            9.986698150634766,
            9.986094236373901,
            10.073962450027466,
            9.963480472564697,
            9.994295358657837,
            10.18482255935669,
            10.159313678741455,
            10.116037845611572,
            10.107008218765259,
            10.176207542419434,
            10.32488751411438,
            10.319142580032349,
            10.305179834365845
        ],
        "output_image_path": "/model_deploy_execution_attack_for_pipeline/outputs/gender_googlenet_mnn_189010_ttba_attack/adversarial_image.png"
    }
}