{
    "status": "SUCCESS",
    "config": {
        "executable": "./resources/execution_files/ssrnet_age_mnn",
        "benign_image": "/img_align_celeba/042413.jpg",
        "initial_adv_image": "/img_align_celeba/087001.jpg",
        "l2_epsilon_goal": 0.05,
        "linf_epsilon_goal": 0.06274509803921569,
        "query_budget": 40000,
        "max_iterations": 1000,
        "initial_queries": 50,
        "dimension_reduction": 1.0
    },
    "results": {
        "total_queries": 1062,
        "final_l2_distance": 3.7624194622039795,
        "final_linf_distance": 0.0473044328391552,
        "total_duration_seconds": 19.816476821899414,
        "iteration_times_seconds": [
            2.2210800647735596,
            2.399540662765503,
            2.375061273574829,
            2.3197145462036133,
            2.3126206398010254,
            2.2831227779388428,
            2.2199392318725586,
            2.2692461013793945
        ],
        "output_image_path": "/model_deploy_execution_attack_for_pipeline/outputs/ssrnet_age_mnn_042413_ttba_attack/adversarial_image.png"
    }
}