{
    "status": "BUDGET_EXHAUSTED",
    "config": {
        "executable": "./resources/execution_files/age_googlenet_mnn",
        "benign_image": "/img_align_celeba/047231.jpg",
        "initial_adv_image": "/img_align_celeba/00000001.png",
        "l2_epsilon_goal": 0.05,
        "linf_epsilon_goal": 0.06274509803921569,
        "query_budget": 40000,
        "max_iterations": 1000,
        "initial_queries": 50,
        "dimension_reduction": 1.0
    },
    "results": {
        "total_queries": 40329,
        "final_l2_distance": 96.97286224365234,
        "final_linf_distance": 0.9617719054222107,
        "total_duration_seconds": 1148.6144614219666,
        "iteration_times_seconds": [
            7.648838996887207,
            7.933642864227295,
            7.990169525146484,
            8.148711681365967,
            8.313757419586182,
            8.383565187454224,
            8.491198778152466,
            8.576644659042358,
            8.639035940170288,
            8.649084091186523,
            8.78188157081604,
            8.845416784286499,
            8.908172369003296,
            8.963151216506958,
            9.113159418106079,
            9.259066820144653,
            9.287384271621704,
            9.310578107833862,
            9.304373741149902,
            9.378039836883545,
            9.42271614074707,
            9.457773447036743,
            9.563313245773315,
            9.604340553283691,
            9.604822397232056,
            9.668842554092407,
            9.846810817718506,
            9.870104789733887,
            9.957955360412598,
            9.966257572174072,
            10.027294158935547,
            10.016704320907593,
            10.097646474838257,
            10.122751474380493,
            10.18032956123352,
            10.248821258544922,
            10.247053146362305,
            10.281942367553711,
            10.374380111694336,
            10.313239574432373,
            10.355319738388062,
            10.523281812667847,
            10.554951190948486,
            10.52566909790039,
            10.576610088348389,
            10.6455659866333,
            10.61475682258606,
            10.711807012557983,
            10.689138889312744,
            10.74565839767456,
            10.748197078704834,
            10.815611124038696,
            10.856032609939575,
            10.854230880737305,
            10.890291929244995,
            10.964569091796875,
            10.929417133331299,
            10.977588891983032,
            11.051825046539307,
            11.207507848739624,
            11.176253318786621,
            11.205876588821411,
            11.213245391845703,
            11.249379396438599,
            11.265092134475708,
            11.354625701904297,
            11.282692670822144,
            11.3469078540802,
            11.329318523406982,
            11.341407299041748,
            11.384216785430908,
            11.403148889541626,
            11.549622535705566,
            11.512797594070435,
            11.490389347076416,
            11.596087455749512,
            11.550934076309204,
            11.574328660964966,
            11.640439748764038,
            11.728032112121582,
            11.841722011566162,
            11.885091781616211,
            11.889991760253906,
            11.94384241104126,
            11.975676536560059,
            11.868866920471191,
            11.965727806091309,
            11.95088815689087,
            12.035468578338623,
            12.002182960510254,
            12.041442155838013,
            11.958762884140015,
            12.082898378372192,
            12.050710916519165,
            12.118615865707397,
            12.158291339874268,
            12.159533262252808,
            12.228623151779175,
            12.2930269241333,
            12.240485668182373,
            12.192697525024414,
            12.268110036849976,
            12.314354658126831,
            12.328338861465454,
            12.458214044570923,
            12.36876392364502,
            12.461238622665405
        ],
        "output_image_path": "/model_deploy_execution_attack_for_pipeline/outputs/age_googlenet_mnn_047231_ttba_attack/adversarial_image.png"
    }
}