{
    "status": "BUDGET_EXHAUSTED",
    "config": {
        "executable": "./resources/execution_files/age_googlenet_mnn",
        "benign_image": "/img_align_celeba/118047.jpg",
        "initial_adv_image": "/img_align_celeba/00000004.png",
        "l2_epsilon_goal": 0.05,
        "linf_epsilon_goal": 0.06274509803921569,
        "query_budget": 40000,
        "max_iterations": 1000,
        "initial_queries": 50,
        "dimension_reduction": 1.0
    },
    "results": {
        "total_queries": 40274,
        "final_l2_distance": 29.05681800842285,
        "final_linf_distance": 0.4103528559207916,
        "total_duration_seconds": 1131.4755229949951,
        "iteration_times_seconds": [
            7.7677435874938965,
            8.120103597640991,
            8.166444778442383,
            8.244659900665283,
            8.320774555206299,
            8.455061912536621,
            8.67013955116272,
            8.56661581993103,
            8.676403999328613,
            8.692824125289917,
            10.367348670959473,
            8.818042516708374,
            9.043814897537231,
            8.944756269454956,
            9.154595375061035,
            9.155215501785278,
            9.110852241516113,
            9.239289999008179,
            9.285605192184448,
            9.384914875030518,
            9.339670181274414,
            9.420557022094727,
            9.444272518157959,
            9.582249164581299,
            9.597085952758789,
            9.767374753952026,
            9.903550386428833,
            9.816756248474121,
            9.901728391647339,
            9.928092241287231,
            9.944907665252686,
            10.032815217971802,
            10.020246744155884,
            10.116647958755493,
            10.007161378860474,
            10.204370260238647,
            10.181161642074585,
            10.12048888206482,
            10.294915437698364,
            10.29275393486023,
            10.29671859741211,
            10.475313663482666,
            10.513343572616577,
            10.52941370010376,
            10.273016452789307,
            10.373805522918701,
            10.399088144302368,
            10.337907791137695,
            10.441484689712524,
            10.466753005981445,
            10.584898948669434,
            10.592674255371094,
            10.545621395111084,
            10.604259967803955,
            10.659508228302002,
            10.645721673965454,
            10.651805639266968,
            10.802313089370728,
            10.822337865829468,
            10.904387950897217,
            11.03994107246399,
            10.950042009353638,
            10.992358684539795,
            10.929816007614136,
            11.124096870422363,
            11.082430601119995,
            11.09734845161438,
            11.019302129745483,
            11.050742149353027,
            11.062249422073364,
            11.140851736068726,
            11.074395895004272,
            11.222654342651367,
            11.18333649635315,
            11.216420412063599,
            11.308642864227295,
            11.250727891921997,
            11.339141130447388,
            11.317674398422241,
            11.336344718933105,
            11.439846992492676,
            11.526072978973389,
            11.518635988235474,
            11.588347434997559,
            11.57900881767273,
            11.62421178817749,
            11.592210292816162,
            11.604660272598267,
            11.73460054397583,
            11.696033000946045,
            11.624477624893188,
            11.733553171157837,
            11.71104383468628,
            11.835862636566162,
            11.959068298339844,
            11.820579051971436,
            11.876331806182861,
            11.856546878814697,
            11.870270490646362,
            11.874319791793823,
            11.913182497024536,
            12.011879444122314,
            12.015268325805664,
            11.9349844455719,
            12.117367267608643,
            12.135494947433472,
            12.120483160018921
        ],
        "output_image_path": "/model_deploy_execution_attack_for_pipeline/outputs/age_googlenet_mnn_118047_ttba_attack/adversarial_image.png"
    }
}