{
    "status": "BUDGET_EXHAUSTED",
    "config": {
        "executable": "./resources/execution_files/fsanet_headpose_mnn",
        "benign_image": "/img_align_celeba/128812.jpg",
        "initial_adv_image": "/img_align_celeba/181302.jpg",
        "l2_epsilon_goal": 0.05,
        "linf_epsilon_goal": 0.06274509803921569,
        "query_budget": 40000,
        "max_iterations": 1000,
        "initial_queries": 50,
        "dimension_reduction": 1.0
    },
    "results": {
        "total_queries": 40120,
        "final_l2_distance": 7.181356906890869,
        "final_linf_distance": 0.09284394979476929,
        "total_duration_seconds": 362.7403428554535,
        "iteration_times_seconds": [
            2.716787099838257,
            2.839747667312622,
            2.7337591648101807,
            2.773681879043579,
            2.8927249908447266,
            2.8700456619262695,
            2.902247428894043,
            2.8803203105926514,
            2.901733636856079,
            2.8102924823760986,
            3.021831750869751,
            2.917252779006958,
            2.916005849838257,
            3.08290958404541,
            3.050356388092041,
            2.9873945713043213,
            3.023392677307129,
            3.0182435512542725,
            2.9956798553466797,
            2.9969241619110107,
            3.134932518005371,
            3.253826141357422,
            3.03263783454895,
            3.0643436908721924,
            3.3020339012145996,
            3.1487042903900146,
            3.2667696475982666,
            3.143138885498047,
            3.2423157691955566,
            3.0691895484924316,
            3.1665420532226562,
            3.168030261993408,
            3.2311336994171143,
            3.168874740600586,
            3.16023325920105,
            3.2045726776123047,
            3.2509820461273193,
            3.172264575958252,
            3.190863609313965,
            3.2730140686035156,
            3.289799451828003,
            3.344883918762207,
            3.274972438812256,
            3.2426929473876953,
            3.2829701900482178,
            3.392686128616333,
            3.333953619003296,
            3.422806978225708,
            3.4829905033111572,
            3.464755058288574,
            3.2955362796783447,
            3.406245231628418,
            3.4336283206939697,
            3.516421318054199,
            3.3990089893341064,
            3.4551711082458496,
            3.358874797821045,
            3.352417230606079,
            3.4030978679656982,
            3.4849979877471924,
            3.4187679290771484,
            3.4928030967712402,
            3.502074956893921,
            3.561154842376709,
            3.420867443084717,
            3.5217196941375732,
            3.5341122150421143,
            3.5727221965789795,
            3.652582883834839,
            3.5125083923339844,
            3.581467628479004,
            3.62998104095459,
            3.657958745956421,
            3.518850326538086,
            3.5289793014526367,
            3.544335126876831,
            3.59318470954895,
            3.5303235054016113,
            3.532358407974243,
            3.6086056232452393,
            3.5899789333343506,
            3.646406650543213,
            3.619917392730713,
            3.5044188499450684,
            3.6747584342956543,
            3.6582868099212646,
            3.795830011367798,
            3.6185495853424072,
            3.637049674987793,
            3.635493040084839,
            3.637037515640259,
            3.6771771907806396,
            3.7415382862091064,
            3.875216484069824,
            3.667428493499756,
            3.5732901096343994,
            3.7600162029266357,
            3.755967378616333,
            3.7054264545440674,
            3.8656435012817383,
            3.778141736984253,
            3.774826765060425,
            3.8735783100128174,
            3.8102197647094727,
            3.908491849899292,
            3.7806007862091064,
            3.9120712280273438
        ],
        "output_image_path": "/model_deploy_execution_attack_for_pipeline/outputs/fsanet_headpose_mnn_128812_ttba_attack/adversarial_image.png"
    }
}