{
    "status": "SUCCESS",
    "config": {
        "executable": "./resources/execution_files/gender_googlenet_mnn",
        "benign_image": "/img_align_celeba/100146.jpg",
        "initial_adv_image": "/img_align_celeba/084508.jpg",
        "l2_epsilon_goal": 0.05,
        "linf_epsilon_goal": 0.06274509803921569,
        "query_budget": 40000,
        "max_iterations": 1000,
        "initial_queries": 50,
        "dimension_reduction": 1.0
    },
    "results": {
        "total_queries": 22962,
        "final_l2_distance": 4.382893085479736,
        "final_linf_distance": 0.06259375810623169,
        "total_duration_seconds": 581.6793217658997,
        "iteration_times_seconds": [
            6.232233285903931,
            6.376682281494141,
            6.475881099700928,
            6.546417236328125,
            6.855992317199707,
            6.7554099559783936,
            6.937119245529175,
            6.995797395706177,
            7.05531907081604,
            6.889785051345825,
            7.008063793182373,
            6.895054578781128,
            6.981461524963379,
            7.086691379547119,
            7.265125751495361,
            7.222867488861084,
            7.3090620040893555,
            7.164595127105713,
            7.174917221069336,
            7.260387659072876,
            7.271348237991333,
            7.368984699249268,
            7.450387239456177,
            7.431925296783447,
            7.505347728729248,
            7.46166729927063,
            7.650228500366211,
            7.784394025802612,
            7.801253795623779,
            7.863613128662109,
            7.97122859954834,
            7.929384231567383,
            7.893217086791992,
            7.906071901321411,
            7.9579246044158936,
            7.979311943054199,
            7.934229612350464,
            7.924871921539307,
            7.9939515590667725,
            7.982999801635742,
            8.013484477996826,
            8.18912124633789,
            8.14497423171997,
            8.235127687454224,
            8.190945863723755,
            8.186646461486816,
            8.314512491226196,
            8.277798175811768,
            8.373320817947388,
            8.379152536392212,
            8.441165685653687,
            8.416402816772461,
            8.475096225738525,
            8.414738416671753,
            8.447413444519043,
            8.546841859817505,
            8.562078714370728,
            8.616045475006104,
            8.695486545562744,
            8.765025615692139,
            8.835675477981567,
            8.802016019821167,
            8.776274919509888,
            8.909539937973022,
            8.91247296333313,
            8.89873719215393,
            8.873899221420288,
            8.961823225021362,
            8.992290019989014,
            9.026842594146729,
            9.018824577331543,
            9.081171989440918,
            9.094833612442017
        ],
        "output_image_path": "/model_deploy_execution_attack_for_pipeline/outputs/gender_googlenet_mnn_100146_ttba_attack/adversarial_image.png"
    }
}