{
    "status": "SUCCESS",
    "config": {
        "executable": "./resources/execution_files/gender_googlenet_mnn",
        "benign_image": "/img_align_celeba/185164.jpg",
        "initial_adv_image": "/img_align_celeba/183515.jpg",
        "l2_epsilon_goal": 0.05,
        "linf_epsilon_goal": 0.06274509803921569,
        "query_budget": 40000,
        "max_iterations": 1000,
        "initial_queries": 50,
        "dimension_reduction": 1.0
    },
    "results": {
        "total_queries": 9003,
        "final_l2_distance": 4.800135135650635,
        "final_linf_distance": 0.06214034557342529,
        "total_duration_seconds": 276.55065083503723,
        "iteration_times_seconds": [
            6.001737117767334,
            6.267217636108398,
            6.429562330245972,
            6.599638223648071,
            6.609949588775635,
            6.5718770027160645,
            6.725937604904175,
            6.828974723815918,
            6.838443756103516,
            6.6814124584198,
            6.755479335784912,
            6.823828458786011,
            6.942602872848511,
            7.005142688751221,
            7.0109333992004395,
            6.964523553848267,
            7.09456992149353,
            7.193022966384888,
            7.244084358215332,
            7.2035558223724365,
            7.220180034637451,
            7.2698657512664795,
            7.441837310791016,
            7.332446813583374,
            7.482015132904053,
            7.569650411605835,
            7.7007365226745605,
            7.581612586975098,
            7.575821161270142,
            7.6200010776519775,
            7.654074430465698,
            7.590612411499023,
            7.661264657974243,
            7.69640851020813,
            7.753271818161011,
            7.7732954025268555,
            7.842010974884033,
            7.81105637550354
        ],
        "output_image_path": "/model_deploy_execution_attack_for_pipeline/outputs/gender_googlenet_mnn_185164_ttba_attack/adversarial_image.png"
    }
}