{
    "status": "BUDGET_EXHAUSTED",
    "config": {
        "executable": "./resources/execution_files/emotion_ferplus_mnn",
        "benign_image": "/img_align_celeba/107167.jpg",
        "initial_adv_image": "/img_align_celeba/046885.jpg",
        "l2_epsilon_goal": 0.05,
        "linf_epsilon_goal": 0.06274509803921569,
        "query_budget": 40000,
        "max_iterations": 1000,
        "initial_queries": 50,
        "dimension_reduction": 1.0
    },
    "results": {
        "total_queries": 40232,
        "final_l2_distance": 22.418746948242188,
        "final_linf_distance": 0.32431820034980774,
        "total_duration_seconds": 1021.0778527259827,
        "iteration_times_seconds": [
            6.465108633041382,
            6.7459423542022705,
            6.934820890426636,
            7.060442924499512,
            7.096779823303223,
            7.302036285400391,
            7.450567007064819,
            7.533249378204346,
            7.617599248886108,
            7.57507586479187,
            7.682076692581177,
            7.8016297817230225,
            7.696230411529541,
            7.960069417953491,
            8.089675903320312,
            8.087140798568726,
            8.23574709892273,
            8.33789324760437,
            8.350194931030273,
            8.344677686691284,
            8.510628700256348,
            8.521304368972778,
            8.44861650466919,
            8.54672646522522,
            8.57470440864563,
            8.595266342163086,
            8.806508302688599,
            8.921918153762817,
            8.972650527954102,
            8.778708934783936,
            8.721091032028198,
            8.784889459609985,
            8.865167140960693,
            8.85814619064331,
            8.953298330307007,
            8.877160549163818,
            9.083978414535522,
            8.993797302246094,
            9.023449182510376,
            9.050520420074463,
            9.070001602172852,
            9.186962842941284,
            9.288135051727295,
            9.375580310821533,
            9.568455696105957,
            9.429303169250488,
            9.50863242149353,
            9.55785059928894,
            9.506248712539673,
            9.656391620635986,
            9.520615339279175,
            9.561986446380615,
            9.642963647842407,
            9.594017028808594,
            9.67563772201538,
            9.776049852371216,
            9.648573398590088,
            9.75706696510315,
            9.861340522766113,
            9.895238161087036,
            9.99133014678955,
            9.991075277328491,
            10.011913299560547,
            10.07930588722229,
            10.02619743347168,
            10.127522468566895,
            10.136479377746582,
            10.194368600845337,
            10.201720714569092,
            10.319763422012329,
            10.23542070388794,
            10.321959257125854,
            10.299367427825928,
            10.353047132492065,
            10.375121355056763,
            10.459653615951538,
            10.390808343887329,
            10.557958364486694,
            10.462353467941284,
            10.598177671432495,
            10.555588483810425,
            10.595506191253662,
            10.720808744430542,
            10.715728044509888,
            10.799455165863037,
            10.66637372970581,
            10.803245067596436,
            10.649032354354858,
            10.61017656326294,
            10.704023122787476,
            10.709517240524292,
            10.73177170753479,
            10.728146076202393,
            10.772074699401855,
            10.79987120628357,
            10.75465440750122,
            10.819478511810303,
            10.933706283569336,
            10.949583292007446,
            10.973944187164307,
            10.872956275939941,
            11.006952285766602,
            10.965771913528442,
            11.123381853103638,
            10.990846395492554,
            11.090779781341553,
            11.1392982006073
        ],
        "output_image_path": "/model_deploy_execution_attack_for_pipeline/outputs/emotion_ferplus_mnn_107167_ttba_attack/adversarial_image.png"
    }
}