{
    "status": "BUDGET_EXHAUSTED",
    "config": {
        "executable": "./resources/execution_files/age_googlenet_mnn",
        "benign_image": "/img_align_celeba/130913.jpg",
        "initial_adv_image": "/img_align_celeba/00000016.png",
        "l2_epsilon_goal": 0.05,
        "linf_epsilon_goal": 0.06274509803921569,
        "query_budget": 40000,
        "max_iterations": 1000,
        "initial_queries": 50,
        "dimension_reduction": 1.0
    },
    "results": {
        "total_queries": 40310,
        "final_l2_distance": 43.861480712890625,
        "final_linf_distance": 0.5988136529922485,
        "total_duration_seconds": 1136.481163740158,
        "iteration_times_seconds": [
            7.473842620849609,
            7.829876661300659,
            7.980481147766113,
            8.077800512313843,
            8.212918758392334,
            8.21172285079956,
            8.45667314529419,
            8.550670385360718,
            8.548701763153076,
            8.671757221221924,
            8.701236724853516,
            8.741544246673584,
            8.964930295944214,
            8.945647716522217,
            9.091181993484497,
            9.215636014938354,
            9.28152871131897,
            9.221317291259766,
            9.283220529556274,
            9.389792919158936,
            9.306257009506226,
            9.395903587341309,
            9.518657207489014,
            9.50641131401062,
            9.569607257843018,
            9.587476968765259,
            9.764424085617065,
            9.787352561950684,
            9.824207067489624,
            9.881641387939453,
            9.876615047454834,
            9.952192783355713,
            10.016408205032349,
            10.0194411277771,
            9.991600275039673,
            10.109659910202026,
            10.121102333068848,
            10.283755779266357,
            10.168552160263062,
            10.30589509010315,
            10.267932176589966,
            10.414407730102539,
            10.513232231140137,
            10.52582049369812,
            10.541715860366821,
            10.554791927337646,
            10.564866065979004,
            10.541353225708008,
            10.565937995910645,
            10.736665725708008,
            10.702459812164307,
            10.671363115310669,
            10.78437614440918,
            10.830928802490234,
            10.778343200683594,
            10.94879150390625,
            10.86780858039856,
            10.862528562545776,
            10.936576843261719,
            11.187257766723633,
            11.175598621368408,
            11.149039268493652,
            11.228744983673096,
            11.23860788345337,
            11.232218265533447,
            11.208730220794678,
            11.29259729385376,
            11.269132137298584,
            11.267589330673218,
            11.301538944244385,
            11.396215915679932,
            11.409790992736816,
            11.408961772918701,
            11.372702360153198,
            11.472830057144165,
            11.486651182174683,
            11.532865524291992,
            11.511247396469116,
            11.597346544265747,
            11.682506799697876,
            11.708640813827515,
            11.774332046508789,
            11.775325536727905,
            11.758875608444214,
            11.861727237701416,
            11.847626686096191,
            11.787087202072144,
            11.623643159866333,
            11.753347396850586,
            11.800416946411133,
            11.69902229309082,
            11.785278558731079,
            11.737596988677979,
            11.85218620300293,
            11.746769428253174,
            11.725181341171265,
            11.907989025115967,
            11.994661808013916,
            11.810580015182495,
            11.971147298812866,
            11.902498722076416,
            11.886734247207642,
            12.039116382598877,
            11.99623703956604,
            12.036059379577637,
            12.204229593276978,
            12.16617488861084
        ],
        "output_image_path": "/model_deploy_execution_attack_for_pipeline/outputs/age_googlenet_mnn_130913_ttba_attack/adversarial_image.png"
    }
}