{
    "status": "SUCCESS",
    "config": {
        "executable": "./resources/execution_files/ssrnet_age_mnn",
        "benign_image": "/img_align_celeba/001264.jpg",
        "initial_adv_image": "/img_align_celeba/134208.jpg",
        "l2_epsilon_goal": 0.05,
        "linf_epsilon_goal": 0.06274509803921569,
        "query_budget": 40000,
        "max_iterations": 1000,
        "initial_queries": 50,
        "dimension_reduction": 1.0
    },
    "results": {
        "total_queries": 7052,
        "final_l2_distance": 4.645137310028076,
        "final_linf_distance": 0.06113371253013611,
        "total_duration_seconds": 81.18557381629944,
        "iteration_times_seconds": [
            2.301398754119873,
            2.3480916023254395,
            2.3687305450439453,
            2.4354305267333984,
            2.473944902420044,
            2.3837995529174805,
            2.348254442214966,
            2.427809000015259,
            2.4346227645874023,
            2.312446117401123,
            2.41105055809021,
            2.3709051609039307,
            2.4686219692230225,
            2.496476411819458,
            2.5291433334350586,
            2.433441400527954,
            2.5106897354125977,
            2.5673580169677734,
            2.588395833969116,
            2.4133718013763428,
            2.4921951293945312,
            2.6607439517974854,
            2.6683871746063232,
            2.5260653495788574,
            2.490939140319824,
            2.5342962741851807,
            2.54636549949646,
            2.5696988105773926,
            2.5671727657318115,
            2.594475030899048,
            2.738523006439209,
            2.614563226699829
        ],
        "output_image_path": "/model_deploy_execution_attack_for_pipeline/outputs/ssrnet_age_mnn_001264_ttba_attack/adversarial_image.png"
    }
}