{
    "status": "SUCCESS",
    "config": {
        "executable": "./resources/execution_files/ssrnet_age_mnn",
        "benign_image": "/img_align_celeba/127506.jpg",
        "initial_adv_image": "/img_align_celeba/116718.jpg",
        "l2_epsilon_goal": 0.05,
        "linf_epsilon_goal": 0.06274509803921569,
        "query_budget": 40000,
        "max_iterations": 1000,
        "initial_queries": 50,
        "dimension_reduction": 1.0
    },
    "results": {
        "total_queries": 14105,
        "final_l2_distance": 4.6999735832214355,
        "final_linf_distance": 0.0596390962600708,
        "total_duration_seconds": 137.22937059402466,
        "iteration_times_seconds": [
            2.2429862022399902,
            2.3255672454833984,
            2.334888219833374,
            2.4216551780700684,
            2.353607416152954,
            2.3218789100646973,
            2.4782280921936035,
            2.498493194580078,
            2.4502241611480713,
            2.43137788772583,
            2.4439127445220947,
            2.462968349456787,
            2.6091818809509277,
            2.5224382877349854,
            2.5289289951324463,
            2.5571820735931396,
            2.5233561992645264,
            2.5639140605926514,
            2.518476724624634,
            2.5883004665374756,
            2.69640851020813,
            2.589517831802368,
            2.526895523071289,
            2.518165111541748,
            2.6323132514953613,
            2.634275436401367,
            2.6377434730529785,
            2.601395606994629,
            2.636479377746582,
            2.6947133541107178,
            2.6462297439575195,
            2.60313081741333,
            2.64949893951416,
            2.7262511253356934,
            2.6681864261627197,
            2.6181514263153076,
            2.7792885303497314,
            2.706691026687622,
            2.643872022628784,
            2.8454537391662598,
            2.774637460708618,
            2.7944118976593018,
            2.818094491958618,
            2.8644282817840576,
            2.8175768852233887,
            2.817161798477173,
            2.7547483444213867,
            2.7026774883270264,
            2.749112129211426,
            2.762453556060791,
            2.7897493839263916,
            2.8749194145202637
        ],
        "output_image_path": "/model_deploy_execution_attack_for_pipeline/outputs/ssrnet_age_mnn_127506_ttba_attack/adversarial_image.png"
    }
}