{
    "status": "SUCCESS",
    "config": {
        "executable": "./resources/execution_files/ssrnet_age_mnn",
        "benign_image": "/img_align_celeba/154503.jpg",
        "initial_adv_image": "/img_align_celeba/047543.jpg",
        "l2_epsilon_goal": 0.05,
        "linf_epsilon_goal": 0.06274509803921569,
        "query_budget": 40000,
        "max_iterations": 1000,
        "initial_queries": 50,
        "dimension_reduction": 1.0
    },
    "results": {
        "total_queries": 3928,
        "final_l2_distance": 4.497433662414551,
        "final_linf_distance": 0.05826948583126068,
        "total_duration_seconds": 52.84168314933777,
        "iteration_times_seconds": [
            2.4192545413970947,
            2.3295602798461914,
            2.35598087310791,
            2.3749916553497314,
            2.441687822341919,
            2.439239025115967,
            2.3886988162994385,
            2.4539849758148193,
            2.4494435787200928,
            2.4972736835479736,
            2.6126902103424072,
            2.4212915897369385,
            2.503643751144409,
            2.475148916244507,
            2.4042491912841797,
            2.3984224796295166,
            2.4944655895233154,
            2.4728944301605225,
            2.483905792236328,
            2.431914806365967,
            2.4655520915985107
        ],
        "output_image_path": "/model_deploy_execution_attack_for_pipeline/outputs/ssrnet_age_mnn_154503_ttba_attack/adversarial_image.png"
    }
}