{
    "status": "BUDGET_EXHAUSTED",
    "config": {
        "executable": "resources/execution_files/gender_googlenet_mnn",
        "benign_image": "/img_align_celeba/153293.jpg",
        "initial_adv_image": "/img_align_celeba/116718.jpg",
        "l2_epsilon_goal": 0.05,
        "linf_epsilon_goal": 0.06274509803921569,
        "query_budget": 40000,
        "max_iterations": 1000,
        "initial_queries": 50,
        "dimension_reduction": 1.0
    },
    "results": {
        "total_queries": 40110,
        "final_l2_distance": 8.106316566467285,
        "final_linf_distance": 0.10774797201156616,
        "total_duration_seconds": 962.8109283447266,
        "iteration_times_seconds": [
            6.122330665588379,
            6.4790403842926025,
            6.548173189163208,
            6.620343446731567,
            6.736442565917969,
            6.889001846313477,
            7.089220762252808,
            7.12820291519165,
            7.111798524856567,
            7.371042251586914,
            7.393996477127075,
            7.419109344482422,
            7.285249471664429,
            7.353448152542114,
            7.492339372634888,
            7.626542091369629,
            7.64713191986084,
            7.697386026382446,
            7.777047634124756,
            7.794272422790527,
            7.78238582611084,
            7.790468215942383,
            7.831240653991699,
            7.940202236175537,
            8.056216716766357,
            8.079835176467896,
            8.29466462135315,
            8.376105070114136,
            8.27323031425476,
            8.256883144378662,
            8.257258415222168,
            8.207079648971558,
            8.358159065246582,
            8.336609601974487,
            8.33484148979187,
            8.412834644317627,
            8.506344318389893,
            8.526387214660645,
            8.79209280014038,
            8.667734622955322,
            8.661098718643188,
            8.745255708694458,
            8.772951602935791,
            8.837727308273315,
            8.899567365646362,
            9.030606985092163,
            8.90222430229187,
            8.938417196273804,
            8.945664405822754,
            8.972607612609863,
            9.092864990234375,
            9.108771324157715,
            9.056350469589233,
            9.066719055175781,
            9.26061201095581,
            9.287025690078735,
            9.330525159835815,
            9.332130193710327,
            9.316876888275146,
            9.424109697341919,
            9.476503372192383,
            9.420498132705688,
            9.430285215377808,
            9.411837100982666,
            9.440207242965698,
            9.419562578201294,
            9.518448829650879,
            9.558245658874512,
            9.519108772277832,
            9.504494190216064,
            9.498895168304443,
            9.526959657669067,
            9.628811836242676,
            9.751299381256104,
            9.702205181121826,
            9.554551839828491,
            9.797302007675171,
            9.793835639953613,
            9.890341997146606,
            9.853235721588135,
            9.92588186264038,
            10.039772033691406,
            9.92999792098999,
            10.144551992416382,
            10.032093286514282,
            10.090172290802002,
            10.101964712142944,
            10.075231552124023,
            10.229739665985107,
            10.193326711654663,
            10.076566696166992,
            10.197084426879883,
            10.145750761032104,
            10.315874099731445,
            10.33464527130127,
            10.217942476272583,
            10.27262568473816,
            10.371079921722412,
            10.376198053359985,
            10.452104568481445,
            10.443469047546387,
            10.32442855834961,
            10.480099201202393,
            10.555277109146118,
            10.476510047912598,
            10.69421648979187,
            10.740626096725464
        ],
        "output_image_path": "/model_deploy_execution_attack_for_pipeline/outputs/gender_googlenet_mnn_153293_ttba_attack/adversarial_image.png"
    }
}