{
    "status": "BUDGET_EXHAUSTED",
    "config": {
        "executable": "./resources/execution_files/fsanet_headpose_mnn",
        "benign_image": "/img_align_celeba/005770.jpg",
        "initial_adv_image": "/img_align_celeba/101264.jpg",
        "l2_epsilon_goal": 0.05,
        "linf_epsilon_goal": 0.06274509803921569,
        "query_budget": 40000,
        "max_iterations": 1000,
        "initial_queries": 50,
        "dimension_reduction": 1.0
    },
    "results": {
        "total_queries": 40093,
        "final_l2_distance": 8.037008285522461,
        "final_linf_distance": 0.10272139310836792,
        "total_duration_seconds": 360.6163909435272,
        "iteration_times_seconds": [
            2.5846056938171387,
            2.7937779426574707,
            2.8371353149414062,
            2.7975540161132812,
            2.7970144748687744,
            2.8388071060180664,
            2.8987977504730225,
            2.9311277866363525,
            2.8707261085510254,
            2.859583616256714,
            2.8485424518585205,
            3.048590660095215,
            2.940232038497925,
            2.9902801513671875,
            3.04699969291687,
            3.008706569671631,
            3.046231746673584,
            3.128180503845215,
            3.0240585803985596,
            3.0505332946777344,
            2.9358017444610596,
            2.968210458755493,
            2.99644136428833,
            3.0466907024383545,
            2.9387383460998535,
            3.1478371620178223,
            3.1379125118255615,
            3.35288667678833,
            3.078590154647827,
            3.165081739425659,
            3.1490066051483154,
            3.11013126373291,
            3.079505681991577,
            3.1777772903442383,
            3.3230738639831543,
            3.1767072677612305,
            3.225834608078003,
            3.24697208404541,
            3.1735918521881104,
            3.2256009578704834,
            3.3513290882110596,
            3.283625841140747,
            3.357504367828369,
            3.2978413105010986,
            3.3442132472991943,
            3.287982940673828,
            3.3455073833465576,
            3.3959336280822754,
            3.426046371459961,
            3.3903298377990723,
            3.3345577716827393,
            3.3525607585906982,
            3.397017478942871,
            3.4065568447113037,
            3.3617258071899414,
            3.477513551712036,
            3.458146095275879,
            3.513364791870117,
            3.4431917667388916,
            3.3636887073516846,
            3.3600962162017822,
            3.4038820266723633,
            3.4328272342681885,
            3.5222818851470947,
            3.4830453395843506,
            3.4013218879699707,
            3.4076311588287354,
            3.4038381576538086,
            3.5001444816589355,
            3.606675624847412,
            3.3174118995666504,
            3.4624102115631104,
            3.590703010559082,
            3.507296323776245,
            3.395193338394165,
            3.593130588531494,
            3.5886189937591553,
            3.5121848583221436,
            3.563241958618164,
            3.6921777725219727,
            3.7356066703796387,
            3.807323932647705,
            3.4999704360961914,
            3.626167058944702,
            3.6945865154266357,
            3.6440939903259277,
            3.675304651260376,
            3.689920663833618,
            3.6046299934387207,
            3.7413628101348877,
            3.669454336166382,
            3.6958255767822266,
            3.7099034786224365,
            3.678133487701416,
            3.818326473236084,
            3.7363364696502686,
            3.7535414695739746,
            3.81745982170105,
            3.718388080596924,
            3.8567748069763184,
            3.7110981941223145,
            3.6104936599731445,
            3.6862640380859375,
            3.7695980072021484,
            3.715839147567749,
            3.869494915008545,
            3.9200053215026855
        ],
        "output_image_path": "/model_deploy_execution_attack_for_pipeline/outputs/fsanet_headpose_mnn_005770_ttba_attack/adversarial_image.png"
    }
}