{
    "status": "BUDGET_EXHAUSTED",
    "config": {
        "executable": "./resources/execution_files/age_googlenet_mnn",
        "benign_image": "/img_align_celeba/051321.jpg",
        "initial_adv_image": "/img_align_celeba/00000014.png",
        "l2_epsilon_goal": 0.05,
        "linf_epsilon_goal": 0.06274509803921569,
        "query_budget": 40000,
        "max_iterations": 1000,
        "initial_queries": 50,
        "dimension_reduction": 1.0
    },
    "results": {
        "total_queries": 40343,
        "final_l2_distance": 67.58487701416016,
        "final_linf_distance": 0.8317077159881592,
        "total_duration_seconds": 1142.8029067516327,
        "iteration_times_seconds": [
            7.856901407241821,
            8.003524541854858,
            8.127569913864136,
            8.179443836212158,
            8.37384295463562,
            8.536479711532593,
            8.660307168960571,
            8.724780559539795,
            8.875818729400635,
            8.85725450515747,
            8.912749528884888,
            9.03562617301941,
            9.062633752822876,
            8.997253894805908,
            9.210062503814697,
            9.203087329864502,
            9.3059663772583,
            9.253246784210205,
            9.25337266921997,
            9.400516986846924,
            9.414575815200806,
            9.401943683624268,
            9.469101905822754,
            9.443548202514648,
            9.50727653503418,
            9.557334899902344,
            9.74074125289917,
            9.829201936721802,
            9.824201107025146,
            9.956096410751343,
            9.917844533920288,
            9.986088275909424,
            9.970498085021973,
            10.014406204223633,
            10.115313291549683,
            10.100505828857422,
            10.203558444976807,
            10.137254238128662,
            10.19933295249939,
            10.159730672836304,
            10.294601678848267,
            10.431688785552979,
            10.442424297332764,
            10.533199310302734,
            10.524590969085693,
            10.507323503494263,
            10.565396308898926,
            10.636728763580322,
            10.625876903533936,
            10.700135707855225,
            10.662980079650879,
            10.67237901687622,
            10.828153848648071,
            10.77387261390686,
            10.788417339324951,
            10.847203731536865,
            10.873146057128906,
            10.996317863464355,
            10.94889235496521,
            11.078241348266602,
            11.072920083999634,
            11.240979671478271,
            11.236272096633911,
            11.181138753890991,
            11.214734077453613,
            11.251057624816895,
            11.325556516647339,
            11.301694393157959,
            11.323747158050537,
            11.274632215499878,
            11.370329856872559,
            11.319939136505127,
            11.407986402511597,
            11.429097652435303,
            11.406294584274292,
            11.489435195922852,
            11.44819450378418,
            11.535345077514648,
            11.533762454986572,
            11.591658353805542,
            11.80405879020691,
            11.737451314926147,
            11.70815920829773,
            11.749019145965576,
            11.786756753921509,
            11.800190448760986,
            11.907604455947876,
            11.886854648590088,
            11.835055589675903,
            11.890017747879028,
            11.917213678359985,
            11.892230033874512,
            12.01759958267212,
            11.959843397140503,
            11.983462572097778,
            11.981927871704102,
            12.020161628723145,
            12.048432350158691,
            12.073241949081421,
            12.130218505859375,
            12.165035247802734,
            12.13693904876709,
            12.17095136642456,
            12.286710739135742,
            12.23270845413208,
            12.301833391189575,
            12.410556077957153
        ],
        "output_image_path": "/model_deploy_execution_attack_for_pipeline/outputs/age_googlenet_mnn_051321_ttba_attack/adversarial_image.png"
    }
}