{
    "status": "SUCCESS",
    "config": {
        "executable": "resources/execution_files/gender_googlenet_mnn",
        "benign_image": "/img_align_celeba/048894.jpg",
        "initial_adv_image": "/img_align_celeba/117406.jpg",
        "l2_epsilon_goal": 0.05,
        "linf_epsilon_goal": 0.06274509803921569,
        "query_budget": 40000,
        "max_iterations": 1000,
        "initial_queries": 50,
        "dimension_reduction": 1.0
    },
    "results": {
        "total_queries": 18135,
        "final_l2_distance": 4.905638694763184,
        "final_linf_distance": 0.062286376953125,
        "total_duration_seconds": 493.96468710899353,
        "iteration_times_seconds": [
            6.105182409286499,
            6.233961582183838,
            6.313910961151123,
            6.4589762687683105,
            6.532162666320801,
            6.7389538288116455,
            6.71446967124939,
            6.769971609115601,
            6.8294501304626465,
            6.810772895812988,
            6.932086229324341,
            7.049887180328369,
            7.050879955291748,
            7.20429801940918,
            7.401942491531372,
            7.2505903244018555,
            7.314363479614258,
            7.257704257965088,
            7.405760288238525,
            7.309622287750244,
            7.498204231262207,
            7.5510945320129395,
            7.603248834609985,
            7.5790534019470215,
            7.765588045120239,
            7.785228729248047,
            7.920790195465088,
            7.956188917160034,
            7.958536624908447,
            8.051988363265991,
            8.044061183929443,
            8.074344635009766,
            8.111754655838013,
            8.1965491771698,
            8.161067962646484,
            8.210073947906494,
            8.282391786575317,
            8.292953252792358,
            8.314839363098145,
            8.440608501434326,
            8.49941110610962,
            8.594877481460571,
            8.61574935913086,
            8.39720892906189,
            8.459049701690674,
            8.55308985710144,
            8.559970140457153,
            8.582150936126709,
            8.665353775024414,
            8.66768741607666,
            8.685331583023071,
            8.643511533737183,
            8.765197038650513,
            8.717074394226074,
            8.78640365600586,
            8.847328186035156,
            8.879576444625854,
            8.926848649978638,
            9.00576114654541,
            8.988922834396362,
            9.17052435874939,
            9.196677923202515
        ],
        "output_image_path": "/model_deploy_execution_attack_for_pipeline/outputs/gender_googlenet_mnn_048894_ttba_attack/adversarial_image.png"
    }
}