{
    "status": "BUDGET_EXHAUSTED",
    "config": {
        "executable": "./resources/execution_files/age_googlenet_mnn",
        "benign_image": "/img_align_celeba/093060.jpg",
        "initial_adv_image": "/img_align_celeba/00000014.png",
        "l2_epsilon_goal": 0.05,
        "linf_epsilon_goal": 0.06274509803921569,
        "query_budget": 40000,
        "max_iterations": 1000,
        "initial_queries": 50,
        "dimension_reduction": 1.0
    },
    "results": {
        "total_queries": 40323,
        "final_l2_distance": 40.719242095947266,
        "final_linf_distance": 0.5796310901641846,
        "total_duration_seconds": 1147.3567428588867,
        "iteration_times_seconds": [
            7.775792598724365,
            8.081929445266724,
            8.266018390655518,
            8.297502994537354,
            8.428790092468262,
            8.489749908447266,
            8.88797378540039,
            8.808063507080078,
            8.845889329910278,
            8.961076974868774,
            8.973690032958984,
            9.066672563552856,
            9.196350812911987,
            9.182807683944702,
            9.235830068588257,
            9.268816232681274,
            9.29397964477539,
            9.390364408493042,
            9.357109785079956,
            9.332653284072876,
            9.399890422821045,
            9.471783876419067,
            9.560065031051636,
            9.611428022384644,
            9.65465784072876,
            9.715047359466553,
            9.86955976486206,
            9.905122995376587,
            10.030554056167603,
            10.059242248535156,
            9.963609218597412,
            10.024040222167969,
            10.179486274719238,
            10.158937454223633,
            10.083664178848267,
            10.221705675125122,
            10.231618881225586,
            10.218191146850586,
            10.344358444213867,
            10.326897144317627,
            10.350289821624756,
            10.529940605163574,
            10.491528034210205,
            10.647733926773071,
            10.68413782119751,
            10.772008180618286,
            10.644067764282227,
            10.649311304092407,
            10.665689468383789,
            10.783978462219238,
            10.68290400505066,
            10.772769212722778,
            10.731162309646606,
            10.768617153167725,
            10.822436332702637,
            11.014031171798706,
            10.983470916748047,
            11.029115200042725,
            11.002815961837769,
            11.207143068313599,
            11.150084495544434,
            11.354013681411743,
            11.329616069793701,
            11.224468469619751,
            11.2430100440979,
            11.392862319946289,
            11.426875591278076,
            11.466020822525024,
            11.378293752670288,
            11.332252502441406,
            11.442219495773315,
            11.484840393066406,
            11.49768877029419,
            11.495140314102173,
            11.482088327407837,
            11.60915231704712,
            11.608172178268433,
            11.802345037460327,
            11.65023422241211,
            11.655954599380493,
            11.756306171417236,
            11.924924612045288,
            11.862411499023438,
            11.9082190990448,
            11.923810482025146,
            11.971820831298828,
            11.74490237236023,
            11.789016723632812,
            11.714964389801025,
            11.764434099197388,
            11.807057857513428,
            11.74899673461914,
            11.807708263397217,
            11.772958755493164,
            11.776693105697632,
            11.809055089950562,
            11.936269044876099,
            11.917598962783813,
            11.911487340927124,
            11.975154161453247,
            11.997763395309448,
            11.989959239959717,
            12.059908628463745,
            12.09177279472351,
            12.047213792800903,
            12.16081190109253,
            12.326448678970337
        ],
        "output_image_path": "/model_deploy_execution_attack_for_pipeline/outputs/age_googlenet_mnn_093060_ttba_attack/adversarial_image.png"
    }
}