{
    "status": "BUDGET_EXHAUSTED",
    "config": {
        "executable": "resources/execution_files/emotion_ferplus_mnn",
        "benign_image": "/img_align_celeba/084534.jpg",
        "initial_adv_image": "/img_align_celeba/160856.jpg",
        "l2_epsilon_goal": 0.05,
        "linf_epsilon_goal": 0.06274509803921569,
        "query_budget": 40000,
        "max_iterations": 1000,
        "initial_queries": 50,
        "dimension_reduction": 1.0
    },
    "results": {
        "total_queries": 40085,
        "final_l2_distance": 7.922977924346924,
        "final_linf_distance": 0.182051420211792,
        "total_duration_seconds": 998.4243123531342,
        "iteration_times_seconds": [
            6.35109543800354,
            6.65666937828064,
            6.787936210632324,
            6.958975553512573,
            6.904230356216431,
            7.068422794342041,
            7.272068500518799,
            7.4179534912109375,
            7.403260231018066,
            7.501457929611206,
            7.51926851272583,
            7.721702575683594,
            7.681123971939087,
            7.808163404464722,
            7.889498949050903,
            7.994040489196777,
            8.069348573684692,
            8.043170928955078,
            8.153127908706665,
            8.204893827438354,
            8.253128290176392,
            8.267520666122437,
            8.35924768447876,
            8.218609809875488,
            8.298038005828857,
            8.335518598556519,
            8.473323345184326,
            8.573829650878906,
            8.549880266189575,
            8.50896668434143,
            8.638455152511597,
            8.662907600402832,
            8.763561964035034,
            8.74808669090271,
            8.836853504180908,
            8.825671672821045,
            8.865332841873169,
            8.918084144592285,
            8.970990896224976,
            8.926156044006348,
            8.967338562011719,
            9.162663698196411,
            9.224236488342285,
            9.186779499053955,
            9.233420848846436,
            9.211397171020508,
            9.243398904800415,
            9.316433429718018,
            9.316917419433594,
            9.411465644836426,
            9.521177530288696,
            9.404780864715576,
            9.497365236282349,
            9.51948070526123,
            9.382655143737793,
            9.467151403427124,
            9.424200773239136,
            9.505706071853638,
            9.479703187942505,
            9.616582870483398,
            9.691029071807861,
            9.68079924583435,
            9.74253225326538,
            9.738608121871948,
            9.78166151046753,
            9.770752191543579,
            9.785879850387573,
            9.812632083892822,
            9.884294033050537,
            9.94247031211853,
            9.851164102554321,
            10.001781702041626,
            9.90862250328064,
            10.03969407081604,
            10.096720457077026,
            10.129221200942993,
            10.038791179656982,
            10.1089608669281,
            10.256306171417236,
            10.242292642593384,
            10.345141172409058,
            10.33015489578247,
            10.464297533035278,
            10.388375043869019,
            10.329058647155762,
            10.474732398986816,
            10.52108645439148,
            10.43575668334961,
            10.551774740219116,
            10.606715440750122,
            10.534740209579468,
            10.529333114624023,
            10.652791261672974,
            10.641609191894531,
            10.570541858673096,
            10.62004542350769,
            10.669003963470459,
            10.73955750465393,
            10.689438819885254,
            10.751763105392456,
            10.766227722167969,
            10.810038328170776,
            10.935906648635864,
            10.83553147315979,
            10.907349348068237,
            10.985178470611572,
            10.98794937133789
        ],
        "output_image_path": "/model_deploy_execution_attack_for_pipeline/outputs/emotion_ferplus_mnn_084534_ttba_attack/adversarial_image.png"
    }
}