{
    "status": "BUDGET_EXHAUSTED",
    "config": {
        "executable": "./resources/execution_files/ssrnet_age_mnn",
        "benign_image": "/img_align_celeba/151453.jpg",
        "initial_adv_image": "/img_align_celeba/201551.jpg",
        "l2_epsilon_goal": 0.05,
        "linf_epsilon_goal": 0.06274509803921569,
        "query_budget": 40000,
        "max_iterations": 1000,
        "initial_queries": 50,
        "dimension_reduction": 1.0
    },
    "results": {
        "total_queries": 40115,
        "final_l2_distance": 6.638352870941162,
        "final_linf_distance": 0.09651583433151245,
        "total_duration_seconds": 311.0336112976074,
        "iteration_times_seconds": [
            2.249267816543579,
            2.3526458740234375,
            2.425083875656128,
            2.492213726043701,
            2.4819068908691406,
            2.443779706954956,
            2.4842021465301514,
            2.5209786891937256,
            2.4680392742156982,
            2.503798246383667,
            2.436310052871704,
            2.4667649269104004,
            2.536384344100952,
            2.45582914352417,
            2.5411789417266846,
            2.594555139541626,
            2.6400320529937744,
            2.5425338745117188,
            2.6821815967559814,
            2.632993221282959,
            2.682154417037964,
            2.7129178047180176,
            2.6346096992492676,
            2.6473379135131836,
            2.811408758163452,
            2.7948405742645264,
            2.732776641845703,
            2.739022731781006,
            2.8130509853363037,
            2.779232978820801,
            2.718053102493286,
            2.76700758934021,
            2.715383291244507,
            2.767470598220825,
            2.7484664916992188,
            2.7490010261535645,
            2.718496561050415,
            2.8052449226379395,
            2.804631233215332,
            2.8059911727905273,
            2.861583948135376,
            2.9434380531311035,
            2.8432116508483887,
            2.8914873600006104,
            2.8916544914245605,
            2.785407781600952,
            2.800422430038452,
            2.8905816078186035,
            2.8609368801116943,
            2.8995916843414307,
            2.926804304122925,
            2.86698579788208,
            2.915119171142578,
            2.9141557216644287,
            3.1206955909729004,
            3.0235462188720703,
            2.9606239795684814,
            2.935739755630493,
            2.9913792610168457,
            2.9413435459136963,
            2.9467763900756836,
            3.0024282932281494,
            2.9996986389160156,
            2.9296586513519287,
            2.9055263996124268,
            2.915161371231079,
            3.2241928577423096,
            2.964808464050293,
            2.9327592849731445,
            2.9762015342712402,
            2.9605038166046143,
            3.161203384399414,
            3.0499608516693115,
            3.035027503967285,
            3.053311586380005,
            2.9905552864074707,
            3.0773818492889404,
            3.1450064182281494,
            3.167173385620117,
            3.139145612716675,
            3.0571141242980957,
            3.090294599533081,
            3.1304807662963867,
            3.123960494995117,
            3.1330840587615967,
            3.1831953525543213,
            3.1232051849365234,
            3.1641194820404053,
            3.22326922416687,
            3.168405294418335,
            3.194751501083374,
            3.137247085571289,
            3.2741634845733643,
            3.156071662902832,
            3.0634820461273193,
            3.1128504276275635,
            3.162790060043335,
            3.3530991077423096,
            3.214946746826172,
            3.2197370529174805,
            3.142594337463379,
            3.2268857955932617,
            3.2609236240386963,
            3.277402400970459,
            3.145904779434204,
            3.1998848915100098,
            3.3134071826934814
        ],
        "output_image_path": "/model_deploy_execution_attack_for_pipeline/outputs/ssrnet_age_mnn_151453_ttba_attack/adversarial_image.png"
    }
}