{
    "status": "SUCCESS",
    "config": {
        "executable": "./resources/execution_files/ssrnet_age_mnn",
        "benign_image": "/img_align_celeba/108268.jpg",
        "initial_adv_image": "/img_align_celeba/108526.jpg",
        "l2_epsilon_goal": 0.05,
        "linf_epsilon_goal": 0.06274509803921569,
        "query_budget": 40000,
        "max_iterations": 1000,
        "initial_queries": 50,
        "dimension_reduction": 1.0
    },
    "results": {
        "total_queries": 2458,
        "final_l2_distance": 4.171833038330078,
        "final_linf_distance": 0.05986964702606201,
        "total_duration_seconds": 36.82443404197693,
        "iteration_times_seconds": [
            2.2801673412323,
            2.2929847240448,
            2.2668943405151367,
            2.296536922454834,
            2.4232451915740967,
            2.445488691329956,
            2.363412618637085,
            2.4422221183776855,
            2.33512020111084,
            2.3399770259857178,
            2.4426612854003906,
            2.4114503860473633,
            2.3940889835357666,
            2.404904842376709,
            2.3054161071777344
        ],
        "output_image_path": "/model_deploy_execution_attack_for_pipeline/outputs/ssrnet_age_mnn_108268_ttba_attack/adversarial_image.png"
    }
}