{
    "status": "BUDGET_EXHAUSTED",
    "config": {
        "executable": "./resources/execution_files/fsanet_headpose_mnn",
        "benign_image": "/img_align_celeba/014899.jpg",
        "initial_adv_image": "/img_align_celeba/195377.jpg",
        "l2_epsilon_goal": 0.05,
        "linf_epsilon_goal": 0.06274509803921569,
        "query_budget": 40000,
        "max_iterations": 1000,
        "initial_queries": 50,
        "dimension_reduction": 1.0
    },
    "results": {
        "total_queries": 40094,
        "final_l2_distance": 8.592279434204102,
        "final_linf_distance": 0.11543065309524536,
        "total_duration_seconds": 360.6539161205292,
        "iteration_times_seconds": [
            2.6855316162109375,
            2.668696880340576,
            2.6990461349487305,
            2.5745608806610107,
            2.7637128829956055,
            2.788595199584961,
            2.8065388202667236,
            2.94293475151062,
            2.915433406829834,
            2.8558833599090576,
            2.9748003482818604,
            2.87168025970459,
            3.0125741958618164,
            3.0264298915863037,
            2.8863730430603027,
            3.048006057739258,
            3.0157735347747803,
            3.061708927154541,
            3.01684832572937,
            2.9870007038116455,
            2.939929962158203,
            3.095729112625122,
            3.0399861335754395,
            3.198953151702881,
            3.05782413482666,
            3.1754748821258545,
            3.1626133918762207,
            3.1871633529663086,
            3.167329788208008,
            3.133627414703369,
            3.097633123397827,
            3.126145839691162,
            3.238201141357422,
            3.154851198196411,
            3.2128841876983643,
            3.100233316421509,
            3.12442684173584,
            3.283996343612671,
            3.2422783374786377,
            3.3184540271759033,
            3.3384909629821777,
            3.389601469039917,
            3.295264959335327,
            3.3527894020080566,
            3.459822416305542,
            3.2830827236175537,
            3.365912675857544,
            3.3714098930358887,
            3.424215078353882,
            3.316575765609741,
            3.3455424308776855,
            3.4755444526672363,
            3.475909471511841,
            3.545663833618164,
            3.3041720390319824,
            3.513951301574707,
            3.5142526626586914,
            3.4573593139648438,
            3.5002267360687256,
            3.4003634452819824,
            3.514847993850708,
            3.3591809272766113,
            3.481544017791748,
            3.5311686992645264,
            3.3760900497436523,
            3.5497379302978516,
            3.4587290287017822,
            3.56359601020813,
            3.516767740249634,
            3.6483118534088135,
            3.4411444664001465,
            3.5951225757598877,
            3.3972413539886475,
            3.539517641067505,
            3.5211575031280518,
            3.5211446285247803,
            3.477951765060425,
            3.5794148445129395,
            3.623706340789795,
            3.552396774291992,
            3.5517382621765137,
            3.6082351207733154,
            3.6832940578460693,
            3.6029624938964844,
            3.6153481006622314,
            3.6419053077697754,
            3.6463375091552734,
            3.8339617252349854,
            3.6508731842041016,
            3.6985297203063965,
            3.6353859901428223,
            3.6170523166656494,
            3.6096386909484863,
            3.645745277404785,
            3.6368722915649414,
            3.7772562503814697,
            3.8093581199645996,
            3.735386610031128,
            3.734941005706787,
            3.7229974269866943,
            3.704491376876831,
            3.749770402908325,
            3.7523603439331055,
            3.7710773944854736,
            3.7415037155151367,
            3.817692756652832,
            3.854173183441162
        ],
        "output_image_path": "/model_deploy_execution_attack_for_pipeline/outputs/fsanet_headpose_mnn_014899_ttba_attack/adversarial_image.png"
    }
}