{
    "status": "BUDGET_EXHAUSTED",
    "config": {
        "executable": "./resources/execution_files/fsanet_headpose_mnn",
        "benign_image": "/img_align_celeba/165912.jpg",
        "initial_adv_image": "/img_align_celeba/158311.jpg",
        "l2_epsilon_goal": 0.05,
        "linf_epsilon_goal": 0.06274509803921569,
        "query_budget": 40000,
        "max_iterations": 1000,
        "initial_queries": 50,
        "dimension_reduction": 1.0
    },
    "results": {
        "total_queries": 40049,
        "final_l2_distance": 5.988996505737305,
        "final_linf_distance": 0.10338705778121948,
        "total_duration_seconds": 358.1112344264984,
        "iteration_times_seconds": [
            2.620138168334961,
            2.7205727100372314,
            2.6516993045806885,
            2.665977716445923,
            2.727579116821289,
            2.6744091510772705,
            2.8588650226593018,
            2.878877639770508,
            2.9437026977539062,
            3.0336532592773438,
            2.8876259326934814,
            2.808995485305786,
            2.94423770904541,
            2.852346897125244,
            2.8611323833465576,
            2.957366943359375,
            2.978374719619751,
            2.8975491523742676,
            3.103107213973999,
            3.1295464038848877,
            3.0196261405944824,
            3.000771999359131,
            3.1223132610321045,
            3.064634323120117,
            3.1040453910827637,
            3.1375460624694824,
            3.2371106147766113,
            3.088608980178833,
            3.038022041320801,
            3.2388389110565186,
            3.228383779525757,
            3.2930469512939453,
            3.210045099258423,
            3.16435170173645,
            3.1986963748931885,
            3.2951557636260986,
            3.2575032711029053,
            3.156029462814331,
            3.183927297592163,
            3.2398388385772705,
            3.1569559574127197,
            3.247187852859497,
            3.235478401184082,
            3.235751152038574,
            3.345316171646118,
            3.316012144088745,
            3.2913973331451416,
            3.337630271911621,
            3.2609143257141113,
            3.2552542686462402,
            3.37509822845459,
            3.3208701610565186,
            3.214052438735962,
            3.272494316101074,
            3.3083229064941406,
            3.3120884895324707,
            3.4303181171417236,
            3.3689520359039307,
            3.4472618103027344,
            3.37656569480896,
            3.4183685779571533,
            3.4899487495422363,
            3.5210764408111572,
            3.4445786476135254,
            3.4609220027923584,
            3.549321413040161,
            3.427297830581665,
            3.393287420272827,
            3.4605588912963867,
            3.538341760635376,
            3.4676289558410645,
            3.4977660179138184,
            3.5020763874053955,
            3.585808515548706,
            3.5980799198150635,
            3.520430088043213,
            3.5834269523620605,
            3.583308696746826,
            3.621628999710083,
            3.630812644958496,
            3.6907529830932617,
            3.634455680847168,
            3.682257890701294,
            3.609264373779297,
            3.6698062419891357,
            3.6848020553588867,
            3.7099900245666504,
            3.6367404460906982,
            3.6499435901641846,
            3.75940203666687,
            3.7366271018981934,
            3.670302629470825,
            3.7600903511047363,
            3.6709349155426025,
            3.6718640327453613,
            3.606879949569702,
            3.60491681098938,
            3.6089823246002197,
            3.8524129390716553,
            3.7260732650756836,
            3.7243432998657227,
            3.584196090698242,
            3.6760506629943848,
            3.69803524017334,
            3.7975258827209473,
            3.705780506134033,
            3.6488940715789795
        ],
        "output_image_path": "/model_deploy_execution_attack_for_pipeline/outputs/fsanet_headpose_mnn_165912_ttba_attack/adversarial_image.png"
    }
}