{
    "status": "BUDGET_EXHAUSTED",
    "config": {
        "executable": "./resources/execution_files/emotion_ferplus_mnn",
        "benign_image": "/img_align_celeba/074823.jpg",
        "initial_adv_image": "/img_align_celeba/045354.jpg",
        "l2_epsilon_goal": 0.05,
        "linf_epsilon_goal": 0.06274509803921569,
        "query_budget": 40000,
        "max_iterations": 1000,
        "initial_queries": 50,
        "dimension_reduction": 1.0
    },
    "results": {
        "total_queries": 40232,
        "final_l2_distance": 16.55828285217285,
        "final_linf_distance": 0.22360330820083618,
        "total_duration_seconds": 1019.8471088409424,
        "iteration_times_seconds": [
            6.479398012161255,
            6.739415884017944,
            6.890265464782715,
            6.943923473358154,
            7.023299694061279,
            7.169074535369873,
            7.348676681518555,
            7.442360162734985,
            7.5389084815979,
            7.653389930725098,
            7.691746473312378,
            7.736950397491455,
            7.810189247131348,
            7.94960618019104,
            7.995395660400391,
            8.186055421829224,
            8.28333854675293,
            8.326271295547485,
            8.291915893554688,
            8.405104398727417,
            8.427520513534546,
            8.49358868598938,
            8.578439950942993,
            8.544985055923462,
            8.666861534118652,
            8.695616483688354,
            8.807016849517822,
            8.920688390731812,
            8.832029104232788,
            8.878705501556396,
            8.890390634536743,
            8.929183006286621,
            8.976793766021729,
            9.063908338546753,
            8.84468150138855,
            9.002636909484863,
            8.98822283744812,
            9.148865461349487,
            9.082436561584473,
            9.116473913192749,
            9.149462699890137,
            9.196967840194702,
            9.342670917510986,
            9.356005430221558,
            9.349401235580444,
            9.417897701263428,
            9.411842823028564,
            9.418998003005981,
            9.412585258483887,
            9.51233458518982,
            9.58524227142334,
            9.612485408782959,
            9.634795904159546,
            9.712963342666626,
            9.612757682800293,
            9.702627897262573,
            9.824437856674194,
            9.822730541229248,
            9.891708850860596,
            10.044353723526001,
            9.891854047775269,
            10.03442096710205,
            10.296556234359741,
            10.052670001983643,
            10.071227788925171,
            10.107218742370605,
            10.187289237976074,
            10.185286283493042,
            10.261542558670044,
            10.285223960876465,
            10.246356010437012,
            10.25699758529663,
            10.331061840057373,
            10.384125471115112,
            10.4708411693573,
            10.45612621307373,
            10.329630613327026,
            10.403709888458252,
            10.48715329170227,
            10.447995901107788,
            10.672137975692749,
            10.61602234840393,
            10.689970970153809,
            10.49668002128601,
            10.530024290084839,
            10.487833499908447,
            10.637605667114258,
            10.608089208602905,
            10.654230833053589,
            10.653626680374146,
            10.57218313217163,
            10.624855279922485,
            10.677449703216553,
            10.732691287994385,
            10.853822708129883,
            10.744876146316528,
            10.747062921524048,
            10.820021152496338,
            10.895279169082642,
            10.955152988433838,
            10.878563165664673,
            10.980749130249023,
            10.977443933486938,
            10.894533395767212,
            10.950361251831055,
            11.032525300979614,
            11.121765375137329
        ],
        "output_image_path": "/model_deploy_execution_attack_for_pipeline/outputs/emotion_ferplus_mnn_074823_ttba_attack/adversarial_image.png"
    }
}