{
    "status": "SUCCESS",
    "config": {
        "executable": "./resources/execution_files/ssrnet_age_mnn",
        "benign_image": "/img_align_celeba/153522.jpg",
        "initial_adv_image": "/img_align_celeba/137067.jpg",
        "l2_epsilon_goal": 0.05,
        "linf_epsilon_goal": 0.06274509803921569,
        "query_budget": 40000,
        "max_iterations": 1000,
        "initial_queries": 50,
        "dimension_reduction": 1.0
    },
    "results": {
        "total_queries": 25806,
        "final_l2_distance": 4.830765247344971,
        "final_linf_distance": 0.062326692044734955,
        "total_duration_seconds": 219.3014268875122,
        "iteration_times_seconds": [
            2.306131362915039,
            2.27124285697937,
            2.303896427154541,
            2.394865036010742,
            2.514338731765747,
            2.4439759254455566,
            2.5034241676330566,
            2.4363276958465576,
            2.5275990962982178,
            2.5530500411987305,
            2.5471715927124023,
            2.517462730407715,
            2.6871798038482666,
            2.516786813735962,
            2.5457210540771484,
            2.696678638458252,
            2.646618604660034,
            2.6771223545074463,
            2.589466094970703,
            2.5871450901031494,
            2.6278138160705566,
            2.658385753631592,
            2.7295784950256348,
            2.8057193756103516,
            2.60971736907959,
            2.5939011573791504,
            2.649733304977417,
            2.582878828048706,
            2.7681829929351807,
            2.7359769344329834,
            2.6411349773406982,
            2.7045485973358154,
            2.7871763706207275,
            2.7284317016601562,
            2.9454269409179688,
            2.7658050060272217,
            2.8869316577911377,
            2.8041224479675293,
            2.8188555240631104,
            2.7978601455688477,
            2.6955246925354004,
            2.7604310512542725,
            2.7286264896392822,
            2.746720314025879,
            2.7813007831573486,
            2.8418140411376953,
            2.7979955673217773,
            2.7593114376068115,
            2.8296523094177246,
            2.8646421432495117,
            2.818728446960449,
            2.8930671215057373,
            2.8600640296936035,
            2.909691572189331,
            2.9289889335632324,
            2.8623321056365967,
            2.8500237464904785,
            3.005767345428467,
            2.9630484580993652,
            2.9078683853149414,
            2.9209792613983154,
            2.8939785957336426,
            3.062638998031616,
            2.8754897117614746,
            2.8928725719451904,
            2.9226365089416504,
            2.824878692626953,
            2.8951735496520996,
            2.935774087905884,
            2.8724706172943115,
            2.949148178100586,
            2.9058778285980225,
            2.9843664169311523,
            2.959777593612671,
            3.017444610595703,
            3.0284810066223145,
            3.141235828399658,
            3.0051915645599365,
            3.050954818725586
        ],
        "output_image_path": "/model_deploy_execution_attack_for_pipeline/outputs/ssrnet_age_mnn_153522_ttba_attack/adversarial_image.png"
    }
}