{
    "status": "BUDGET_EXHAUSTED",
    "config": {
        "executable": "./resources/execution_files/emotion_ferplus_mnn",
        "benign_image": "/img_align_celeba/108532.jpg",
        "initial_adv_image": "/img_align_celeba/197560.jpg",
        "l2_epsilon_goal": 0.05,
        "linf_epsilon_goal": 0.06274509803921569,
        "query_budget": 40000,
        "max_iterations": 1000,
        "initial_queries": 50,
        "dimension_reduction": 1.0
    },
    "results": {
        "total_queries": 40169,
        "final_l2_distance": 12.75108814239502,
        "final_linf_distance": 0.18243414163589478,
        "total_duration_seconds": 1010.2074103355408,
        "iteration_times_seconds": [
            6.520330429077148,
            6.709526062011719,
            6.890336513519287,
            7.003771543502808,
            7.126970291137695,
            7.2976861000061035,
            7.495487213134766,
            7.594846725463867,
            7.555463075637817,
            7.667012929916382,
            7.4662439823150635,
            7.529261112213135,
            7.649387836456299,
            7.762698411941528,
            7.9003143310546875,
            8.043083429336548,
            8.051762342453003,
            8.111084461212158,
            8.163743257522583,
            8.24571180343628,
            8.2086763381958,
            8.21353816986084,
            8.255223989486694,
            8.296296119689941,
            8.317280054092407,
            8.492592096328735,
            8.55934453010559,
            8.646535396575928,
            8.670053482055664,
            8.799402475357056,
            8.845420360565186,
            8.755922317504883,
            9.021225929260254,
            8.863826990127563,
            8.976337671279907,
            9.044468641281128,
            9.027774810791016,
            9.071250438690186,
            9.12075686454773,
            9.109073162078857,
            9.218070983886719,
            9.299437284469604,
            9.298725128173828,
            9.45018744468689,
            9.543799877166748,
            9.412125587463379,
            9.412266254425049,
            9.472934246063232,
            9.541218280792236,
            9.309973001480103,
            9.470410346984863,
            9.3848557472229,
            9.432432889938354,
            9.54771876335144,
            9.4644193649292,
            9.540924787521362,
            9.499376773834229,
            9.644493579864502,
            9.755273580551147,
            9.811781167984009,
            9.789322853088379,
            9.798055410385132,
            9.888323068618774,
            9.92767071723938,
            9.922317266464233,
            9.951127529144287,
            10.009681224822998,
            9.989655017852783,
            10.03934907913208,
            9.990170001983643,
            10.052623271942139,
            10.113243103027344,
            10.11304759979248,
            10.206469774246216,
            10.17813754081726,
            10.217379808425903,
            10.144630193710327,
            10.204203605651855,
            10.265374660491943,
            10.355993032455444,
            10.454926490783691,
            10.519812107086182,
            10.416395425796509,
            10.514142751693726,
            10.486654281616211,
            10.540434837341309,
            10.61330270767212,
            10.703229665756226,
            10.668328762054443,
            10.66912841796875,
            10.769044399261475,
            10.672625541687012,
            10.735166788101196,
            10.789894104003906,
            10.78153371810913,
            10.736092329025269,
            10.863827466964722,
            10.863941431045532,
            10.965190172195435,
            10.910029649734497,
            10.991098403930664,
            10.950516700744629,
            10.849219560623169,
            10.897459983825684,
            10.807017087936401,
            10.952023983001709,
            11.038392066955566
        ],
        "output_image_path": "/model_deploy_execution_attack_for_pipeline/outputs/emotion_ferplus_mnn_108532_ttba_attack/adversarial_image.png"
    }
}