{
    "status": "BUDGET_EXHAUSTED",
    "config": {
        "executable": "./resources/execution_files/ssrnet_age_mnn",
        "benign_image": "/img_align_celeba/195411.jpg",
        "initial_adv_image": "/img_align_celeba/041126.jpg",
        "l2_epsilon_goal": 0.05,
        "linf_epsilon_goal": 0.06274509803921569,
        "query_budget": 40000,
        "max_iterations": 1000,
        "initial_queries": 50,
        "dimension_reduction": 1.0
    },
    "results": {
        "total_queries": 40110,
        "final_l2_distance": 7.174857139587402,
        "final_linf_distance": 0.10575443506240845,
        "total_duration_seconds": 312.16085052490234,
        "iteration_times_seconds": [
            2.2522332668304443,
            2.3614466190338135,
            2.2854819297790527,
            2.454073429107666,
            2.3512237071990967,
            2.439526319503784,
            2.3850321769714355,
            2.4575772285461426,
            2.5467896461486816,
            2.5713906288146973,
            2.455429792404175,
            2.5137016773223877,
            2.5630416870117188,
            2.5044384002685547,
            2.675161123275757,
            2.6377646923065186,
            2.6028287410736084,
            2.669480562210083,
            2.6583738327026367,
            2.585825204849243,
            2.6976349353790283,
            2.7484214305877686,
            2.648690700531006,
            2.785897731781006,
            2.6115036010742188,
            2.714027166366577,
            2.796621084213257,
            2.7267346382141113,
            2.720721960067749,
            2.7630136013031006,
            2.8318729400634766,
            2.8195276260375977,
            2.9320685863494873,
            2.760227918624878,
            2.8116166591644287,
            2.7184712886810303,
            2.8002259731292725,
            2.8569769859313965,
            2.7678580284118652,
            2.820547103881836,
            2.849825620651245,
            2.7907307147979736,
            2.8807010650634766,
            2.8528690338134766,
            2.9377799034118652,
            2.850464344024658,
            2.972459077835083,
            2.889373302459717,
            2.970094919204712,
            2.8812966346740723,
            2.9500045776367188,
            3.043621778488159,
            2.8778059482574463,
            2.8633742332458496,
            2.868668794631958,
            2.9594979286193848,
            2.901280164718628,
            3.0485925674438477,
            2.9464306831359863,
            2.9514107704162598,
            2.8805816173553467,
            2.8849310874938965,
            2.9323291778564453,
            3.1031594276428223,
            2.923543691635132,
            2.9564661979675293,
            3.004061222076416,
            3.12260103225708,
            2.978046417236328,
            3.0841317176818848,
            3.046741485595703,
            3.0565316677093506,
            3.051422595977783,
            3.0756583213806152,
            3.0227510929107666,
            3.139253616333008,
            3.040942430496216,
            3.0068044662475586,
            3.1411821842193604,
            3.11232590675354,
            3.1266379356384277,
            3.132965564727783,
            3.232865333557129,
            3.1255359649658203,
            3.178227424621582,
            3.1293911933898926,
            3.142194986343384,
            3.1745638847351074,
            3.042145252227783,
            3.106667995452881,
            3.1856422424316406,
            3.2883429527282715,
            3.2519266605377197,
            3.1636972427368164,
            3.2341208457946777,
            3.2198939323425293,
            3.2737581729888916,
            3.173280715942383,
            3.2663590908050537,
            3.2181711196899414,
            3.2321081161499023,
            3.2501320838928223,
            3.3220841884613037,
            3.2118988037109375,
            3.36362886428833,
            3.1256349086761475,
            3.3024840354919434
        ],
        "output_image_path": "/model_deploy_execution_attack_for_pipeline/outputs/ssrnet_age_mnn_195411_ttba_attack/adversarial_image.png"
    }
}