{
    "status": "SUCCESS",
    "config": {
        "executable": "resources/execution_files/emotion_ferplus_mnn",
        "benign_image": "/img_align_celeba/028806.jpg",
        "initial_adv_image": "/img_align_celeba/105002.jpg",
        "l2_epsilon_goal": 0.05,
        "linf_epsilon_goal": 0.06274509803921569,
        "query_budget": 40000,
        "max_iterations": 1000,
        "initial_queries": 50,
        "dimension_reduction": 1.0
    },
    "results": {
        "total_queries": 18221,
        "final_l2_distance": 4.1361470222473145,
        "final_linf_distance": 0.06138390302658081,
        "total_duration_seconds": 534.3335745334625,
        "iteration_times_seconds": [
            6.569037675857544,
            6.832820892333984,
            6.870732069015503,
            7.0947558879852295,
            7.161330938339233,
            7.336358308792114,
            7.598643779754639,
            7.525251388549805,
            7.643141269683838,
            7.623855113983154,
            7.689768075942993,
            7.854111671447754,
            7.791872978210449,
            7.9394848346710205,
            8.058063745498657,
            8.17562460899353,
            8.231700420379639,
            8.344703674316406,
            8.309656143188477,
            8.450871467590332,
            8.434507846832275,
            8.428630113601685,
            8.51416277885437,
            8.621148586273193,
            8.615437030792236,
            8.710767030715942,
            8.750640869140625,
            8.677468538284302,
            8.659111976623535,
            8.780086755752563,
            8.79502248764038,
            8.82522439956665,
            8.834709882736206,
            8.738527297973633,
            8.704553842544556,
            8.826097011566162,
            8.82157039642334,
            8.932582378387451,
            8.923066854476929,
            9.04740023612976,
            9.07270622253418,
            9.090110301971436,
            8.966274976730347,
            9.025129795074463,
            9.080664157867432,
            9.02398943901062,
            9.081892728805542,
            9.140916347503662,
            9.178191423416138,
            9.20137643814087,
            9.065710306167603,
            9.086750030517578,
            9.23574686050415,
            9.195889711380005,
            9.19758677482605,
            9.319247245788574,
            9.277684926986694,
            9.227842330932617,
            9.304746150970459,
            9.416321039199829,
            9.40000057220459,
            9.513623714447021
        ],
        "output_image_path": "/model_deploy_execution_attack_for_pipeline/outputs/emotion_ferplus_mnn_028806_ttba_attack/adversarial_image.png"
    }
}