{
    "status": "BUDGET_EXHAUSTED",
    "config": {
        "executable": "./resources/execution_files/emotion_ferplus_mnn",
        "benign_image": "/img_align_celeba/189986.jpg",
        "initial_adv_image": "/img_align_celeba/074189.jpg",
        "l2_epsilon_goal": 0.05,
        "linf_epsilon_goal": 0.06274509803921569,
        "query_budget": 40000,
        "max_iterations": 1000,
        "initial_queries": 50,
        "dimension_reduction": 1.0
    },
    "results": {
        "total_queries": 40230,
        "final_l2_distance": 15.703811645507812,
        "final_linf_distance": 0.2122596651315689,
        "total_duration_seconds": 1014.6963999271393,
        "iteration_times_seconds": [
            6.596339702606201,
            6.70949649810791,
            6.787108898162842,
            6.917121648788452,
            7.152083873748779,
            7.140951633453369,
            7.338299751281738,
            7.478429555892944,
            7.5916454792022705,
            7.7189106941223145,
            7.677054405212402,
            7.732903718948364,
            7.845641136169434,
            7.774091005325317,
            8.015766859054565,
            8.261318445205688,
            8.285791158676147,
            8.233044385910034,
            8.291688442230225,
            8.223266363143921,
            8.389760732650757,
            8.422553300857544,
            8.431047201156616,
            8.427992582321167,
            8.555347681045532,
            8.698838233947754,
            8.759467840194702,
            8.775789022445679,
            8.73789668083191,
            8.803554058074951,
            8.965854406356812,
            8.91659927368164,
            9.089534044265747,
            8.953103303909302,
            8.925226926803589,
            9.036659002304077,
            8.8822181224823,
            8.871561765670776,
            9.028407335281372,
            9.093679666519165,
            9.05646276473999,
            9.166583776473999,
            9.275295972824097,
            9.245262145996094,
            9.389893531799316,
            9.370925903320312,
            9.367952108383179,
            9.468553304672241,
            9.457477331161499,
            9.572274684906006,
            9.542146682739258,
            9.653346300125122,
            9.632637739181519,
            9.522431135177612,
            9.589828968048096,
            9.773169040679932,
            9.704922676086426,
            9.788110494613647,
            9.77808165550232,
            9.768037796020508,
            9.982966184616089,
            10.004252672195435,
            9.972955226898193,
            10.036542177200317,
            10.064204692840576,
            10.013619422912598,
            10.069052934646606,
            10.177202939987183,
            10.208980798721313,
            10.178815841674805,
            10.12521243095398,
            10.185098886489868,
            10.255782842636108,
            10.301835298538208,
            10.363908529281616,
            10.35590124130249,
            10.366148710250854,
            10.091126918792725,
            10.189108848571777,
            10.184146881103516,
            10.398756980895996,
            10.48509693145752,
            10.405394554138184,
            10.554844856262207,
            10.523657083511353,
            10.554058074951172,
            10.567936897277832,
            10.595181226730347,
            10.605926990509033,
            10.60056185722351,
            10.592122793197632,
            10.723668098449707,
            10.686325550079346,
            10.775792598724365,
            10.799360990524292,
            10.758235454559326,
            10.640654563903809,
            10.839442253112793,
            10.79875111579895,
            10.870060682296753,
            10.929888248443604,
            10.920959234237671,
            10.910802125930786,
            10.957449674606323,
            10.858081340789795,
            11.085332870483398,
            11.083398818969727
        ],
        "output_image_path": "/model_deploy_execution_attack_for_pipeline/outputs/emotion_ferplus_mnn_189986_ttba_attack/adversarial_image.png"
    }
}