{
    "status": "SUCCESS",
    "config": {
        "executable": "./resources/execution_files/ssrnet_age_mnn",
        "benign_image": "/img_align_celeba/177480.jpg",
        "initial_adv_image": "/img_align_celeba/045354.jpg",
        "l2_epsilon_goal": 0.05,
        "linf_epsilon_goal": 0.06274509803921569,
        "query_budget": 40000,
        "max_iterations": 1000,
        "initial_queries": 50,
        "dimension_reduction": 1.0
    },
    "results": {
        "total_queries": 6768,
        "final_l2_distance": 4.582329273223877,
        "final_linf_distance": 0.06242071092128754,
        "total_duration_seconds": 79.74910473823547,
        "iteration_times_seconds": [
            2.2513809204101562,
            2.4543564319610596,
            2.3754703998565674,
            2.2682459354400635,
            2.506847620010376,
            2.4319875240325928,
            2.606898784637451,
            2.495199680328369,
            2.441131353378296,
            2.43517804145813,
            2.5356104373931885,
            2.5962390899658203,
            2.497373342514038,
            2.4702868461608887,
            2.4360485076904297,
            2.528205156326294,
            2.5090951919555664,
            2.57318377494812,
            2.6039085388183594,
            2.5888545513153076,
            2.7129874229431152,
            2.5593786239624023,
            2.5491838455200195,
            2.620873212814331,
            2.527308225631714,
            2.601653575897217,
            2.5484580993652344,
            2.533041000366211,
            2.558677911758423,
            2.747351884841919,
            2.72186279296875
        ],
        "output_image_path": "/model_deploy_execution_attack_for_pipeline/outputs/ssrnet_age_mnn_177480_ttba_attack/adversarial_image.png"
    }
}