{
    "status": "BUDGET_EXHAUSTED",
    "config": {
        "executable": "resources/execution_files/emotion_ferplus_mnn",
        "benign_image": "/img_align_celeba/096118.jpg",
        "initial_adv_image": "/img_align_celeba/148102.jpg",
        "l2_epsilon_goal": 0.05,
        "linf_epsilon_goal": 0.06274509803921569,
        "query_budget": 40000,
        "max_iterations": 1000,
        "initial_queries": 50,
        "dimension_reduction": 1.0
    },
    "results": {
        "total_queries": 40099,
        "final_l2_distance": 5.919297695159912,
        "final_linf_distance": 0.12129712104797363,
        "total_duration_seconds": 1001.6664712429047,
        "iteration_times_seconds": [
            6.720397233963013,
            7.051977157592773,
            7.175748825073242,
            7.235846757888794,
            7.3808112144470215,
            7.476217985153198,
            7.730416774749756,
            7.799638032913208,
            7.877296686172485,
            7.828556060791016,
            7.914287567138672,
            8.05019497871399,
            8.146358251571655,
            8.16383695602417,
            8.39462661743164,
            8.404626846313477,
            8.378669023513794,
            8.26599645614624,
            8.331087589263916,
            8.489752769470215,
            8.414529800415039,
            8.508226871490479,
            8.35871148109436,
            8.396271467208862,
            8.549423217773438,
            8.566778659820557,
            8.62281847000122,
            8.474584817886353,
            8.537898540496826,
            8.562274932861328,
            8.615728378295898,
            8.622058153152466,
            8.694766759872437,
            8.780073165893555,
            8.701517820358276,
            8.811904907226562,
            8.93328332901001,
            8.87518310546875,
            8.735138893127441,
            8.81592082977295,
            8.897516250610352,
            8.986015558242798,
            8.997326374053955,
            9.059706687927246,
            8.955113410949707,
            9.088002920150757,
            9.112145900726318,
            9.12800121307373,
            9.22023344039917,
            9.167709112167358,
            9.266614198684692,
            9.232396125793457,
            9.281954765319824,
            9.262722492218018,
            9.367597818374634,
            9.358758926391602,
            9.44551157951355,
            9.507878303527832,
            9.561474323272705,
            9.612124681472778,
            9.60940146446228,
            9.680686473846436,
            9.634713888168335,
            9.745276927947998,
            9.7732572555542,
            9.840436220169067,
            9.829101085662842,
            9.850227355957031,
            9.958462238311768,
            9.840988636016846,
            9.940497636795044,
            9.972527980804443,
            10.04247498512268,
            9.99031686782837,
            9.957836151123047,
            9.95933723449707,
            10.16605806350708,
            10.214476108551025,
            10.10061526298523,
            10.194249868392944,
            10.27871036529541,
            10.420284032821655,
            10.329637050628662,
            10.438394784927368,
            10.509335279464722,
            10.477983236312866,
            10.46962857246399,
            10.556330442428589,
            10.576960802078247,
            10.569871664047241,
            10.585023641586304,
            10.554435968399048,
            10.676569700241089,
            10.443968534469604,
            10.487720012664795,
            10.423048973083496,
            10.512577533721924,
            10.500961542129517,
            10.560332775115967,
            10.588443040847778,
            10.668485879898071,
            10.725214004516602,
            10.682021617889404,
            10.669209003448486,
            10.632705211639404,
            10.810187101364136,
            10.851391553878784
        ],
        "output_image_path": "/model_deploy_execution_attack_for_pipeline/outputs/emotion_ferplus_mnn_096118_ttba_attack/adversarial_image.png"
    }
}