{
    "status": "SUCCESS",
    "config": {
        "executable": "./resources/execution_files/fsanet_headpose_mnn",
        "benign_image": "/img_align_celeba/065084.jpg",
        "initial_adv_image": "/img_align_celeba/118047.jpg",
        "l2_epsilon_goal": 0.05,
        "linf_epsilon_goal": 0.06274509803921569,
        "query_budget": 40000,
        "max_iterations": 1000,
        "initial_queries": 50,
        "dimension_reduction": 1.0
    },
    "results": {
        "total_queries": 1232,
        "final_l2_distance": 4.027952671051025,
        "final_linf_distance": 0.053694307804107666,
        "total_duration_seconds": 25.13544535636902,
        "iteration_times_seconds": [
            2.628075122833252,
            2.6420207023620605,
            2.663471221923828,
            2.6777939796447754,
            2.481336832046509,
            2.5757830142974854,
            2.553446054458618,
            2.5188381671905518,
            2.6332757472991943
        ],
        "output_image_path": "/model_deploy_execution_attack_for_pipeline/outputs/fsanet_headpose_mnn_065084_ttba_attack/adversarial_image.png"
    }
}