{
    "status": "BUDGET_EXHAUSTED",
    "config": {
        "executable": "./resources/execution_files/fsanet_headpose_mnn",
        "benign_image": "/img_align_celeba/188326.jpg",
        "initial_adv_image": "/img_align_celeba/062099.jpg",
        "l2_epsilon_goal": 0.05,
        "linf_epsilon_goal": 0.06274509803921569,
        "query_budget": 40000,
        "max_iterations": 1000,
        "initial_queries": 50,
        "dimension_reduction": 1.0
    },
    "results": {
        "total_queries": 40060,
        "final_l2_distance": 5.864368438720703,
        "final_linf_distance": 0.0842088907957077,
        "total_duration_seconds": 359.3618588447571,
        "iteration_times_seconds": [
            2.7576897144317627,
            2.7956409454345703,
            2.711942434310913,
            2.8194823265075684,
            2.8023924827575684,
            2.9520037174224854,
            2.992987871170044,
            2.928037405014038,
            2.908743143081665,
            2.8426647186279297,
            2.9897680282592773,
            2.974256992340088,
            3.010568141937256,
            3.0480895042419434,
            2.937347650527954,
            2.9988505840301514,
            2.91817569732666,
            2.8774054050445557,
            2.9122660160064697,
            2.9620046615600586,
            3.093209743499756,
            2.998324155807495,
            3.090414524078369,
            3.128490686416626,
            3.029675006866455,
            3.146362066268921,
            3.167402982711792,
            3.037909507751465,
            3.124537229537964,
            3.224889039993286,
            3.1378066539764404,
            3.146415948867798,
            3.29976749420166,
            3.2049765586853027,
            3.274529457092285,
            3.2989513874053955,
            3.110668897628784,
            3.2262253761291504,
            3.190751791000366,
            3.2585818767547607,
            3.2340481281280518,
            3.251908302307129,
            3.252840757369995,
            3.1677651405334473,
            3.2428221702575684,
            3.2541732788085938,
            3.300344467163086,
            3.2650504112243652,
            3.3511834144592285,
            3.3817641735076904,
            3.459054708480835,
            3.306857109069824,
            3.4137611389160156,
            3.3677923679351807,
            3.445948362350464,
            3.2936313152313232,
            3.4904940128326416,
            3.4223978519439697,
            3.31624698638916,
            3.428523302078247,
            3.3831825256347656,
            3.4390482902526855,
            3.5053768157958984,
            3.460259199142456,
            3.3988099098205566,
            3.47017240524292,
            3.550938367843628,
            3.464858055114746,
            3.4129834175109863,
            3.5395638942718506,
            3.562248706817627,
            3.5225586891174316,
            3.399139881134033,
            3.5241270065307617,
            3.6447043418884277,
            3.475571632385254,
            3.520383834838867,
            3.5373048782348633,
            3.631516218185425,
            3.7219629287719727,
            3.6631901264190674,
            3.634683847427368,
            3.745035409927368,
            3.5996901988983154,
            3.778994083404541,
            3.564178466796875,
            3.642547130584717,
            3.7064263820648193,
            3.625425100326538,
            3.7456579208374023,
            3.6475729942321777,
            3.767838954925537,
            3.7579894065856934,
            3.724790096282959,
            3.66894793510437,
            3.680133104324341,
            3.7023966312408447,
            3.6020188331604004,
            3.673027276992798,
            3.619631290435791,
            3.6818158626556396,
            3.5767600536346436,
            3.7484757900238037,
            3.7643210887908936,
            3.6575655937194824,
            3.754002094268799,
            3.7543869018554688
        ],
        "output_image_path": "/model_deploy_execution_attack_for_pipeline/outputs/fsanet_headpose_mnn_188326_ttba_attack/adversarial_image.png"
    }
}