{
    "status": "SUCCESS",
    "config": {
        "executable": "./resources/execution_files/fsanet_headpose_mnn",
        "benign_image": "/img_align_celeba/087773.jpg",
        "initial_adv_image": "/img_align_celeba/062099.jpg",
        "l2_epsilon_goal": 0.05,
        "linf_epsilon_goal": 0.06274509803921569,
        "query_budget": 40000,
        "max_iterations": 1000,
        "initial_queries": 50,
        "dimension_reduction": 1.0
    },
    "results": {
        "total_queries": 9059,
        "final_l2_distance": 4.679722785949707,
        "final_linf_distance": 0.06165456771850586,
        "total_duration_seconds": 117.25220799446106,
        "iteration_times_seconds": [
            2.6741411685943604,
            2.9083752632141113,
            2.828343152999878,
            2.803079843521118,
            3.0220510959625244,
            2.8986456394195557,
            2.9037911891937256,
            3.0624260902404785,
            2.9154722690582275,
            2.9788472652435303,
            2.898036003112793,
            3.052309989929199,
            3.0102062225341797,
            3.07492733001709,
            3.1630303859710693,
            3.0808463096618652,
            2.930759906768799,
            3.0934154987335205,
            3.0071771144866943,
            3.031008243560791,
            2.9699087142944336,
            3.05049204826355,
            3.1611666679382324,
            3.1327590942382812,
            3.1077721118927,
            3.0632128715515137,
            3.0909430980682373,
            3.176577568054199,
            3.0668375492095947,
            3.113797903060913,
            3.1697685718536377,
            3.175572395324707,
            3.1102466583251953,
            3.113182306289673,
            3.245701789855957,
            3.2662296295166016,
            3.182481527328491,
            3.066394567489624
        ],
        "output_image_path": "/model_deploy_execution_attack_for_pipeline/outputs/fsanet_headpose_mnn_087773_ttba_attack/adversarial_image.png"
    }
}