{
    "status": "BUDGET_EXHAUSTED",
    "config": {
        "executable": "./resources/execution_files/age_googlenet_mnn",
        "benign_image": "/img_align_celeba/017412.jpg",
        "initial_adv_image": "/img_align_celeba/00000018.png",
        "l2_epsilon_goal": 0.05,
        "linf_epsilon_goal": 0.06274509803921569,
        "query_budget": 40000,
        "max_iterations": 1000,
        "initial_queries": 50,
        "dimension_reduction": 1.0
    },
    "results": {
        "total_queries": 40349,
        "final_l2_distance": 41.20777893066406,
        "final_linf_distance": 0.5420448780059814,
        "total_duration_seconds": 1150.1965606212616,
        "iteration_times_seconds": [
            7.692036390304565,
            8.096163034439087,
            8.24868655204773,
            8.358708620071411,
            8.3997220993042,
            8.494892120361328,
            8.848488092422485,
            8.83120059967041,
            8.906617641448975,
            8.931183815002441,
            9.040760278701782,
            9.167085886001587,
            9.242845058441162,
            9.178685426712036,
            9.359151840209961,
            9.384037971496582,
            9.41090726852417,
            9.508244276046753,
            9.544932842254639,
            9.52092432975769,
            9.568546295166016,
            9.731529235839844,
            9.660818338394165,
            9.814372777938843,
            9.805603742599487,
            9.840127229690552,
            10.162997484207153,
            10.087189197540283,
            10.087515115737915,
            10.186542272567749,
            10.273770332336426,
            10.251497507095337,
            10.331880331039429,
            10.260800123214722,
            10.282203674316406,
            10.183887004852295,
            10.145229816436768,
            10.170836925506592,
            10.26274299621582,
            10.221418857574463,
            10.303140878677368,
            10.431594848632812,
            10.565702676773071,
            10.651508569717407,
            10.57404088973999,
            10.52204442024231,
            10.59563946723938,
            10.60499358177185,
            10.694262981414795,
            10.661418199539185,
            10.805428743362427,
            10.847645044326782,
            10.770393371582031,
            10.80018162727356,
            10.934044361114502,
            10.873295068740845,
            10.896524429321289,
            11.008888959884644,
            10.98572301864624,
            11.232243061065674,
            11.218172073364258,
            11.174458026885986,
            11.293554306030273,
            11.248857021331787,
            11.298291683197021,
            11.310653686523438,
            11.322226524353027,
            11.291858196258545,
            11.31273341178894,
            11.486706256866455,
            11.365014791488647,
            11.365486145019531,
            11.415493488311768,
            11.527397155761719,
            11.561020135879517,
            11.428524732589722,
            11.596420764923096,
            11.694015979766846,
            11.63915491104126,
            11.65815019607544,
            11.745028495788574,
            11.85722827911377,
            11.856247425079346,
            11.824933767318726,
            11.808794021606445,
            11.903768062591553,
            11.85993504524231,
            11.973427772521973,
            11.973265647888184,
            12.030893564224243,
            11.95413088798523,
            11.746742248535156,
            11.912383556365967,
            11.763050079345703,
            11.82397198677063,
            11.794309854507446,
            11.947381496429443,
            11.983245372772217,
            11.995507955551147,
            11.939542531967163,
            11.942452192306519,
            11.967268466949463,
            11.973621368408203,
            12.066417217254639,
            12.10013747215271,
            12.188402891159058,
            12.355206489562988
        ],
        "output_image_path": "/model_deploy_execution_attack_for_pipeline/outputs/age_googlenet_mnn_017412_ttba_attack/adversarial_image.png"
    }
}