{
    "status": "BUDGET_EXHAUSTED",
    "config": {
        "executable": "./resources/execution_files/age_googlenet_mnn",
        "benign_image": "/img_align_celeba/017406.jpg",
        "initial_adv_image": "/img_align_celeba/00000020.png",
        "l2_epsilon_goal": 0.05,
        "linf_epsilon_goal": 0.06274509803921569,
        "query_budget": 40000,
        "max_iterations": 1000,
        "initial_queries": 50,
        "dimension_reduction": 1.0
    },
    "results": {
        "total_queries": 40327,
        "final_l2_distance": 35.319374084472656,
        "final_linf_distance": 0.4720544219017029,
        "total_duration_seconds": 1148.4269759654999,
        "iteration_times_seconds": [
            7.816884994506836,
            8.066102981567383,
            8.240512371063232,
            8.443349599838257,
            8.439337253570557,
            8.593142032623291,
            8.819446563720703,
            8.799077987670898,
            8.822688102722168,
            8.901344537734985,
            9.054106950759888,
            9.158021926879883,
            9.236893653869629,
            9.222980737686157,
            9.376221418380737,
            9.463318347930908,
            9.516396284103394,
            9.587435245513916,
            9.561681509017944,
            9.651549816131592,
            9.641026973724365,
            9.721539497375488,
            9.758838176727295,
            9.800739526748657,
            9.598803520202637,
            9.670259475708008,
            9.874747514724731,
            9.870385646820068,
            10.00262713432312,
            9.96167516708374,
            9.934409141540527,
            9.948750972747803,
            10.090460062026978,
            10.147417068481445,
            10.109421253204346,
            10.248327255249023,
            10.186262130737305,
            10.290443181991577,
            10.362502574920654,
            10.361268043518066,
            10.386469602584839,
            10.510444164276123,
            10.498575448989868,
            10.632906913757324,
            10.629230260848999,
            10.60317850112915,
            10.591558933258057,
            10.671016931533813,
            10.660524129867554,
            10.668936252593994,
            10.73427677154541,
            10.80640983581543,
            10.963840961456299,
            10.931469440460205,
            10.938467502593994,
            11.026222467422485,
            11.014968872070312,
            11.015899658203125,
            10.958899736404419,
            11.097318649291992,
            11.186628818511963,
            11.160412311553955,
            11.296595573425293,
            11.382952213287354,
            11.269854545593262,
            11.243652105331421,
            11.280996322631836,
            11.324406862258911,
            11.3388991355896,
            11.345654964447021,
            11.314961194992065,
            11.53518009185791,
            11.520629405975342,
            11.445284605026245,
            11.593008995056152,
            11.648519515991211,
            11.654254674911499,
            11.620701789855957,
            11.745726585388184,
            11.766340017318726,
            11.584059715270996,
            11.647687911987305,
            11.635118246078491,
            11.644416332244873,
            11.824315071105957,
            11.712674140930176,
            11.680028200149536,
            11.688384056091309,
            11.797348499298096,
            11.730072259902954,
            11.694743633270264,
            11.90523624420166,
            11.893917560577393,
            11.813565254211426,
            11.813490867614746,
            11.868298053741455,
            11.895131349563599,
            11.854666709899902,
            11.954832792282104,
            12.068928718566895,
            11.961738586425781,
            12.004293203353882,
            12.081494808197021,
            12.094177961349487,
            12.12476110458374,
            12.220582008361816,
            12.396589279174805
        ],
        "output_image_path": "/model_deploy_execution_attack_for_pipeline/outputs/age_googlenet_mnn_017406_ttba_attack/adversarial_image.png"
    }
}