{
    "status": "SUCCESS",
    "config": {
        "executable": "resources/execution_files/emotion_ferplus_mnn",
        "benign_image": "/img_align_celeba/015205.jpg",
        "initial_adv_image": "/img_align_celeba/088332.jpg",
        "l2_epsilon_goal": 0.05,
        "linf_epsilon_goal": 0.06274509803921569,
        "query_budget": 40000,
        "max_iterations": 1000,
        "initial_queries": 50,
        "dimension_reduction": 1.0
    },
    "results": {
        "total_queries": 18649,
        "final_l2_distance": 4.290866851806641,
        "final_linf_distance": 0.056901395320892334,
        "total_duration_seconds": 545.3884179592133,
        "iteration_times_seconds": [
            6.8258280754089355,
            7.114563226699829,
            7.094443321228027,
            7.239842891693115,
            7.284708023071289,
            7.263166427612305,
            7.556641340255737,
            7.55847692489624,
            7.666776418685913,
            7.7448742389678955,
            7.717247724533081,
            7.839031457901001,
            7.940459728240967,
            7.977511882781982,
            8.221435070037842,
            8.239798307418823,
            8.262433290481567,
            8.258909940719604,
            8.381984233856201,
            8.347218036651611,
            8.496445417404175,
            8.542867660522461,
            8.467916250228882,
            8.53170895576477,
            8.624512910842896,
            8.59737777709961,
            8.595620155334473,
            8.726886510848999,
            8.741015434265137,
            8.859071254730225,
            8.71589970588684,
            8.754023313522339,
            8.849531888961792,
            8.981553077697754,
            8.71293020248413,
            8.766213417053223,
            8.83770751953125,
            8.827208757400513,
            8.952129125595093,
            8.939122438430786,
            8.989489078521729,
            9.144285202026367,
            9.001490831375122,
            9.06376600265503,
            8.992527723312378,
            9.032563209533691,
            9.154678344726562,
            9.055220603942871,
            9.147801637649536,
            9.229003190994263,
            9.231629610061646,
            9.306360006332397,
            9.183898448944092,
            9.162253856658936,
            9.123463153839111,
            9.213789224624634,
            9.231537580490112,
            9.241158962249756,
            9.338099241256714,
            9.429259300231934,
            9.429262638092041,
            9.454719066619873,
            9.63955044746399
        ],
        "output_image_path": "/model_deploy_execution_attack_for_pipeline/outputs/emotion_ferplus_mnn_015205_ttba_attack/adversarial_image.png"
    }
}