{
    "status": "BUDGET_EXHAUSTED",
    "config": {
        "executable": "./resources/execution_files/emotion_ferplus_mnn",
        "benign_image": "/img_align_celeba/041126.jpg",
        "initial_adv_image": "/img_align_celeba/111077.jpg",
        "l2_epsilon_goal": 0.05,
        "linf_epsilon_goal": 0.06274509803921569,
        "query_budget": 40000,
        "max_iterations": 1000,
        "initial_queries": 50,
        "dimension_reduction": 1.0
    },
    "results": {
        "total_queries": 40091,
        "final_l2_distance": 7.936139106750488,
        "final_linf_distance": 0.10491248965263367,
        "total_duration_seconds": 995.4271914958954,
        "iteration_times_seconds": [
            6.210358381271362,
            6.518590211868286,
            6.757432460784912,
            6.882929801940918,
            6.990346431732178,
            7.063318252563477,
            7.277765512466431,
            7.311484098434448,
            7.374819993972778,
            7.392739772796631,
            7.536745309829712,
            7.657531499862671,
            7.567420482635498,
            7.77362322807312,
            7.8970253467559814,
            8.001503705978394,
            7.983496189117432,
            8.026848077774048,
            8.098782777786255,
            8.170589923858643,
            8.230345249176025,
            8.202994108200073,
            8.227735757827759,
            8.167099237442017,
            8.256637811660767,
            8.296501636505127,
            8.463032007217407,
            8.459548234939575,
            8.502235412597656,
            8.554810047149658,
            8.575067520141602,
            8.554671049118042,
            8.731529474258423,
            8.65374207496643,
            8.725404024124146,
            8.737493991851807,
            8.883999109268188,
            8.892049789428711,
            8.824244499206543,
            8.98523211479187,
            8.9643075466156,
            9.101434230804443,
            9.289960622787476,
            9.226562261581421,
            9.256520986557007,
            9.268615245819092,
            9.438474893569946,
            9.446897268295288,
            9.315837383270264,
            9.452183723449707,
            9.37234354019165,
            9.53973650932312,
            9.454217910766602,
            9.491284608840942,
            9.596863985061646,
            9.55109429359436,
            9.552730321884155,
            9.596547603607178,
            9.76403546333313,
            9.659899711608887,
            9.67339825630188,
            9.64828896522522,
            9.687727689743042,
            9.777204275131226,
            9.76984167098999,
            9.680506467819214,
            9.854051351547241,
            9.793804407119751,
            9.833150625228882,
            9.79131007194519,
            9.884512424468994,
            9.8805832862854,
            9.9248046875,
            9.99103832244873,
            9.948642015457153,
            9.914072275161743,
            10.035975933074951,
            10.089471817016602,
            10.16928744316101,
            10.192190408706665,
            10.25805139541626,
            10.222505331039429,
            10.297747373580933,
            10.351786613464355,
            10.345797061920166,
            10.386679649353027,
            10.433775663375854,
            10.535911083221436,
            10.478710412979126,
            10.487171411514282,
            10.467906713485718,
            10.563876867294312,
            10.475410461425781,
            10.523115158081055,
            10.570673704147339,
            10.522705316543579,
            10.59514307975769,
            10.663147449493408,
            10.772874355316162,
            10.754950046539307,
            10.799378395080566,
            10.806541204452515,
            10.762261152267456,
            10.875253677368164,
            10.877115964889526,
            10.952563762664795,
            11.042762517929077
        ],
        "output_image_path": "/model_deploy_execution_attack_for_pipeline/outputs/emotion_ferplus_mnn_041126_ttba_attack/adversarial_image.png"
    }
}