{
    "status": "BUDGET_EXHAUSTED",
    "config": {
        "executable": "./resources/execution_files/emotion_ferplus_mnn",
        "benign_image": "/img_align_celeba/173180.jpg",
        "initial_adv_image": "/img_align_celeba/045354.jpg",
        "l2_epsilon_goal": 0.05,
        "linf_epsilon_goal": 0.06274509803921569,
        "query_budget": 40000,
        "max_iterations": 1000,
        "initial_queries": 50,
        "dimension_reduction": 1.0
    },
    "results": {
        "total_queries": 40544,
        "final_l2_distance": 3.9468307495117188,
        "final_linf_distance": 0.10416874289512634,
        "total_duration_seconds": 987.9879524707794,
        "iteration_times_seconds": [
            6.632281303405762,
            6.719375848770142,
            6.95200777053833,
            6.8129658699035645,
            6.943825006484985,
            6.991517543792725,
            7.210827350616455,
            7.2575483322143555,
            7.38104510307312,
            7.293850421905518,
            7.324143648147583,
            7.412173748016357,
            7.570989370346069,
            7.699872732162476,
            7.604565143585205,
            7.798993825912476,
            7.85211968421936,
            7.812981367111206,
            7.96005392074585,
            7.971648931503296,
            8.044244289398193,
            7.828387022018433,
            7.927607774734497,
            7.981370687484741,
            8.018633604049683,
            8.163664102554321,
            8.228634119033813,
            8.353373289108276,
            8.445048809051514,
            8.306461572647095,
            8.363857507705688,
            8.531703472137451,
            8.449761629104614,
            8.503653764724731,
            8.490817308425903,
            8.570544958114624,
            8.589768648147583,
            8.6353759765625,
            8.630454778671265,
            8.651485681533813,
            8.77933955192566,
            8.934497594833374,
            8.940982341766357,
            9.069350719451904,
            9.007208824157715,
            8.995757341384888,
            9.03886365890503,
            9.086950302124023,
            9.142526865005493,
            9.170610904693604,
            9.092012882232666,
            9.18993353843689,
            9.265692472457886,
            9.321774005889893,
            9.320340394973755,
            9.305196762084961,
            9.487866878509521,
            9.409679889678955,
            9.475094079971313,
            9.561562538146973,
            9.506952285766602,
            9.669503688812256,
            9.733120441436768,
            9.539425373077393,
            9.537715196609497,
            9.543834924697876,
            9.61746096611023,
            9.607971429824829,
            9.654765605926514,
            9.64615249633789,
            9.651952505111694,
            9.683666944503784,
            9.779303073883057,
            9.768890857696533,
            9.852179050445557,
            9.786588907241821,
            9.804296016693115,
            9.842818975448608,
            9.935150146484375,
            9.912564516067505,
            10.137343645095825,
            10.065857410430908,
            10.18288516998291,
            10.193541288375854,
            10.221255540847778,
            10.217033386230469,
            10.296391010284424,
            10.345659971237183,
            10.299322366714478,
            10.291406154632568,
            10.264871835708618,
            10.312910318374634,
            10.279078960418701,
            10.33745813369751,
            10.472609996795654,
            10.497179746627808,
            10.566292762756348,
            10.573868751525879,
            10.515942573547363,
            10.588465690612793,
            10.46860671043396,
            10.546314716339111,
            10.649074077606201,
            10.507018089294434,
            10.587646722793579,
            10.757294416427612,
            10.934107542037964,
            10.829988956451416
        ],
        "output_image_path": "/model_deploy_execution_attack_for_pipeline/outputs/emotion_ferplus_mnn_173180_ttba_attack/adversarial_image.png"
    }
}