{
    "status": "BUDGET_EXHAUSTED",
    "config": {
        "executable": "./resources/execution_files/fsanet_headpose_mnn",
        "benign_image": "/img_align_celeba/087001.jpg",
        "initial_adv_image": "/img_align_celeba/056328.jpg",
        "l2_epsilon_goal": 0.05,
        "linf_epsilon_goal": 0.06274509803921569,
        "query_budget": 40000,
        "max_iterations": 1000,
        "initial_queries": 50,
        "dimension_reduction": 1.0
    },
    "results": {
        "total_queries": 40091,
        "final_l2_distance": 5.994435787200928,
        "final_linf_distance": 0.08231376856565475,
        "total_duration_seconds": 362.65019392967224,
        "iteration_times_seconds": [
            2.7218868732452393,
            2.703071355819702,
            2.7353084087371826,
            2.848459005355835,
            2.808336019515991,
            2.9544613361358643,
            2.90586519241333,
            2.8613991737365723,
            2.9581005573272705,
            3.170569896697998,
            3.1858575344085693,
            3.2015700340270996,
            2.971031904220581,
            2.978281021118164,
            3.0963971614837646,
            3.0837576389312744,
            3.176754951477051,
            3.039881467819214,
            3.213728666305542,
            3.116061210632324,
            3.162799835205078,
            3.019345760345459,
            3.153885841369629,
            3.22088885307312,
            3.16314435005188,
            3.1743056774139404,
            3.176642894744873,
            3.177889823913574,
            3.090709686279297,
            3.1369099617004395,
            3.22573184967041,
            3.1106152534484863,
            3.1850063800811768,
            3.181884288787842,
            3.2921645641326904,
            3.232617139816284,
            3.17234468460083,
            3.450176477432251,
            3.225222587585449,
            3.266232490539551,
            3.32625675201416,
            3.3399035930633545,
            3.346583127975464,
            3.468837261199951,
            3.26358699798584,
            3.4451401233673096,
            3.3170626163482666,
            3.4429750442504883,
            3.4040040969848633,
            3.4708333015441895,
            3.3434219360351562,
            3.2658660411834717,
            3.2160353660583496,
            3.399836540222168,
            3.4111804962158203,
            3.4617981910705566,
            3.4679930210113525,
            3.5250308513641357,
            3.37392520904541,
            3.399474859237671,
            3.3321077823638916,
            3.461101770401001,
            3.385856866836548,
            3.448496103286743,
            3.3434085845947266,
            3.35563325881958,
            3.4519670009613037,
            3.497711420059204,
            3.5012662410736084,
            3.5454115867614746,
            3.589334011077881,
            3.4932196140289307,
            3.5098276138305664,
            3.5257036685943604,
            3.6240227222442627,
            3.627159357070923,
            3.593689441680908,
            3.665709972381592,
            3.6000421047210693,
            3.649895668029785,
            3.612804889678955,
            3.625654458999634,
            3.6801373958587646,
            3.6019084453582764,
            3.7319490909576416,
            3.6150615215301514,
            3.81951642036438,
            3.77349591255188,
            3.67203426361084,
            3.6607043743133545,
            3.698209762573242,
            3.731637477874756,
            3.6717543601989746,
            3.7426860332489014,
            3.600472927093506,
            3.639397382736206,
            3.639040946960449,
            3.605855703353882,
            3.630221366882324,
            3.7098259925842285,
            3.6592979431152344,
            3.637277603149414,
            3.7790846824645996,
            3.7142114639282227,
            3.758471727371216,
            3.7364444732666016,
            3.7280240058898926
        ],
        "output_image_path": "/model_deploy_execution_attack_for_pipeline/outputs/fsanet_headpose_mnn_087001_ttba_attack/adversarial_image.png"
    }
}