{
    "status": "BUDGET_EXHAUSTED",
    "config": {
        "executable": "./resources/execution_files/emotion_ferplus_mnn",
        "benign_image": "/img_align_celeba/080008.jpg",
        "initial_adv_image": "/img_align_celeba/045354.jpg",
        "l2_epsilon_goal": 0.05,
        "linf_epsilon_goal": 0.06274509803921569,
        "query_budget": 40000,
        "max_iterations": 1000,
        "initial_queries": 50,
        "dimension_reduction": 1.0
    },
    "results": {
        "total_queries": 40215,
        "final_l2_distance": 13.574734687805176,
        "final_linf_distance": 0.20435628294944763,
        "total_duration_seconds": 1017.0812885761261,
        "iteration_times_seconds": [
            6.62072491645813,
            6.840090990066528,
            6.812342166900635,
            6.934476137161255,
            7.108229398727417,
            7.302497386932373,
            7.467100620269775,
            7.563290119171143,
            7.600579023361206,
            7.577086687088013,
            7.685763359069824,
            7.725372076034546,
            7.862541675567627,
            7.898213624954224,
            8.138927936553955,
            8.127600908279419,
            8.241382598876953,
            8.183704137802124,
            8.215477705001831,
            8.301819086074829,
            8.431662797927856,
            8.292816162109375,
            8.448018550872803,
            8.529636859893799,
            8.461992263793945,
            8.639019966125488,
            8.747022867202759,
            8.889486074447632,
            8.947627067565918,
            8.89903712272644,
            8.903560161590576,
            8.955757141113281,
            9.07271146774292,
            9.052133321762085,
            9.11700963973999,
            9.114055633544922,
            9.139880418777466,
            9.165444374084473,
            9.1182279586792,
            9.121415853500366,
            9.150668144226074,
            9.30026125907898,
            9.33869743347168,
            9.418321132659912,
            9.383005380630493,
            9.502663612365723,
            9.418893337249756,
            9.422656774520874,
            9.567878246307373,
            9.564796924591064,
            9.49242615699768,
            9.529604434967041,
            9.675046443939209,
            9.756107091903687,
            9.779760599136353,
            9.780022859573364,
            9.785975456237793,
            9.739164113998413,
            9.748964786529541,
            9.9352867603302,
            9.764867067337036,
            9.893250465393066,
            9.80854868888855,
            9.957298517227173,
            9.900492906570435,
            9.917336225509644,
            9.929636240005493,
            9.969012022018433,
            10.149792671203613,
            10.024710655212402,
            10.068894863128662,
            10.075001239776611,
            10.104729890823364,
            10.189151048660278,
            10.184751033782959,
            10.235594987869263,
            10.25150465965271,
            10.398482084274292,
            10.344485521316528,
            10.396581649780273,
            10.395017862319946,
            10.403382301330566,
            10.373798608779907,
            10.441817998886108,
            10.577379941940308,
            10.619263172149658,
            10.613472938537598,
            10.5727059841156,
            10.594357013702393,
            10.706568956375122,
            10.60890817642212,
            10.757351875305176,
            10.668423891067505,
            10.789401292800903,
            10.850298643112183,
            10.764622688293457,
            10.915572166442871,
            10.761500120162964,
            10.851905822753906,
            10.949414014816284,
            10.841338157653809,
            11.022594213485718,
            10.989463567733765,
            11.095244407653809,
            11.100904941558838,
            11.165760040283203,
            11.16499376296997
        ],
        "output_image_path": "/model_deploy_execution_attack_for_pipeline/outputs/emotion_ferplus_mnn_080008_ttba_attack/adversarial_image.png"
    }
}