{
    "status": "BUDGET_EXHAUSTED",
    "config": {
        "executable": "./resources/execution_files/fsanet_headpose_mnn",
        "benign_image": "/img_align_celeba/138383.jpg",
        "initial_adv_image": "/img_align_celeba/051321.jpg",
        "l2_epsilon_goal": 0.05,
        "linf_epsilon_goal": 0.06274509803921569,
        "query_budget": 40000,
        "max_iterations": 1000,
        "initial_queries": 50,
        "dimension_reduction": 1.0
    },
    "results": {
        "total_queries": 40067,
        "final_l2_distance": 5.862757682800293,
        "final_linf_distance": 0.07606159150600433,
        "total_duration_seconds": 358.8710162639618,
        "iteration_times_seconds": [
            2.7145633697509766,
            2.9016523361206055,
            2.784092664718628,
            2.8091938495635986,
            2.7710695266723633,
            2.8018603324890137,
            2.862518787384033,
            2.7202038764953613,
            2.8489010334014893,
            2.9603781700134277,
            2.8854856491088867,
            2.996304750442505,
            3.0424838066101074,
            3.034520149230957,
            2.9835309982299805,
            3.064149856567383,
            3.045814037322998,
            3.071948528289795,
            3.068265914916992,
            3.034942626953125,
            3.0354254245758057,
            3.072096586227417,
            3.006209135055542,
            3.026754379272461,
            3.0846023559570312,
            3.179866313934326,
            3.2354609966278076,
            3.138782262802124,
            3.142343044281006,
            3.14764404296875,
            3.1647915840148926,
            3.0980472564697266,
            3.090930700302124,
            3.2043919563293457,
            3.282630205154419,
            3.2019078731536865,
            3.1710996627807617,
            3.4005286693573,
            3.14249849319458,
            3.3094515800476074,
            3.2511343955993652,
            3.2850704193115234,
            3.197538137435913,
            3.2247426509857178,
            3.289051055908203,
            3.3150954246520996,
            3.176119565963745,
            3.257063150405884,
            3.275749444961548,
            3.2931928634643555,
            3.3527677059173584,
            3.3545007705688477,
            3.2581136226654053,
            3.4847922325134277,
            3.304788827896118,
            3.3602495193481445,
            3.3161158561706543,
            3.4581499099731445,
            3.4938082695007324,
            3.319150686264038,
            3.4141430854797363,
            3.4621427059173584,
            3.3511927127838135,
            3.4538328647613525,
            3.4760613441467285,
            3.4816486835479736,
            3.605905055999756,
            3.462031126022339,
            3.495936632156372,
            3.4112837314605713,
            3.408970594406128,
            3.4276461601257324,
            3.5980124473571777,
            3.5762064456939697,
            3.5794472694396973,
            3.51407527923584,
            3.644577741622925,
            3.4428577423095703,
            3.592960834503174,
            3.5741028785705566,
            3.5517661571502686,
            3.6321604251861572,
            3.6751508712768555,
            3.662487745285034,
            3.7247812747955322,
            3.6963016986846924,
            3.6770827770233154,
            3.641749382019043,
            3.7081363201141357,
            3.714965581893921,
            3.6466150283813477,
            3.6534225940704346,
            3.8145530223846436,
            3.669729232788086,
            3.703049898147583,
            3.584768772125244,
            3.6622979640960693,
            3.6404993534088135,
            3.6670055389404297,
            3.702176570892334,
            3.710078716278076,
            3.625910758972168,
            3.6627631187438965,
            3.6719985008239746,
            3.782926559448242,
            3.741163730621338,
            3.6966753005981445
        ],
        "output_image_path": "/model_deploy_execution_attack_for_pipeline/outputs/fsanet_headpose_mnn_138383_ttba_attack/adversarial_image.png"
    }
}