{
    "status": "BUDGET_EXHAUSTED",
    "config": {
        "executable": "./resources/execution_files/emotion_ferplus_mnn",
        "benign_image": "/img_align_celeba/002779.jpg",
        "initial_adv_image": "/img_align_celeba/017374.jpg",
        "l2_epsilon_goal": 0.05,
        "linf_epsilon_goal": 0.06274509803921569,
        "query_budget": 40000,
        "max_iterations": 1000,
        "initial_queries": 50,
        "dimension_reduction": 1.0
    },
    "results": {
        "total_queries": 40151,
        "final_l2_distance": 13.942962646484375,
        "final_linf_distance": 0.2545456886291504,
        "total_duration_seconds": 1004.3369872570038,
        "iteration_times_seconds": [
            6.16804313659668,
            6.513489007949829,
            6.59986424446106,
            6.788758039474487,
            6.967736482620239,
            6.952304124832153,
            7.256818771362305,
            7.229796409606934,
            7.353188514709473,
            7.378336429595947,
            7.488640069961548,
            7.576057434082031,
            7.6973772048950195,
            7.609347343444824,
            7.9087958335876465,
            7.963709115982056,
            7.975229501724243,
            8.096354007720947,
            8.129902601242065,
            8.174901723861694,
            8.145901918411255,
            8.328806161880493,
            8.236647605895996,
            8.34160590171814,
            8.299217462539673,
            8.520059823989868,
            8.493799686431885,
            8.706084251403809,
            8.653938055038452,
            8.718621253967285,
            8.71151328086853,
            8.811094760894775,
            8.749940872192383,
            8.809177160263062,
            8.952478170394897,
            8.830791473388672,
            8.803863763809204,
            8.91721510887146,
            8.779038429260254,
            8.815096855163574,
            8.975152730941772,
            9.158686399459839,
            9.104637384414673,
            9.198601484298706,
            9.115125894546509,
            9.222371339797974,
            9.3557870388031,
            9.395810604095459,
            9.288213729858398,
            9.355236768722534,
            9.431707620620728,
            9.475371837615967,
            9.53016710281372,
            9.542645692825317,
            9.554353952407837,
            9.546530723571777,
            9.596414804458618,
            9.618048906326294,
            9.684450149536133,
            9.689210176467896,
            9.7309410572052,
            9.779395341873169,
            9.838946342468262,
            9.937568664550781,
            9.975402593612671,
            10.077868938446045,
            9.938839435577393,
            10.020457983016968,
            10.061732530593872,
            10.045156002044678,
            10.056848764419556,
            10.163727283477783,
            10.113765716552734,
            10.07118010520935,
            10.230793952941895,
            10.177573442459106,
            10.221845865249634,
            10.213562726974487,
            10.255346298217773,
            10.28077220916748,
            10.324641942977905,
            10.395264625549316,
            10.449015855789185,
            10.463201999664307,
            10.552741289138794,
            10.663545608520508,
            10.630199432373047,
            10.563844919204712,
            10.5540452003479,
            10.713830709457397,
            10.722656965255737,
            10.712921857833862,
            10.719984769821167,
            10.722350835800171,
            10.821739196777344,
            10.77181363105774,
            10.798531770706177,
            10.809144735336304,
            10.770382165908813,
            10.945547103881836,
            10.954202890396118,
            10.923726320266724,
            10.924801349639893,
            11.0602867603302,
            11.04220199584961,
            11.169795513153076,
            11.179489135742188
        ],
        "output_image_path": "/model_deploy_execution_attack_for_pipeline/outputs/emotion_ferplus_mnn_002779_ttba_attack/adversarial_image.png"
    }
}