{
    "status": "BUDGET_EXHAUSTED",
    "config": {
        "executable": "resources/execution_files/gender_googlenet_mnn",
        "benign_image": "/img_align_celeba/008532.jpg",
        "initial_adv_image": "/img_align_celeba/139923.jpg",
        "l2_epsilon_goal": 0.05,
        "linf_epsilon_goal": 0.06274509803921569,
        "query_budget": 40000,
        "max_iterations": 1000,
        "initial_queries": 50,
        "dimension_reduction": 1.0
    },
    "results": {
        "total_queries": 40207,
        "final_l2_distance": 15.863550186157227,
        "final_linf_distance": 0.22607582807540894,
        "total_duration_seconds": 976.0754685401917,
        "iteration_times_seconds": [
            6.168171405792236,
            6.459977388381958,
            6.400830030441284,
            6.60299015045166,
            6.806206226348877,
            6.878287315368652,
            6.9765918254852295,
            7.145724534988403,
            7.196272611618042,
            7.265163898468018,
            7.31043815612793,
            7.35145902633667,
            7.533159971237183,
            7.625514507293701,
            7.761770725250244,
            7.790900707244873,
            7.706878185272217,
            7.824703931808472,
            7.944293260574341,
            7.8876423835754395,
            7.994676113128662,
            8.008878469467163,
            7.876164197921753,
            8.00262999534607,
            8.081855773925781,
            8.039915800094604,
            8.278242349624634,
            8.33019208908081,
            8.348219871520996,
            8.304224729537964,
            8.421109437942505,
            8.437762022018433,
            8.479947805404663,
            8.583324670791626,
            8.561527967453003,
            8.518758296966553,
            8.597556114196777,
            8.66154408454895,
            8.644437074661255,
            8.785842657089233,
            8.924297571182251,
            8.99173641204834,
            8.92081332206726,
            9.006060123443604,
            9.069067001342773,
            9.110289812088013,
            9.15344786643982,
            9.139220952987671,
            9.117068767547607,
            9.134317636489868,
            9.115005731582642,
            9.167793273925781,
            9.211555480957031,
            9.222018957138062,
            9.388327598571777,
            9.391071557998657,
            9.424568891525269,
            9.448678016662598,
            9.605708599090576,
            9.49899935722351,
            9.737525939941406,
            9.62606143951416,
            9.733664512634277,
            9.796353578567505,
            9.801135540008545,
            9.796820640563965,
            9.748598575592041,
            9.783215999603271,
            9.889202117919922,
            9.578870296478271,
            9.707076072692871,
            9.682049036026001,
            9.67465615272522,
            9.687741756439209,
            9.805121660232544,
            9.791791915893555,
            9.848928451538086,
            9.853320598602295,
            9.961230278015137,
            10.008280277252197,
            10.146771907806396,
            10.022484540939331,
            10.141146183013916,
            10.309342861175537,
            10.16332745552063,
            10.232730627059937,
            10.292540788650513,
            10.223912715911865,
            10.345405101776123,
            10.403144121170044,
            10.387387752532959,
            10.297945499420166,
            10.30949068069458,
            10.315208911895752,
            10.45543122291565,
            10.39361047744751,
            10.426491498947144,
            10.523366689682007,
            10.524019479751587,
            10.517276763916016,
            10.548277139663696,
            10.554608345031738,
            10.504014492034912,
            10.544181108474731,
            10.77478814125061,
            10.620780229568481,
            10.774669408798218
        ],
        "output_image_path": "/model_deploy_execution_attack_for_pipeline/outputs/gender_googlenet_mnn_008532_ttba_attack/adversarial_image.png"
    }
}