{
    "status": "BUDGET_EXHAUSTED",
    "config": {
        "executable": "resources/execution_files/gender_googlenet_mnn",
        "benign_image": "/img_align_celeba/110355.jpg",
        "initial_adv_image": "/img_align_celeba/097212.jpg",
        "l2_epsilon_goal": 0.05,
        "linf_epsilon_goal": 0.06274509803921569,
        "query_budget": 40000,
        "max_iterations": 1000,
        "initial_queries": 50,
        "dimension_reduction": 1.0
    },
    "results": {
        "total_queries": 40121,
        "final_l2_distance": 8.068546295166016,
        "final_linf_distance": 0.10885004699230194,
        "total_duration_seconds": 962.8351194858551,
        "iteration_times_seconds": [
            6.118839502334595,
            6.393665790557861,
            6.461420774459839,
            6.63501501083374,
            6.7884650230407715,
            6.8837339878082275,
            7.0605363845825195,
            7.181574583053589,
            7.167754650115967,
            7.265767812728882,
            7.328436613082886,
            7.421199560165405,
            7.446393013000488,
            7.376978635787964,
            7.607403993606567,
            7.62474513053894,
            7.611726999282837,
            7.714544057846069,
            7.774845361709595,
            7.756282806396484,
            7.803797721862793,
            7.9455907344818115,
            7.955284595489502,
            7.987290859222412,
            8.157504320144653,
            8.20233964920044,
            8.065924167633057,
            8.271048545837402,
            8.39316201210022,
            8.408539772033691,
            8.307918548583984,
            8.41640591621399,
            8.476602792739868,
            8.525812864303589,
            8.33612322807312,
            8.47561001777649,
            8.467825412750244,
            8.481932640075684,
            8.581735134124756,
            8.659691333770752,
            8.604911088943481,
            8.913719892501831,
            8.773471593856812,
            8.843909502029419,
            8.890101432800293,
            8.935335159301758,
            8.898386478424072,
            8.961997032165527,
            9.054151058197021,
            8.974720478057861,
            9.058988571166992,
            8.976754188537598,
            9.094582319259644,
            9.174001216888428,
            9.113664388656616,
            9.187175035476685,
            9.275396585464478,
            9.305583953857422,
            9.400484323501587,
            9.337426900863647,
            9.525897741317749,
            9.522809267044067,
            9.446528673171997,
            9.564536333084106,
            9.529364347457886,
            9.383725643157959,
            9.492213487625122,
            9.464936017990112,
            9.44250202178955,
            9.559665203094482,
            9.631514310836792,
            9.514018774032593,
            9.65775990486145,
            9.660815238952637,
            9.69507646560669,
            9.646691083908081,
            9.651007175445557,
            9.678188562393188,
            9.716219425201416,
            9.795461893081665,
            9.955541849136353,
            9.94169569015503,
            9.99368405342102,
            9.994911909103394,
            10.110901117324829,
            10.066401720046997,
            9.976500749588013,
            10.109551906585693,
            9.960878610610962,
            10.06068730354309,
            10.125869750976562,
            10.146866798400879,
            10.254046440124512,
            10.191082239151001,
            10.179697275161743,
            10.260581970214844,
            10.33771824836731,
            10.350362777709961,
            10.328256130218506,
            10.429624795913696,
            10.340741157531738,
            10.438078165054321,
            10.562492370605469,
            10.573238849639893,
            10.51795482635498,
            10.766216516494751,
            10.709232330322266
        ],
        "output_image_path": "/model_deploy_execution_attack_for_pipeline/outputs/gender_googlenet_mnn_110355_ttba_attack/adversarial_image.png"
    }
}