{
    "status": "SUCCESS",
    "config": {
        "executable": "./resources/execution_files/ssrnet_age_mnn",
        "benign_image": "/img_align_celeba/040238.jpg",
        "initial_adv_image": "/img_align_celeba/139923.jpg",
        "l2_epsilon_goal": 0.05,
        "linf_epsilon_goal": 0.06274509803921569,
        "query_budget": 40000,
        "max_iterations": 1000,
        "initial_queries": 50,
        "dimension_reduction": 1.0
    },
    "results": {
        "total_queries": 6757,
        "final_l2_distance": 3.602674722671509,
        "final_linf_distance": 0.05192822217941284,
        "total_duration_seconds": 79.21765995025635,
        "iteration_times_seconds": [
            2.1757736206054688,
            2.3501477241516113,
            2.4498720169067383,
            2.333092451095581,
            2.416813850402832,
            2.2947771549224854,
            2.487762689590454,
            2.4466216564178467,
            2.560861349105835,
            2.4902570247650146,
            2.590515613555908,
            2.4959769248962402,
            2.5028605461120605,
            2.464923620223999,
            2.434220790863037,
            2.491947889328003,
            2.551130533218384,
            2.514420986175537,
            2.5615320205688477,
            2.550259828567505,
            2.5736382007598877,
            2.568880558013916,
            2.653489828109741,
            2.658388376235962,
            2.650289535522461,
            2.530055522918701,
            2.590561866760254,
            2.517515182495117,
            2.572486400604248,
            2.60856032371521,
            2.5907504558563232
        ],
        "output_image_path": "/model_deploy_execution_attack_for_pipeline/outputs/ssrnet_age_mnn_040238_ttba_attack/adversarial_image.png"
    }
}