{
    "status": "SUCCESS",
    "config": {
        "executable": "./resources/execution_files/gender_googlenet_mnn",
        "benign_image": "/img_align_celeba/017348.jpg",
        "initial_adv_image": "/img_align_celeba/028184.jpg",
        "l2_epsilon_goal": 0.05,
        "linf_epsilon_goal": 0.06274509803921569,
        "query_budget": 40000,
        "max_iterations": 1000,
        "initial_queries": 50,
        "dimension_reduction": 1.0
    },
    "results": {
        "total_queries": 1814,
        "final_l2_distance": 4.513558387756348,
        "final_linf_distance": 0.05965912342071533,
        "total_duration_seconds": 80.56142902374268,
        "iteration_times_seconds": [
            6.122777938842773,
            6.17734956741333,
            6.224761486053467,
            6.38301682472229,
            6.281335353851318,
            6.3959972858428955,
            6.4176366329193115,
            6.542194366455078,
            6.430088043212891,
            6.379575729370117,
            6.453417778015137,
            6.517430543899536
        ],
        "output_image_path": "/model_deploy_execution_attack_for_pipeline/outputs/gender_googlenet_mnn_017348_ttba_attack/adversarial_image.png"
    }
}