{
    "status": "BUDGET_EXHAUSTED",
    "config": {
        "executable": "./resources/execution_files/age_googlenet_mnn",
        "benign_image": "/img_align_celeba/039089.jpg",
        "initial_adv_image": "/img_align_celeba/00000001.png",
        "l2_epsilon_goal": 0.05,
        "linf_epsilon_goal": 0.06274509803921569,
        "query_budget": 40000,
        "max_iterations": 1000,
        "initial_queries": 50,
        "dimension_reduction": 1.0
    },
    "results": {
        "total_queries": 40368,
        "final_l2_distance": 59.837738037109375,
        "final_linf_distance": 0.7985702753067017,
        "total_duration_seconds": 1147.4310445785522,
        "iteration_times_seconds": [
            7.774152994155884,
            8.043130159378052,
            8.172158002853394,
            8.287078619003296,
            8.341355323791504,
            8.490340232849121,
            8.647228479385376,
            8.818968296051025,
            8.734664678573608,
            8.803796291351318,
            8.899576425552368,
            8.975067615509033,
            9.156550645828247,
            9.17752718925476,
            9.332956314086914,
            9.367163896560669,
            9.357449293136597,
            9.517546653747559,
            9.555995225906372,
            9.616198539733887,
            9.681863784790039,
            9.614455461502075,
            9.71548318862915,
            9.780044555664062,
            9.794881582260132,
            9.769230842590332,
            9.948041439056396,
            9.999145269393921,
            10.116909503936768,
            10.034028053283691,
            10.178579568862915,
            10.223944425582886,
            10.086185693740845,
            10.237743377685547,
            10.259681463241577,
            10.261759996414185,
            10.348084449768066,
            10.343827486038208,
            10.17427921295166,
            10.241182565689087,
            10.303746938705444,
            10.47017765045166,
            10.444530248641968,
            10.446805238723755,
            10.568780660629272,
            10.486400365829468,
            10.673959255218506,
            10.619537591934204,
            10.592462062835693,
            10.630549192428589,
            10.716532945632935,
            10.704694271087646,
            10.690627098083496,
            10.710131645202637,
            10.747644901275635,
            10.876229763031006,
            10.900238513946533,
            10.881962060928345,
            10.877491474151611,
            11.086839437484741,
            11.008049249649048,
            11.080662965774536,
            11.159154653549194,
            11.133549690246582,
            11.269835233688354,
            11.270726919174194,
            11.168010950088501,
            11.237614631652832,
            11.252192735671997,
            11.236011266708374,
            11.365142107009888,
            11.340171575546265,
            11.373380422592163,
            11.477649450302124,
            11.426311492919922,
            11.477149963378906,
            11.537302017211914,
            11.509486198425293,
            11.493053436279297,
            11.644702672958374,
            11.71084451675415,
            11.681599378585815,
            11.768910646438599,
            11.68931794166565,
            11.761937618255615,
            11.919541597366333,
            11.79948902130127,
            11.857877016067505,
            11.896312952041626,
            11.922120571136475,
            11.945703029632568,
            11.918183326721191,
            12.072981834411621,
            12.01465106010437,
            12.065752029418945,
            11.978946924209595,
            12.054421424865723,
            12.07854676246643,
            12.119344711303711,
            12.080285787582397,
            12.178615808486938,
            12.225547313690186,
            12.194273471832275,
            12.18736720085144,
            12.216865301132202,
            12.424819469451904,
            12.500046968460083
        ],
        "output_image_path": "/model_deploy_execution_attack_for_pipeline/outputs/age_googlenet_mnn_039089_ttba_attack/adversarial_image.png"
    }
}