{
    "status": "BUDGET_EXHAUSTED",
    "config": {
        "executable": "./resources/execution_files/gender_googlenet_mnn",
        "benign_image": "/img_align_celeba/091139.jpg",
        "initial_adv_image": "/img_align_celeba/158311.jpg",
        "l2_epsilon_goal": 0.05,
        "linf_epsilon_goal": 0.06274509803921569,
        "query_budget": 40000,
        "max_iterations": 1000,
        "initial_queries": 50,
        "dimension_reduction": 1.0
    },
    "results": {
        "total_queries": 40163,
        "final_l2_distance": 9.943657875061035,
        "final_linf_distance": 0.1264488697052002,
        "total_duration_seconds": 939.7496953010559,
        "iteration_times_seconds": [
            6.264386892318726,
            6.544140815734863,
            6.603266000747681,
            6.719071865081787,
            6.67067813873291,
            6.769691467285156,
            6.928252220153809,
            6.997835636138916,
            7.082165479660034,
            7.1199188232421875,
            7.172383785247803,
            7.2558863162994385,
            7.345464706420898,
            7.410863399505615,
            7.425767660140991,
            7.588965892791748,
            7.588381052017212,
            7.7504332065582275,
            7.829641103744507,
            7.862883806228638,
            7.793440580368042,
            7.670439004898071,
            7.711877346038818,
            7.673557281494141,
            7.908834218978882,
            7.841496467590332,
            8.029578447341919,
            8.102876424789429,
            8.186513185501099,
            8.202369689941406,
            8.198354721069336,
            8.32580018043518,
            8.210987329483032,
            8.273541688919067,
            8.263422966003418,
            8.252643585205078,
            8.35038161277771,
            8.373305082321167,
            8.472309350967407,
            8.496532917022705,
            8.528384923934937,
            8.6828453540802,
            8.736592531204224,
            8.80717420578003,
            8.78192687034607,
            8.731570959091187,
            8.63524055480957,
            8.636085748672485,
            8.666630268096924,
            8.737210512161255,
            8.7216637134552,
            8.79848337173462,
            8.752516508102417,
            8.816423892974854,
            8.85495924949646,
            8.922132968902588,
            9.002609014511108,
            8.95639443397522,
            9.03380537033081,
            9.116851806640625,
            9.13953948020935,
            9.190056324005127,
            9.191282749176025,
            9.275378227233887,
            9.265068769454956,
            9.286892175674438,
            9.315630197525024,
            9.387224435806274,
            9.275964260101318,
            9.288346767425537,
            9.335089445114136,
            9.478365659713745,
            9.434234142303467,
            9.560062646865845,
            9.515368938446045,
            9.389631271362305,
            9.571766376495361,
            9.543666362762451,
            9.659088850021362,
            9.725420236587524,
            9.681846618652344,
            9.740095376968384,
            9.768313884735107,
            9.820023536682129,
            9.714341878890991,
            9.588678359985352,
            9.718918561935425,
            9.766798734664917,
            9.67788052558899,
            9.800511360168457,
            9.720848083496094,
            9.71935749053955,
            9.83914303779602,
            9.81889033317566,
            9.850157499313354,
            9.866042137145996,
            9.799058437347412,
            9.907861948013306,
            9.939433336257935,
            9.892253398895264,
            10.064875841140747,
            10.090205430984497,
            10.013883590698242,
            10.095875024795532,
            10.161428213119507,
            10.23396635055542,
            10.18470311164856
        ],
        "output_image_path": "/model_deploy_execution_attack_for_pipeline/outputs/gender_googlenet_mnn_091139_ttba_attack/adversarial_image.png"
    }
}