{
    "status": "SUCCESS",
    "config": {
        "executable": "./resources/execution_files/emotion_ferplus_mnn",
        "benign_image": "/img_align_celeba/012230.jpg",
        "initial_adv_image": "/img_align_celeba/000608.jpg",
        "l2_epsilon_goal": 0.05,
        "linf_epsilon_goal": 0.06274509803921569,
        "query_budget": 40000,
        "max_iterations": 1000,
        "initial_queries": 50,
        "dimension_reduction": 1.0
    },
    "results": {
        "total_queries": 9659,
        "final_l2_distance": 4.720693111419678,
        "final_linf_distance": 0.06218186020851135,
        "total_duration_seconds": 307.9341654777527,
        "iteration_times_seconds": [
            6.126975059509277,
            6.3820250034332275,
            6.529969215393066,
            6.539624929428101,
            6.54774022102356,
            6.707463502883911,
            6.866184234619141,
            6.8867504596710205,
            6.898978233337402,
            7.016967535018921,
            7.132218360900879,
            7.147061824798584,
            7.157241582870483,
            7.256863832473755,
            7.500450849533081,
            7.49204158782959,
            7.594024658203125,
            7.6720335483551025,
            7.66372537612915,
            7.70310640335083,
            7.789799690246582,
            7.771071672439575,
            7.86467432975769,
            8.014760732650757,
            7.998136043548584,
            8.061203479766846,
            8.142637729644775,
            7.9727160930633545,
            8.095409154891968,
            8.094106435775757,
            8.121249198913574,
            8.186199188232422,
            8.214309453964233,
            8.213369607925415,
            8.196266174316406,
            8.264421224594116,
            8.263179302215576,
            8.327456951141357,
            8.50477147102356,
            8.583922863006592
        ],
        "output_image_path": "/model_deploy_execution_attack_for_pipeline/outputs/emotion_ferplus_mnn_012230_ttba_attack/adversarial_image.png"
    }
}