{
    "status": "SUCCESS",
    "config": {
        "executable": "resources/execution_files/emotion_ferplus_mnn",
        "benign_image": "/img_align_celeba/145432.jpg",
        "initial_adv_image": "/img_align_celeba/105002.jpg",
        "l2_epsilon_goal": 0.05,
        "linf_epsilon_goal": 0.06274509803921569,
        "query_budget": 40000,
        "max_iterations": 1000,
        "initial_queries": 50,
        "dimension_reduction": 1.0
    },
    "results": {
        "total_queries": 1055,
        "final_l2_distance": 4.6681742668151855,
        "final_linf_distance": 0.06215920299291611,
        "total_duration_seconds": 56.956546783447266,
        "iteration_times_seconds": [
            6.2122802734375,
            6.363567113876343,
            6.58012843132019,
            6.654731512069702,
            6.563761949539185,
            6.670628309249878,
            6.7052834033966064,
            6.761838912963867
        ],
        "output_image_path": "/model_deploy_execution_attack_for_pipeline/outputs/emotion_ferplus_mnn_145432_ttba_attack/adversarial_image.png"
    }
}