{
    "status": "SUCCESS",
    "config": {
        "executable": "./resources/execution_files/emotion_ferplus_mnn",
        "benign_image": "/img_align_celeba/153278.jpg",
        "initial_adv_image": "/img_align_celeba/074189.jpg",
        "l2_epsilon_goal": 0.05,
        "linf_epsilon_goal": 0.06274509803921569,
        "query_budget": 40000,
        "max_iterations": 1000,
        "initial_queries": 50,
        "dimension_reduction": 1.0
    },
    "results": {
        "total_queries": 22049,
        "final_l2_distance": 3.4815165996551514,
        "final_linf_distance": 0.05558907985687256,
        "total_duration_seconds": 601.3457124233246,
        "iteration_times_seconds": [
            6.475767135620117,
            6.744392395019531,
            6.646429061889648,
            6.798212051391602,
            6.977481126785278,
            7.098013162612915,
            7.219019174575806,
            7.197918653488159,
            7.309811353683472,
            7.324283838272095,
            7.278071880340576,
            7.396889925003052,
            7.535522699356079,
            7.5213706493377686,
            7.752727031707764,
            7.703183889389038,
            7.751435041427612,
            7.898006916046143,
            7.984142065048218,
            7.885593414306641,
            7.814968109130859,
            7.793553113937378,
            7.806098937988281,
            7.873229265213013,
            8.004956722259521,
            8.064090490341187,
            8.188903570175171,
            8.2438805103302,
            8.290092706680298,
            8.413499593734741,
            8.419252872467041,
            8.388936042785645,
            8.467285633087158,
            8.50780987739563,
            8.38238525390625,
            8.42485523223877,
            8.47984266281128,
            8.532245635986328,
            8.52055025100708,
            8.568492889404297,
            8.5624418258667,
            8.640920877456665,
            8.817817687988281,
            8.711432933807373,
            8.87169885635376,
            8.848184585571289,
            8.855507373809814,
            9.00690484046936,
            9.04443883895874,
            8.978652477264404,
            8.98249888420105,
            9.085134267807007,
            9.113994359970093,
            9.21312928199768,
            9.15571141242981,
            9.133906602859497,
            9.26336121559143,
            9.247618675231934,
            9.304209232330322,
            9.359861850738525,
            9.417185068130493,
            9.53868842124939,
            9.528799533843994,
            9.460268497467041,
            9.531244039535522,
            9.568820238113403,
            9.515978813171387,
            9.591511011123657,
            9.660670757293701,
            9.631286382675171,
            9.719467878341675
        ],
        "output_image_path": "/model_deploy_execution_attack_for_pipeline/outputs/emotion_ferplus_mnn_153278_ttba_attack/adversarial_image.png"
    }
}