{
    "status": "BUDGET_EXHAUSTED",
    "config": {
        "executable": "./resources/execution_files/age_googlenet_mnn",
        "benign_image": "/img_align_celeba/101264.jpg",
        "initial_adv_image": "/img_align_celeba/00000005.png",
        "l2_epsilon_goal": 0.05,
        "linf_epsilon_goal": 0.06274509803921569,
        "query_budget": 40000,
        "max_iterations": 1000,
        "initial_queries": 50,
        "dimension_reduction": 1.0
    },
    "results": {
        "total_queries": 40302,
        "final_l2_distance": 39.54176330566406,
        "final_linf_distance": 0.5467149019241333,
        "total_duration_seconds": 1138.5748844146729,
        "iteration_times_seconds": [
            7.41750431060791,
            7.9113476276397705,
            7.925336599349976,
            8.11990761756897,
            8.221340894699097,
            8.276201963424683,
            8.532068490982056,
            8.563380002975464,
            8.515567302703857,
            8.714298248291016,
            8.7083580493927,
            8.774898052215576,
            8.87318205833435,
            8.970015287399292,
            9.137951612472534,
            9.147993087768555,
            9.255297183990479,
            9.418799638748169,
            9.314011573791504,
            9.460523843765259,
            9.413461208343506,
            9.418744325637817,
            9.512920141220093,
            9.590726613998413,
            9.630619525909424,
            9.621856451034546,
            9.822158098220825,
            9.820690631866455,
            9.836982488632202,
            9.962400913238525,
            9.92757773399353,
            10.076264381408691,
            9.972189664840698,
            10.136641263961792,
            10.115414381027222,
            10.160915613174438,
            10.159512758255005,
            10.206812143325806,
            10.191322803497314,
            10.294605255126953,
            10.305970907211304,
            10.536941766738892,
            10.525211572647095,
            10.658055782318115,
            10.563267230987549,
            10.611268997192383,
            10.622599124908447,
            10.599146366119385,
            10.75056004524231,
            10.796260118484497,
            10.750121831893921,
            10.733815908432007,
            10.778925657272339,
            10.828822612762451,
            10.85176706314087,
            10.951662302017212,
            10.890706777572632,
            11.013859033584595,
            10.963762998580933,
            11.198367357254028,
            11.145427703857422,
            11.216206312179565,
            11.157962322235107,
            11.197530031204224,
            11.230318069458008,
            11.217113733291626,
            11.31563115119934,
            11.285905122756958,
            11.302120923995972,
            11.30584192276001,
            11.440519094467163,
            11.470915079116821,
            11.516999244689941,
            11.473709106445312,
            11.533776760101318,
            11.601611614227295,
            11.510243654251099,
            11.518900394439697,
            11.476374864578247,
            11.635056495666504,
            11.595386266708374,
            11.636245489120483,
            11.558792352676392,
            11.595041513442993,
            11.66933012008667,
            11.61618447303772,
            11.670543432235718,
            11.651595115661621,
            11.743300676345825,
            11.772238731384277,
            11.66548752784729,
            11.761961221694946,
            11.816393852233887,
            11.702564001083374,
            11.940048694610596,
            11.874301433563232,
            11.891274213790894,
            11.862685918807983,
            11.974417448043823,
            11.95842719078064,
            12.015013694763184,
            12.055320739746094,
            12.034894704818726,
            12.07136607170105,
            12.040986061096191,
            12.19209623336792,
            12.300854206085205
        ],
        "output_image_path": "/model_deploy_execution_attack_for_pipeline/outputs/age_googlenet_mnn_101264_ttba_attack/adversarial_image.png"
    }
}