{
    "status": "BUDGET_EXHAUSTED",
    "config": {
        "executable": "./resources/execution_files/age_googlenet_mnn",
        "benign_image": "/img_align_celeba/038397.jpg",
        "initial_adv_image": "/img_align_celeba/00000009.png",
        "l2_epsilon_goal": 0.05,
        "linf_epsilon_goal": 0.06274509803921569,
        "query_budget": 40000,
        "max_iterations": 1000,
        "initial_queries": 50,
        "dimension_reduction": 1.0
    },
    "results": {
        "total_queries": 40344,
        "final_l2_distance": 45.35105895996094,
        "final_linf_distance": 0.6446489691734314,
        "total_duration_seconds": 1148.7901904582977,
        "iteration_times_seconds": [
            7.810718536376953,
            8.113794565200806,
            8.185785293579102,
            8.388545751571655,
            8.435584783554077,
            8.594833850860596,
            8.723706245422363,
            8.75485610961914,
            8.885190963745117,
            8.9649338722229,
            8.946882486343384,
            9.058112621307373,
            9.150370121002197,
            9.205152034759521,
            9.401654958724976,
            9.46380615234375,
            9.567144393920898,
            9.553235054016113,
            9.563177347183228,
            9.624216794967651,
            9.606132984161377,
            9.68456506729126,
            9.849984884262085,
            9.798917293548584,
            9.760627031326294,
            9.882107734680176,
            9.761975765228271,
            9.958322763442993,
            9.878856182098389,
            9.933415412902832,
            10.022020816802979,
            9.971351623535156,
            10.102694988250732,
            10.043206214904785,
            10.12467098236084,
            10.121211051940918,
            10.101765871047974,
            10.191157102584839,
            10.311023473739624,
            10.342856645584106,
            10.372893333435059,
            10.463912725448608,
            10.485363960266113,
            10.569644927978516,
            10.527336120605469,
            10.59343409538269,
            10.585255146026611,
            10.693762302398682,
            10.690013647079468,
            10.648693084716797,
            10.683678150177002,
            10.826604127883911,
            10.884065866470337,
            10.77803921699524,
            10.872565031051636,
            10.90861439704895,
            10.926831483840942,
            11.003529071807861,
            11.080712795257568,
            11.185593366622925,
            11.21671175956726,
            11.1549654006958,
            11.186991214752197,
            11.232474565505981,
            11.319392681121826,
            11.23655652999878,
            11.285840272903442,
            11.26902151107788,
            11.289231777191162,
            11.297829151153564,
            11.313432931900024,
            11.491882801055908,
            11.490069389343262,
            11.569850206375122,
            11.463576793670654,
            11.564201354980469,
            11.568049907684326,
            11.622563600540161,
            11.633644819259644,
            11.655628204345703,
            11.770137071609497,
            11.83308458328247,
            11.71748948097229,
            11.894985437393188,
            11.933225631713867,
            11.849290609359741,
            11.958668947219849,
            11.910695791244507,
            11.926758289337158,
            11.933631181716919,
            11.996411800384521,
            12.028754949569702,
            12.067435026168823,
            12.00100040435791,
            12.079040765762329,
            11.82796335220337,
            11.86671757698059,
            11.873127460479736,
            11.897141933441162,
            11.981433629989624,
            11.991163730621338,
            11.928998231887817,
            11.95143175125122,
            12.110436201095581,
            12.040980577468872,
            12.173788785934448,
            12.260334730148315
        ],
        "output_image_path": "/model_deploy_execution_attack_for_pipeline/outputs/age_googlenet_mnn_038397_ttba_attack/adversarial_image.png"
    }
}