{
    "status": "BUDGET_EXHAUSTED",
    "config": {
        "executable": "./resources/execution_files/fsanet_headpose_mnn",
        "benign_image": "/img_align_celeba/170489.jpg",
        "initial_adv_image": "/img_align_celeba/151447.jpg",
        "l2_epsilon_goal": 0.05,
        "linf_epsilon_goal": 0.06274509803921569,
        "query_budget": 40000,
        "max_iterations": 1000,
        "initial_queries": 50,
        "dimension_reduction": 1.0
    },
    "results": {
        "total_queries": 40086,
        "final_l2_distance": 9.849550247192383,
        "final_linf_distance": 0.13812290132045746,
        "total_duration_seconds": 360.6052680015564,
        "iteration_times_seconds": [
            2.701450824737549,
            2.759477138519287,
            2.73002552986145,
            2.7160332202911377,
            2.7042837142944336,
            2.821227550506592,
            2.8744912147521973,
            2.864354133605957,
            2.8916287422180176,
            2.9023516178131104,
            2.9552526473999023,
            2.928835868835449,
            2.8349533081054688,
            2.8819222450256348,
            3.0448949337005615,
            2.9295284748077393,
            2.932084321975708,
            3.035304546356201,
            2.9852163791656494,
            3.0461463928222656,
            2.973500967025757,
            3.0351240634918213,
            3.0500388145446777,
            3.0227129459381104,
            3.095083713531494,
            3.0272116661071777,
            3.1203079223632812,
            3.1508586406707764,
            3.1669976711273193,
            3.1668975353240967,
            3.188990831375122,
            3.2025818824768066,
            3.1391797065734863,
            3.1957223415374756,
            3.21301007270813,
            3.267857789993286,
            3.191282033920288,
            3.208853006362915,
            3.3419973850250244,
            3.4661192893981934,
            3.2869443893432617,
            3.303821325302124,
            3.326643705368042,
            3.3171677589416504,
            3.34917950630188,
            3.3604440689086914,
            3.396977663040161,
            3.3495116233825684,
            3.417802572250366,
            3.303488254547119,
            3.3344738483428955,
            3.385585069656372,
            3.357273817062378,
            3.4641757011413574,
            3.3697285652160645,
            3.379349708557129,
            3.368788480758667,
            3.398728609085083,
            3.4456968307495117,
            3.3915505409240723,
            3.4829940795898438,
            3.40728759765625,
            3.444591999053955,
            3.5421013832092285,
            3.4396204948425293,
            3.4162075519561768,
            3.4865880012512207,
            3.4691596031188965,
            3.489948272705078,
            3.532280921936035,
            3.579249382019043,
            3.4539716243743896,
            3.6333847045898438,
            3.6371371746063232,
            3.5330538749694824,
            3.4632179737091064,
            3.6184422969818115,
            3.532916307449341,
            3.687643527984619,
            3.6817526817321777,
            3.5958404541015625,
            3.554995536804199,
            3.7411930561065674,
            3.5869674682617188,
            3.7528069019317627,
            3.687816619873047,
            3.62650465965271,
            3.627006769180298,
            3.594432830810547,
            3.6748220920562744,
            3.5523946285247803,
            3.624175786972046,
            3.6834115982055664,
            3.7266530990600586,
            3.6473870277404785,
            3.7756240367889404,
            3.7898972034454346,
            3.7829315662384033,
            3.681842088699341,
            3.7613940238952637,
            3.78132963180542,
            3.8389294147491455,
            3.781461238861084,
            3.8671019077301025,
            3.9820544719696045,
            3.788388967514038,
            3.7443480491638184
        ],
        "output_image_path": "/model_deploy_execution_attack_for_pipeline/outputs/fsanet_headpose_mnn_170489_ttba_attack/adversarial_image.png"
    }
}