{
    "status": "BUDGET_EXHAUSTED",
    "config": {
        "executable": "./resources/execution_files/ssrnet_age_mnn",
        "benign_image": "/img_align_celeba/165090.jpg",
        "initial_adv_image": "/img_align_celeba/167863.jpg",
        "l2_epsilon_goal": 0.05,
        "linf_epsilon_goal": 0.06274509803921569,
        "query_budget": 40000,
        "max_iterations": 1000,
        "initial_queries": 50,
        "dimension_reduction": 1.0
    },
    "results": {
        "total_queries": 40212,
        "final_l2_distance": 16.417545318603516,
        "final_linf_distance": 0.20900288224220276,
        "total_duration_seconds": 318.3070170879364,
        "iteration_times_seconds": [
            2.4541749954223633,
            2.269651412963867,
            2.263566732406616,
            2.4596669673919678,
            2.423187732696533,
            2.3886265754699707,
            2.5465893745422363,
            2.5004053115844727,
            2.5901851654052734,
            2.526651382446289,
            2.465210437774658,
            2.509307622909546,
            2.6907598972320557,
            2.590318202972412,
            2.606466054916382,
            2.5910544395446777,
            2.621365785598755,
            2.662914991378784,
            2.6790575981140137,
            2.7510063648223877,
            2.840573310852051,
            2.7524542808532715,
            2.7245795726776123,
            2.721078395843506,
            2.712805986404419,
            2.8445377349853516,
            2.813551425933838,
            2.8252103328704834,
            2.6966941356658936,
            2.7707364559173584,
            2.7573599815368652,
            2.896209716796875,
            2.8060667514801025,
            2.8237504959106445,
            2.8871335983276367,
            2.8654019832611084,
            2.906787157058716,
            2.925122022628784,
            2.8072919845581055,
            2.8147387504577637,
            2.870605707168579,
            3.1069767475128174,
            2.9645540714263916,
            2.939934253692627,
            2.907824993133545,
            2.900895833969116,
            2.956998348236084,
            2.993349313735962,
            2.935692071914673,
            3.1004831790924072,
            2.921121597290039,
            3.044609308242798,
            3.0835390090942383,
            2.8720316886901855,
            3.080904245376587,
            3.062166690826416,
            3.0051491260528564,
            3.0286574363708496,
            3.1173670291900635,
            3.0948479175567627,
            3.0588395595550537,
            3.0860378742218018,
            3.0528242588043213,
            2.9660868644714355,
            3.1332650184631348,
            3.3451225757598877,
            3.19331955909729,
            3.106778383255005,
            3.140646457672119,
            3.1131744384765625,
            3.1104466915130615,
            3.1329662799835205,
            3.0673563480377197,
            3.0581257343292236,
            3.0540976524353027,
            3.0541465282440186,
            3.0664761066436768,
            3.1752185821533203,
            3.2868740558624268,
            3.1200335025787354,
            3.1706748008728027,
            3.1922783851623535,
            3.159989595413208,
            3.209042549133301,
            3.2708020210266113,
            3.1429178714752197,
            3.1333937644958496,
            3.16926908493042,
            3.1672773361206055,
            3.3211262226104736,
            3.1444602012634277,
            3.2293505668640137,
            3.174488067626953,
            3.2606630325317383,
            3.3288345336914062,
            3.2321572303771973,
            3.2280914783477783,
            3.219275951385498,
            3.298992156982422,
            3.310645341873169,
            3.3246119022369385,
            3.3123316764831543,
            3.157038688659668,
            3.2715766429901123,
            3.434938669204712,
            3.350182294845581,
            3.4109134674072266
        ],
        "output_image_path": "/model_deploy_execution_attack_for_pipeline/outputs/ssrnet_age_mnn_165090_ttba_attack/adversarial_image.png"
    }
}