{
    "status": "BUDGET_EXHAUSTED",
    "config": {
        "executable": "./resources/execution_files/fsanet_headpose_mnn",
        "benign_image": "/img_align_celeba/083515.jpg",
        "initial_adv_image": "/img_align_celeba/062099.jpg",
        "l2_epsilon_goal": 0.05,
        "linf_epsilon_goal": 0.06274509803921569,
        "query_budget": 40000,
        "max_iterations": 1000,
        "initial_queries": 50,
        "dimension_reduction": 1.0
    },
    "results": {
        "total_queries": 40125,
        "final_l2_distance": 9.66251277923584,
        "final_linf_distance": 0.1430141180753708,
        "total_duration_seconds": 365.0867898464203,
        "iteration_times_seconds": [
            2.7625250816345215,
            2.6923320293426514,
            2.745548725128174,
            2.947875738143921,
            2.8627219200134277,
            2.807549238204956,
            2.8925416469573975,
            2.8426878452301025,
            2.9920148849487305,
            2.976386785507202,
            2.9617886543273926,
            3.1164700984954834,
            3.1066911220550537,
            2.961200714111328,
            3.1566615104675293,
            3.020655632019043,
            3.025189161300659,
            2.995420455932617,
            3.009244203567505,
            3.0835368633270264,
            3.095879077911377,
            3.125091552734375,
            3.1226634979248047,
            2.954568862915039,
            3.2347323894500732,
            3.167417049407959,
            3.205510139465332,
            3.3073413372039795,
            3.371664047241211,
            3.268002986907959,
            3.3285140991210938,
            3.3689424991607666,
            3.3475141525268555,
            3.2299368381500244,
            3.3502118587493896,
            3.297579526901245,
            3.2779462337493896,
            3.302865743637085,
            3.3073747158050537,
            3.27101469039917,
            3.3732986450195312,
            3.3107292652130127,
            3.284714698791504,
            3.2419896125793457,
            3.349209785461426,
            3.3893544673919678,
            3.377652168273926,
            3.4661035537719727,
            3.4701485633850098,
            3.5140743255615234,
            3.3763058185577393,
            3.388364315032959,
            3.392195224761963,
            3.390613317489624,
            3.3890092372894287,
            3.4278225898742676,
            3.4068312644958496,
            3.379316806793213,
            3.4588117599487305,
            3.5508861541748047,
            3.5418105125427246,
            3.516662836074829,
            3.595506191253662,
            3.5699386596679688,
            3.446072816848755,
            3.570598602294922,
            3.68428111076355,
            3.5590598583221436,
            3.6157498359680176,
            3.4708364009857178,
            3.567127227783203,
            3.4253976345062256,
            3.5245513916015625,
            3.5064878463745117,
            3.6120216846466064,
            3.556229829788208,
            3.487020492553711,
            3.574105739593506,
            3.654440402984619,
            3.69148588180542,
            3.6944172382354736,
            3.6230709552764893,
            3.7093656063079834,
            3.692887306213379,
            3.5850343704223633,
            3.672182559967041,
            3.6713650226593018,
            3.6744420528411865,
            3.6965014934539795,
            3.748248815536499,
            3.6245217323303223,
            3.6074256896972656,
            3.6276063919067383,
            3.768970012664795,
            3.6951375007629395,
            3.608830213546753,
            3.821392059326172,
            3.751948595046997,
            3.797426462173462,
            3.776045560836792,
            3.7689931392669678,
            3.6858317852020264,
            3.7477738857269287,
            3.6594667434692383,
            3.7734527587890625,
            3.892029047012329,
            3.916456699371338
        ],
        "output_image_path": "/model_deploy_execution_attack_for_pipeline/outputs/fsanet_headpose_mnn_083515_ttba_attack/adversarial_image.png"
    }
}